#
# There is insufficient memory for the Java Runtime Environment to continue.
# Native memory allocation (mmap) failed to map 65536 bytes. Error detail: Failed to commit metaspace.
# Possible reasons:
#   The system is out of physical RAM or swap space
#   This process is running with CompressedOops enabled, and the Java Heap may be blocking the growth of the native heap
# Possible solutions:
#   Reduce memory load on the system
#   Increase physical memory or swap space
#   Check if swap backing store is full
#   Decrease Java heap size (-Xmx/-Xms)
#   Decrease number of Java threads
#   Decrease Java thread stack sizes (-Xss)
#   Set larger code cache with -XX:ReservedCodeCacheSize=
#   JVM is running with Zero Based Compressed Oops mode in which the Java heap is
#     placed in the first 32GB address space. The Java Heap base address is the
#     maximum limit for the native heap growth. Please use -XX:HeapBaseMinAddress
#     to set the Java Heap base and to place the Java Heap above 32GB virtual address.
# This output file may be truncated or incomplete.
#
#  Out of Memory Error (virtualSpaceNode.cpp:113), pid=72580, tid=77648
#
# JRE version: OpenJDK Runtime Environment Temurin-21.0.12.1+1 (21.0.12.1+1) (build 21.0.12.1+1-LTS)
# Java VM: OpenJDK 64-Bit Server VM Temurin-21.0.12.1+1 (21.0.12.1+1-LTS, mixed mode, sharing, tiered, compressed oops, compressed class ptrs, g1 gc, windows-amd64)
# No core dump will be written. Minidumps are not enabled by default on client versions of Windows
#

---------------  S U M M A R Y ------------

Command Line: --add-opens=java.base/java.lang=ALL-UNNAMED --add-opens=java.base/java.lang.invoke=ALL-UNNAMED --add-opens=java.base/java.util=ALL-UNNAMED --add-opens=java.prefs/java.util.prefs=ALL-UNNAMED --add-exports=jdk.compiler/com.sun.tools.javac.api=ALL-UNNAMED --add-exports=jdk.compiler/com.sun.tools.javac.util=ALL-UNNAMED --add-opens=java.base/java.util=ALL-UNNAMED --add-opens=java.prefs/java.util.prefs=ALL-UNNAMED --add-opens=java.base/java.nio.charset=ALL-UNNAMED --add-opens=java.base/java.net=ALL-UNNAMED --add-opens=java.base/java.util.concurrent=ALL-UNNAMED --add-opens=java.base/java.util.concurrent.atomic=ALL-UNNAMED --add-opens=java.xml/javax.xml.namespace=ALL-UNNAMED --add-opens=java.base/java.time=ALL-UNNAMED -XX:MaxMetaspaceSize=4G -XX:ReservedCodeCacheSize=512m -XX:+HeapDumpOnOutOfMemoryError -Xmx8G -Dfile.encoding=UTF-8 -Duser.country=US -Duser.language=en -Duser.variant -javaagent:C:\Users\Lenovo\.gradle\wrapper\dists\gradle-9.3.1-all\9ot9r568e8zfvvd4mn8rbu1j0\gradle-9.3.1\lib\agents\gradle-instrumentation-agent-9.3.1.jar org.gradle.launcher.daemon.bootstrap.GradleDaemon 9.3.1

Host: 11th Gen Intel(R) Core(TM) i7-1165G7 @ 2.80GHz, 8 cores, 15G,  Windows 11 , 64 bit Build 26100 (10.0.26100.9444)
Time: Sun Sep 27 23:16:25 2026 Pakistan Standard Time elapsed time: 104.497623 seconds (0d 0h 1m 44s)

---------------  T H R E A D  ---------------

Current thread (0x000001f979637710):  JavaThread "Daemon worker"        [_thread_in_vm, id=77648, stack(0x000000867c700000,0x000000867c800000) (1024K)]

Stack: [0x000000867c700000,0x000000867c800000]
Native frames: (J=compiled Java code, j=interpreted, Vv=VM code, C=native code)
V  [jvm.dll+0x6d83e9]
V  [jvm.dll+0x8b5736]
V  [jvm.dll+0x8b7cee]
V  [jvm.dll+0x8b83d3]
V  [jvm.dll+0x284596]
V  [jvm.dll+0x8b147e]
V  [jvm.dll+0x679ad4]
V  [jvm.dll+0x1e849b]
V  [jvm.dll+0x1e825e]
V  [jvm.dll+0x67c3d2]
V  [jvm.dll+0x67c202]
V  [jvm.dll+0x67a4ae]
V  [jvm.dll+0x3c7a23]
V  [jvm.dll+0x2118db]
V  [jvm.dll+0x5b6aa9]
V  [jvm.dll+0x82f606]
V  [jvm.dll+0x4792f8]
V  [jvm.dll+0x47f128]
C  [java.dll+0x17ec]

Java frames: (J=compiled Java code, j=interpreted, Vv=VM code)
J 834  java.lang.ClassLoader.defineClass1(Ljava/lang/ClassLoader;Ljava/lang/String;[BIILjava/security/ProtectionDomain;Ljava/lang/String;)Ljava/lang/Class; java.base@21.0.12.1 (0 bytes) @ 0x000001f915b08f91 [0x000001f915b08ec0+0x00000000000000d1]
J 4125 c2 java.security.SecureClassLoader.defineClass(Ljava/lang/String;[BIILjava/security/CodeSource;)Ljava/lang/Class; java.base@21.0.12.1 (16 bytes) @ 0x000001f915d14ab8 [0x000001f915d14420+0x0000000000000698]
J 3193 c2 java.net.URLClassLoader.findClass(Ljava/lang/String;)Ljava/lang/Class; java.base@21.0.12.1 (47 bytes) @ 0x000001f915c57d88 [0x000001f915c56ba0+0x00000000000011e8]
J 2945 c2 java.lang.ClassLoader.loadClass(Ljava/lang/String;Z)Ljava/lang/Class; java.base@21.0.12.1 (121 bytes) @ 0x000001f915c117ec [0x000001f915c0e0e0+0x000000000000370c]
J 3714 c2 java.lang.ClassLoader.loadClass(Ljava/lang/String;)Ljava/lang/Class; java.base@21.0.12.1 (7 bytes) @ 0x000001f915cc29ec [0x000001f915cc29a0+0x000000000000004c]
v  ~StubRoutines::call_stub 0x000001f9155110e7
J 2876  java.lang.Class.getDeclaredMethods0(Z)[Ljava/lang/reflect/Method; java.base@21.0.12.1 (0 bytes) @ 0x000001f915c08f13 [0x000001f915c08ec0+0x0000000000000053]
J 2877 c1 java.lang.Class.privateGetDeclaredMethods(Z)[Ljava/lang/reflect/Method; java.base@21.0.12.1 (64 bytes) @ 0x000001f905d72244 [0x000001f905d720c0+0x0000000000000184]
j  java.lang.Class.privateGetPublicMethods()[Ljava/lang/reflect/Method;+30 java.base@21.0.12.1
j  java.lang.Class.getMethods()[Ljava/lang/reflect/Method;+19 java.base@21.0.12.1
j  org.codehaus.groovy.reflection.stdclasses.CachedSAMClass.getSAMMethod(Ljava/lang/Class;)Ljava/lang/reflect/Method;+22
j  org.codehaus.groovy.reflection.ClassInfo.isSAM(Ljava/lang/Class;)Z+1
j  org.codehaus.groovy.reflection.ClassInfo.createCachedClass(Ljava/lang/Class;Lorg/codehaus/groovy/reflection/ClassInfo;)Lorg/codehaus/groovy/reflection/CachedClass;+483
j  org.codehaus.groovy.reflection.ClassInfo.access$300(Ljava/lang/Class;Lorg/codehaus/groovy/reflection/ClassInfo;)Lorg/codehaus/groovy/reflection/CachedClass;+2
j  org.codehaus.groovy.reflection.ClassInfo$LazyCachedClassRef.initValue()Lorg/codehaus/groovy/reflection/CachedClass;+17
j  org.codehaus.groovy.reflection.ClassInfo$LazyCachedClassRef.initValue()Ljava/lang/Object;+1
j  org.codehaus.groovy.util.LazyReference.getLocked(Z)Ljava/lang/Object;+32
J 4176 c1 org.codehaus.groovy.util.LazyReference.get()Ljava/lang/Object; (44 bytes) @ 0x000001f905fe07a4 [0x000001f905fe0500+0x00000000000002a4]
J 4177 c1 org.codehaus.groovy.reflection.ReflectionCache.getCachedClass(Ljava/lang/Class;)Lorg/codehaus/groovy/reflection/CachedClass; (14 bytes) @ 0x000001f905fe0f54 [0x000001f905fe0c00+0x0000000000000354]
j  org.codehaus.groovy.reflection.ParameterTypes.getParametersTypes0()V+67
J 4204 c1 org.codehaus.groovy.reflection.CachedMethod.compareToCachedMethod(Lorg/codehaus/groovy/reflection/CachedMethod;)I (158 bytes) @ 0x000001f905fed034 [0x000001f905fecae0+0x0000000000000554]
J 4203 c1 org.codehaus.groovy.reflection.CachedMethod.compareTo(Ljava/lang/Object;)I (40 bytes) @ 0x000001f905fec3ec [0x000001f905fec100+0x00000000000002ec]
J 2802 c1 java.util.ComparableTimSort.binarySort([Ljava/lang/Object;III)V java.base@21.0.12.1 (223 bytes) @ 0x000001f905d5309c [0x000001f905d52dc0+0x00000000000002dc]
J 1545 c1 java.util.ComparableTimSort.sort([Ljava/lang/Object;II[Ljava/lang/Object;II)V java.base@21.0.12.1 (219 bytes) @ 0x000001f905ada834 [0x000001f905ada360+0x00000000000004d4]
j  java.util.Arrays.sort([Ljava/lang/Object;II)V+28 java.base@21.0.12.1
j  java.util.Arrays.sort([Ljava/lang/Object;IILjava/util/Comparator;)V+7 java.base@21.0.12.1
j  java.util.ArrayList.sort(Ljava/util/Comparator;)V+15 java.base@21.0.12.1
j  java.util.Collections.sort(Ljava/util/List;)V+2 java.base@21.0.12.1
j  org.codehaus.groovy.reflection.CachedClass$3.initValue()[Lorg/codehaus/groovy/reflection/CachedMethod;+117
j  org.codehaus.groovy.reflection.CachedClass$3.initValue()Ljava/lang/Object;+1
j  org.codehaus.groovy.util.LazyReference.getLocked(Z)Ljava/lang/Object;+32
J 4176 c1 org.codehaus.groovy.util.LazyReference.get()Ljava/lang/Object; (44 bytes) @ 0x000001f905fe07a4 [0x000001f905fe0500+0x00000000000002a4]
j  org.codehaus.groovy.reflection.CachedClass.getMethods()[Lorg/codehaus/groovy/reflection/CachedMethod;+4
j  org.codehaus.groovy.runtime.m12n.SimpleExtensionModule.createMetaMethods(Ljava/lang/Class;Ljava/util/List;Z)V+6
j  org.codehaus.groovy.runtime.m12n.SimpleExtensionModule.getMetaMethods()Ljava/util/List;+44
j  org.codehaus.groovy.runtime.metaclass.MetaClassRegistryImpl$DefaultModuleListener.onModule(Lorg/codehaus/groovy/runtime/m12n/ExtensionModule;)V+113
j  org.codehaus.groovy.runtime.m12n.ExtensionModuleScanner.scanExtensionModuleFromProperties(Ljava/util/Properties;)V+23
j  org.codehaus.groovy.runtime.m12n.ExtensionModuleScanner.scanExtensionModuleFromMetaInf(Ljava/net/URL;)V+52
j  org.codehaus.groovy.runtime.m12n.ExtensionModuleScanner.scanClasspathModulesFrom(Ljava/lang/String;)V+38
j  org.codehaus.groovy.runtime.m12n.ExtensionModuleScanner.scanClasspathModules()V+3
j  org.codehaus.groovy.runtime.metaclass.MetaClassRegistryImpl.<init>(IZ)V+338
j  org.codehaus.groovy.runtime.metaclass.MetaClassRegistryImpl.<init>()V+3
j  groovy.lang.GroovySystem.<clinit>()V+8
v  ~StubRoutines::call_stub 0x000001f9155110e7
j  org.codehaus.groovy.runtime.InvokerHelper.<clinit>()V+20
v  ~StubRoutines::call_stub 0x000001f9155110e7
j  groovy.lang.GroovyObjectSupport.getDefaultMetaClass()Lgroovy/lang/MetaClass;+4
j  groovy.lang.GroovyObjectSupport.<init>()V+6
j  org.gradle.internal.extensibility.DefaultExtraPropertiesExtension.<init>()V+1
j  org.gradle.internal.extensibility.DefaultExtensionContainer.<init>(Lorg/gradle/internal/instantiation/InstanceGenerator;)V+33
j  org.gradle.internal.extensibility.ExtensibleDynamicObject.<init>(Ljava/lang/Object;Lorg/gradle/internal/metaobject/AbstractDynamicObject;Lorg/gradle/internal/instantiation/InstanceGenerator;)V+8
j  org.gradle.internal.instantiation.generator.MixInExtensibleDynamicObject.<init>(Ljava/lang/Object;Ljava/lang/Class;Lorg/gradle/internal/metaobject/DynamicObject;Lorg/gradle/internal/service/ServiceLookup;)V+13
j  org.gradle.initialization.DefaultSettings_Decorated.getAsDynamicObject()Lorg/gradle/internal/metaobject/DynamicObject;+26
j  org.gradle.initialization.DefaultSettings_Decorated.getExtensions()Lorg/gradle/api/plugins/ExtensionContainer;+1
j  org.gradle.initialization.SettingsFactory.createSettings(Lorg/gradle/api/internal/GradleInternal;Ljava/io/File;Lorg/gradle/groovy/scripts/ScriptSource;Lorg/gradle/api/internal/properties/GradleProperties;Lorg/gradle/StartParameter;Lorg/gradle/api/internal/initialization/ClassLoaderScope;)Lorg/gradle/initialization/SettingsState;+126
j  org.gradle.initialization.ScriptEvaluatingSettingsProcessor.process(Lorg/gradle/api/internal/GradleInternal;Lorg/gradle/initialization/SettingsLocation;Lorg/gradle/api/internal/initialization/ClassLoaderScope;Lorg/gradle/StartParameter;)Lorg/gradle/initialization/SettingsState;+47
j  org.gradle.initialization.SettingsEvaluatedCallbackFiringSettingsProcessor.process(Lorg/gradle/api/internal/GradleInternal;Lorg/gradle/initialization/SettingsLocation;Lorg/gradle/api/internal/initialization/ClassLoaderScope;Lorg/gradle/StartParameter;)Lorg/gradle/initialization/SettingsState;+9
j  org.gradle.initialization.RootBuildCacheControllerSettingsProcessor.process(Lorg/gradle/api/internal/GradleInternal;Lorg/gradle/initialization/SettingsLocation;Lorg/gradle/api/internal/initialization/ClassLoaderScope;Lorg/gradle/StartParameter;)Lorg/gradle/initialization/SettingsState;+9
j  org.gradle.initialization.BuildOperationSettingsProcessor$2.call(Lorg/gradle/internal/operations/BuildOperationContext;)Lorg/gradle/initialization/SettingsState;+23
j  org.gradle.initialization.BuildOperationSettingsProcessor$2.call(Lorg/gradle/internal/operations/BuildOperationContext;)Ljava/lang/Object;+2
j  org.gradle.internal.operations.DefaultBuildOperationRunner$CallableBuildOperationWorker.execute(Lorg/gradle/internal/operations/CallableBuildOperation;Lorg/gradle/internal/operations/BuildOperationContext;)V+3
j  org.gradle.internal.operations.DefaultBuildOperationRunner$CallableBuildOperationWorker.execute(Lorg/gradle/internal/operations/BuildOperation;Lorg/gradle/internal/operations/BuildOperationContext;)V+6
j  org.gradle.internal.operations.DefaultBuildOperationRunner$2.execute(Lorg/gradle/internal/operations/BuildOperationDescriptor;Lorg/gradle/internal/operations/BuildOperationState;Lorg/gradle/internal/operations/BuildOperationState;Lorg/gradle/internal/operations/DefaultBuildOperationRunner$ReadableBuildOperationContext;Lorg/gradle/internal/operations/DefaultBuildOperationRunner$BuildOperationExecutionListener;)Lorg/gradle/internal/operations/BuildOperation;+22
j  org.gradle.internal.operations.DefaultBuildOperationRunner$2.execute(Lorg/gradle/internal/operations/BuildOperationDescriptor;Lorg/gradle/internal/operations/BuildOperationState;Lorg/gradle/internal/operations/BuildOperationState;Lorg/gradle/internal/operations/DefaultBuildOperationRunner$ReadableBuildOperationContext;Lorg/gradle/internal/operations/DefaultBuildOperationRunner$BuildOperationExecutionListener;)Ljava/lang/Object;+8
j  org.gradle.internal.operations.DefaultBuildOperationRunner.execute(Lorg/gradle/internal/operations/BuildOperationDescriptor$Builder;Lorg/gradle/internal/operations/DefaultBuildOperationRunner$BuildOperationExecution;)Ljava/lang/Object;+141
j  org.gradle.internal.operations.DefaultBuildOperationRunner.execute(Lorg/gradle/internal/operations/BuildOperation;Lorg/gradle/internal/operations/BuildOperationWorker;)V+17
j  org.gradle.internal.operations.DefaultBuildOperationRunner.call(Lorg/gradle/internal/operations/CallableBuildOperation;)Ljava/lang/Object;+12
j  org.gradle.initialization.BuildOperationSettingsProcessor.process(Lorg/gradle/api/internal/GradleInternal;Lorg/gradle/initialization/SettingsLocation;Lorg/gradle/api/internal/initialization/ClassLoaderScope;Lorg/gradle/StartParameter;)Lorg/gradle/initialization/SettingsState;+17
j  org.gradle.initialization.DefaultSettingsLoader.findSettingsAndLoadIfAppropriate(Lorg/gradle/api/internal/GradleInternal;Lorg/gradle/StartParameter;Lorg/gradle/initialization/SettingsLocation;Lorg/gradle/api/internal/initialization/ClassLoaderScope;)Lorg/gradle/initialization/SettingsState;+9
j  org.gradle.initialization.DefaultSettingsLoader.findAndLoadSettings(Lorg/gradle/api/internal/GradleInternal;)Lorg/gradle/initialization/SettingsState;+99
j  org.gradle.initialization.SettingsAttachingSettingsLoader.findAndLoadSettings(Lorg/gradle/api/internal/GradleInternal;)Lorg/gradle/initialization/SettingsState;+5
j  org.gradle.internal.composite.CommandLineIncludedBuildSettingsLoader.findAndLoadSettings(Lorg/gradle/api/internal/GradleInternal;)Lorg/gradle/initialization/SettingsState;+5
j  org.gradle.internal.composite.ChildBuildRegisteringSettingsLoader.findAndLoadSettings(Lorg/gradle/api/internal/GradleInternal;)Lorg/gradle/initialization/SettingsState;+5
j  org.gradle.internal.composite.CompositeBuildSettingsLoader.findAndLoadSettings(Lorg/gradle/api/internal/GradleInternal;)Lorg/gradle/initialization/SettingsState;+5
j  org.gradle.initialization.InitScriptHandlingSettingsLoader.findAndLoadSettings(Lorg/gradle/api/internal/GradleInternal;)Lorg/gradle/initialization/SettingsState;+13
j  org.gradle.api.internal.initialization.CacheConfigurationsHandlingSettingsLoader.findAndLoadSettings(Lorg/gradle/api/internal/GradleInternal;)Lorg/gradle/initialization/SettingsState;+15
j  org.gradle.initialization.DaemonJvmToolchainsValidatingSettingsLoader.findAndLoadSettings(Lorg/gradle/api/internal/GradleInternal;)Lorg/gradle/initialization/SettingsState;+14
j  org.gradle.initialization.GradlePropertiesHandlingSettingsLoader.findAndLoadSettings(Lorg/gradle/api/internal/GradleInternal;)Lorg/gradle/initialization/SettingsState;+49
j  org.gradle.initialization.DefaultSettingsPreparer.prepareSettings(Lorg/gradle/api/internal/GradleInternal;)V+33
j  org.gradle.initialization.BuildOperationFiringSettingsPreparer$LoadBuild.doLoadBuild()V+11
j  org.gradle.initialization.BuildOperationFiringSettingsPreparer$LoadBuild.run(Lorg/gradle/internal/operations/BuildOperationContext;)V+1
j  org.gradle.internal.operations.DefaultBuildOperationRunner$1.execute(Lorg/gradle/internal/operations/RunnableBuildOperation;Lorg/gradle/internal/operations/BuildOperationContext;)V+2
j  org.gradle.internal.operations.DefaultBuildOperationRunner$1.execute(Lorg/gradle/internal/operations/BuildOperation;Lorg/gradle/internal/operations/BuildOperationContext;)V+6
j  org.gradle.internal.operations.DefaultBuildOperationRunner$2.execute(Lorg/gradle/internal/operations/BuildOperationDescriptor;Lorg/gradle/internal/operations/BuildOperationState;Lorg/gradle/internal/operations/BuildOperationState;Lorg/gradle/internal/operations/DefaultBuildOperationRunner$ReadableBuildOperationContext;Lorg/gradle/internal/operations/DefaultBuildOperationRunner$BuildOperationExecutionListener;)Lorg/gradle/internal/operations/BuildOperation;+22
j  org.gradle.internal.operations.DefaultBuildOperationRunner$2.execute(Lorg/gradle/internal/operations/BuildOperationDescriptor;Lorg/gradle/internal/operations/BuildOperationState;Lorg/gradle/internal/operations/BuildOperationState;Lorg/gradle/internal/operations/DefaultBuildOperationRunner$ReadableBuildOperationContext;Lorg/gradle/internal/operations/DefaultBuildOperationRunner$BuildOperationExecutionListener;)Ljava/lang/Object;+8
j  org.gradle.internal.operations.DefaultBuildOperationRunner.execute(Lorg/gradle/internal/operations/BuildOperationDescriptor$Builder;Lorg/gradle/internal/operations/DefaultBuildOperationRunner$BuildOperationExecution;)Ljava/lang/Object;+141
j  org.gradle.internal.operations.DefaultBuildOperationRunner.execute(Lorg/gradle/internal/operations/BuildOperation;Lorg/gradle/internal/operations/BuildOperationWorker;)V+17
j  org.gradle.internal.operations.DefaultBuildOperationRunner.run(Lorg/gradle/internal/operations/RunnableBuildOperation;)V+5
j  org.gradle.initialization.BuildOperationFiringSettingsPreparer.prepareSettings(Lorg/gradle/api/internal/GradleInternal;)V+31
j  org.gradle.initialization.VintageBuildModelController.lambda$prepareSettings$1()V+8
j  org.gradle.initialization.VintageBuildModelController$$Lambda+0x000001f934462408.run()V+4
j  org.gradle.internal.model.StateTransitionController.lambda$doTransition$14(Ljava/lang/Runnable;)Lorg/gradle/internal/build/ExecutionResult;+1
j  org.gradle.internal.model.StateTransitionController$$Lambda+0x000001f934462858.get()Ljava/lang/Object;+4
j  org.gradle.internal.model.StateTransitionController.doTransition(Lorg/gradle/internal/model/StateTransitionController$State;Lorg/gradle/internal/model/StateTransitionController$State;Ljava/util/function/Supplier;)Lorg/gradle/internal/build/ExecutionResult;+24
j  org.gradle.internal.model.StateTransitionController.doTransition(Lorg/gradle/internal/model/StateTransitionController$State;Lorg/gradle/internal/model/StateTransitionController$State;Ljava/lang/Runnable;)V+9
j  org.gradle.internal.model.StateTransitionController.lambda$transitionIfNotPreviously$11(Lorg/gradle/internal/model/StateTransitionController$State;Lorg/gradle/internal/model/StateTransitionController$State;Ljava/lang/Runnable;)V+16
j  org.gradle.internal.model.StateTransitionController$$Lambda+0x000001f934462630.run()V+16
j  org.gradle.internal.work.DefaultSynchronizer.withLock(Ljava/lang/Runnable;)V+6
j  org.gradle.internal.model.StateTransitionController.transitionIfNotPreviously(Lorg/gradle/internal/model/StateTransitionController$State;Lorg/gradle/internal/model/StateTransitionController$State;Ljava/lang/Runnable;)V+13
j  org.gradle.initialization.VintageBuildModelController.prepareSettings()V+16
j  org.gradle.initialization.VintageBuildModelController.getConfiguredModel()Lorg/gradle/api/internal/GradleInternal;+1
j  org.gradle.internal.build.DefaultBuildLifecycleController.lambda$withProjectsConfigured$1(Ljava/util/function/Function;)Ljava/lang/Object;+5
j  org.gradle.internal.build.DefaultBuildLifecycleController$$Lambda+0x000001f934461fb8.get()Ljava/lang/Object;+8
j  org.gradle.internal.model.StateTransitionController.lambda$notInState$3(Lorg/gradle/internal/model/StateTransitionController$State;Ljava/util/function/Supplier;)Ljava/lang/Object;+11
j  org.gradle.internal.model.StateTransitionController$$Lambda+0x000001f9344621e0.create()Ljava/lang/Object;+12
j  org.gradle.internal.work.DefaultSynchronizer.withLock(Lorg/gradle/internal/Factory;)Ljava/lang/Object;+6
j  org.gradle.internal.model.StateTransitionController.notInState(Lorg/gradle/internal/model/StateTransitionController$State;Ljava/util/function/Supplier;)Ljava/lang/Object;+12
j  org.gradle.internal.build.DefaultBuildLifecycleController.withProjectsConfigured(Ljava/util/function/Function;)Ljava/lang/Object;+14
j  org.gradle.internal.build.DefaultBuildToolingModelController.locateBuilderForTarget(Ljava/lang/String;Z)Lorg/gradle/tooling/provider/model/internal/ToolingModelScope;+38
j  org.gradle.internal.buildtree.DefaultBuildTreeModelCreator$DefaultBuildTreeModelController.lambda$locateBuilderForBuildTarget$0(Ljava/lang/String;ZLorg/gradle/internal/build/BuildToolingModelController;)Lorg/gradle/tooling/provider/model/internal/ToolingModelScope;+3
j  org.gradle.internal.buildtree.DefaultBuildTreeModelCreator$DefaultBuildTreeModelController$$Lambda+0x000001f9344553d8.apply(Ljava/lang/Object;)Ljava/lang/Object;+12
j  org.gradle.internal.build.DefaultBuildLifecycleController.withToolingModels(Ljava/util/function/Function;)Ljava/lang/Object;+15
j  org.gradle.internal.build.AbstractBuildState.withToolingModels(Ljava/util/function/Function;)Ljava/lang/Object;+5
j  org.gradle.internal.buildtree.DefaultBuildTreeModelCreator$DefaultBuildTreeModelController.locateBuilderForBuildTarget(Lorg/gradle/internal/build/BuildState;Ljava/lang/String;Z)Lorg/gradle/tooling/provider/model/internal/ToolingModelScope;+8
j  org.gradle.internal.buildtree.DefaultBuildTreeModelCreator$DefaultBuildTreeModelController.locateBuilderForDefaultTarget(Ljava/lang/String;Z)Lorg/gradle/tooling/provider/model/internal/ToolingModelScope;+10
j  org.gradle.internal.buildtree.DefaultBuildTreeModelCreator$DefaultBuildTreeModelController.locateBuilderForTarget(Lorg/gradle/internal/buildtree/BuildTreeModelTarget;Ljava/lang/String;Z)Lorg/gradle/tooling/provider/model/internal/ToolingModelScope;+10
j  org.gradle.internal.buildtree.DefaultBuildTreeModelCreator$DefaultBuildTreeModelController.access$200(Lorg/gradle/internal/buildtree/DefaultBuildTreeModelCreator$DefaultBuildTreeModelController;Lorg/gradle/internal/buildtree/BuildTreeModelTarget;Ljava/lang/String;Z)Lorg/gradle/tooling/provider/model/internal/ToolingModelScope;+4
j  org.gradle.internal.buildtree.DefaultBuildTreeModelCreator$DefaultBuildTreeModelController$1.call(Lorg/gradle/internal/operations/BuildOperationContext;)Ljava/lang/Object;+24
j  org.gradle.internal.operations.DefaultBuildOperationRunner$CallableBuildOperationWorker.execute(Lorg/gradle/internal/operations/CallableBuildOperation;Lorg/gradle/internal/operations/BuildOperationContext;)V+3
j  org.gradle.internal.operations.DefaultBuildOperationRunner$CallableBuildOperationWorker.execute(Lorg/gradle/internal/operations/BuildOperation;Lorg/gradle/internal/operations/BuildOperationContext;)V+6
j  org.gradle.internal.operations.DefaultBuildOperationRunner$2.execute(Lorg/gradle/internal/operations/BuildOperationDescriptor;Lorg/gradle/internal/operations/BuildOperationState;Lorg/gradle/internal/operations/BuildOperationState;Lorg/gradle/internal/operations/DefaultBuildOperationRunner$ReadableBuildOperationContext;Lorg/gradle/internal/operations/DefaultBuildOperationRunner$BuildOperationExecutionListener;)Lorg/gradle/internal/operations/BuildOperation;+22
j  org.gradle.internal.operations.DefaultBuildOperationRunner$2.execute(Lorg/gradle/internal/operations/BuildOperationDescriptor;Lorg/gradle/internal/operations/BuildOperationState;Lorg/gradle/internal/operations/BuildOperationState;Lorg/gradle/internal/operations/DefaultBuildOperationRunner$ReadableBuildOperationContext;Lorg/gradle/internal/operations/DefaultBuildOperationRunner$BuildOperationExecutionListener;)Ljava/lang/Object;+8
j  org.gradle.internal.operations.DefaultBuildOperationRunner.execute(Lorg/gradle/internal/operations/BuildOperationDescriptor$Builder;Lorg/gradle/internal/operations/DefaultBuildOperationRunner$BuildOperationExecution;)Ljava/lang/Object;+141
j  org.gradle.internal.operations.DefaultBuildOperationRunner.execute(Lorg/gradle/internal/operations/BuildOperation;Lorg/gradle/internal/operations/BuildOperationWorker;)V+17
j  org.gradle.internal.operations.DefaultBuildOperationRunner.call(Lorg/gradle/internal/operations/CallableBuildOperation;)Ljava/lang/Object;+12
j  org.gradle.internal.buildtree.DefaultBuildTreeModelCreator$DefaultBuildTreeModelController.getModel(Lorg/gradle/internal/buildtree/BuildTreeModelTarget;Ljava/lang/String;Ljava/lang/Object;)Ljava/lang/Object;+18
j  org.gradle.tooling.internal.provider.runner.BuildModelActionRunner$ModelCreateAction.fromBuildModel(Lorg/gradle/internal/buildtree/BuildTreeModelController;)Ljava/lang/Object;+14
j  org.gradle.internal.buildtree.DefaultBuildTreeModelCreator.fromBuildModel(Lorg/gradle/internal/buildtree/BuildTreeModelAction;)Ljava/lang/Object;+10
j  org.gradle.internal.cc.impl.barrier.BarrierAwareBuildTreeModelCreator.fromBuildModel$lambda$0(Lorg/gradle/internal/cc/impl/barrier/BarrierAwareBuildTreeModelCreator;Lorg/gradle/internal/buildtree/BuildTreeModelAction;)Ljava/lang/Object;+5
j  org.gradle.internal.cc.impl.barrier.BarrierAwareBuildTreeModelCreator$$Lambda+0x000001f934448c68.invoke()Ljava/lang/Object;+8
j  org.gradle.internal.cc.impl.barrier.VintageConfigurationTimeActionRunner.runConfigurationTimeAction(Lkotlin/jvm/functions/Function0;)Ljava/lang/Object;+25
j  org.gradle.internal.cc.impl.barrier.BarrierAwareBuildTreeModelCreator.fromBuildModel(Lorg/gradle/internal/buildtree/BuildTreeModelAction;)Ljava/lang/Object;+17
j  org.gradle.internal.buildtree.DefaultBuildTreeLifecycleController.lambda$fromBuildModel$2(Lorg/gradle/internal/buildtree/BuildTreeModelAction;Z)Lorg/gradle/internal/build/ExecutionResult;+57
j  org.gradle.internal.buildtree.DefaultBuildTreeLifecycleController$$Lambda+0x000001f934449b30.get()Ljava/lang/Object;+12
j  org.gradle.internal.buildtree.DefaultBuildTreeLifecycleController.lambda$runBuild$4(Ljava/util/function/Supplier;)Ljava/lang/Object;+1
j  org.gradle.internal.buildtree.DefaultBuildTreeLifecycleController$$Lambda+0x000001f934449d58.get()Ljava/lang/Object;+8
j  org.gradle.internal.model.StateTransitionController.lambda$transition$6(Ljava/util/function/Supplier;)Lorg/gradle/internal/build/ExecutionResult;+1
j  org.gradle.internal.model.StateTransitionController$$Lambda+0x000001f934454228.get()Ljava/lang/Object;+4
j  org.gradle.internal.model.StateTransitionController.doTransition(Lorg/gradle/internal/model/StateTransitionController$State;Lorg/gradle/internal/model/StateTransitionController$State;Ljava/util/function/Supplier;)Lorg/gradle/internal/build/ExecutionResult;+24
j  org.gradle.internal.model.StateTransitionController.lambda$transition$7(Lorg/gradle/internal/model/StateTransitionController$State;Lorg/gradle/internal/model/StateTransitionController$State;Ljava/util/function/Supplier;)Ljava/lang/Object;+9
j  org.gradle.internal.model.StateTransitionController$$Lambda+0x000001f934454000.create()Ljava/lang/Object;+16
j  org.gradle.internal.work.DefaultSynchronizer.withLock(Lorg/gradle/internal/Factory;)Ljava/lang/Object;+6
j  org.gradle.internal.model.StateTransitionController.transition(Lorg/gradle/internal/model/StateTransitionController$State;Lorg/gradle/internal/model/StateTransitionController$State;Ljava/util/function/Supplier;)Ljava/lang/Object;+13
j  org.gradle.internal.buildtree.DefaultBuildTreeLifecycleController.runBuild(Ljava/util/function/Supplier;)Ljava/lang/Object;+17
j  org.gradle.internal.buildtree.DefaultBuildTreeLifecycleController.fromBuildModel(ZLorg/gradle/internal/buildtree/BuildTreeModelAction;)Ljava/lang/Object;+9
j  org.gradle.tooling.internal.provider.runner.BuildModelActionRunner.run(Lorg/gradle/internal/invocation/BuildAction;Lorg/gradle/internal/buildtree/BuildTreeLifecycleController;)Lorg/gradle/internal/buildtree/BuildActionRunner$Result;+40
j  org.gradle.launcher.exec.ChainingBuildActionRunner.run(Lorg/gradle/internal/invocation/BuildAction;Lorg/gradle/internal/buildtree/BuildTreeLifecycleController;)Lorg/gradle/internal/buildtree/BuildActionRunner$Result;+34
j  org.gradle.internal.buildtree.ProblemReportingBuildActionRunner.run(Lorg/gradle/internal/invocation/BuildAction;Lorg/gradle/internal/buildtree/BuildTreeLifecycleController;)Lorg/gradle/internal/buildtree/BuildActionRunner$Result;+12
j  org.gradle.launcher.exec.BuildOutcomeReportingBuildActionRunner.run(Lorg/gradle/internal/invocation/BuildAction;Lorg/gradle/internal/buildtree/BuildTreeLifecycleController;)Lorg/gradle/internal/buildtree/BuildActionRunner$Result;+69
j  org.gradle.tooling.internal.provider.FileSystemWatchingBuildActionRunner.run(Lorg/gradle/internal/invocation/BuildAction;Lorg/gradle/internal/buildtree/BuildTreeLifecycleController;)Lorg/gradle/internal/buildtree/BuildActionRunner$Result;+317
j  org.gradle.launcher.exec.BuildCompletionNotifyingBuildActionRunner.run(Lorg/gradle/internal/invocation/BuildAction;Lorg/gradle/internal/buildtree/BuildTreeLifecycleController;)Lorg/gradle/internal/buildtree/BuildActionRunner$Result;+6
j  org.gradle.launcher.exec.RootBuildLifecycleBuildActionExecutor.lambda$execute$0(Lorg/gradle/internal/invocation/BuildAction;Lorg/gradle/internal/buildtree/BuildTreeLifecycleController;)Lorg/gradle/internal/buildtree/BuildActionRunner$Result;+6
j  org.gradle.launcher.exec.RootBuildLifecycleBuildActionExecutor$$Lambda+0x000001f9344372e0.apply(Ljava/lang/Object;)Ljava/lang/Object;+12
j  org.gradle.composite.internal.DefaultRootBuildState.run(Ljava/util/function/Function;)Ljava/lang/Object;+92
j  org.gradle.launcher.exec.RootBuildLifecycleBuildActionExecutor.execute(Lorg/gradle/internal/invocation/BuildAction;)Lorg/gradle/internal/buildtree/BuildActionRunner$Result;+91
j  org.gradle.launcher.exec.BuildTreeLifecycleBuildActionExecutor.runRootBuildAction(Lorg/gradle/internal/invocation/BuildAction;Lorg/gradle/internal/service/ServiceRegistry;Lorg/gradle/internal/buildtree/BuildTreeModelControllerServices$Supplier;)Lorg/gradle/internal/buildtree/BuildActionRunner$Result;+39
j  org.gradle.launcher.exec.BuildTreeLifecycleBuildActionExecutor.execute(Lorg/gradle/internal/invocation/BuildAction;Lorg/gradle/internal/session/BuildSessionContext;)Lorg/gradle/internal/buildtree/BuildActionRunner$Result;+44
j  org.gradle.launcher.exec.RunAsBuildOperationBuildActionExecutor$2.call(Lorg/gradle/internal/operations/BuildOperationContext;)Lorg/gradle/internal/buildtree/BuildActionRunner$Result;+25
j  org.gradle.launcher.exec.RunAsBuildOperationBuildActionExecutor$2.call(Lorg/gradle/internal/operations/BuildOperationContext;)Ljava/lang/Object;+2
j  org.gradle.internal.operations.DefaultBuildOperationRunner$CallableBuildOperationWorker.execute(Lorg/gradle/internal/operations/CallableBuildOperation;Lorg/gradle/internal/operations/BuildOperationContext;)V+3
j  org.gradle.internal.operations.DefaultBuildOperationRunner$CallableBuildOperationWorker.execute(Lorg/gradle/internal/operations/BuildOperation;Lorg/gradle/internal/operations/BuildOperationContext;)V+6
j  org.gradle.internal.operations.DefaultBuildOperationRunner$2.execute(Lorg/gradle/internal/operations/BuildOperationDescriptor;Lorg/gradle/internal/operations/BuildOperationState;Lorg/gradle/internal/operations/BuildOperationState;Lorg/gradle/internal/operations/DefaultBuildOperationRunner$ReadableBuildOperationContext;Lorg/gradle/internal/operations/DefaultBuildOperationRunner$BuildOperationExecutionListener;)Lorg/gradle/internal/operations/BuildOperation;+22
j  org.gradle.internal.operations.DefaultBuildOperationRunner$2.execute(Lorg/gradle/internal/operations/BuildOperationDescriptor;Lorg/gradle/internal/operations/BuildOperationState;Lorg/gradle/internal/operations/BuildOperationState;Lorg/gradle/internal/operations/DefaultBuildOperationRunner$ReadableBuildOperationContext;Lorg/gradle/internal/operations/DefaultBuildOperationRunner$BuildOperationExecutionListener;)Ljava/lang/Object;+8
j  org.gradle.internal.operations.DefaultBuildOperationRunner.execute(Lorg/gradle/internal/operations/BuildOperationDescriptor$Builder;Lorg/gradle/internal/operations/DefaultBuildOperationRunner$BuildOperationExecution;)Ljava/lang/Object;+141
j  org.gradle.internal.operations.DefaultBuildOperationRunner.execute(Lorg/gradle/internal/operations/BuildOperation;Lorg/gradle/internal/operations/BuildOperationWorker;)V+17
j  org.gradle.internal.operations.DefaultBuildOperationRunner.call(Lorg/gradle/internal/operations/CallableBuildOperation;)Ljava/lang/Object;+12
j  org.gradle.launcher.exec.RunAsBuildOperationBuildActionExecutor.execute(Lorg/gradle/internal/invocation/BuildAction;Lorg/gradle/internal/session/BuildSessionContext;)Lorg/gradle/internal/buildtree/BuildActionRunner$Result;+23
j  org.gradle.launcher.exec.RunAsWorkerThreadBuildActionExecutor.lambda$execute$0(Lorg/gradle/internal/invocation/BuildAction;Lorg/gradle/internal/session/BuildSessionContext;)Lorg/gradle/internal/buildtree/BuildActionRunner$Result;+6
j  org.gradle.launcher.exec.RunAsWorkerThreadBuildActionExecutor$$Lambda+0x000001f93427b078.create()Ljava/lang/Object;+12
j  org.gradle.internal.work.DefaultWorkerLeaseService.lambda$withLocksAcquired$0(Lorg/gradle/internal/Factory;Ljava/util/Collection;)Ljava/lang/Object;+1
j  org.gradle.internal.work.DefaultWorkerLeaseService$$Lambda+0x000001f934286d48.create()Ljava/lang/Object;+12
j  org.gradle.internal.work.ResourceLockStatistics$1.measure(Ljava/lang/String;Ljava/lang/Iterable;Lorg/gradle/internal/Factory;)Ljava/lang/Object;+1
j  org.gradle.internal.work.DefaultWorkerLeaseService.withLocksAcquired(Ljava/util/Collection;Lorg/gradle/internal/Factory;)Ljava/lang/Object;+21
j  org.gradle.internal.work.DefaultWorkerLeaseService.withLocks(Ljava/util/Collection;Lorg/gradle/internal/Factory;)Ljava/lang/Object;+25
j  org.gradle.internal.work.DefaultWorkerLeaseService.runAsWorkerThread(Lorg/gradle/internal/Factory;)Ljava/lang/Object;+33
j  org.gradle.launcher.exec.RunAsWorkerThreadBuildActionExecutor.execute(Lorg/gradle/internal/invocation/BuildAction;Lorg/gradle/internal/session/BuildSessionContext;)Lorg/gradle/internal/buildtree/BuildActionRunner$Result;+12
j  org.gradle.tooling.internal.provider.continuous.ContinuousBuildActionExecutor.execute(Lorg/gradle/internal/invocation/BuildAction;Lorg/gradle/internal/session/BuildSessionContext;)Lorg/gradle/internal/buildtree/BuildActionRunner$Result;+58
j  org.gradle.tooling.internal.provider.SubscribableBuildActionExecutor.execute(Lorg/gradle/internal/invocation/BuildAction;Lorg/gradle/internal/session/BuildSessionContext;)Lorg/gradle/internal/buildtree/BuildActionRunner$Result;+30
j  org.gradle.internal.session.DefaultBuildSessionContext.execute(Lorg/gradle/internal/invocation/BuildAction;)Lorg/gradle/internal/buildtree/BuildActionRunner$Result;+64
j  org.gradle.internal.buildprocess.execution.BuildSessionLifecycleBuildActionExecutor$ActionImpl.apply(Lorg/gradle/internal/session/BuildSessionContext;)Lorg/gradle/launcher/exec/BuildActionResult;+6
j  org.gradle.internal.buildprocess.execution.BuildSessionLifecycleBuildActionExecutor$ActionImpl.apply(Ljava/lang/Object;)Ljava/lang/Object;+5
j  org.gradle.internal.session.BuildSessionState.run(Ljava/util/function/Function;)Ljava/lang/Object;+5
j  org.gradle.internal.buildprocess.execution.BuildSessionLifecycleBuildActionExecutor.execute(Lorg/gradle/internal/invocation/BuildAction;Lorg/gradle/launcher/exec/BuildActionParameters;Lorg/gradle/initialization/BuildRequestContext;)Lorg/gradle/launcher/exec/BuildActionResult;+105
j  org.gradle.internal.buildprocess.execution.BuildSessionLifecycleBuildActionExecutor.execute(Lorg/gradle/internal/invocation/BuildAction;Ljava/lang/Object;Ljava/lang/Object;)Lorg/gradle/launcher/exec/BuildActionResult;+10
j  org.gradle.internal.buildprocess.execution.StartParamsValidatingActionExecutor.execute(Lorg/gradle/internal/invocation/BuildAction;Lorg/gradle/launcher/exec/BuildActionParameters;Lorg/gradle/initialization/BuildRequestContext;)Lorg/gradle/launcher/exec/BuildActionResult;+142
j  org.gradle.internal.buildprocess.execution.StartParamsValidatingActionExecutor.execute(Lorg/gradle/internal/invocation/BuildAction;Ljava/lang/Object;Ljava/lang/Object;)Lorg/gradle/launcher/exec/BuildActionResult;+10
j  org.gradle.internal.buildprocess.execution.SessionFailureReportingActionExecutor.execute(Lorg/gradle/internal/invocation/BuildAction;Lorg/gradle/launcher/exec/BuildActionParameters;Lorg/gradle/initialization/BuildRequestContext;)Lorg/gradle/launcher/exec/BuildActionResult;+7
j  org.gradle.internal.buildprocess.execution.SessionFailureReportingActionExecutor.execute(Lorg/gradle/internal/invocation/BuildAction;Ljava/lang/Object;Ljava/lang/Object;)Lorg/gradle/launcher/exec/BuildActionResult;+10
j  org.gradle.internal.buildprocess.execution.SetupLoggingActionExecutor.execute(Lorg/gradle/internal/invocation/BuildAction;Lorg/gradle/launcher/exec/BuildActionParameters;Lorg/gradle/initialization/BuildRequestContext;)Lorg/gradle/launcher/exec/BuildActionResult;+50
j  org.gradle.internal.buildprocess.execution.SetupLoggingActionExecutor.execute(Lorg/gradle/internal/invocation/BuildAction;Ljava/lang/Object;Ljava/lang/Object;)Lorg/gradle/launcher/exec/BuildActionResult;+10
j  org.gradle.launcher.daemon.server.exec.ExecuteBuild.doBuild(Lorg/gradle/launcher/daemon/server/api/DaemonCommandExecution;Lorg/gradle/launcher/daemon/protocol/Build;)V+147
j  org.gradle.launcher.daemon.server.exec.BuildCommandOnly.execute(Lorg/gradle/launcher/daemon/server/api/DaemonCommandExecution;)V+49
j  org.gradle.launcher.daemon.server.api.DaemonCommandExecution.proceed()Z+23
j  org.gradle.launcher.daemon.server.exec.WatchForDisconnection.execute(Lorg/gradle/launcher/daemon/server/api/DaemonCommandExecution;)V+19
j  org.gradle.launcher.daemon.server.api.DaemonCommandExecution.proceed()Z+23
j  org.gradle.launcher.daemon.server.exec.ResetDeprecationLogger.execute(Lorg/gradle/launcher/daemon/server/api/DaemonCommandExecution;)V+7
j  org.gradle.launcher.daemon.server.api.DaemonCommandExecution.proceed()Z+23
j  org.gradle.launcher.daemon.server.exec.RequestStopIfSingleUsedDaemon.execute(Lorg/gradle/launcher/daemon/server/api/DaemonCommandExecution;)V+33
j  org.gradle.launcher.daemon.server.api.DaemonCommandExecution.proceed()Z+23
j  org.gradle.launcher.daemon.server.exec.ForwardClientInput.lambda$execute$0(Lorg/gradle/launcher/daemon/server/api/DaemonCommandExecution;Lorg/gradle/internal/daemon/clientinput/StdinHandler;)Ljava/lang/Object;+11
j  org.gradle.launcher.daemon.server.exec.ForwardClientInput$$Lambda+0x000001f9341914b0.apply(Ljava/lang/Object;)Ljava/lang/Object;+8
j  org.gradle.internal.daemon.clientinput.ClientInputForwarder.forwardInput(Ljava/util/function/Function;)Ljava/lang/Object;+46
j  org.gradle.launcher.daemon.server.exec.ForwardClientInput.execute(Lorg/gradle/launcher/daemon/server/api/DaemonCommandExecution;)V+10
j  org.gradle.launcher.daemon.server.api.DaemonCommandExecution.proceed()Z+23
j  org.gradle.launcher.daemon.server.exec.LogAndCheckHealth.execute(Lorg/gradle/launcher/daemon/server/api/DaemonCommandExecution;)V+51
j  org.gradle.launcher.daemon.server.api.DaemonCommandExecution.proceed()Z+23
j  org.gradle.launcher.daemon.server.exec.LogToClient.doBuild(Lorg/gradle/launcher/daemon/server/api/DaemonCommandExecution;Lorg/gradle/launcher/daemon/protocol/Build;)V+87
j  org.gradle.launcher.daemon.server.exec.BuildCommandOnly.execute(Lorg/gradle/launcher/daemon/server/api/DaemonCommandExecution;)V+49
j  org.gradle.launcher.daemon.server.api.DaemonCommandExecution.proceed()Z+23
j  org.gradle.launcher.daemon.server.exec.EstablishBuildEnvironment.doBuild(Lorg/gradle/launcher/daemon/server/api/DaemonCommandExecution;Lorg/gradle/launcher/daemon/protocol/Build;)V+356
j  org.gradle.launcher.daemon.server.exec.BuildCommandOnly.execute(Lorg/gradle/launcher/daemon/server/api/DaemonCommandExecution;)V+49
j  org.gradle.launcher.daemon.server.api.DaemonCommandExecution.proceed()Z+23
j  org.gradle.launcher.daemon.server.exec.StartBuildOrRespondWithBusy$1.run()V+44
j  org.gradle.launcher.daemon.server.DaemonStateCoordinator.lambda$runCommand$0(Ljava/lang/Runnable;)V+1
j  org.gradle.launcher.daemon.server.DaemonStateCoordinator$$Lambda+0x000001f934190238.run()V+8
j  org.gradle.internal.concurrent.ExecutorPolicy$CatchAndRecordFailures.onExecute(Ljava/lang/Runnable;)V+1
j  org.gradle.internal.concurrent.AbstractManagedExecutor$1.run()V+25
j  java.util.concurrent.ThreadPoolExecutor.runWorker(Ljava/util/concurrent/ThreadPoolExecutor$Worker;)V+92 java.base@21.0.12.1
j  java.util.concurrent.ThreadPoolExecutor$Worker.run()V+5 java.base@21.0.12.1
j  java.lang.Thread.runWith(Ljava/lang/Object;Ljava/lang/Runnable;)V+5 java.base@21.0.12.1
j  java.lang.Thread.run()V+19 java.base@21.0.12.1
v  ~StubRoutines::call_stub 0x000001f9155110e7

Compiled method (n/a) 105692  834     n 0       java.lang.ClassLoader::defineClass1 (native)
 total in heap  [0x000001f915b08d10,0x000001f915b093a8] = 1688
 relocation     [0x000001f915b08e70,0x000001f915b08ea8] = 56
 main code      [0x000001f915b08ec0,0x000001f915b093a7] = 1255
 stub code      [0x000001f915b093a7,0x000001f915b093a8] = 1

[Constant Pool (empty)]

[MachCode]
[Entry Point]
  # {method} {0x000001f933434c38} 'defineClass1' '(Ljava/lang/ClassLoader;Ljava/lang/String;[BIILjava/security/ProtectionDomain;Ljava/lang/String;)Ljava/lang/Class;' in 'java/lang/ClassLoader'
  # parm0:    rdx:rdx   = 'java/lang/ClassLoader'
  # parm1:    r8:r8     = 'java/lang/String'
  # parm2:    r9:r9     = '[B'
  # parm3:    rdi       = int
  # parm4:    rsi       = int
  # parm5:    rcx:rcx   = 'java/security/ProtectionDomain'
  # parm6:    [sp+0xa0]   = 'java/lang/String'  (sp of caller)
  0x000001f915b08ec0: 448b 5208 | 49bb 0000 | 0033 f901 | 0000 4d03 | d349 3bc2 | 0f84 0600 

  0x000001f915b08ed8: ;   {runtime_call ic_miss_stub}
  0x000001f915b08ed8: 0000 e9a1 | 5aa5 ff90 
[Verified Entry Point]
  0x000001f915b08ee0: 8984 2400 | 80ff ff55 | 488b ec48 | 81ec 9000 | 0000 6690 | 4181 7f20 | 0300 0000 

  0x000001f915b08efc: ;   {runtime_call StubRoutines (final stubs)}
  0x000001f915b08efc: 7405 e8dd | f3a3 ff48 | 837d 1000 | 488d 4510 | 480f 4445 | 1048 8944 | 2440 4889 | 4c24 7048 
  0x000001f915b08f1c: 83f9 0048 | 8d44 2470 | 480f 4444 | 2470 4889 | 4424 3848 | 8974 2430 | 4889 7c24 | 284c 894c 
  0x000001f915b08f3c: 2458 4983 | f900 488d | 4424 5848 | 0f44 4424 | 5848 8944 | 2420 4c89 | 4424 5049 | 83f8 004c 
  0x000001f915b08f5c: 8d4c 2450 | 4c0f 444c | 2450 4889 | 5424 4848 | 83fa 004c | 8d44 2448 | 4c0f 4444 

  0x000001f915b08f78: ;   {oop(a 'java/lang/Class'{0x0000000600402e90} = 'java/lang/ClassLoader')}
  0x000001f915b08f78: 2448 49be | 902e 4000 | 0600 0000 | 4c89 7424 | 784c 8d74 | 2478 498b | d6c5 f877 

  0x000001f915b08f94: ;   {internal_word}
  0x000001f915b08f94: 49ba 918f | b015 f901 | 0000 4d89 | 97a8 0300 | 0049 89a7 | a003 0000 

  0x000001f915b08fac: ;   {external_word}
  0x000001f915b08fac: 49ba 066d | 4716 fb7f | 0000 4180 | 3a00 0f84 | 4e00 0000 | 5241 5041 

  0x000001f915b08fc4: ;   {metadata({method} {0x000001f933434c38} 'defineClass1' '(Ljava/lang/ClassLoader;Ljava/lang/String;[BIILjava/security/ProtectionDomain;Ljava/lang/String;)Ljava/lang/Class;' in 'java/lang/ClassLoader')}
  0x000001f915b08fc4: 5148 ba30 | 4c43 33f9 | 0100 0049 | 8bcf 4883 | ec20 40f6 | c40f 0f84 | 1900 0000 | 4883 ec08 
  0x000001f915b08fe4: ;   {runtime_call}
  0x000001f915b08fe4: 48b8 e0ea | f015 fb7f | 0000 ffd0 | 4883 c408 | e90c 0000 

  0x000001f915b08ff8: ;   {runtime_call}
  0x000001f915b08ff8: 0048 b8e0 | eaf0 15fb | 7f00 00ff | d048 83c4 | 2041 5941 | 585a 498d | 8fc0 0300 | 0041 c787 
  0x000001f915b09018: 4c04 0000 | 0400 0000 

  0x000001f915b09020: ;   {runtime_call}
  0x000001f915b09020: 48b8 ac16 | cb85 fb7f | 0000 ffd0 | c5f8 7741 | c787 4c04 | 0000 0500 | 0000 f083 | 4424 c000 
  0x000001f915b09040: 493b af50 | 0400 000f | 870e 0000 | 0041 83bf | 4804 0000 | 000f 842b | 0000 00c5 | f877 4889 
  0x000001f915b09060: 45f8 498b | cf4c 8be4 | 4883 ec20 | 4883 e4f0 

  0x000001f915b09070: ;   {runtime_call}
  0x000001f915b09070: 48b8 0058 | bc15 fb7f | 0000 ffd0 | 498b e44d | 33e4 488b | 45f8 41c7 | 874c 0400 | 0008 0000 
  0x000001f915b09090: 0041 83bf | c804 0000 | 020f 84db 

  0x000001f915b0909c: ;   {external_word}
  0x000001f915b0909c: 0200 0049 | ba06 6d47 | 16fb 7f00 | 0041 803a | 000f 844c | 0000 0048 

  0x000001f915b090b4: ;   {metadata({method} {0x000001f933434c38} 'defineClass1' '(Ljava/lang/ClassLoader;Ljava/lang/String;[BIILjava/security/ProtectionDomain;Ljava/lang/String;)Ljava/lang/Class;' in 'java/lang/ClassLoader')}
  0x000001f915b090b4: 8945 f848 | ba30 4c43 | 33f9 0100 | 0049 8bcf | 4883 ec20 | 40f6 c40f | 0f84 1900 | 0000 4883 
  0x000001f915b090d4: ;   {runtime_call}
  0x000001f915b090d4: ec08 48b8 | e0ea f015 | fb7f 0000 | ffd0 4883 | c408 e90c 

  0x000001f915b090e8: ;   {runtime_call}
  0x000001f915b090e8: 0000 0048 | b8e0 eaf0 | 15fb 7f00 | 00ff d048 | 83c4 2048 | 8b45 f849 | c787 a003 | 0000 0000 
  0x000001f915b09108: 0000 49c7 | 87a8 0300 | 0000 0000 | 00c5 f877 | 4885 c00f | 8436 0200 | 00a8 030f | 8508 0000 
  0x000001f915b09128: 0048 8b00 | e926 0200 | 00a8 010f | 8509 0000 | 0048 8b40 | fee9 1502 | 0000 488b | 40ff 4180 
  0x000001f915b09148: 7f40 000f | 8406 0200 | 0048 83f8 | 000f 84fc | 0100 0049 | 8b4f 2848 | 83f9 000f | 8414 0000 
  0x000001f915b09168: 0048 83e9 | 0849 894f | 2849 034f | 3848 8901 | e9da 0100 | 0048 81ec | f000 0000 | 4889 0424 
  0x000001f915b09188: 4889 4c24 | 0848 8954 | 2410 4c89 | 4424 184c | 894c 2420 | 4c89 5424 | 284c 895c | 2430 c5fb 
  0x000001f915b091a8: 1144 2440 | c5fb 114c | 2448 c5fb | 1154 2450 | c5fb 115c | 2458 c5fb | 1164 2460 | c5fb 116c 
  0x000001f915b091c8: 2468 62e1 | ff08 1144 | 240e 62e1 | ff08 114c | 240f 62e1 | ff08 1154 | 2410 62e1 | ff08 115c 
  0x000001f915b091e8: ;   {no_reloc}
  0x000001f915b091e8: 2411 62e1 | ff08 1164 | 2412 62e1 | ff08 116c | 2413 62e1 | ff08 1174 | 2414 62e1 | ff08 117c 
  0x000001f915b09208: 2415 6261 | ff08 1144 | 2416 6261 | ff08 114c | 2417 6261 | ff08 1154 | 2418 6261 | ff08 115c 
  0x000001f915b09228: 2419 6261 | ff08 1164 | 241a 6261 | ff08 116c | 241b 6261 | ff08 1174 | 241c 6261 | ff08 117c 
  0x000001f915b09248: 241d 498b | d748 8bc8 | 4883 ec20 | 40f6 c40f | 0f84 1900 | 0000 4883 

  0x000001f915b09260: ;   {runtime_call}
  0x000001f915b09260: ec08 48b8 | 20a4 af15 | fb7f 0000 | ffd0 4883 | c408 e90c 

  0x000001f915b09274: ;   {runtime_call}
  0x000001f915b09274: 0000 0048 | b820 a4af | 15fb 7f00 | 00ff d048 | 83c4 2062 | 61ff 0810 | 7c24 1d62 | 61ff 0810 
  0x000001f915b09294: 7424 1c62 | 61ff 0810 | 6c24 1b62 | 61ff 0810 | 6424 1a62 | 61ff 0810 | 5c24 1962 | 61ff 0810 
  0x000001f915b092b4: 5424 1862 | 61ff 0810 | 4c24 1762 | 61ff 0810 | 4424 1662 | e1ff 0810 | 7c24 1562 | e1ff 0810 
  0x000001f915b092d4: 7424 1462 | e1ff 0810 | 6c24 1362 | e1ff 0810 | 6424 1262 | e1ff 0810 | 5c24 1162 | e1ff 0810 
  0x000001f915b092f4: 5424 1062 | e1ff 0810 | 4c24 0f62 | e1ff 0810 | 4424 0ec5 | fb10 6c24 | 68c5 fb10 | 6424 60c5 
  0x000001f915b09314: fb10 5c24 | 58c5 fb10 | 5424 50c5 | fb10 4c24 | 48c5 fb10 | 4424 404c | 8b5c 2430 | 4c8b 5424 
  0x000001f915b09334: 284c 8b4c | 2420 4c8b | 4424 1848 | 8b54 2410 | 488b 4c24 | 0848 8b04 | 2448 81c4 | f000 0000 
  0x000001f915b09354: c5f8 7749 | 8b8f 3004 | 0000 c781 | 0001 0000 | 0000 0000 | c949 837f | 0800 0f85 | 0100 0000 
  0x000001f915b09374: ;   {runtime_call StubRoutines (initial stubs)}
  0x000001f915b09374: c3e9 867b | a0ff c5f8 | 7748 8945 | f84c 8be4 | 4883 ec20 | 4883 e4f0 

  0x000001f915b0938c: ;   {runtime_call}
  0x000001f915b0938c: 48b8 3022 | f115 fb7f | 0000 ffd0 | 498b e44d | 33e4 488b | 45f8 e9f8 | fcff fff4 
[/MachCode]


Compiled method (c2) 105719 4125       4       java.security.SecureClassLoader::defineClass (16 bytes)
 total in heap  [0x000001f915d14190,0x000001f915d16058] = 7880
 relocation     [0x000001f915d142f0,0x000001f915d14418] = 296
 main code      [0x000001f915d14420,0x000001f915d153d8] = 4024
 stub code      [0x000001f915d153d8,0x000001f915d15438] = 96
 oops           [0x000001f915d15438,0x000001f915d15450] = 24
 metadata       [0x000001f915d15450,0x000001f915d15580] = 304
 scopes data    [0x000001f915d15580,0x000001f915d15c68] = 1768
 scopes pcs     [0x000001f915d15c68,0x000001f915d15f18] = 688
 dependencies   [0x000001f915d15f18,0x000001f915d15f28] = 16
 handler table  [0x000001f915d15f28,0x000001f915d16018] = 240
 nul chk table  [0x000001f915d16018,0x000001f915d16058] = 64

[Constant Pool (empty)]

[MachCode]
[Entry Point]
  # {method} {0x000001f93304e0e8} 'defineClass' '(Ljava/lang/String;[BIILjava/security/CodeSource;)Ljava/lang/Class;' in 'java/security/SecureClassLoader'
  # this:     rdx:rdx   = 'java/security/SecureClassLoader'
  # parm0:    r8:r8     = 'java/lang/String'
  # parm1:    r9:r9     = '[B'
  # parm2:    rdi       = int
  # parm3:    rsi       = int
  # parm4:    rcx:rcx   = 'java/security/CodeSource'
  #           [sp+0xc0]  (sp of caller)
  0x000001f915d14420: 448b 5208 | 49bb 0000 | 0033 f901 | 0000 4d03 | d349 3bc2 

  0x000001f915d14434: ;   {runtime_call ic_miss_stub}
  0x000001f915d14434: 0f85 46a5 | 84ff 6690 | 0f1f 4000 
[Verified Entry Point]
  0x000001f915d14440: 8984 2400 | 80ff ff55 | 4881 ecb0 | 0000 0090 | 4181 7f20 | 0300 0000 | 0f85 700f | 0000 8974 
  0x000001f915d14460: 2444 897c | 2440 4c89 | 4c24 384c | 8944 2430 | 4889 5424 | 2848 8be9 | 4885 c90f | 8437 0c00 
  0x000001f915d14480: 004d 8b87 | b801 0000 | 4d8b d049 | 83c2 104d | 3b97 c801 | 0000 0f83 | 0908 0000 | 4d89 97b8 
  0x000001f915d144a0: 0100 0041 | 0f0d 8ac0 | 0000 0049 | c700 0100 

  0x000001f915d144b0: ;   {metadata('java/security/SecureClassLoader$CodeSourceKey')}
  0x000001f915d144b0: 0000 41c7 | 4008 b8b4 | 1100 4c8b | dd49 c1eb | 0345 8958 | 0c4d 8b8f | b801 0000 | 4c8b 5424 
  0x000001f915d144d0: 2841 8b6a | 504d 8bd1 | 4983 c210 | 4d3b 97c8 | 0100 000f | 838f 0700 | 004d 8997 | b801 0000 
  0x000001f915d144f0: 410f 0d8a | c000 0000 | 49c7 0101 

  0x000001f915d144fc: ;   {metadata('java/security/SecureClassLoader$1')}
  0x000001f915d144fc: 0000 0041 | c741 0850 | ba11 004c | 8b54 2428 | 4d8b da49 | c1eb 0345 | 8959 0c45 | 8b5c ec08 
  0x000001f915d1451c: ;   {metadata('java/util/concurrent/ConcurrentHashMap')}
  0x000001f915d1451c: 4181 fb80 | 2706 000f | 8563 0900 | 0049 8d14 | ec66 6690 

  0x000001f915d14530: ;   {optimized virtual_call}
  0x000001f915d14530: c5f8 77e8 

  0x000001f915d14534: ; ImmutableOopMap {[40]=Oop [48]=Oop [56]=Oop }
                      ;*invokeinterface computeIfAbsent {reexecute=0 rethrow=0 return_oop=1}
                      ; - java.security.SecureClassLoader::getProtectionDomain@28
                      ; - java.security.SecureClassLoader::defineClass@9
  0x000001f915d14534: c8be 2af0 

  0x000001f915d14538: ;   {other}
  0x000001f915d14538: 0f1f 8400 | a803 0000 

  0x000001f915d14540: ; implicit exception: dispatches to 0x000001f915d1525c
  0x000001f915d14540: 448b 5008 

  0x000001f915d14544: ;   {metadata('java/security/ProtectionDomain')}
  0x000001f915d14544: 4181 fae8 | 5800 000f | 859b 0c00 | 0048 8944 | 2448 4c8b | 5424 3045 | 8b42 1447 | 8b5c c40c 
  0x000001f915d14564: 4585 db0f | 867b 0900 | 0041 0fbe | 4a10 85c9 | 0f85 c10a | 0000 c442 | 72f7 d345 | 3bd3 418b 
  0x000001f915d14584: da41 0f4f | db4f 8d0c | c44f 8d6c | c410 85db | 0f8e cf00 | 0000 443b | db0f 82a9 | 0900 00b8 
  0x000001f915d145a4: 2f00 0000 | 498b fd8b | d348 8bdf | 83fa 100f | 8c79 0000 | 0083 fa20 | 0f8c 3600 | 0000 c5f9 
  0x000001f915d145c4: 6ec8 c4e2 | 7d78 c9c5 | edef d28b | ca83 e1e0 | 83e2 1fc5 | fe6f 03c5 | fd74 c1c4 | e27d 17d0 
  0x000001f915d145e4: 0f83 6900 | 0000 4883 | c320 83e9 | 2075 e4e9 | 0d00 0000 | c5f9 6ec8 | c5e9 efd2 | c4e2 7100 
  0x000001f915d14604: ca83 fa10 | 0f8c 2400 | 0000 8bca | 83e1 f083 | e20f c5fa | 6f03 c5f9 | 74c1 c4e2 | 7917 d00f 
  0x000001f915d14624: 832a 0000 | 0048 83c3 | 1083 e910 | 75e4 85d2 | 0f84 1200 | 0000 0fb6 | 0b3b c174 

  0x000001f915d14640: ;   {no_reloc}
  0x000001f915d14640: 1c48 83c3 | 0183 ea01 | 7402 ebee | bbff ffff | ffeb 0dc5 | fdd7 c80f | bcc1 4803 | d848 2bdf 
  0x000001f915d14660: 83fb ff0f | 852f 0a00 | 0041 0fb6 | 6d00 83fd | 5b0f 8475 | 0a00 0041 | 8d4a fb85 | c97c 5141 
  0x000001f915d14680: 0fbe 5d00 | 83fb 6a75 | 4741 83fb | 040f 8639 | 0b00 0043 | 807c c411 | 6175 3543 | 807c c412 
  0x000001f915d146a0: 7675 2d43 | 807c c413 | 6175 2543 | 807c c414 | 2e75 1dba | 45ff ffff | 488b 6c24 | 2866 6690 
  0x000001f915d146c0: ;   {runtime_call UncommonTrapBlob}
  0x000001f915d146c0: c5f8 77e8 

  0x000001f915d146c4: ; ImmutableOopMap {rbp=Oop [48]=Oop [56]=Oop [72]=Oop }
                      ;*ifeq {reexecute=1 rethrow=0 return_oop=0}
                      ; - (reexecute) java.lang.ClassLoader::preDefineClass@46
                      ; - java.lang.ClassLoader::defineClass@4
                      ; - java.security.SecureClassLoader::defineClass@12
  0x000001f915d146c4: 3834 85ff 

  0x000001f915d146c8: ;   {other}
  0x000001f915d146c8: 0f1f 8400 | 3805 0001 | 488b 4c24 | 4844 8b71 | 1041 8d4b | ff41 8d7a | ff3b f90f | 4ff9 85ff 
  0x000001f915d146e8: 0f8c b800 | 0000 413b | fb0f 835d | 0700 0085 | ff0f 8e15 | 0800 008d | 5fff 33f6 | 410f be54 
  0x000001f915d14708: 3910 83fa | 2e0f 84f3 | 0300 00ff | cf3b fb7f | eb83 ff02 | 7e6d bba0 | 0f00 008d | 4ffe 83ff 
  0x000001f915d14728: 020f 4cce | 81f9 a00f | 0000 0f47 | cb8b d72b | d10f 1f80 | 0000 0000 | 4863 c741 | 0fbe 4c01 
  0x000001f915d14748: 1083 f92e | 745f 410f | be4c 010f | 83f9 2e74 | 588d 4ffe | 410f be6c | 0910 83fd | 2e74 4d8d 
  0x000001f915d14768: 4ffd 410f | be6c 0910 | 83fd 2e74 | 3f83 c7fc | 3bfa 7fc4 | 498b af58 

  0x000001f915d14780: ; ImmutableOopMap {r8=NarrowOop r9=Oop r13=Derived_oop_r9 r14=NarrowOop [40]=Oop [48]=Oop [56]=Oop [72]=Oop }
                      ;*goto {reexecute=1 rethrow=0 return_oop=0}
                      ; - (reexecute) java.lang.StringLatin1::lastIndexOf@35
                      ; - java.lang.String::lastIndexOf@13
                      ; - java.lang.String::lastIndexOf@8
                      ; - java.lang.ClassLoader::checkCerts@3
                      ; - java.lang.ClassLoader::preDefineClass@113
                      ; - java.lang.ClassLoader::defineClass@4
                      ; - java.security.SecureClassLoader::defineClass@12
                      ;   {poll}
  0x000001f915d14780: 0400 0085 | 4500 83ff | 027f 9883 | ffff 7e16 | 410f be4c | 3910 83f9 | 2e0f 8495 | 0800 00ff 
  0x000001f915d147a0: cf83 ffff | 7fea b9ff | ffff ffeb | 078b cfeb | 038d 4fff | 83f9 ff0f | 8447 0900 | 0085 c90f 
  0x000001f915d147c0: 8cab 0800 | 0041 3bca | 0f8f 5209 | 0000 413b | ca0f 8425 | 0300 0085 | c90f 842e | 0300 0049 
  0x000001f915d147e0: 8b9f b801 | 0000 4c8b | d349 83c2 | 184d 3b97 | c801 0000 | 0f83 da04 | 0000 4d89 | 97b8 0100 
  0x000001f915d14800: 0041 0f0d | 8ac0 0000 | 0048 c703 | 0100 0000 | 4c8b d349 

  0x000001f915d14814: ;   {metadata('java/lang/String')}
  0x000001f915d14814: 83c2 10c7 | 4308 78e8 | 0000 4489 | 630c c5fd | efc0 c4c1 | 79d6 0241 | 3bcb 0f85 | 9900 0000 
  0x000001f915d14834: 4963 fb41 | 81fb 0000 | 1000 0f87 | 7105 0000 | 498b b7b8 | 0100 004c | 8d57 1749 | 83e2 f848 
  0x000001f915d14854: 8bce 4903 | ca49 3b8f | c801 0000 | 0f83 4f05 | 0000 4989 | 8fb8 0100 | 000f 0d89 | c000 0000 
  0x000001f915d14874: 48c7 0601 | 0000 000f | 0d89 0001 

  0x000001f915d14880: ;   {metadata({type array byte})}
  0x000001f915d14880: 0000 c746 | 0818 2300 | 0044 895e | 0c0f 0d89 | 4001 0000 | 0f0d 8980 | 0100 0048 | 8bd6 4883 
  0x000001f915d148a0: c210 4883 | c707 48c1 | ef03 498b | cd4c 8bc7 | c5f8 7749 | ba80 4354 | 15f9 0100 | 0041 ffd2 
  0x000001f915d148c0: ;   {other}
  0x000001f915d148c0: 0f1f 8400 | 0000 0000 | e9d3 0000 | 0081 f900 | 0010 000f | 87a3 0600 | 004c 63d1 | 443b d941 
  0x000001f915d148e0: 8beb 0f4f | e944 3bdd | 0f82 0907 | 0000 3bcd | 0f82 0107 | 0000 4983 | c217 4d8b | c249 83e0 
  0x000001f915d14900: f881 f900 | 0010 000f | 8743 0400 | 0049 8bb7 | b801 0000 | 4c8b de4d | 03d8 4d3b | 9fc8 0100 
  0x000001f915d14920: 000f 8329 | 0400 004d | 899f b801 | 0000 410f | 0d8b c000 | 0000 48c7 | 0601 0000 | 0041 0f0d 
  0x000001f915d14940: 8b00 0100 

  0x000001f915d14944: ;   {metadata({type array byte})}
  0x000001f915d14944: 00c7 4608 | 1823 0000 | 894e 0c41 | 0f0d 8b40 | 0100 0041 | 0f0d 8b80 | 0100 004c | 8bde 4983 
  0x000001f915d14964: c310 49c1 | ea03 85ed | 0f84 1206 | 0000 3be9 | 0f8c 2a02 | 0000 4983 | c0f0 49c1 | e803 498b 
  0x000001f915d14984: cd49 8bd3 | c5f8 7749 | ba80 4354 | 15f9 0100 | 0041 ffd2 

  0x000001f915d14998: ;   {other}
  0x000001f915d14998: 0f1f 8400 | 0000 0000 | 4180 7f40 | 000f 8571 | 0100 004c | 8bd3 4c8b | de49 c1eb | 0344 895b 
  0x000001f915d149b8: 144c 8bde | 4d33 da49 | c1eb 164d | 85db 741a | 49c1 ea09 | 48b9 0000 | d323 f901 | 0000 4903 
  0x000001f915d149d8: ca80 3902 | 0f85 7101 | 0000 4488 | 6310 438b | 6cf4 1485 | ed0f 8559 | 0700 0043 | 8b6c f410 
  0x000001f915d149f8: 85ed 0f85 | 6c07 0000 | 4c8b 5424 | 2845 8b52 | 2c45 85d2 | 0f84 1004 | 0000 4b8d | 14d4 bf01 
  0x000001f915d14a18: ;   {oop(a 'java/security/cert/Certificate'[0] {0x00000006005ccb10})}
  0x000001f915d14a18: 0000 0049 | b910 cb5c | 0006 0000 | 004c 8bc3 

  0x000001f915d14a28: ;   {optimized virtual_call}
  0x000001f915d14a28: c5f8 77e8 

  0x000001f915d14a2c: ; ImmutableOopMap {[40]=Oop [48]=Oop [56]=Oop [72]=Oop }
                      ;*invokevirtual putVal {reexecute=0 rethrow=0 return_oop=1}
                      ; - java.util.concurrent.ConcurrentHashMap::putIfAbsent@4
                      ; - java.lang.ClassLoader::checkCerts@62
                      ; - java.lang.ClassLoader::preDefineClass@113
                      ; - java.lang.ClassLoader::defineClass@4
                      ; - java.security.SecureClassLoader::defineClass@12
  0x000001f915d14a2c: f040 eeff 

  0x000001f915d14a30: ;   {other}
  0x000001f915d14a30: 0f1f 8400 | a008 0003 | 4885 c074 | 1c44 8b58 

  0x000001f915d14a40: ;   {metadata('java/security/cert/Certificate'[])}
  0x000001f915d14a40: 0841 81fb | 2029 1000 | 0f85 d207 | 0000 8b68 | 0c85 ed0f | 8733 0700 | 004c 8b54 | 2448 458b 
  0x000001f915d14a60: 5210 438b | 6cd4 0c45 | 8b5c ec38 | 4585 db0f | 84c7 0300 | 004b 8d14 | dc4d 8d04 | ec66 6690 
  0x000001f915d14a80: ;   {optimized virtual_call}
  0x000001f915d14a80: c5f8 77e8 

  0x000001f915d14a84: ; ImmutableOopMap {[40]=Oop [48]=Oop [56]=Oop [72]=Oop }
                      ;*invokevirtual toExternalForm {reexecute=0 rethrow=0 return_oop=1}
                      ; - java.net.URL::toExternalForm@5
                      ; - java.net.URL::toString@1
                      ; - java.lang.ClassLoader::defineClassSourceLocation@22
                      ; - java.lang.ClassLoader::defineClass@12
                      ; - java.security.SecureClassLoader::defineClass@12
  0x000001f915d14a84: 18ac fbff 

  0x000001f915d14a88: ;   {other}
  0x000001f915d14a88: 0f1f 8400 | f808 0004 | 488b 5424 | 284c 8b44 | 2430 4c8b | 4c24 388b | 7c24 408b | 7424 4448 
  0x000001f915d14aa8: 8b4c 2448 | 4889 0424 

  0x000001f915d14ab0: ;   {static_call}
  0x000001f915d14ab0: c5f8 77e8 

  0x000001f915d14ab4: ; ImmutableOopMap {[40]=Oop [72]=Oop }
                      ;*invokestatic defineClass1 {reexecute=0 rethrow=0 return_oop=1}
                      ; - java.lang.ClassLoader::defineClass@27
                      ; - java.security.SecureClassLoader::defineClass@12
  0x000001f915d14ab4: 2844 dfff 

  0x000001f915d14ab8: ;   {other}
  0x000001f915d14ab8: 0f1f 8400 | 2809 0005 | 488b e848 | 8b54 2428 | 4c8b c04c | 8b4c 2448 

  0x000001f915d14ad0: ;   {optimized virtual_call}
  0x000001f915d14ad0: c5f8 77e8 

  0x000001f915d14ad4: ; ImmutableOopMap {rbp=Oop }
                      ;*invokevirtual postDefineClass {reexecute=0 rethrow=0 return_oop=0}
                      ; - java.lang.ClassLoader::defineClass@37
                      ; - java.security.SecureClassLoader::defineClass@12
  0x000001f915d14ad4: 8824 ffff 

  0x000001f915d14ad8: ;   {other}
  0x000001f915d14ad8: 0f1f 8400 | 4809 0006 | 488b c5c5 | f877 4881 | c4b0 0000 

  0x000001f915d14aec: ;   {poll_return}
  0x000001f915d14aec: 005d 493b | a750 0400 | 000f 87bd | 0800 00c3 | 488b 5c24 | 30e9 e0fe | ffff 8bcf | e9a7 fcff 
  0x000001f915d14b0c: ;   {oop(""{0x0000000600405430})}
  0x000001f915d14b0c: ff48 bb30 | 5440 0006 | 0000 00e9 | cafe ffff | 448b 5b14 | 4585 db0f | 8482 feff | ff4d 8b57 
  0x000001f915d14b2c: 2849 8bcb | 48c1 e103 | 4d85 d20f | 846f 0600 | 004d 8b5f | 384b 894c | 13f8 4983 | c2f8 4d89 
  0x000001f915d14b4c: 5728 e958 | feff ff4d | 8b57 484d | 8b5f 58f0 | 8344 24c0 | 0080 3900 | 0f84 78fe | ffff 4488 
  0x000001f915d14b6c: 214d 85d2 | 7520 498b | d7c5 f877 | 49ba 00a4 | af15 fb7f | 0000 41ff 

  0x000001f915d14b84: ;   {other}
  0x000001f915d14b84: d20f 1f84 | 0000 0000 | 00e9 50fe | ffff 4b89 | 4c13 f849 | 83c2 f84d | 8957 48e9 | 3efe ffff 
  0x000001f915d14ba4: 4c63 c54d | 8d48 1049 | 8bc9 4883 | e1f8 488b | fe48 03f9 | 49c1 e903 | 4d2b d149 | 8bca 4833 
  0x000001f915d14bc4: c048 83f9 | 087f 1048 | ffc9 7856 | 4889 04cf | 48ff c97d | f7eb 4bc5 | fdef c0e9 | 0d00 0000 
  0x000001f915d14be4: c5fe 7f07 | c5fe 7f47 | 2048 83c7 | 4048 83e9 | 087d ed48 | 83c1 047c | 0cc5 fe7f | 0748 83c7 
  0x000001f915d14c04: 2048 83e9 | 0448 83c1 | 047e 1748 | c7c0 ffff | ffff c4e2 | f0f5 c0c4 | e1fb 92f8 | 62f1 fe2f 
  0x000001f915d14c24: 7f07 4983 | f820 7729 | 4c63 d549 | b8ff ffff | ffff ffff | ffc4 42a8 | f5c0 c4c1 | fb92 f862 
  0x000001f915d14c44: d17f af6f | 4500 62d1 | 7f2f 7f03 | e94b fdff | ff49 8bcd | 498b d3c5 | f877 49ba | c020 5415 
  0x000001f915d14c64: f901 0000 

  0x000001f915d14c68: ;   {other}
  0x000001f915d14c68: 41ff d20f | 1f84 0000 | 0000 00e9 | 28fd ffff 

  0x000001f915d14c78: ;   {metadata('java/security/SecureClassLoader$1')}
  0x000001f915d14c78: 48ba 50ba | 1133 f901 | 0000 4c89 | 4424 5090 

  0x000001f915d14c88: ;   {runtime_call _new_instance_Java}
  0x000001f915d14c88: c5f8 77e8 

  0x000001f915d14c8c: ; ImmutableOopMap {rbp=NarrowOop [40]=Oop [48]=Oop [56]=Oop [80]=Oop }
                      ;*new {reexecute=0 rethrow=0 return_oop=1}
                      ; - java.security.SecureClassLoader::getProtectionDomain@20
                      ; - java.security.SecureClassLoader::defineClass@9
  0x000001f915d14c8c: f001 8aff 

  0x000001f915d14c90: ;   {other}
  0x000001f915d14c90: 0f1f 8400 | 000b 0007 | 4c8b c84c | 8b44 2450 | e962 f8ff 

  0x000001f915d14ca4: ;   {metadata('java/security/SecureClassLoader$CodeSourceKey')}
  0x000001f915d14ca4: ff48 bab8 | b411 33f9 | 0100 0048 | ff74 2428 | 488f 4424 | 2066 6690 

  0x000001f915d14cbc: ;   {runtime_call _new_instance_Java}
  0x000001f915d14cbc: c5f8 77e8 

  0x000001f915d14cc0: ; ImmutableOopMap {rbp=Oop [32]=Oop [40]=Oop [48]=Oop [56]=Oop }
                      ;*new {reexecute=0 rethrow=0 return_oop=1}
                      ; - java.security.SecureClassLoader::getProtectionDomain@6
                      ; - java.security.SecureClassLoader::defineClass@9
  0x000001f915d14cc0: bc01 8aff 

  0x000001f915d14cc4: ;   {other}
  0x000001f915d14cc4: 0f1f 8400 | 340b 0008 | 4c8b c0e9 | e6f7 ffff | 894c 246c | 4489 7424 | 684c 896c | 2460 4c89 
  0x000001f915d14ce4: 4c24 5844 | 895c 2454 | 4489 4424 | 5048 ff74 | 2430 488f | 4424 2048 | 8b6c 2428 

  0x000001f915d14d00: ;   {metadata('java/lang/String')}
  0x000001f915d14d00: 48ba 78e8 | 0033 f901 | 0000 6690 

  0x000001f915d14d0c: ;   {runtime_call _new_instance_Java}
  0x000001f915d14d0c: c5f8 77e8 

  0x000001f915d14d10: ; ImmutableOopMap {rbp=Oop [32]=Oop [56]=Oop [72]=Oop [80]=NarrowOop [88]=Oop [96]=Derived_oop_[88] [104]=NarrowOop }
                      ;*new {reexecute=0 rethrow=0 return_oop=1}
                      ; - java.lang.StringLatin1::newString@7
                      ; - java.lang.String::substring@41
                      ; - java.lang.ClassLoader::checkCerts@21
                      ; - java.lang.ClassLoader::preDefineClass@113
                      ; - java.lang.ClassLoader::defineClass@4
                      ; - java.security.SecureClassLoader::defineClass@12
  0x000001f915d14d10: 6c01 8aff 

  0x000001f915d14d14: ;   {other}
  0x000001f915d14d14: 0f1f 8400 | 840b 0009 | 4889 6c24 | 2848 ff74 | 2420 488f | 4424 3044 | 8b44 2450 | 448b 5c24 
  0x000001f915d14d34: 544c 8b4c | 2458 4c8b | 6c24 6044 | 8b74 2468 | 8b4c 246c | 488b d8e9 | dbfa ffff | 4c89 4424 
  0x000001f915d14d54: 784c 8954 | 2470 4889 | 5c24 6889 | 4c24 6444 | 8974 2460 | 4c89 6c24 

  0x000001f915d14d6c: ;   {metadata({type array byte})}
  0x000001f915d14d6c: 5848 ba18 | 2300 33f9 | 0100 004c | 894c 2450 | 448b c190 

  0x000001f915d14d80: ;   {runtime_call _new_array_nozero_Java}
  0x000001f915d14d80: c5f8 77e8 

  0x000001f915d14d84: ; ImmutableOopMap {[40]=Oop [48]=Oop [56]=Oop [72]=Oop [80]=Oop [88]=Derived_oop_[80] [96]=NarrowOop [104]=Oop }
                      ;*newarray {reexecute=0 rethrow=0 return_oop=1}
                      ; - java.util.Arrays::copyOfRangeByte@10
                      ; - java.util.Arrays::copyOfRange@13
                      ; - java.lang.StringLatin1::newString@16
                      ; - java.lang.String::substring@41
                      ; - java.lang.ClassLoader::checkCerts@21
                      ; - java.lang.ClassLoader::preDefineClass@113
                      ; - java.lang.ClassLoader::defineClass@4
                      ; - java.security.SecureClassLoader::defineClass@12
  0x000001f915d14d84: 78fa 89ff 

  0x000001f915d14d88: ;   {other}
  0x000001f915d14d88: 0f1f 8400 | f80b 000a | 4c8b 6c24 | 5844 8b74 | 2460 8b4c | 2464 488b | 5c24 684c | 8b54 2470 
  0x000001f915d14da8: 4c8b 4424 | 7848 8bf0 | e9aa fbff | ff48 897c | 2468 4889 | 5c24 6044 | 8974 2454 | 4c89 6c24 
  0x000001f915d14dc8: 5844 8944 | 2450 48ff | 7424 2848 | 8f44 2420 

  0x000001f915d14dd8: ;   {metadata({type array byte})}
  0x000001f915d14dd8: 48ba 1823 | 0033 f901 | 0000 4c89 | 4c24 2845 | 8bc3 6690 

  0x000001f915d14dec: ;   {runtime_call _new_array_nozero_Java}
  0x000001f915d14dec: c5f8 77e8 

  0x000001f915d14df0: ; ImmutableOopMap {[32]=Oop [40]=Oop [88]=Derived_oop_[40] [48]=Oop [56]=Oop [72]=Oop [80]=NarrowOop [84]=NarrowOop [96]=Oop }
                      ;*invokevirtual clone {reexecute=1 rethrow=0 return_oop=1}
                      ; - (reexecute) java.util.Arrays::copyOfRange@18
                      ; - java.lang.StringLatin1::newString@16
                      ; - java.lang.String::substring@41
                      ; - java.lang.ClassLoader::checkCerts@21
                      ; - java.lang.ClassLoader::preDefineClass@113
                      ; - java.lang.ClassLoader::defineClass@4
                      ; - java.security.SecureClassLoader::defineClass@12
  0x000001f915d14df0: 0cfa 89ff 

  0x000001f915d14df4: ;   {other}
  0x000001f915d14df4: 0f1f 8400 | 640c 000b | 48ff 7424 | 2048 8f44 | 2428 4c8b | 6c24 5844 | 8b74 2454 | 488b 5c24 
  0x000001f915d14e14: 6048 8b7c | 2468 488b | f0e9 79fa | ffff baf6 | ffff ff48 | 8beb 6690 

  0x000001f915d14e2c: ;   {runtime_call UncommonTrapBlob}
  0x000001f915d14e2c: c5f8 77e8 

  0x000001f915d14e30: ; ImmutableOopMap {rbp=Oop }
                      ;*invokevirtual putIfAbsent {reexecute=0 rethrow=0 return_oop=0}
                      ; - java.lang.ClassLoader::checkCerts@62
                      ; - java.lang.ClassLoader::preDefineClass@113
                      ; - java.lang.ClassLoader::defineClass@4
                      ; - java.security.SecureClassLoader::defineClass@12
  0x000001f915d14e30: cc2c 85ff 

  0x000001f915d14e34: ;   {other}
  0x000001f915d14e34: 0f1f 8400 | a40c 000c | baf6 ffff | ff66 6690 

  0x000001f915d14e44: ;   {runtime_call UncommonTrapBlob}
  0x000001f915d14e44: c5f8 77e8 

  0x000001f915d14e48: ; ImmutableOopMap {rbp=NarrowOop }
                      ;*invokevirtual toExternalForm {reexecute=0 rethrow=0 return_oop=0}
                      ; - java.net.URL::toExternalForm@5
                      ; - java.net.URL::toString@1
                      ; - java.lang.ClassLoader::defineClassSourceLocation@22
                      ; - java.lang.ClassLoader::defineClass@12
                      ; - java.security.SecureClassLoader::defineClass@12
  0x000001f915d14e48: b42c 85ff 

  0x000001f915d14e4c: ;   {other}
  0x000001f915d14e4c: 0f1f 8400 | bc0c 000d | ba76 ffff | ff89 7c24 | 2044 8b54 | 2440 4489 | 5424 2444 | 8b5c 2444 
  0x000001f915d14e6c: 4489 5c24 | 4044 8974 | 2444 4489 | 4424 6090 

  0x000001f915d14e7c: ;   {runtime_call UncommonTrapBlob}
  0x000001f915d14e7c: c5f8 77e8 

  0x000001f915d14e80: ; ImmutableOopMap {[40]=Oop [48]=Oop [56]=Oop [68]=NarrowOop [72]=Oop [96]=NarrowOop }
                      ;*iflt {reexecute=1 rethrow=0 return_oop=0}
                      ; - (reexecute) java.lang.StringLatin1::lastIndexOf@19
                      ; - java.lang.String::lastIndexOf@13
                      ; - java.lang.String::lastIndexOf@8
                      ; - java.lang.ClassLoader::checkCerts@3
                      ; - java.lang.ClassLoader::preDefineClass@113
                      ; - java.lang.ClassLoader::defineClass@4
                      ; - java.security.SecureClassLoader::defineClass@12
  0x000001f915d14e80: 7c2c 85ff 

  0x000001f915d14e84: ;   {other}
  0x000001f915d14e84: 0f1f 8400 | f40c 000e | bade ffff | ff4c 8954 | 2420 48ff | 7424 3048 | 8f44 2428 | 48ff 7424 
  0x000001f915d14ea4: 3848 8f44 | 2430 4889 | 4424 f88b | 4424 4089 | 4424 3848 | 8b44 24f8 | 4889 4424 | f88b 4424 
  0x000001f915d14ec4: 4489 4424 | 3c48 8b44 | 24f8 4c89 | 4424 404c | 894c 2448 

  0x000001f915d14ed8: ;   {runtime_call UncommonTrapBlob}
  0x000001f915d14ed8: c5f8 77e8 

  0x000001f915d14edc: ; ImmutableOopMap {rbp=NarrowOop [32]=Oop [40]=Oop [48]=Oop [64]=Oop [72]=Oop }
                      ;*invokeinterface computeIfAbsent {reexecute=0 rethrow=0 return_oop=0}
                      ; - java.security.SecureClassLoader::getProtectionDomain@28
                      ; - java.security.SecureClassLoader::defineClass@9
  0x000001f915d14edc: 202c 85ff 

  0x000001f915d14ee0: ;   {other}
  0x000001f915d14ee0: 0f1f 8400 | 500d 000f | 4533 d245 | 85db 410f | 96c2 ba45 | ffff ff48 | 8b6c 2428 | 4489 5424 
  0x000001f915d14f00: 5066 6690 

  0x000001f915d14f04: ;   {runtime_call UncommonTrapBlob}
  0x000001f915d14f04: c5f8 77e8 

  0x000001f915d14f08: ; ImmutableOopMap {rbp=Oop [48]=Oop [56]=Oop [72]=Oop }
                      ;*ifeq {reexecute=1 rethrow=0 return_oop=0}
                      ; - (reexecute) java.lang.ClassLoader::checkName@8
                      ; - java.lang.ClassLoader::preDefineClass@1
                      ; - java.lang.ClassLoader::defineClass@4
                      ; - java.security.SecureClassLoader::defineClass@12
  0x000001f915d14f08: f42b 85ff 

  0x000001f915d14f0c: ;   {other}
  0x000001f915d14f0c: 0f1f 8400 | 7c0d 0010 | ba6e ffff | ff89 7c24 | 2044 8b54 | 2440 4489 | 5424 2444 | 8b5c 2444 
  0x000001f915d14f2c: 4489 5c24 | 4044 8974 | 2444 4489 | 4424 6090 

  0x000001f915d14f3c: ;   {runtime_call UncommonTrapBlob}
  0x000001f915d14f3c: c5f8 77e8 

  0x000001f915d14f40: ; ImmutableOopMap {[40]=Oop [48]=Oop [56]=Oop [68]=NarrowOop [72]=Oop [96]=NarrowOop }
                      ;*iflt {reexecute=1 rethrow=0 return_oop=0}
                      ; - (reexecute) java.lang.StringLatin1::lastIndexOf@19
                      ; - java.lang.String::lastIndexOf@13
                      ; - java.lang.String::lastIndexOf@8
                      ; - java.lang.ClassLoader::checkCerts@3
                      ; - java.lang.ClassLoader::preDefineClass@113
                      ; - java.lang.ClassLoader::defineClass@4
                      ; - java.security.SecureClassLoader::defineClass@12
  0x000001f915d14f40: bc2b 85ff 

  0x000001f915d14f44: ;   {other}
  0x000001f915d14f44: 0f1f 8400 | b40d 0011 | bace ffff | ff48 8b6c | 2428 48ff | 7424 3048 | 8f44 2420 | 4489 4424 
  0x000001f915d14f64: 5889 5c24 | 5c66 6690 

  0x000001f915d14f6c: ;   {runtime_call UncommonTrapBlob}
  0x000001f915d14f6c: c5f8 77e8 

  0x000001f915d14f70: ; ImmutableOopMap {rbp=Oop [32]=Oop [56]=Oop [72]=Oop [88]=NarrowOop }
                      ;*invokestatic indexOfChar {reexecute=0 rethrow=0 return_oop=0}
                      ; - java.lang.StringLatin1::indexOf@33
                      ; - java.lang.String::indexOf@17
                      ; - java.lang.String::indexOf@3
                      ; - java.lang.ClassLoader::checkName@16
                      ; - java.lang.ClassLoader::preDefineClass@1
                      ; - java.lang.ClassLoader::defineClass@4
                      ; - java.security.SecureClassLoader::defineClass@12
  0x000001f915d14f70: 8c2b 85ff 

  0x000001f915d14f74: ;   {other}
  0x000001f915d14f74: 0f1f 8400 | e40d 0012 | 4c63 d1e9 | 58f9 ffff | 4983 c2fe | 498b ca49 | 8bfb 4833 | c048 83f9 
  0x000001f915d14f94: 087f 1048 | ffc9 7856 | 4889 04cf | 48ff c97d | f7eb 4bc5 | fdef c0e9 | 0d00 0000 | c5fe 7f07 
  0x000001f915d14fb4: c5fe 7f47 | 2048 83c7 | 4048 83e9 | 087d ed48 | 83c1 047c | 0cc5 fe7f | 0748 83c7 | 2048 83e9 
  0x000001f915d14fd4: 0448 83c1 | 047e 1748 | c7c0 ffff | ffff c4e2 | f0f5 c0c4 | e1fb 92f8 | 62f1 fe2f | 7f07 e9a9 
  0x000001f915d14ff4: f9ff ffba | ccff ffff | 894c 2420 | 448b 5c24 | 4044 895c | 2424 448b | 5424 4444 | 8954 2440 
  0x000001f915d15014: 4489 7424 | 4448 895c | 2468 4489 | 4424 7090 

  0x000001f915d15024: ;   {runtime_call UncommonTrapBlob}
  0x000001f915d15024: c5f8 77e8 

  0x000001f915d15028: ; ImmutableOopMap {[40]=Oop [48]=Oop [56]=Oop [68]=NarrowOop [72]=Oop [104]=Oop [112]=NarrowOop }
                      ;*newarray {reexecute=1 rethrow=0 return_oop=0}
                      ; - (reexecute) java.util.Arrays::copyOfRangeByte@10
                      ; - java.util.Arrays::copyOfRange@13
                      ; - java.lang.StringLatin1::newString@16
                      ; - java.lang.String::substring@41
                      ; - java.lang.ClassLoader::checkCerts@21
                      ; - java.lang.ClassLoader::preDefineClass@113
                      ; - java.lang.ClassLoader::defineClass@4
                      ; - java.security.SecureClassLoader::defineClass@12
  0x000001f915d15028: d42a 85ff 

  0x000001f915d1502c: ;   {other}
  0x000001f915d1502c: 0f1f 8400 | 9c0e 0013 | 8bcf e979 | f7ff ff45 | 33d2 85c9 | 410f 94c2 | ba45 ffff | ff48 8b6c 
  0x000001f915d1504c: 2428 48ff | 7424 3048 | 8f44 2420 | 4489 5424 | 6066 6690 

  0x000001f915d15060: ;   {runtime_call UncommonTrapBlob}
  0x000001f915d15060: c5f8 77e8 

  0x000001f915d15064: ; ImmutableOopMap {rbp=Oop [32]=Oop [56]=Oop [72]=Oop }
                      ;*ifeq {reexecute=1 rethrow=0 return_oop=0}
                      ; - (reexecute) java.lang.String::indexOf@4
                      ; - java.lang.String::indexOf@3
                      ; - java.lang.ClassLoader::checkName@16
                      ; - java.lang.ClassLoader::preDefineClass@1
                      ; - java.lang.ClassLoader::defineClass@4
                      ; - java.security.SecureClassLoader::defineClass@12
  0x000001f915d15064: 982a 85ff 

  0x000001f915d15068: ;   {other}
  0x000001f915d15068: 0f1f 8400 | d80e 0014 | ba45 ffff | ff89 4c24 | 2089 4c24 | 2444 8974 | 2460 4489 | 5424 7090 
  0x000001f915d15088: ;   {runtime_call UncommonTrapBlob}
  0x000001f915d15088: c5f8 77e8 

  0x000001f915d1508c: ; ImmutableOopMap {[40]=Oop [48]=Oop [56]=Oop [72]=Oop [96]=NarrowOop }
                      ;*if_icmpgt {reexecute=1 rethrow=0 return_oop=0}
                      ; - (reexecute) jdk.internal.util.Preconditions::checkFromToIndex@6
                      ; - java.lang.String::checkBoundsBeginEnd@6
                      ; - java.lang.String::substring@8
                      ; - java.lang.ClassLoader::checkCerts@21
                      ; - java.lang.ClassLoader::preDefineClass@113
                      ; - java.lang.ClassLoader::defineClass@4
                      ; - java.security.SecureClassLoader::defineClass@12
  0x000001f915d1508c: 702a 85ff 

  0x000001f915d15090: ;   {other}
  0x000001f915d15090: 0f1f 8400 | 000f 0015 | ba45 ffff | ff48 8b6c | 2428 895c | 2450 6690 

  0x000001f915d150a8: ;   {runtime_call UncommonTrapBlob}
  0x000001f915d150a8: c5f8 77e8 

  0x000001f915d150ac: ; ImmutableOopMap {rbp=Oop [48]=Oop [56]=Oop [72]=Oop }
                      ;*if_icmpne {reexecute=1 rethrow=0 return_oop=0}
                      ; - (reexecute) java.lang.ClassLoader::checkName@20
                      ; - java.lang.ClassLoader::preDefineClass@1
                      ; - java.lang.ClassLoader::defineClass@4
                      ; - java.security.SecureClassLoader::defineClass@12
  0x000001f915d150ac: 502a 85ff 

  0x000001f915d150b0: ;   {other}
  0x000001f915d150b0: 0f1f 8400 | 200f 0016 | ba45 ffff | ff48 ff74 | 2428 488f | 4424 204c | 8944 2428 | 4c89 4c24 
  0x000001f915d150d0: 3089 7c24 | 3889 7424 | 3c66 6690 

  0x000001f915d150dc: ;   {runtime_call UncommonTrapBlob}
  0x000001f915d150dc: c5f8 77e8 

  0x000001f915d150e0: ; ImmutableOopMap {rbp=Oop [32]=Oop [40]=Oop [48]=Oop }
                      ;*ifnonnull {reexecute=1 rethrow=0 return_oop=0}
                      ; - (reexecute) java.security.SecureClassLoader::getProtectionDomain@1
                      ; - java.security.SecureClassLoader::defineClass@9
  0x000001f915d150e0: 1c2a 85ff 

  0x000001f915d150e4: ;   {other}
  0x000001f915d150e4: 0f1f 8400 | 540f 0017 | ba45 ffff | ff66 6690 

  0x000001f915d150f4: ;   {runtime_call UncommonTrapBlob}
  0x000001f915d150f4: c5f8 77e8 

  0x000001f915d150f8: ; ImmutableOopMap {[40]=Oop [48]=Oop [56]=Oop [72]=Oop }
                      ;*if_icmpne {reexecute=1 rethrow=0 return_oop=0}
                      ; - (reexecute) java.lang.ClassLoader::checkName@30
                      ; - java.lang.ClassLoader::preDefineClass@1
                      ; - java.lang.ClassLoader::defineClass@4
                      ; - java.security.SecureClassLoader::defineClass@12
  0x000001f915d150f8: 042a 85ff 

  0x000001f915d150fc: ;   {other}
  0x000001f915d150fc: 0f1f 8400 | 6c0f 0018 | ba45 ffff | ff8b e944 | 8974 2458 

  0x000001f915d15110: ;   {runtime_call UncommonTrapBlob}
  0x000001f915d15110: c5f8 77e8 

  0x000001f915d15114: ; ImmutableOopMap {[40]=Oop [48]=Oop [56]=Oop [72]=Oop [88]=NarrowOop }
                      ;*if_icmpne {reexecute=1 rethrow=0 return_oop=0}
                      ; - (reexecute) java.lang.ClassLoader::checkCerts@9
                      ; - java.lang.ClassLoader::preDefineClass@113
                      ; - java.lang.ClassLoader::defineClass@4
                      ; - java.security.SecureClassLoader::defineClass@12
  0x000001f915d15114: e829 85ff 

  0x000001f915d15118: ;   {other}
  0x000001f915d15118: 0f1f 8400 | 880f 0019 | ba45 ffff | ff89 4c24 | 2089 4c24 | 2444 8974 | 2460 4489 | 5424 7044 
  0x000001f915d15138: 8954 2474 

  0x000001f915d1513c: ;   {runtime_call UncommonTrapBlob}
  0x000001f915d1513c: c5f8 77e8 

  0x000001f915d15140: ; ImmutableOopMap {[40]=Oop [48]=Oop [56]=Oop [72]=Oop [96]=NarrowOop }
                      ;*if_icmple {reexecute=1 rethrow=0 return_oop=0}
                      ; - (reexecute) jdk.internal.util.Preconditions::checkFromToIndex@11
                      ; - java.lang.String::checkBoundsBeginEnd@6
                      ; - java.lang.String::substring@8
                      ; - java.lang.ClassLoader::checkCerts@21
                      ; - java.lang.ClassLoader::preDefineClass@113
                      ; - java.lang.ClassLoader::defineClass@4
                      ; - java.security.SecureClassLoader::defineClass@12
  0x000001f915d15140: bc29 85ff 

  0x000001f915d15144: ;   {other}
  0x000001f915d15144: 0f1f 8400 | b40f 001a | ba45 ffff | ff48 895c | 2458 4489 | 7424 6090 

  0x000001f915d1515c: ;   {runtime_call UncommonTrapBlob}
  0x000001f915d1515c: c5f8 77e8 

  0x000001f915d15160: ; ImmutableOopMap {rbp=NarrowOop [40]=Oop [48]=Oop [56]=Oop [72]=Oop [88]=Oop [96]=NarrowOop }
                      ;*ifnull {reexecute=1 rethrow=0 return_oop=0}
                      ; - (reexecute) java.security.CodeSource::getCertificates@4
                      ; - java.lang.ClassLoader::checkCerts@34
                      ; - java.lang.ClassLoader::preDefineClass@113
                      ; - java.lang.ClassLoader::defineClass@4
                      ; - java.security.SecureClassLoader::defineClass@12
  0x000001f915d15160: 9c29 85ff 

  0x000001f915d15164: ;   {other}
  0x000001f915d15164: 0f1f 8400 | d40f 001b | ba45 ffff | ff48 895c | 2458 4489 | 7424 6090 

  0x000001f915d1517c: ;   {runtime_call UncommonTrapBlob}
  0x000001f915d1517c: c5f8 77e8 

  0x000001f915d15180: ; ImmutableOopMap {rbp=NarrowOop [40]=Oop [48]=Oop [56]=Oop [72]=Oop [88]=Oop [96]=NarrowOop }
                      ;*ifnull {reexecute=1 rethrow=0 return_oop=0}
                      ; - (reexecute) java.security.CodeSource::getCertificates@22
                      ; - java.lang.ClassLoader::checkCerts@34
                      ; - java.lang.ClassLoader::preDefineClass@113
                      ; - java.lang.ClassLoader::defineClass@4
                      ; - java.security.SecureClassLoader::defineClass@12
  0x000001f915d15180: 7c29 85ff 

  0x000001f915d15184: ;   {other}
  0x000001f915d15184: 0f1f 8400 | f40f 001c | ba45 ffff | ff48 ff74 | 2428 488f | 4424 2090 

  0x000001f915d1519c: ;   {runtime_call UncommonTrapBlob}
  0x000001f915d1519c: c5f8 77e8 

  0x000001f915d151a0: ; ImmutableOopMap {[32]=Oop [48]=Oop [56]=Oop [72]=Oop }
                      ;*ifne {reexecute=1 rethrow=0 return_oop=0}
                      ; - (reexecute) java.lang.ClassLoader::compareCerts@7
                      ; - java.lang.ClassLoader::checkCerts@80
                      ; - java.lang.ClassLoader::preDefineClass@113
                      ; - java.lang.ClassLoader::defineClass@4
                      ; - java.security.SecureClassLoader::defineClass@12
  0x000001f915d151a0: 5c29 85ff 

  0x000001f915d151a4: ;   {other}
  0x000001f915d151a4: 0f1f 8400 | 1410 001d | 498b d7c5 | f877 49ba | 20a4 af15 | fb7f 0000 

  0x000001f915d151bc: ;   {other}
  0x000001f915d151bc: 41ff d20f | 1f84 0000 | 0000 00e9 | dff7 ffff | bae4 ffff | ff48 8b6c | 2428 4489 | 4424 5490 
  0x000001f915d151dc: ;   {runtime_call UncommonTrapBlob}
  0x000001f915d151dc: c5f8 77e8 

  0x000001f915d151e0: ; ImmutableOopMap {rbp=Oop [48]=Oop [56]=Oop [72]=Oop [84]=NarrowOop }
                      ;*baload {reexecute=0 rethrow=0 return_oop=0}
                      ; - jdk.internal.util.ArraysSupport::mismatch@82
                      ; - java.lang.String::startsWith@70
                      ; - java.lang.String::startsWith@3
                      ; - java.lang.ClassLoader::preDefineClass@43
                      ; - java.lang.ClassLoader::defineClass@4
                      ; - java.security.SecureClassLoader::defineClass@12
  0x000001f915d151e0: 1c29 85ff 

  0x000001f915d151e4: ;   {other}
  0x000001f915d151e4: 0f1f 8400 | 5410 001e | bade ffff | ff48 8b6c | 2428 4c8b | 5424 304c | 8954 2420 | 4c8b 5424 
  0x000001f915d15204: 384c 8954 | 2428 4889 | 4424 3890 

  0x000001f915d15210: ;   {runtime_call UncommonTrapBlob}
  0x000001f915d15210: c5f8 77e8 

  0x000001f915d15214: ; ImmutableOopMap {rbp=Oop [32]=Oop [40]=Oop [56]=Oop }
                      ;*checkcast {reexecute=0 rethrow=0 return_oop=0}
                      ; - java.security.SecureClassLoader::getProtectionDomain@33
                      ; - java.security.SecureClassLoader::defineClass@9
  0x000001f915d15214: e828 85ff 

  0x000001f915d15218: ;   {other}
  0x000001f915d15218: 0f1f 8400 | 8810 001f | bade ffff | ff48 8944 | 2450 6690 

  0x000001f915d1522c: ;   {runtime_call UncommonTrapBlob}
  0x000001f915d1522c: c5f8 77e8 

  0x000001f915d15230: ; ImmutableOopMap {[40]=Oop [48]=Oop [56]=Oop [72]=Oop [80]=Oop }
                      ;*checkcast {reexecute=0 rethrow=0 return_oop=0}
                      ; - java.lang.ClassLoader::checkCerts@65
                      ; - java.lang.ClassLoader::preDefineClass@113
                      ; - java.lang.ClassLoader::defineClass@4
                      ; - java.security.SecureClassLoader::defineClass@12
  0x000001f915d15230: cc28 85ff 

  0x000001f915d15234: ;   {other}
  0x000001f915d15234: 0f1f 8400 | a410 0020 | baf6 ffff | ff49 8be8 | 4c89 4c24 | 2066 6690 

  0x000001f915d1524c: ;   {runtime_call UncommonTrapBlob}
  0x000001f915d1524c: c5f8 77e8 

  0x000001f915d15250: ; ImmutableOopMap {rbp=Oop [32]=Oop }
                      ;*invokeinterface computeIfAbsent {reexecute=0 rethrow=0 return_oop=0}
                      ; - java.security.SecureClassLoader::getProtectionDomain@28
                      ; - java.security.SecureClassLoader::defineClass@9
  0x000001f915d15250: ac28 85ff 

  0x000001f915d15254: ;   {other}
  0x000001f915d15254: 0f1f 8400 | c410 0021 | baf4 ffff | ff48 8b6c | 2428 4c8b | 5424 304c | 8954 2420 

  0x000001f915d15270: ;   {runtime_call UncommonTrapBlob}
  0x000001f915d15270: c5f8 77e8 

  0x000001f915d15274: ; ImmutableOopMap {rbp=Oop [32]=Oop [56]=Oop }
                      ;*checkcast {reexecute=0 rethrow=0 return_oop=0}
                      ; - java.security.SecureClassLoader::getProtectionDomain@33
                      ; - java.security.SecureClassLoader::defineClass@9
  0x000001f915d15274: 8828 85ff 

  0x000001f915d15278: ;   {other}
  0x000001f915d15278: 0f1f 8400 | e810 0022 | baf6 ffff | ff66 6690 

  0x000001f915d15288: ;   {runtime_call UncommonTrapBlob}
  0x000001f915d15288: c5f8 77e8 

  0x000001f915d1528c: ; ImmutableOopMap {}
                      ;*arraylength {reexecute=0 rethrow=0 return_oop=0}
                      ; - java.lang.String::isEmpty@4
                      ; - java.lang.ClassLoader::checkName@5
                      ; - java.lang.ClassLoader::preDefineClass@1
                      ; - java.lang.ClassLoader::defineClass@4
                      ; - java.security.SecureClassLoader::defineClass@12
  0x000001f915d1528c: 7028 85ff 

  0x000001f915d15290: ;   {other}
  0x000001f915d15290: 0f1f 8400 | 0011 0023 | ba45 ffff | ff48 8b6c | 2428 4c89 | 5424 2090 

  0x000001f915d152a8: ;   {runtime_call UncommonTrapBlob}
  0x000001f915d152a8: c5f8 77e8 

  0x000001f915d152ac: ; ImmutableOopMap {rbp=Oop [32]=Oop [56]=Oop [72]=Oop }
                      ;*ifnull {reexecute=1 rethrow=0 return_oop=0}
                      ; - (reexecute) java.lang.ClassLoader::checkName@1
                      ; - java.lang.ClassLoader::preDefineClass@1
                      ; - java.lang.ClassLoader::defineClass@4
                      ; - java.security.SecureClassLoader::defineClass@12
  0x000001f915d152ac: 5028 85ff 

  0x000001f915d152b0: ;   {other}
  0x000001f915d152b0: 0f1f 8400 | 2011 0024 | ba45 ffff | ff48 895c | 2458 4489 | 7424 5490 

  0x000001f915d152c8: ;   {runtime_call UncommonTrapBlob}
  0x000001f915d152c8: c5f8 77e8 

  0x000001f915d152cc: ; ImmutableOopMap {[40]=Oop [48]=Oop [56]=Oop [72]=Oop [84]=NarrowOop [88]=Oop }
                      ;*ifnull {reexecute=1 rethrow=0 return_oop=0}
                      ; - (reexecute) java.lang.ClassLoader::checkCerts@30
                      ; - java.lang.ClassLoader::preDefineClass@113
                      ; - java.lang.ClassLoader::defineClass@4
                      ; - java.security.SecureClassLoader::defineClass@12
  0x000001f915d152cc: 3028 85ff 

  0x000001f915d152d0: ;   {other}
  0x000001f915d152d0: 0f1f 8400 | 4011 0025 | ba45 ffff | ff48 8b6c | 2428 48ff | 7424 3048 | 8f44 2420 | 4c8b 5c24 
  0x000001f915d152f0: 384c 895c | 2428 448b | 5c24 4044 | 895c 2430 | 448b 4424 | 4444 8944 | 2434 4489 | 5424 4490 
  0x000001f915d15310: ;   {runtime_call UncommonTrapBlob}
  0x000001f915d15310: c5f8 77e8 

  0x000001f915d15314: ; ImmutableOopMap {rbp=Oop [32]=Oop [40]=Oop [68]=NarrowOop [72]=Oop }
                      ;*ifnull {reexecute=1 rethrow=0 return_oop=0}
                      ; - (reexecute) java.lang.ClassLoader::defineClassSourceLocation@8
                      ; - java.lang.ClassLoader::defineClass@12
                      ; - java.security.SecureClassLoader::defineClass@12
  0x000001f915d15314: e827 85ff 

  0x000001f915d15318: ;   {other}
  0x000001f915d15318: 0f1f 8400 | 8811 0026 | ba45 ffff | ff48 ff74 | 2428 488f | 4424 2048 | ff74 2430 | 488f 4424 
  0x000001f915d15338: 2848 ff74 | 2438 488f | 4424 3048 | 8944 24f8 | 8b44 2440 | 8944 2438 | 488b 4424 | f848 8944 
  0x000001f915d15358: 24f8 8b44 | 2444 8944 | 243c 488b | 4424 f890 

  0x000001f915d15368: ;   {runtime_call UncommonTrapBlob}
  0x000001f915d15368: c5f8 77e8 

  0x000001f915d1536c: ; ImmutableOopMap {rbp=NarrowOop [32]=Oop [40]=Oop [48]=Oop [72]=Oop }
                      ;*ifnull {reexecute=1 rethrow=0 return_oop=0}
                      ; - (reexecute) java.lang.ClassLoader::defineClassSourceLocation@15
                      ; - java.lang.ClassLoader::defineClass@12
                      ; - java.security.SecureClassLoader::defineClass@12
  0x000001f915d1536c: 9027 85ff 

  0x000001f915d15370: ;   {other}
  0x000001f915d15370: 0f1f 8400 | e011 0027 | eb0c eb0a | eb0d eb0b | eb04 eb02 | eb00 488b | d0eb 0348 | 8bd0 c5f8 
  0x000001f915d15390: 7748 81c4 | b000 0000 

  0x000001f915d15398: ;   {runtime_call _rethrow_Java}
  0x000001f915d15398: 5de9 e25a | 8aff ba97 | ffff ff48 | 8b6c 2420 

  0x000001f915d153a8: ;   {runtime_call UncommonTrapBlob}
  0x000001f915d153a8: c5f8 77e8 

  0x000001f915d153ac: ; ImmutableOopMap {rbp=Oop [48]=Oop [56]=Oop [72]=Oop [80]=NarrowOop [84]=NarrowOop [96]=Oop }
                      ;*invokevirtual clone {reexecute=1 rethrow=0 return_oop=0}
                      ; - (reexecute) java.util.Arrays::copyOfRange@18
                      ; - java.lang.StringLatin1::newString@16
                      ; - java.lang.String::substring@41
                      ; - java.lang.ClassLoader::checkCerts@21
                      ; - java.lang.ClassLoader::preDefineClass@113
                      ; - java.lang.ClassLoader::defineClass@4
                      ; - java.security.SecureClassLoader::defineClass@12
  0x000001f915d153ac: 5027 85ff 

  0x000001f915d153b0: ;   {other}
  0x000001f915d153b0: 0f1f 8400 | 2012 0028 

  0x000001f915d153b8: ;   {internal_word}
  0x000001f915d153b8: 49ba ee4a | d115 f901 | 0000 4d89 | 9768 0400 

  0x000001f915d153c8: ;   {runtime_call SafepointBlob}
  0x000001f915d153c8: 00e9 b215 

  0x000001f915d153cc: ;   {runtime_call StubRoutines (final stubs)}
  0x000001f915d153cc: 85ff e80d | 2f83 ffe9 | 86f0 ffff 
[Stub Code]
  0x000001f915d153d8: ;   {no_reloc}
  0x000001f915d153d8: 48bb 0000 | 0000 0000 

  0x000001f915d153e0: ;   {runtime_call nmethod}
  0x000001f915d153e0: 0000 e9fb 

  0x000001f915d153e4: ;   {static_stub}
  0x000001f915d153e4: ffff ff48 | bb00 0000 | 0000 0000 

  0x000001f915d153f0: ;   {runtime_call nmethod}
  0x000001f915d153f0: 00e9 fbff 

  0x000001f915d153f4: ;   {static_stub}
  0x000001f915d153f4: ffff 48bb | 0000 0000 | 0000 0000 

  0x000001f915d15400: ;   {runtime_call nmethod}
  0x000001f915d15400: e9fb ffff 

  0x000001f915d15404: ;   {static_stub}
  0x000001f915d15404: ff48 bb00 | 0000 0000 

  0x000001f915d1540c: ;   {runtime_call nmethod}
  0x000001f915d1540c: 0000 00e9 | fbff ffff 

  0x000001f915d15414: ;   {static_stub}
  0x000001f915d15414: 48bb 0000 | 0000 0000 

  0x000001f915d1541c: ;   {runtime_call nmethod}
  0x000001f915d1541c: 0000 e9fb 

  0x000001f915d15420: ;   {runtime_call ExceptionBlob}
  0x000001f915d15420: ffff ffe9 | 58fd 89ff 
[Deopt Handler Code]
  0x000001f915d15428: e800 0000 | 0048 832c 

  0x000001f915d15430: ;   {runtime_call DeoptimizationBlob}
  0x000001f915d15430: 2405 e9e9 | 2985 fff4 
[/MachCode]


Compiled method (c2) 105874 3193   !   4       java.net.URLClassLoader::findClass (47 bytes)
 total in heap  [0x000001f915c56210,0x000001f915c66fd0] = 69056
 relocation     [0x000001f915c56370,0x000001f915c56b80] = 2064
 constants      [0x000001f915c56b80,0x000001f915c56ba0] = 32
 main code      [0x000001f915c56ba0,0x000001f915c5f660] = 35520
 stub code      [0x000001f915c5f660,0x000001f915c5f908] = 680
 oops           [0x000001f915c5f908,0x000001f915c5f968] = 96
 metadata       [0x000001f915c5f968,0x000001f915c5fdf0] = 1160
 scopes data    [0x000001f915c5fdf0,0x000001f915c655d8] = 22504
 scopes pcs     [0x000001f915c655d8,0x000001f915c664c8] = 3824
 dependencies   [0x000001f915c664c8,0x000001f915c66578] = 176
 handler table  [0x000001f915c66578,0x000001f915c66ef0] = 2424
 nul chk table  [0x000001f915c66ef0,0x000001f915c66fd0] = 224


[Constant Pool]
             Address          hex4                    hex8      
  0x000001f915c56b80:   0x3f400000      0xf4f4f4f43f400000      
  0x000001f915c56b84:   0xf4f4f4f4                              
  0x000001f915c56b88:   0xf4f4f4f4      0xf4f4f4f4f4f4f4f4      
  0x000001f915c56b8c:   0xf4f4f4f4                              
  0x000001f915c56b90:   0xf4f4f4f4      0xf4f4f4f4f4f4f4f4      
  0x000001f915c56b94:   0xf4f4f4f4                              
  0x000001f915c56b98:   0xf4f4f4f4      0xf4f4f4f4f4f4f4f4      
  0x000001f915c56b9c:   0xf4f4f4f4                              

[MachCode]
[Entry Point]
  # {method} {0x000001f9740591f8} 'findClass' '(Ljava/lang/String;)Ljava/lang/Class;' in 'java/net/URLClassLoader'
  # this:     rdx:rdx   = 'java/net/URLClassLoader'
  # parm0:    r8:r8     = 'java/lang/String'
  #           [sp+0x110]  (sp of caller)
  0x000001f915c56ba0: ;   {no_reloc}
  0x000001f915c56ba0: 448b 5208 | 49bb 0000 | 0033 f901 | 0000 4d03 | d349 3bc2 

  0x000001f915c56bb4: ;   {runtime_call ic_miss_stub}
  0x000001f915c56bb4: 0f85 c67d | 90ff 6690 | 0f1f 4000 
[Verified Entry Point]
  0x000001f915c56bc0: 8984 2400 | 80ff ff55 | 4881 ec00 | 0100 0090 | 4181 7f20 | 0300 0000 | 0f85 748a | 0000 4c89 
  0x000001f915c56be0: 8424 a800 | 0000 448b | 5258 4585 | d20f 842e | 3a00 0048 | 8954 2420 | 4b8d 2cd4 | 488b d54c 
  0x000001f915c56c00: 8944 2428 

  0x000001f915c56c04: ;   {static_call}
  0x000001f915c56c04: c5f8 77e8 

  0x000001f915c56c08: ; ImmutableOopMap {rbp=Oop [32]=Oop [40]=Oop [168]=Oop }
                      ;*invokestatic ensureMaterializedForStackWalk {reexecute=0 rethrow=0 return_oop=0}
                      ; - java.security.AccessController::executePrivileged@5
                      ; - java.security.AccessController::doPrivileged@13
                      ; - java.net.URLClassLoader::findClass@13
  0x000001f915c56c08: d435 eaff 

  0x000001f915c56c0c: ;   {other}
  0x000001f915c56c0c: 0f1f 8400 | fc09 0000 | 488b 5424 | 2048 8bfd | 4c8b 9c24 | a800 0000 

  0x000001f915c56c24: ; implicit exception: dispatches to 0x000001f915c5e12c
  0x000001f915c56c24: 450f be43 | 1045 85c0 | 0f85 da53 | 0000 418b | 4b14 418b | 5ccc 0c85 | db0f 8698 | 0300 0044 
  0x000001f915c56c44: 8d43 ff44 | 3bc3 0f83 | 0852 0000 | 448d 4bfd | 498d 04cc | 4180 7ccc | 102e 0f84 | 4039 0000 
  0x000001f915c56c64: 4183 f901 | 0f8e 1e52 | 0000 bd01 | 0000 0044 | 8beb 442b | ed41 83c5 | fd33 f644 | 3bcd 440f 
  0x000001f915c56c84: 4cee 4181 | fda0 0f00 | 0041 baa0 | 0f00 0045 | 0f47 ea44 | 03ed 458b | f0eb 0490 | 418b ea48 
  0x000001f915c56ca4: 63f5 440f | be54 3010 | 4183 fa2e | 7457 440f | be44 3011 | 4183 f82e | 7444 440f | be54 3012 
  0x000001f915c56cc4: 4183 fa2e | 743c 440f | be44 3013 | 4183 f82e | 7429 448d | 5504 453b | d57c c149 | 8bb7 5804 
  0x000001f915c56ce4: 0000 83c5 

  0x000001f915c56ce8: ; ImmutableOopMap {r11=Oop rcx=NarrowOop rdi=Oop rdx=Oop rax=Oop }
                      ;*if_icmpne {reexecute=1 rethrow=0 return_oop=0}
                      ; - (reexecute) java.lang.StringLatin1::replace@28
                      ; - java.lang.String::replace@18
                      ; - java.net.URLClassLoader$1::run@8
                      ; - java.net.URLClassLoader$1::run@1
                      ; - java.security.AccessController::executePrivileged@29
                      ; - java.security.AccessController::doPrivileged@13
                      ; - java.net.URLClassLoader::findClass@13
                      ;   {poll}
  0x000001f915c56ce8: 0385 0645 | 3bd1 0f8d | c502 0000 | 418b ea45 | 8bc6 e974 | ffff ff83 | c502 ffc5 | eb03 83c5 
  0x000001f915c56d08: 0245 8bc6 | 3beb 0f8d | c702 0000 | 81fb 0000 | 1000 0f87 | a93d 0000 | 4889 4424 | 3844 894c 
  0x000001f915c56d28: 2430 4489 | 4424 2489 | 4c24 6048 | 897c 2428 | 4c89 9c24 | a800 0000 | 4889 5424 | 584d 8b87 
  0x000001f915c56d48: b801 0000 | 895c 2420 | 4c63 d349 | 83c2 1749 | 83e2 f84d | 8bc8 4d03 | ca4d 3b8f | c801 0000 
  0x000001f915c56d68: 0f83 843d | 0000 4d89 | 8fb8 0100 | 0041 0f0d | 89c0 0000 | 0049 c700 | 0100 0000 | 410f 0d89 
  0x000001f915c56d88: 0001 0000 

  0x000001f915c56d8c: ;   {metadata({type array byte})}
  0x000001f915c56d8c: 41c7 4008 | 1823 0000 | 448b db41 | 8958 0c41 | 0f0d 8940 | 0100 0041 | 0f0d 8980 | 0100 0085 
  0x000001f915c56dac: ed7e 6e44 | 8d55 ff45 | 3bd3 0f83 | f853 0000 | 4585 db0f | 86ef 5300 | 0045 33c9 | 418b fb8b 
  0x000001f915c56dcc: cd41 2bc9 | 4533 d241 | 3be9 410f | 4cca 81f9 | e803 0000 | 41bb e803 | 0000 410f | 47cb 4103 
  0x000001f915c56dec: c966 6690 | 4d63 d94c | 8b54 2438 | 470f be54 | 1a10 4788 | 5418 1041 | ffc1 443b | c97c e54d 
  0x000001f915c56e0c: 8b97 5804 

  0x000001f915c56e10: ; ImmutableOopMap {r8=Oop [40]=Oop [56]=Oop [88]=Oop [96]=NarrowOop [168]=Oop }
                      ;*goto {reexecute=1 rethrow=0 return_oop=0}
                      ; - (reexecute) java.lang.StringLatin1::replace@76
                      ; - java.lang.String::replace@18
                      ; - java.net.URLClassLoader$1::run@8
                      ; - java.net.URLClassLoader$1::run@1
                      ; - java.security.AccessController::executePrivileged@29
                      ; - java.security.AccessController::doPrivileged@13
                      ; - java.net.URLClassLoader::findClass@13
                      ;   {poll}
  0x000001f915c56e10: 0000 4185 | 0244 3bcd | 7cb1 448b | df41 3beb | 0f8d 2801 | 0000 413b | eb0f 83e9 | 5000 0044 
  0x000001f915c56e30: 8b4c 2424 | 453b cb0f | 83db 5000 | 0045 3bcb | 0f83 d250 | 0000 448d | 5501 4863 | dd4c 8b4c 
  0x000001f915c56e50: 2438 410f | be4c 1910 | 83f9 2e0f | 842d 1900 | 0041 884c | 1810 8d4d | 0141 3bca | 7d04 8be9 
  0x000001f915c56e70: ebd8 3b4c | 2430 0f8d | ab00 0000 | ffc5 e97d | 0000 00bb | 2f00 0000 | 0f1f 8400 | 0000 0000 
  0x000001f915c56e90: 4388 5c10 | 1043 0fbe | 5c11 1183 | fb2e 744a | 4388 5c10 | 1143 0fbe | 4c11 1283 | f92e 7433 
  0x000001f915c56eb0: 4388 4c10 | 1243 0fbe | 4c11 1383 | f92e 741c | 4388 4c10 | 1383 c504 | 3bef 7d25 | 4c63 d543 
  0x000001f915c56ed0: 0fbe 5c11 | 1083 fb2e | 75b6 eba7 | b92f 0000 | 00eb ddb9 | 2f00 0000 | ebc6 bb2f | 0000 00eb 
  0x000001f915c56ef0: af49 8b8f 

  0x000001f915c56ef4: ; ImmutableOopMap {r8=Oop r9=Oop [40]=Oop [88]=Oop [168]=Oop }
                      ;*goto {reexecute=1 rethrow=0 return_oop=0}
                      ; - (reexecute) java.lang.StringLatin1::replace@113
                      ; - java.lang.String::replace@18
                      ; - java.net.URLClassLoader$1::run@8
                      ; - java.net.URLClassLoader$1::run@1
                      ; - java.security.AccessController::executePrivileged@29
                      ; - java.security.AccessController::doPrivileged@13
                      ; - java.net.URLClassLoader::findClass@13
  0x000001f915c56ef4: 5804 0000 

  0x000001f915c56ef8: ;   {poll}
  0x000001f915c56ef8: 8501 3b6c | 2430 7d29 | 418b fb2b | fd83 c7fd | 448b 5424 | 3033 c944 | 3bd5 0f4c | f981 ffa0 
  0x000001f915c56f18: 0f00 00b9 | a00f 0000 | 0f47 f903 | fdeb a58b | e941 3beb | 7d20 6690 | 4c63 d543 | 0fbe 5c11 
  0x000001f915c56f38: 1083 fb2e | 0f84 3324 | 0000 4388 | 5c10 10ff | c541 3beb | 7ce2 498b | 9fb8 0100 | 004c 8bd3 
  0x000001f915c56f58: 4983 c218 | 4d3b 97c8 | 0100 000f | 83b8 3b00 | 004d 8997 | b801 0000 | 410f 0d8a | c000 0000 
  0x000001f915c56f78: 48c7 0301 | 0000 004c | 8bd3 4983 

  0x000001f915c56f84: ;   {metadata('java/lang/String')}
  0x000001f915c56f84: c210 c743 | 0878 e800 | 0044 8963 | 0cc5 fdef | c0c4 c179 | d602 4d8b | d049 c1ea | 0344 8953 
  0x000001f915c56fa4: 1448 8b54 | 2458 4c8b | 9c24 a800 | 0000 488b | 7c24 28eb | 2c45 8bc6 | 443b d37d | 1a66 6690 
  0x000001f915c56fc4: 420f be6c | 1010 83fd | 2e0f 848d | 4a00 0041 | ffc2 443b | d37c e94c | 8bc1 49c1 | e003 498b 
  0x000001f915c56fe4: db45 8b48 | 0c45 85c9 | 0f86 3017 | 0000 0fbe | 4b10 c442 | 72f7 d149 | 63c2 83f9 | 010f 845d 
  0x000001f915c57004: 5200 0045 | 85d2 0f8c | d051 0000 | 488d 7006 | 8bee 85ed | 0f8c f251 | 0000 4889 | 4424 5044 
  0x000001f915c57024: 8954 244c | 894c 2420 | 4489 4c24 | 4848 895c | 2440 4c89 | 4424 3048 | 897c 2428 | 4c89 9c24 
  0x000001f915c57044: a800 0000 | 4889 5424 | 384c 8bd6 | 49c1 fa20 | 458b dac4 | e221 f7ed | 85ed 0f8c | 3452 0000 
  0x000001f915c57064: 81fd 0000 | 1000 0f87 | 274e 0000 | 4c63 d581 | fd00 0010 | 000f 8792 | 3900 004d | 8b87 b801 
  0x000001f915c57084: ;   {no_reloc}
  0x000001f915c57084: 0000 4983 | c217 4983 | e2f8 4d8b | d84d 03da | 4d3b 9fc8 | 0100 000f | 8370 3900 | 004d 899f 
  0x000001f915c570a4: b801 0000 | 410f 0d8b | c000 0000 | 4d8b d049 | c702 0100 | 0000 410f | 0d8b 0001 

  0x000001f915c570c0: ;   {metadata({type array byte})}
  0x000001f915c570c0: 0000 41c7 | 4208 1823 | 0000 448b | c541 896a | 0c41 0f0d | 8b40 0100 | 0041 0f0d | 8b80 0100 
  0x000001f915c570e0: 0044 8b5c | 244c 4183 | c306 453b | c30f 82ac | 4d00 004c | 635c 244c | 8b6c 244c | 85ed 0f8f 
  0x000001f915c57100: aa01 0000 | 43c6 441a | 102e 43c6 | 441a 1163 | 43c6 441a | 126c 43c6 | 441a 1361 | 43c6 441a 
  0x000001f915c57120: 1473 43c6 | 441a 1573 | 8b6c 2420 | 85ed 0f85 | 0851 0000 | 443b 4424 | 480f 82a1 | 4d00 0044 
  0x000001f915c57140: 8b5c 2448 | 4585 db76 | 3d49 8bd2 | 4883 c210 | 4c8b 4c24 | 3049 83c1 | 104d 63c3 | 4983 f820 
  0x000001f915c57160: 0f87 2201 | 0000 49bb | ffff ffff | ffff ffff | c442 b8f5 | dbc4 c1fb | 92fb 62d1 | 7faf 6f01 
  0x000001f915c57180: 62f1 7f2f | 7f02 498b | 87b8 0100 | 004c 8bd8 | 4983 c318 | 4d3b 9fc8 | 0100 000f | 83aa 3800 
  0x000001f915c571a0: 004d 899f | b801 0000 | 410f 0d8b | c000 0000 | 48c7 0001 

  0x000001f915c571b4: ;   {metadata('java/lang/String')}
  0x000001f915c571b4: 0000 00c7 | 4008 78e8 | 0000 4489 | 600c 4489 | 6010 49c1 | ea03 4489 | 5014 4889 | 4424 4048 
  0x000001f915c571d4: 8b54 2438 | 4c8b 9c24 | a800 0000 | 488b 7c24 | 2844 8b42 | 5445 85c0 | 0f84 424c | 0000 4889 
  0x000001f915c571f4: 7c24 304c | 899c 24a8 | 0000 0048 | 8994 24b0 | 0000 004f | 8d14 c44c | 8954 2438 | 4489 4424 
  0x000001f915c57214: 2849 8bd2 | 4533 c090 

  0x000001f915c5721c: ;   {optimized virtual_call}
  0x000001f915c5721c: c5f8 77e8 

  0x000001f915c57220: ; ImmutableOopMap {[40]=NarrowOop [48]=Oop [56]=Oop [64]=Oop [168]=Oop [176]=Oop }
                      ;*invokevirtual getLoader {reexecute=0 rethrow=0 return_oop=1}
                      ; - jdk.internal.loader.URLClassPath::getResource@42
                      ; - java.net.URLClassLoader$1::run@26
                      ; - java.net.URLClassLoader$1::run@1
                      ; - java.security.AccessController::executePrivileged@29
                      ; - java.security.AccessController::doPrivileged@13
                      ; - java.net.URLClassLoader::findClass@13
  0x000001f915c57220: 7c87 0b00 

  0x000001f915c57224: ;   {other}
  0x000001f915c57224: 0f1f 8400 | 1410 0004 | 4885 c00f | 8464 0b00 | 004c 8b94 | 24a8 0000 | 0049 c1ea | 0344 8954 
  0x000001f915c57244: 242c 4c8b | 9424 b000 | 0000 4d8b | da49 c1eb | 0344 895c | 2448 4c89 | 5424 784c | 8b94 24a8 
  0x000001f915c57264: 0000 004c | 8954 2470 | 4489 5c24 | 2044 8b5c | 242c 4489 | 5c24 2445 | 33d2 4489 | 5424 4ce9 
  0x000001f915c57284: 1101 0000 | 498b da49 | 8bc9 c5f8 | 7749 bac0 | 2054 15f9 | 0100 0041 

  0x000001f915c5729c: ;   {other}
  0x000001f915c5729c: ffd2 0f1f | 8400 0000 | 0000 4c8b | d3e9 d8fe | ffff 43c6 | 441a 1573 | 43c6 441a | 1473 43c6 
  0x000001f915c572bc: 441a 1361 | 43c6 441a | 126c 43c6 | 441a 1163 | 43c6 441a | 102e e951 | feff ff66 | 0f1f 8400 
  0x000001f915c572dc: 0000 0000 | 448b 5c24 | 2449 c1e3 | 034c 895c | 2470 448b | 4424 204f | 8d1c c44c | 895c 2478 
  0x000001f915c572fc: 478b 44d4 

  0x000001f915c57300: ;   {metadata('java/util/jar/JarFile')}
  0x000001f915c57300: 0841 81f8 | 0814 1900 | 0f85 ea39 | 0000 4b8d | 14d4 4c8b | 4424 4090 

  0x000001f915c57318: ;   {optimized virtual_call}
  0x000001f915c57318: c5f8 77e8 

  0x000001f915c5731c: ; ImmutableOopMap {[32]=NarrowOop [36]=NarrowOop [40]=NarrowOop [44]=NarrowOop [48]=Oop [56]=Oop [64]=Oop [72]=NarrowOop [80]=Oop [112]=Oop [120]=Oop [168]=Oop [176]=Oop }
                      ;*invokevirtual getEntry {reexecute=0 rethrow=0 return_oop=1}
                      ; - java.util.jar.JarFile::getJarEntry@2
                      ; - jdk.internal.loader.URLClassPath$JarLoader::getResource@22
                      ; - jdk.internal.loader.URLClassPath::getResource@53
                      ; - java.net.URLClassLoader$1::run@26
                      ; - java.net.URLClassLoader$1::run@1
                      ; - java.security.AccessController::executePrivileged@29
                      ; - java.security.AccessController::doPrivileged@13
                      ; - java.net.URLClassLoader::findClass@13
  0x000001f915c5731c: 009d ebff 

  0x000001f915c57320: ;   {other}
  0x000001f915c57320: 0f1f 8400 | 1011 0005 | 4885 c074 | 4144 8b58 

  0x000001f915c57330: ;   {metadata('java/util/jar/JarFile$JarFileEntry')}
  0x000001f915c57330: 0841 81fb | d032 3100 | 0f85 a66a | 0000 488b | f848 8b54 | 2450 4c8b | 4424 4045 | 33c9 6690 
  0x000001f915c57350: ;   {optimized virtual_call}
  0x000001f915c57350: c5f8 77e8 

  0x000001f915c57354: ; ImmutableOopMap {[32]=NarrowOop [36]=NarrowOop [40]=NarrowOop [44]=NarrowOop [48]=Oop [56]=Oop [64]=Oop [72]=NarrowOop [112]=Oop [120]=Oop [168]=Oop [176]=Oop }
                      ;*invokevirtual checkResource {reexecute=0 rethrow=0 return_oop=1}
                      ; - jdk.internal.loader.URLClassPath$JarLoader::getResource@34
                      ; - jdk.internal.loader.URLClassPath::getResource@53
                      ; - java.net.URLClassLoader$1::run@26
                      ; - java.net.URLClassLoader$1::run@1
                      ; - java.security.AccessController::executePrivileged@29
                      ; - java.security.AccessController::doPrivileged@13
                      ; - java.net.URLClassLoader::findClass@13
  0x000001f915c57354: a80a 0900 

  0x000001f915c57358: ;   {other}
  0x000001f915c57358: 0f1f 8400 | 4811 0006 | 4889 4424 | 6848 85c0 | 0f85 3f01 | 0000 8b6c | 244c ffc5 | 488b 5424 
  0x000001f915c57378: 3844 8bc5 

  0x000001f915c5737c: ;   {optimized virtual_call}
  0x000001f915c5737c: c5f8 77e8 

  0x000001f915c57380: ; ImmutableOopMap {[32]=NarrowOop [36]=NarrowOop [40]=NarrowOop [44]=NarrowOop [48]=Oop [56]=Oop [64]=Oop [72]=NarrowOop [112]=Oop [120]=Oop [168]=Oop [176]=Oop }
                      ;*invokevirtual getLoader {reexecute=0 rethrow=0 return_oop=1}
                      ; - jdk.internal.loader.URLClassPath::getResource@42
                      ; - java.net.URLClassLoader$1::run@26
                      ; - java.net.URLClassLoader$1::run@1
                      ; - java.security.AccessController::executePrivileged@29
                      ; - java.security.AccessController::doPrivileged@13
                      ; - java.net.URLClassLoader::findClass@13
  0x000001f915c57380: 1c86 0b00 

  0x000001f915c57384: ;   {other}
  0x000001f915c57384: 0f1f 8400 | 7411 0007 | 4885 c00f | 8404 0a00 | 0089 6c24 | 4c44 8b58 

  0x000001f915c5739c: ;   {metadata('jdk/internal/loader/URLClassPath$JarLoader')}
  0x000001f915c5739c: 0841 81fb | 700c 2100 | 0f85 1739 | 0000 4889 | 4424 5044 | 8b50 1845 | 85d2 0f85 | 24ff ffff 
  0x000001f915c573bc: 498b 87b8 | 0100 004c | 8bd0 4983 | c210 4d3b | 97c8 0100 | 000f 8336 | 3500 004d | 8997 b801 
  0x000001f915c573dc: 0000 410f | 0d8a c000 | 0000 48c7 | 0001 0000 

  0x000001f915c573ec: ;   {metadata('jdk/internal/loader/URLClassPath$JarLoader$1')}
  0x000001f915c573ec: 00c7 4008 | 402e 2100 | 4489 600c | 4889 4424 | 204c 8b54 | 2450 458b | 5228 4c8b | 5c24 504d 
  0x000001f915c5740c: 8bc3 49c1 | e803 4489 | 400c 4585 | d20f 84fb | 3100 004b | 8d2c d448 | 8bd5 4c8b | 9424 a800 
  0x000001f915c5742c: 0000 4c89 | 5424 5890 

  0x000001f915c57434: ;   {static_call}
  0x000001f915c57434: c5f8 77e8 

  0x000001f915c57438: ; ImmutableOopMap {rbp=Oop [32]=Oop [40]=NarrowOop [44]=NarrowOop [48]=Oop [56]=Oop [64]=Oop [72]=NarrowOop [80]=Oop [88]=Oop [168]=Oop [176]=Oop }
                      ;*invokestatic ensureMaterializedForStackWalk {reexecute=0 rethrow=0 return_oop=0}
                      ; - java.security.AccessController::executePrivileged@5
                      ; - java.security.AccessController::doPrivileged@13
                      ; - jdk.internal.loader.URLClassPath$JarLoader::ensureOpen@19
                      ; - jdk.internal.loader.URLClassPath$JarLoader::getResource@1
                      ; - jdk.internal.loader.URLClassPath::getResource@53
                      ; - java.net.URLClassLoader$1::run@26
                      ; - java.net.URLClassLoader$1::run@1
                      ; - java.security.AccessController::executePrivileged@29
                      ; - java.security.AccessController::doPrivileged@13
                      ; - java.net.URLClassLoader::findClass@13
  0x000001f915c57438: 4484 90ff 

  0x000001f915c5743c: ;   {other}
  0x000001f915c5743c: 0f1f 8400 | 2c12 0008 | 488b 5424 | 204c 8b94 | 24a8 0000 | 004c 8954 | 2420 6690 

  0x000001f915c57458: ;   {optimized virtual_call}
  0x000001f915c57458: c5f8 77e8 

  0x000001f915c5745c: ; ImmutableOopMap {rbp=Oop [32]=Oop [40]=NarrowOop [44]=NarrowOop [48]=Oop [56]=Oop [64]=Oop [72]=NarrowOop [80]=Oop [168]=Oop [176]=Oop }
                      ;*invokevirtual run {reexecute=0 rethrow=0 return_oop=1}
                      ; - jdk.internal.loader.URLClassPath$JarLoader$1::run@1
                      ; - java.security.AccessController::executePrivileged@29
                      ; - java.security.AccessController::doPrivileged@13
                      ; - jdk.internal.loader.URLClassPath$JarLoader::ensureOpen@19
                      ; - jdk.internal.loader.URLClassPath$JarLoader::getResource@1
                      ; - jdk.internal.loader.URLClassPath::getResource@53
                      ; - java.net.URLClassLoader$1::run@26
                      ; - java.net.URLClassLoader$1::run@1
                      ; - java.security.AccessController::executePrivileged@29
                      ; - java.security.AccessController::doPrivileged@13
                      ; - java.net.URLClassLoader::findClass@13
  0x000001f915c5745c: 207a 90ff 

  0x000001f915c57460: ;   {other}
  0x000001f915c57460: 0f1f 8400 | 5012 0009 | 4c8b 5424 | 5045 8b52 | 1845 85d2 | 0f84 8249 | 0000 448b | 4424 4844 
  0x000001f915c57480: 8944 2420 | 4c8b 9c24 | b000 0000 | 4c89 5c24 | 7844 8b5c | 242c 4489 | 5c24 244c | 8b9c 24a8 
  0x000001f915c574a0: 0000 004c | 895c 2470 | e94f feff | ffc5 f877 | 49ba d030 | ea15 fb7f | 0000 41ff 

  0x000001f915c574bc: ;   {other}
  0x000001f915c574bc: d20f 1f84 | 0000 0000 | 0048 8944 | 2450 4c8b | 9424 a800 | 0000 458b | 5214 4489 | 9424 8000 
  0x000001f915c574dc: 0000 478b | 5cd4 0c44 | 895c 2428 | 4c8b 9424 | a800 0000 | 450f be42 | 10c4 c23a | f7cb 448d 
  0x000001f915c574fc: 51ff 4585 | c00f 859f | 5200 0041 | ffcb 453b | da45 0f4f | da44 8b94 | 2480 0000 | 0049 c1e2 
  0x000001f915c5751c: 034c 8954 | 2438 4585 | db0f 8c13 | 0100 008b | 6c24 2885 | ed0f 8699 | 4a00 0044 | 3bdd 0f83 
  0x000001f915c5753c: 904a 0000 | 4585 db0f | 8e2f 4c00 | 0045 8d53 | ff4c 8b44 | 2438 470f | be4c 1810 | 4183 f92e 
  0x000001f915c5755c: 0f84 2d30 | 0000 41ff | cb45 3bda | 7fe3 4183 | fb02 0f8e | a300 0000 | 458d 43fe | 4533 c941 
  0x000001f915c5757c: 83fb 0245 | 0f4c c141 | 81f8 a00f | 0000 41ba | a00f 0000 | 450f 47c2 | 458b cb45 | 2bc8 660f 
  0x000001f915c5759c: 1f44 0000 | 4d63 c34c | 8b54 2438 | 470f be54 | 0210 4183 | fa2e 0f84 | 9300 0000 | 4c8b 5424 
  0x000001f915c575bc: ;   {no_reloc}
  0x000001f915c575bc: 3847 0fbe | 5402 0f41 | 83fa 2e0f | 8485 0000 | 0041 8d6b | fe89 6c24 | 604c 8b54 | 2438 450f 
  0x000001f915c575dc: be44 2a10 | 4183 f82e | 7475 418d | 6bfd 896c | 2460 450f | be54 2a10 | 4183 fa2e | 7461 4183 
  0x000001f915c575fc: c3fc 453b | d97f 9d4d | 8b97 5804 

  0x000001f915c57608: ; ImmutableOopMap {[48]=Oop [56]=Oop [104]=Oop [112]=Oop [120]=Oop [128]=NarrowOop [168]=Oop [176]=Oop }
                      ;*goto {reexecute=1 rethrow=0 return_oop=0}
                      ; - (reexecute) java.lang.StringLatin1::lastIndexOf@35
                      ; - java.lang.String::lastIndexOf@13
                      ; - java.lang.String::lastIndexOf@8
                      ; - java.net.URLClassLoader::defineClass@7
                      ; - java.net.URLClassLoader$1::run@43
                      ; - java.net.URLClassLoader$1::run@1
                      ; - java.security.AccessController::executePrivileged@29
                      ; - java.security.AccessController::doPrivileged@13
                      ; - java.net.URLClassLoader::findClass@13
                      ;   {poll}
  0x000001f915c57608: 0000 4185 | 0241 83fb | 020f 8f5d | ffff ff41 | 83fb ff7e | 2166 6690 | 4c8b 5424 | 3847 0fbe 
  0x000001f915c57628: 541a 1041 | 83fa 2e0f | 8467 5100 | 0041 ffcb | 4183 fbff | 7fe2 41ba | ffff ffff | 4489 5424 
  0x000001f915c57648: 60eb 1044 | 895c 2460 | eb09 458d | 53ff 4489 | 5424 604c | 8b54 2468 | 458b 5a20 

  0x000001f915c57664: ; implicit exception: dispatches to 0x000001f915c5e1ac
  0x000001f915c57664: 478b 54dc | 1c44 8954 | 2458 8b6c | 2460 83fd | ff0f 8441 | 5200 0085 | ed0f 8c71 | 5100 003b 
  0x000001f915c57684: e90f 8f81 | 5200 003b | e90f 848c | 1100 0085 | ed0f 8494 | 2f00 004d | 8b9f b801 | 0000 4d8b 
  0x000001f915c576a4: d349 83c2 | 184d 3b97 | c801 0000 | 0f83 7a36 | 0000 4d89 | 97b8 0100 | 004d 8bcb | 4983 c110 
  0x000001f915c576c4: 49c7 0301 | 0000 0041 | 0f0d 8ac0 

  0x000001f915c576d0: ;   {metadata('java/lang/String')}
  0x000001f915c576d0: 0000 0041 | c743 0878 | e800 0045 | 8963 0cc5 | fdef c0c4 | c179 d601 | 448b 9424 | 8000 0000 
  0x000001f915c576f0: 4f8d 44d4 | 108b 6c24 | 603b 6c24 | 280f 85bf | 0000 004c | 8944 2420 | 4c89 5c24 | 7044 8954 
  0x000001f915c57710: 2478 4c63 | 5424 284c | 8954 2440 | 448b 5c24 | 2841 81fb | 0000 1000 | 0f87 ec42 | 0000 498b 
  0x000001f915c57730: 9fb8 0100 | 0049 83c2 | 1749 83e2 | f84c 8bdb | 4d03 da4d | 3b9f c801 | 0000 0f83 | ca42 0000 
  0x000001f915c57750: 4d89 9fb8 | 0100 0041 | 0f0d 8bc0 | 0000 0048 | c703 0100 | 0000 410f | 0d8b 0001 

  0x000001f915c5776c: ;   {metadata({type array byte})}
  0x000001f915c5776c: 0000 c743 | 0818 2300 | 008b 6c24 | 2889 6b0c | 410f 0d8b | 4001 0000 | 410f 0d8b | 8001 0000 
  0x000001f915c5778c: 488b d348 | 83c2 104c | 8b44 2440 | 4983 c007 | 49c1 e803 | 488b 4c24 | 20c5 f877 | 49ba 8043 
  0x000001f915c577ac: 5415 f901 | 0000 41ff 

  0x000001f915c577b4: ;   {other}
  0x000001f915c577b4: d20f 1f84 | 0000 0000 | 00e9 2b01 | 0000 81fd | 0000 1000 | 0f87 ce4e | 0000 4c89 | 4424 404c 
  0x000001f915c577d4: 895c 2470 | 4889 4424 | f88b 4424 | 6089 4424 | 5c48 8b44 | 24f8 458b | c24c 635c | 2460 8b6c 
  0x000001f915c577f4: 2428 3b6c | 245c 448b | 5424 5c41 | 0f4f ea44 | 8b4c 2428 | 443b cd0f | 822a 4f00 | 0044 3bd5 
  0x000001f915c57814: 0f82 214f | 0000 4983 | c317 4c89 | 5c24 284d | 8bd3 4983 | e2f8 4c89 | 5424 4844 | 8b54 245c 
  0x000001f915c57834: 4181 fa00 | 0010 000f | 870c 3f00 | 0049 8b9f | b801 0000 | 4c8b d34c | 8b5c 2448 | 4d03 d34d 
  0x000001f915c57854: 3b97 c801 | 0000 0f83 | ed3e 0000 | 4d89 97b8 | 0100 0041 | 0f0d 8ac0 | 0000 0048 | c703 0100 
  0x000001f915c57874: 0000 410f | 0d8a 0001 

  0x000001f915c5787c: ;   {metadata({type array byte})}
  0x000001f915c5787c: 0000 c743 | 0818 2300 | 0044 8b5c | 245c 4489 | 5b0c 410f | 0d8a 4001 | 0000 410f | 0d8a 8001 
  0x000001f915c5789c: 0000 4c8b | d349 83c2 | 104c 8b5c | 2428 49c1 | eb03 85ed | 0f84 124e | 0000 3b6c | 245c 0f8c 
  0x000001f915c578bc: c72e 0000 | 4c8b 4424 | 4849 83c0 | f049 c1e8 | 0348 8b4c | 2440 498b | d2c5 f877 | 49ba 8043 
  0x000001f915c578dc: 5415 f901 | 0000 41ff 

  0x000001f915c578e4: ;   {other}
  0x000001f915c578e4: d20f 1f84 | 0000 0000 | 0041 807f | 4000 0f85 | ec2d 0000 | 4c8b 4424 | 704d 8bd0 | 4c8b db49 
  0x000001f915c57904: c1eb 0345 | 8958 144c | 8bdb 4d33 | da49 c1eb | 164d 85db | 741a 49c1 | ea09 48b9 | 0000 d323 
  0x000001f915c57924: f901 0000 | 4903 ca80 | 3902 0f85 | f42d 0000 | 4588 6010 | 4c8b 9424 | b000 0000 | 4c89 5424 
  0x000001f915c57944: 784c 8b94 | 24a8 0000 | 004c 8954 | 2470 4c89 | 8424 a000 

  0x000001f915c57958: ;   {oop(a 'java/lang/Class'{0x0000000600402f38} = 'jdk/internal/access/SharedSecrets')}
  0x000001f915c57958: 0000 49ba | 382f 4000 | 0600 0000 | 458b 9ad4 | 0000 0047 | 8b54 dc08 | 4c8b 4424 | 6845 8b40 
  0x000001f915c57978: 2043 8b6c 

  0x000001f915c5797c: ;   {metadata('java/util/jar/JavaUtilJarAccessImpl')}
  0x000001f915c5797c: c418 4181 | faa0 5b31 | 000f 85b5 | 4600 0085 | ed0f 84a5 | 4500 004d | 8d14 ec4c | 8954 2438 
  0x000001f915c5799c: 4c8b 5c24 | 3848 8d9c | 24f0 0000 | 0049 8b03 | a802 0f85 | 2300 0000 | 4883 c801 | 4889 03f0 
  0x000001f915c579bc: 490f b11b | 0f84 3700 | 0000 482b | c448 2507 | f0ff ff48 | 8903 e924 | 0000 004c | 8bd0 4833 
  0x000001f915c579dc: c0f0 4d0f | b17a 3e48 | c703 0300 | 0000 7411 | 4c3b f875 | 1549 ff82 | 8600 0000 | 4833 c075 
  0x000001f915c579fc: 0949 ff87 | 5005 0000 | 33c0 0f85 | 7046 0000 | 453b 64ec | 300f 8516 | 2f00 0045 | 0fb6 54ec 
  0x000001f915c57a1c: 1245 85d2 | 0f85 852b | 0000 4c8b | 5c24 3848 | 8d84 24f0 | 0000 0048 | 8338 000f | 8479 0000 
  0x000001f915c57a3c: 004d 8b13 | 41f6 c202 | 0f84 6200 | 0000 4983 | ba86 0000 | 0000 7409 | 49ff 8a86 | 0000 00eb 
  0x000001f915c57a5c: 4b49 8b82 | 9600 0000 | 490b 828e | 0000 0075 | 0a49 c742 | 3e00 0000 | 00eb 3d49 | 83ba 9e00 
  0x000001f915c57a7c: ;   {no_reloc}
  0x000001f915c57a7c: 0000 0074 | 2248 33c0 | 49c7 423e | 0000 0000 | f083 0424 | 0049 83ba | 9e00 0000 | 0075 0df0 
  0x000001f915c57a9c: 4d0f b17a | 3e75 0583 | c801 eb0c | a800 eb08 | 4c8b 10f0 | 4d0f b113 | 750a 49ff | 8f50 0500 
  0x000001f915c57abc: 0045 33d2 | 0f85 0346 | 0000 4c8b | 4424 6845 | 8b50 2043 | 8b6c d418 

  0x000001f915c57ad4: ; implicit exception: dispatches to 0x000001f915c5e28c
  0x000001f915c57ad4: 458b 5cec 

  0x000001f915c57ad8: ;   {metadata('java/util/jar/JarFile')}
  0x000001f915c57ad8: 0841 81fb | 0814 1900 | 0f85 1146 | 0000 4d8d | 0cec 458b | 6928 4585 | ed0f 8410 | 1900 0043 
  0x000001f915c57af8: 8b6c ec0c | 4180 7f40 | 000f 859e | 2b00 0045 | 8b5c ec08 | 4f8b 54ec 

  0x000001f915c57b10: ;   {oop(a 'java/lang/Class'{0x0000000600403038} = 'java/lang/ref/SoftReference')}
  0x000001f915c57b10: 2049 b838 | 3040 0006 | 0000 004d | 8b40 704d | 3bd0 0f85 | e82a 0000 

  0x000001f915c57b28: ;   {metadata('java/util/jar/Manifest')}
  0x000001f915c57b28: 4181 fba0 | e104 000f | 85af 6500 | 004d 8d0c | ec4c 8b84 | 24b0 0000 | 0045 8b58 | 3845 85db 
  0x000001f915c57b48: 0f84 3244 | 0000 488b | 8c24 a000 | 0000 8b41 | 0c85 c00f | 8437 0c00 | 0043 8b7c | dc28 448b 
  0x000001f915c57b68: 5424 5849 | 8bda 48c1 | e303 85ff | 7479 458b | 5cfc 0c45 | 85db 0f86 | d04c 0000 | 4889 5c24 
  0x000001f915c57b88: 204c 898c | 2480 0000 | 0048 894c | 2460 4489 | 9424 8800 | 0000 4c89 | 8424 b000 | 0000 448b 
  0x000001f915c57ba8: c841 c1e9 | 1044 33c8 | 4d8d 14fc | 4181 e1ff | ffff 7f44 | 898c 24b8 | 0000 0041 | ffcb 4523 
  0x000001f915c57bc8: d94d 63db | 478b 449a | 1045 85c0 | 0f85 6202 | 0000 4c8b | 8424 b000 | 0000 448b | 5424 584c 
  0x000001f915c57be8: 8b8c 2480 

  0x000001f915c57bec: ;   {metadata('java/lang/IllegalArgumentException')}
  0x000001f915c57bec: 0000 0048 | bdc0 9a06 | 33f9 0100 | 004d 85c9 | 0f84 3c2a | 0000 4889 | 5c24 204c | 894c 2428 
  0x000001f915c57c0c: 4889 4c24 | 3844 8994 | 2488 0000 | 004c 8984 | 24b0 0000 | 0049 8bd0 | 4c8b c148 | 8bfb 4c8b 
  0x000001f915c57c2c: 9424 a800 | 0000 4c89 | 5424 4048 | 8954 2460 

  0x000001f915c57c3c: ;   {optimized virtual_call}
  0x000001f915c57c3c: c5f8 77e8 

  0x000001f915c57c40: ; ImmutableOopMap {[32]=Oop [40]=Oop [48]=Oop [56]=Oop [64]=Oop [96]=Oop [104]=Oop [136]=NarrowOop [168]=Oop [176]=Oop }
                      ;*invokevirtual definePackage {reexecute=0 rethrow=0 return_oop=1}
                      ; - java.net.URLClassLoader::defineClass@64
                      ; - java.net.URLClassLoader$1::run@43
                      ; - java.net.URLClassLoader$1::run@1
                      ; - java.security.AccessController::executePrivileged@29
                      ; - java.security.AccessController::doPrivileged@13
                      ; - java.net.URLClassLoader::findClass@13
  0x000001f915c57c40: 5c7e eaef 

  0x000001f915c57c44: ;   {other}
  0x000001f915c57c44: 0f1f 8400 | 341a 000b | 488b 5424 | 684c 8b94 | 24a8 0000 | 004c 8954 | 2438 6690 

  0x000001f915c57c60: ;   {optimized virtual_call}
  0x000001f915c57c60: c5f8 77e8 

  0x000001f915c57c64: ; ImmutableOopMap {[32]=Oop [48]=Oop [56]=Oop [104]=Oop [136]=NarrowOop [168]=Oop [176]=Oop }
                      ;*invokevirtual getByteBuffer {reexecute=0 rethrow=0 return_oop=1}
                      ; - java.net.URLClassLoader::defineClass@132
                      ; - java.net.URLClassLoader$1::run@43
                      ; - java.net.URLClassLoader$1::run@1
                      ; - java.security.AccessController::executePrivileged@29
                      ; - java.security.AccessController::doPrivileged@13
                      ; - java.net.URLClassLoader::findClass@13
  0x000001f915c57c64: 18e6 0b00 

  0x000001f915c57c68: ;   {other}
  0x000001f915c57c68: 0f1f 8400 | 581a 000c | 4885 c00f | 85f7 4c00 | 0048 8b54 | 2468 6690 

  0x000001f915c57c80: ;   {optimized virtual_call}
  0x000001f915c57c80: c5f8 77e8 

  0x000001f915c57c84: ; ImmutableOopMap {[32]=Oop [48]=Oop [56]=Oop [104]=Oop [136]=NarrowOop [168]=Oop [176]=Oop }
                      ;*invokevirtual getBytes {reexecute=0 rethrow=0 return_oop=1}
                      ; - java.net.URLClassLoader::defineClass@179
                      ; - java.net.URLClassLoader$1::run@43
                      ; - java.net.URLClassLoader$1::run@1
                      ; - java.security.AccessController::executePrivileged@29
                      ; - java.security.AccessController::doPrivileged@13
                      ; - java.net.URLClassLoader::findClass@13
  0x000001f915c57c84: 38e6 f4ef 

  0x000001f915c57c88: ;   {other}
  0x000001f915c57c88: 0f1f 8400 | 781a 000d | 4889 4424 | 6048 8b54 | 2468 4c8b | 5424 384c | 8954 2428 

  0x000001f915c57ca4: ;   {optimized virtual_call}
  0x000001f915c57ca4: c5f8 77e8 

  0x000001f915c57ca8: ; ImmutableOopMap {[32]=Oop [40]=Oop [48]=Oop [56]=Oop [96]=Oop [104]=Oop [136]=NarrowOop [168]=Oop [176]=Oop }
                      ;*invokevirtual getCodeSigners {reexecute=0 rethrow=0 return_oop=1}
                      ; - java.net.URLClassLoader::defineClass@185
                      ; - java.net.URLClassLoader$1::run@43
                      ; - java.net.URLClassLoader$1::run@1
                      ; - java.security.AccessController::executePrivileged@29
                      ; - java.security.AccessController::doPrivileged@13
                      ; - java.net.URLClassLoader::findClass@13
  0x000001f915c57ca8: b4f2 0b00 

  0x000001f915c57cac: ;   {other}
  0x000001f915c57cac: 0f1f 8400 | 9c1a 000e | 4885 c00f | 857b 4400 | 0049 8b87 | b801 0000 | 4c8b d049 | 83c2 284d 
  0x000001f915c57ccc: 3b97 c801 | 0000 0f83 | 992f 0000 | 4d89 97b8 | 0100 0041 | 0f0d 8ac0 | 0000 0048 | c700 0100 
  0x000001f915c57cec: 0000 4c8b | d049 83c2 

  0x000001f915c57cf4: ;   {metadata('java/security/CodeSource')}
  0x000001f915c57cf4: 10c7 4008 | 285c 0000 | 4489 600c | c5fd efc0 | 41b8 0700 | 0000 c4c1 | 7892 f862 | d1fe 2f7f 
  0x000001f915c57d14: 0248 8944 | 2458 488b | d04c 8b44 | 2420 4533 | c94c 8b54 | 2428 4c89 | 5424 2090 

  0x000001f915c57d30: ;   {optimized virtual_call}
  0x000001f915c57d30: c5f8 77e8 

  0x000001f915c57d34: ; ImmutableOopMap {[32]=Oop [40]=Oop [48]=Oop [88]=Oop [96]=Oop [104]=Oop [168]=Oop [176]=Oop }
                      ;*invokespecial <init> {reexecute=0 rethrow=0 return_oop=0}
                      ; - java.net.URLClassLoader::defineClass@198
                      ; - java.net.URLClassLoader$1::run@43
                      ; - java.net.URLClassLoader$1::run@1
                      ; - java.security.AccessController::executePrivileged@29
                      ; - java.security.AccessController::doPrivileged@13
                      ; - java.net.URLClassLoader::findClass@13
  0x000001f915c57d34: 28bf 0b00 

  0x000001f915c57d38: ;   {other}
  0x000001f915c57d38: 0f1f 8400 | 281b 000f 

  0x000001f915c57d40: ;   {oop(a 'jdk/internal/perf/PerfCounter'{0x00000006004030b0})}
  0x000001f915c57d40: 48ba b030 | 4000 0600 | 0000 4c8b | 4424 5090 

  0x000001f915c57d50: ;   {optimized virtual_call}
  0x000001f915c57d50: c5f8 77e8 

  0x000001f915c57d54: ; ImmutableOopMap {[32]=Oop [48]=Oop [88]=Oop [96]=Oop [104]=Oop [168]=Oop [176]=Oop }
                      ;*invokevirtual addElapsedTimeFrom {reexecute=0 rethrow=0 return_oop=0}
                      ; - java.net.URLClassLoader::defineClass@207
                      ; - java.net.URLClassLoader$1::run@43
                      ; - java.net.URLClassLoader$1::run@1
                      ; - java.security.AccessController::executePrivileged@29
                      ; - java.security.AccessController::doPrivileged@13
                      ; - java.net.URLClassLoader::findClass@13
  0x000001f915c57d54: e853 fdff 

  0x000001f915c57d58: ;   {other}
  0x000001f915c57d58: 0f1f 8400 | 481b 0010 | 4c8b 4c24 | 6041 8b71 | 0c48 8b94 | 24b0 0000 | 004c 8b44 | 2420 33ff 
  0x000001f915c57d78: 488b 4c24 | 5866 6690 

  0x000001f915c57d80: ;   {optimized virtual_call}
  0x000001f915c57d80: c5f8 77e8 

  0x000001f915c57d84: ; ImmutableOopMap {[32]=Oop [48]=Oop [104]=Oop [168]=Oop [176]=Oop }
                      ;*invokevirtual defineClass {reexecute=0 rethrow=0 return_oop=1}
                      ; - java.net.URLClassLoader::defineClass@220
                      ; - java.net.URLClassLoader$1::run@43
                      ; - java.net.URLClassLoader$1::run@1
                      ; - java.security.AccessController::executePrivileged@29
                      ; - java.security.AccessController::doPrivileged@13
                      ; - java.net.URLClassLoader::findClass@13
  0x000001f915c57d84: b8c6 0b00 

  0x000001f915c57d88: ;   {other}
  0x000001f915c57d88: 0f1f 8400 | 781b 0011 | 4885 c00f | 858a 0000 | 0049 8b87 | b801 0000 | 4c8b d049 | 83c2 284d 
  0x000001f915c57da8: 3b97 c801 | 0000 0f83 | ee2c 0000 | 4d89 97b8 | 0100 0041 | 0f0d 8ac0 | 0000 0048 | c700 0100 
  0x000001f915c57dc8: 0000 4c8b | d049 83c2 

  0x000001f915c57dd0: ;   {metadata('java/lang/ClassNotFoundException')}
  0x000001f915c57dd0: 10c7 4008 | 8893 0600 | 4489 600c | c5fd efc0 | 41b8 0700 | 0000 c4c1 | 7892 f862 | d1fe 2f7f 
  0x000001f915c57df0: 0248 8be8 | 488b d54c | 8b84 24a8 | 0000 0090 

  0x000001f915c57e00: ;   {optimized virtual_call}
  0x000001f915c57e00: c5f8 77e8 

  0x000001f915c57e04: ; ImmutableOopMap {rbp=Oop }
                      ;*invokespecial <init> {reexecute=0 rethrow=0 return_oop=0}
                      ; - java.net.URLClassLoader::findClass@41
  0x000001f915c57e04: f8a2 ffff 

  0x000001f915c57e08: ;   {other}
  0x000001f915c57e08: 0f1f 8400 | f81b 0012 | 488b d5c5 | f877 4881 | c400 0100 

  0x000001f915c57e1c: ;   {runtime_call _rethrow_Java}
  0x000001f915c57e1c: 005d e95d | 3096 ffc5 | f877 4881 | c400 0100 

  0x000001f915c57e2c: ;   {poll_return}
  0x000001f915c57e2c: 005d 493b | a750 0400 | 000f 8701 | 7800 00c3 | 438b 6cc4 | 0c41 3be9 | 0f84 5301 | 0000 85ed 
  0x000001f915c57e4c: 0f8c 1255 | 0000 4f8d | 14c4 458b | 5a18 4585 | db75 274c | 8b84 24b0 | 0000 0044 | 8b94 2488 
  0x000001f915c57e6c: 0000 0048 | 8b4c 2460 | 4c8b 8c24 | 8000 0000 | 488b 5c24 | 20e9 69fd | ffff 4f8d | 14dc 4c89 
  0x000001f915c57e8c: 9424 d000 | 0000 4d8b | 9758 0400 | 004c 8b9c | 24d0 0000 | 0045 8b5b 

  0x000001f915c57ea4: ; ImmutableOopMap {[32]=Oop [48]=Oop [96]=Oop [104]=Oop [128]=Oop [136]=NarrowOop [168]=Oop [176]=Oop [208]=Oop }
                      ;*if_icmpne {reexecute=1 rethrow=0 return_oop=0}
                      ; - (reexecute) java.util.concurrent.ConcurrentHashMap::get@127
                      ; - java.lang.ClassLoader::getDefinedPackage@13
                      ; - java.net.URLClassLoader::getAndVerifyPackage@2
                      ; - java.net.URLClassLoader::defineClass@46
                      ; - java.net.URLClassLoader$1::run@43
                      ; - java.net.URLClassLoader$1::run@1
                      ; - java.security.AccessController::executePrivileged@29
                      ; - java.security.AccessController::doPrivileged@13
                      ; - java.net.URLClassLoader::findClass@13
                      ;   {poll}
  0x000001f915c57ea4: 0c41 8502 | 443b 9c24 | b800 0000 | 7446 4c8b | 9424 d000 | 0000 458b | 5a18 4585 | db75 274c 
  0x000001f915c57ec4: 8b84 24b0 | 0000 0044 | 8b94 2488 | 0000 0048 | 8b4c 2460 | 4c8b 8c24 | 8000 0000 | 488b 5c24 
  0x000001f915c57ee4: 20e9 05fd | ffff 4f8d | 14dc 4c89 | 9424 d000 | 0000 eb9a | 4c8b 9424 | d000 0000 | 418b 6a10 
  0x000001f915c57f04: 4c8b d549 | c1e2 034c | 8b5c 2460 | 4d3b d374 | 5985 ed0f | 841b 5900 | 004d 8d04 | ec49 8bd3 
  0x000001f915c57f24: 488b ac24 | a800 0000 | 4c8b 9424 | b000 0000 | 4c89 5424 | 4044 8b9c | 2488 0000 | 0045 8bd3 
  0x000001f915c57f44: 4489 5424 | 7466 6690 

  0x000001f915c57f4c: ;   {optimized virtual_call}
  0x000001f915c57f4c: c5f8 77e8 

  0x000001f915c57f50: ; ImmutableOopMap {rbp=Oop [32]=Oop [48]=Oop [64]=Oop [96]=Oop [104]=Oop [116]=NarrowOop [128]=Oop [136]=NarrowOop [168]=Oop [176]=Oop [208]=Oop }
                      ;*invokevirtual equals {reexecute=0 rethrow=0 return_oop=0}
                      ; - java.util.concurrent.ConcurrentHashMap::get@149
                      ; - java.lang.ClassLoader::getDefinedPackage@13
                      ; - java.net.URLClassLoader::getAndVerifyPackage@2
                      ; - java.net.URLClassLoader::defineClass@46
                      ; - java.net.URLClassLoader$1::run@43
                      ; - java.net.URLClassLoader$1::run@1
                      ; - java.security.AccessController::executePrivileged@29
                      ; - java.security.AccessController::doPrivileged@13
                      ; - java.net.URLClassLoader::findClass@13
  0x000001f915c57f50: 6c7d e6ff 

  0x000001f915c57f54: ;   {other}
  0x000001f915c57f54: 0f1f 8400 | 441d 0014 | 4d8b 9758 

  0x000001f915c57f60: ; ImmutableOopMap {rbp=Oop [32]=Oop [48]=Oop [64]=Oop [96]=Oop [104]=Oop [116]=NarrowOop [128]=Oop [136]=NarrowOop [168]=Oop [176]=Oop [208]=Oop }
                      ;*ifeq {reexecute=1 rethrow=0 return_oop=0}
                      ; - (reexecute) java.util.concurrent.ConcurrentHashMap::get@152
                      ; - java.lang.ClassLoader::getDefinedPackage@13
                      ; - java.net.URLClassLoader::getAndVerifyPackage@2
                      ; - java.net.URLClassLoader::defineClass@46
                      ; - java.net.URLClassLoader$1::run@43
                      ; - java.net.URLClassLoader$1::run@1
                      ; - java.security.AccessController::executePrivileged@29
                      ; - java.security.AccessController::doPrivileged@13
                      ; - java.net.URLClassLoader::findClass@13
                      ;   {poll}
  0x000001f915c57f60: 0400 0041 | 8502 85c0 | 0f84 6f2a | 0000 4c8b | 9424 d000 | 0000 418b | 6a14 85ed | 0f84 682a 
  0x000001f915c57f80: 0000 4c8b | 5c24 6041 | 8b43 0c45 | 0fb6 5311 | 4c89 9c24 | 9800 0000 | e957 0100 | 0045 8be8 
  0x000001f915c57fa0: 438b 6cc4 | 104c 8bd5 | 49c1 e203 | 4c3b d10f | 841c 0100 | 0045 8b54 | ec08 4d8d | 1cec 493b 
  0x000001f915c57fc0: cb0f 840a 

  0x000001f915c57fc4: ;   {metadata('java/lang/String')}
  0x000001f915c57fc4: 0100 0041 | 81fa 78e8 | 0000 0f85 | 0460 0000 | 440f be51 | 1041 0fbe | 6b10 443b | d50f 8521 
  0x000001f915c57fe4: 5300 0045 | 8b53 148b | 5914 478b | 44d4 0c41 | 8b4c dc0c | 413b c80f | 854b 5000 | 004f 8d1c 
  0x000001f915c58004: d44b 8d74 | d410 4d8d | 14dc 498d | 7cdc 1085 | c90f 849d | 0000 008b | c183 e01f | 83e1 e00f 
  0x000001f915c58024: 844b 0000 | 0048 8d3c | 0f48 8d34 | 0e48 f7d9 | c5fe 6f04 | 0fc5 fe6f | 0c0e c5fd | efc1 c4e2 
  0x000001f915c58044: 7d17 c00f | 8572 0000 | 0048 83c1 | 2075 e185 | c00f 845d | 0000 00c5 | fe6f 4407 | e0c5 fe6f 
  0x000001f915c58064: 4c06 e0c5 | fdef c1c4 | e27d 17c0 | 754d eb44 | 8bc8 83e1 | fc74 1948 | 8d3c 0f48 | 8d34 0e48 
  0x000001f915c58084: f7d9 8b1c | 0f3b 1c0e | 7531 4883 | c104 75f2 | a802 7412 | 0fb7 1f0f | b70e 3bd9 | 751d 488d 
  0x000001f915c580a4: 7f02 488d | 7602 a801 | 740a 0fb6 | 1f0f b60e | 3bd9 7507 | b801 0000 | 00eb 0233 | c0c5 fdef 
  0x000001f915c580c4: ;   {no_reloc}
  0x000001f915c580c4: c0c5 f5ef | c985 c00f | 847f 4f00 | 0043 8b6c | ec14 85ed | 0f84 8327 | 0000 4c8b | 5c24 6045 
  0x000001f915c580e4: 0fb6 5311 | 418b 430c | 4c89 9c24 | 9800 0000 | 458b 44ec 

  0x000001f915c580f8: ;   {metadata('java/lang/Package')}
  0x000001f915c580f8: 0841 81f8 | e8bd 0100 | 0f85 1e5d | 0000 4c8b | 9c24 9800 | 0000 458b | 4314 478b | 4cc4 0c4d 
  0x000001f915c58118: 8d1c ec41 | 8b4b 1089 | 8c24 b800 | 0000 4585 | c90f 8661 | 4200 004c | 8b9c 24b0 | 0000 0045 
  0x000001f915c58138: 8b5b 3844 | 899c 24bc | 0000 0045 | 85db 0f84 | 7441 0000 | 85c0 0f84 | 9e11 0000 | 4c8b 9c24 
  0x000001f915c58158: 9800 0000 | 448b 8424 | bc00 0000 | 478b 54c4 | 2845 85d2 | 0f84 d402 | 0000 4c89 | 9c24 9000 
  0x000001f915c58178: 0000 478b | 5cd4 0c45 | 85db 0f86 | 004c 0000 | 448b c041 | c1e8 1044 | 33c0 49c1 | e203 4181 
  0x000001f915c58198: e0ff ffff | 7f44 8984 | 24bc 0000 | 0041 ffcb | 4523 d84d | 63db 478b | 449a 1045 | 85c0 0f84 
  0x000001f915c581b8: 7802 0000 | 438b 6cc4 | 0c3b ac24 | bc00 0000 | 0f84 fd00 | 0000 85ed | 0f8c be52 | 0000 4f8d 
  0x000001f915c581d8: 14c4 458b | 5a18 4585 | db0f 8457 | 0200 004f | 8d14 dc4c | 8994 24d0 | 0000 004d | 8b97 5804 
  0x000001f915c581f8: ;   {no_reloc}
  0x000001f915c581f8: 0000 4c8b | 9c24 d000 | 0000 458b 

  0x000001f915c58204: ; ImmutableOopMap {[32]=Oop [48]=Oop [104]=Oop [128]=Oop [136]=NarrowOop [144]=Oop [168]=Oop [176]=Oop [184]=NarrowOop [208]=Oop }
                      ;*if_icmpne {reexecute=1 rethrow=0 return_oop=0}
                      ; - (reexecute) java.util.concurrent.ConcurrentHashMap::get@127
                      ; - java.lang.ClassLoader::definePackage@47
                      ; - java.lang.ClassLoader::getDefinedPackage@32
                      ; - java.net.URLClassLoader::getAndVerifyPackage@2
                      ; - java.net.URLClassLoader::defineClass@46
                      ; - java.net.URLClassLoader$1::run@43
                      ; - java.net.URLClassLoader$1::run@1
                      ; - java.security.AccessController::executePrivileged@29
                      ; - java.security.AccessController::doPrivileged@13
                      ; - java.net.URLClassLoader::findClass@13
                      ;   {poll}
  0x000001f915c58204: 5b0c 4185 | 0244 3b9c | 24bc 0000 | 0074 2c4c | 8b94 24d0 | 0000 0045 | 8b52 1845 | 85d2 750d 
  0x000001f915c58224: 4c8b 9c24 | 9000 0000 | e915 0200 | 0049 c1e2 | 034c 8994 | 24d0 0000 | 00eb b44c | 8b94 24d0 
  0x000001f915c58244: 0000 0041 | 8b6a 104c | 8bd5 49c1 | e203 4c8b | 9c24 9000 | 0000 4d3b | d374 5385 | ed0f 84c1 
  0x000001f915c58264: 5600 004d | 8d04 ec49 | 8bd3 488b | ac24 a800 | 0000 4c8b | 9424 b000 | 0000 4c89 | 5424 4044 
  0x000001f915c58284: 8b94 2488 | 0000 0044 | 8954 2460 

  0x000001f915c58290: ;   {optimized virtual_call}
  0x000001f915c58290: c5f8 77e8 

  0x000001f915c58294: ; ImmutableOopMap {rbp=Oop [32]=Oop [48]=Oop [64]=Oop [96]=NarrowOop [104]=Oop [128]=Oop [136]=NarrowOop [144]=Oop [168]=Oop [176]=Oop [184]=NarrowOop [208]=Oop }
                      ;*invokevirtual equals {reexecute=0 rethrow=0 return_oop=0}
                      ; - java.util.concurrent.ConcurrentHashMap::get@149
                      ; - java.lang.ClassLoader::definePackage@47
                      ; - java.lang.ClassLoader::getDefinedPackage@32
                      ; - java.net.URLClassLoader::getAndVerifyPackage@2
                      ; - java.net.URLClassLoader::defineClass@46
                      ; - java.net.URLClassLoader$1::run@43
                      ; - java.net.URLClassLoader$1::run@1
                      ; - java.security.AccessController::executePrivileged@29
                      ; - java.security.AccessController::doPrivileged@13
                      ; - java.net.URLClassLoader::findClass@13
  0x000001f915c58294: 287a e6ff 

  0x000001f915c58298: ;   {other}
  0x000001f915c58298: 0f1f 8400 | 8820 0017 | 4d8b 9758 

  0x000001f915c582a4: ; ImmutableOopMap {rbp=Oop [32]=Oop [48]=Oop [64]=Oop [96]=NarrowOop [104]=Oop [128]=Oop [136]=NarrowOop [144]=Oop [168]=Oop [176]=Oop [184]=NarrowOop [208]=Oop }
                      ;*ifeq {reexecute=1 rethrow=0 return_oop=0}
                      ; - (reexecute) java.util.concurrent.ConcurrentHashMap::get@152
                      ; - java.lang.ClassLoader::definePackage@47
                      ; - java.lang.ClassLoader::getDefinedPackage@32
                      ; - java.net.URLClassLoader::getAndVerifyPackage@2
                      ; - java.net.URLClassLoader::defineClass@46
                      ; - java.net.URLClassLoader$1::run@43
                      ; - java.net.URLClassLoader$1::run@1
                      ; - java.security.AccessController::executePrivileged@29
                      ; - java.security.AccessController::doPrivileged@13
                      ; - java.net.URLClassLoader::findClass@13
                      ;   {poll}
  0x000001f915c582a4: 0400 0041 | 8502 85c0 | 0f84 9928 | 0000 4c8b | 9424 d000 | 0000 418b | 6a14 85ed | 0f84 8801 
  0x000001f915c582c4: 0000 e94e | 0100 0043 | 8b6c c410 | 4c8b d549 | c1e2 034c | 8b9c 2490 | 0000 004d | 3bd3 0f84 
  0x000001f915c582e4: 2801 0000 

  0x000001f915c582e8: ; implicit exception: dispatches to 0x000001f915c5e7bc
  0x000001f915c582e8: 458b 5cec | 084d 8d14 | ec4c 8b8c | 2490 0000 | 004d 3bca | 0f84 0e01 

  0x000001f915c58300: ;   {metadata('java/lang/String')}
  0x000001f915c58300: 0000 4181 | fb78 e800 | 000f 8515 | 5d00 004d | 8bd9 450f | be4b 1041 | 0fbe 6a10 | 443b cd0f 
  0x000001f915c58320: 85e7 5000 | 0045 8b52 | 1445 8b4b | 1447 8b5c | d40c 438b | 4ccc 0c41 | 3bcb 0f85 | 644e 0000 
  0x000001f915c58340: 4f8d 1cd4 | 4b8d 74d4 | 104f 8d14 | cc4b 8d7c | cc10 85c9 | 0f84 9d00 | 0000 8bc1 | 83e0 1f83 
  0x000001f915c58360: e1e0 0f84 | 4b00 0000 | 488d 3c0f | 488d 340e | 48f7 d9c5 | fe6f 0c0f | c5fe 6f04 | 0ec5 f5ef 
  0x000001f915c58380: c8c4 e27d | 17c9 0f85 | 7200 0000 | 4883 c120 | 75e1 85c0 | 0f84 5d00 | 0000 c5fe | 6f4c 07e0 
  0x000001f915c583a0: c5fe 6f44 | 06e0 c5f5 | efc8 c4e2 | 7d17 c975 | 4deb 448b | c883 e1fc | 7419 488d | 3c0f 488d 
  0x000001f915c583c0: 340e 48f7 | d98b 1c0f | 3b1c 0e75 | 3148 83c1 | 0475 f2a8 | 0274 120f | b71f 0fb7 | 0e3b d975 
  0x000001f915c583e0: 1d48 8d7f | 0248 8d76 | 02a8 0174 | 0a0f b61f | 0fb6 0e3b | d975 07b8 | 0100 0000 | eb02 33c0 
  0x000001f915c58400: ;   {no_reloc}
  0x000001f915c58400: c5f5 efc9 | c5fd efc0 | 85c0 0f84 | 984d 0000 | 438b 6cc4 | 1485 ed74 | 3545 8b5c 

  0x000001f915c5841c: ;   {metadata('java/lang/Package')}
  0x000001f915c5841c: ec08 4181 | fbe8 bd01 | 000f 8559 | 5c00 0049 | 8d0c ece9 | 4801 0000 | 4c8b 9c24 | 9000 0000 
  0x000001f915c5843c: eb08 4c8b | 9c24 9000 | 0000 4c89 | 9c24 9000 | 0000 4c8b | 9424 b000 | 0000 418b 

  0x000001f915c58458: ;   {oop(a 'java/lang/invoke/DirectMethodHandle$Constructor'{0x00000006004030c8})}
  0x000001f915c58458: 6a38 48ba | c830 4000 | 0600 0000 | 4c8b 9424 | a800 0000 | 4c89 5424 | 284c 8b94 | 24b0 0000 
  0x000001f915c58478: 004c 8954 | 2440 4c8b | 9424 8000 | 0000 4c89 | 5424 5844 | 8b94 2488 | 0000 0044 | 8954 2460 
  0x000001f915c58498: ;   {static_call}
  0x000001f915c58498: c5f8 77e8 

  0x000001f915c5849c: ; ImmutableOopMap {rbp=NarrowOop [32]=Oop [40]=Oop [48]=Oop [64]=Oop [88]=Oop [96]=NarrowOop [104]=Oop [128]=Oop [136]=NarrowOop [144]=Oop [168]=Oop [176]=Oop [184]=NarrowOop }
                      ;*invokestatic allocateInstance {reexecute=0 rethrow=0 return_oop=1}
                      ; - java.lang.invoke.DirectMethodHandle$Holder::newInvokeSpecial@1
                      ; - java.lang.invoke.Invokers$Holder::linkToTargetMethod@6
                      ; - java.lang.ClassLoader::definePackage@73
                      ; - java.lang.ClassLoader::getDefinedPackage@32
                      ; - java.net.URLClassLoader::getAndVerifyPackage@2
                      ; - java.net.URLClassLoader::defineClass@46
                      ; - java.net.URLClassLoader$1::run@43
                      ; - java.net.URLClassLoader$1::run@1
                      ; - java.security.AccessController::executePrivileged@29
                      ; - java.security.AccessController::doPrivileged@13
                      ; - java.net.URLClassLoader::findClass@13
  0x000001f915c5849c: e073 90ff 

  0x000001f915c584a0: ;   {other}
  0x000001f915c584a0: 0f1f 8400 | 9022 0019 | 4889 8424 | c000 0000 

  0x000001f915c584b0: ;   {oop(a 'java/lang/invoke/DirectMethodHandle$Constructor'{0x00000006004030c8})}
  0x000001f915c584b0: 48ba c830 | 4000 0600 | 0000 6690 

  0x000001f915c584bc: ;   {static_call}
  0x000001f915c584bc: c5f8 77e8 

  0x000001f915c584c0: ; ImmutableOopMap {rbp=NarrowOop [32]=Oop [40]=Oop [48]=Oop [64]=Oop [88]=Oop [96]=NarrowOop [104]=Oop [128]=Oop [136]=NarrowOop [144]=Oop [168]=Oop [176]=Oop [184]=NarrowOop [192]=Oop }
                      ;*invokestatic constructorMethod {reexecute=0 rethrow=0 return_oop=1}
                      ; - java.lang.invoke.DirectMethodHandle$Holder::newInvokeSpecial@6
                      ; - java.lang.invoke.Invokers$Holder::linkToTargetMethod@6
                      ; - java.lang.ClassLoader::definePackage@73
                      ; - java.lang.ClassLoader::getDefinedPackage@32
                      ; - java.net.URLClassLoader::getAndVerifyPackage@2
                      ; - java.net.URLClassLoader::defineClass@46
                      ; - java.net.URLClassLoader$1::run@43
                      ; - java.net.URLClassLoader$1::run@1
                      ; - java.security.AccessController::executePrivileged@29
                      ; - java.security.AccessController::doPrivileged@13
                      ; - java.net.URLClassLoader::findClass@13
  0x000001f915c584c0: bc73 90ff 

  0x000001f915c584c4: ;   {other}
  0x000001f915c584c4: 0f1f 8400 | b422 001a 

  0x000001f915c584cc: ; implicit exception: dispatches to 0x000001f915c5e6a8
  0x000001f915c584cc: 448b 5808 

  0x000001f915c584d0: ;   {metadata('java/lang/invoke/MemberName')}
  0x000001f915c584d0: 4181 fb88 | 0f09 000f | 857f 4c00 | 0048 8bf8 | 448b 9424 | b800 0000 | 4d8b ca49 | c1e1 0348 
  0x000001f915c584f0: 8b94 24c0 | 0000 004c | 8b44 2440 

  0x000001f915c584fc: ;   {static_call}
  0x000001f915c584fc: c5f8 77e8 

  0x000001f915c58500: ; ImmutableOopMap {rbp=NarrowOop [32]=Oop [40]=Oop [48]=Oop [64]=Oop [88]=Oop [96]=NarrowOop [104]=Oop [128]=Oop [136]=NarrowOop [144]=Oop [168]=Oop [176]=Oop [192]=Oop }
                      ;*invokestatic linkToSpecial {reexecute=0 rethrow=0 return_oop=0}
                      ; - java.lang.invoke.DirectMethodHandle$Holder::newInvokeSpecial@19
                      ; - java.lang.invoke.Invokers$Holder::linkToTargetMethod@6
                      ; - java.lang.ClassLoader::definePackage@73
                      ; - java.lang.ClassLoader::getDefinedPackage@32
                      ; - java.net.URLClassLoader::getAndVerifyPackage@2
                      ; - java.net.URLClassLoader::defineClass@46
                      ; - java.net.URLClassLoader$1::run@43
                      ; - java.net.URLClassLoader$1::run@1
                      ; - java.security.AccessController::executePrivileged@29
                      ; - java.security.AccessController::doPrivileged@13
                      ; - java.net.URLClassLoader::findClass@13
  0x000001f915c58500: 7c73 90ff 

  0x000001f915c58504: ;   {other}
  0x000001f915c58504: 0f1f 8400 | f422 001b | 85ed 0f84 | f84b 0000 | 498d 14ec | 4c8b 8424 | 9000 0000 | 4c8b 8c24 
  0x000001f915c58524: c000 0000 | 4c8b 5424 | 404c 8954 | 2438 4c8b | 5424 584c | 8954 2448 | 448b 5424 | 6044 8954 
  0x000001f915c58544: 2458 4c8b | 9424 a800 | 0000 4c89 | 5424 6048 | 8b6c 2438 

  0x000001f915c58558: ;   {optimized virtual_call}
  0x000001f915c58558: c5f8 77e8 

  0x000001f915c5855c: ; ImmutableOopMap {rbp=Oop [32]=Oop [48]=Oop [56]=Oop [72]=Oop [88]=NarrowOop [96]=Oop [104]=Oop [128]=Oop [136]=NarrowOop [144]=Oop [168]=Oop [176]=Oop }
                      ;*invokevirtual compute {reexecute=0 rethrow=0 return_oop=1}
                      ; - java.lang.ClassLoader::definePackage@78
                      ; - java.lang.ClassLoader::getDefinedPackage@32
                      ; - java.net.URLClassLoader::getAndVerifyPackage@2
                      ; - java.net.URLClassLoader::defineClass@46
                      ; - java.net.URLClassLoader$1::run@43
                      ; - java.net.URLClassLoader$1::run@1
                      ; - java.security.AccessController::executePrivileged@29
                      ; - java.security.AccessController::doPrivileged@13
                      ; - java.net.URLClassLoader::findClass@13
  0x000001f915c5855c: 2069 90ff 

  0x000001f915c58560: ;   {other}
  0x000001f915c58560: 0f1f 8400 | 5023 001c 

  0x000001f915c58568: ; implicit exception: dispatches to 0x000001f915c5e714
  0x000001f915c58568: 448b 5008 

  0x000001f915c5856c: ;   {metadata('java/lang/Package')}
  0x000001f915c5856c: 4181 fae8 | bd01 000f | 851b 5900 | 0048 8bc8 | 448b 5110 

  0x000001f915c58580: ; implicit exception: dispatches to 0x000001f915c5e3a0
  0x000001f915c58580: 478b 5cd4 | 1c45 85db | 0f85 b744 | 0000 448b | 5914 438b | 6cdc 2485 | ed0f 8561 | 4800 004c 
  0x000001f915c585a0: 8b84 2480 | 0000 004d | 85c0 0f84 | b848 0000 

  0x000001f915c585b0: ;   {oop(a 'java/lang/Class'{0x0000000600402f38} = 'jdk/internal/access/SharedSecrets')}
  0x000001f915c585b0: 49ba 382f | 4000 0600 | 0000 458b | 92d4 0000 | 0043 8b5c | d408 4c8b | 8c24 9000 | 0000 450f 
  0x000001f915c585d0: be59 1045 | 85db 0f85 | d844 0000 | 418b 7914 

  0x000001f915c585e0: ; implicit exception: dispatches to 0x000001f915c5e430
  0x000001f915c585e0: 458b 5cfc | 0c44 899c | 24a4 0000 | 0089 bc24 | bc00 0000 | 895c 2428 | 4489 9424 | b800 0000 
  0x000001f915c58600: 4889 4c24 | 7849 c1e2 | 034c 8954 | 2438 448b | 9424 a400 | 0000 4585 | d20f 8673 | 0500 0045 
  0x000001f915c58620: 8d5a ff44 | 895c 242c | 443b 9c24 | a400 0000 | 0f83 da3c | 0000 448b | 9424 a400 | 0000 4183 
  0x000001f915c58640: c2fd 4489 | 5424 404d | 8d14 fc4c | 8954 2448 | 4180 7cfc | 102e 0f84 | cc1f 0000 | 448b 5c24 
  0x000001f915c58660: 4041 83fb | 010f 8ef3 | 0400 00bd | 0100 0000 | 448b 8c24 | a400 0000 | 442b cd41 | 83c1 fd44 
  0x000001f915c58680: 8b5c 2440 | 4533 d244 | 3bdd 450f | 4cca 4181 | f9a0 0f00 | 0041 bba0 | 0f00 0045 | 0f47 cb44 
  0x000001f915c586a0: 03cd eb03 | 418b e84c | 63c5 4c8b 

  0x000001f915c586ac: ;   {no_reloc}
  0x000001f915c586ac: 5424 4847 | 0fbe 5402 | 1041 83fa | 2e0f 847f | 0100 004c | 8b54 2448 | 470f be5c | 0211 4183 
  0x000001f915c586cc: fb2e 0f84 | 6301 0000 | 470f be54 | 0212 4183 | fa2e 0f84 | 5701 0000 | 4c8b 5424 | 4847 0fbe 
  0x000001f915c586ec: 5c02 1341 | 83fb 2e0f | 843b 0100 | 0044 8d45 | 0445 3bc1 | 7ca2 4d8b | 9758 0400 

  0x000001f915c58708: ; ImmutableOopMap {[32]=Oop [48]=Oop [56]=Oop [72]=Oop [104]=Oop [120]=Oop [128]=Oop [136]=NarrowOop [144]=Oop [168]=Oop [176]=Oop [184]=NarrowOop [188]=NarrowOop }
                      ;*if_icmpne {reexecute=1 rethrow=0 return_oop=0}
                      ; - (reexecute) java.lang.StringLatin1::replace@28
                      ; - java.lang.String::replace@18
                      ; - java.net.URLClassLoader::isSealed@9
                      ; - java.net.URLClassLoader::getAndVerifyPackage@68
                      ; - java.net.URLClassLoader::defineClass@46
                      ; - java.net.URLClassLoader$1::run@43
                      ; - java.net.URLClassLoader$1::run@1
                      ; - java.security.AccessController::executePrivileged@29
                      ; - java.security.AccessController::doPrivileged@13
                      ; - java.net.URLClassLoader::findClass@13
  0x000001f915c58708: 0083 c503 

  0x000001f915c5870c: ;   {poll}
  0x000001f915c5870c: 4185 0244 | 3b44 2440 | 0f8d 4a04 | 0000 418b | e8e9 4eff | ffff 498b | 87b8 0100 | 004c 8bd0 
  0x000001f915c5872c: 4983 c218 | 4d3b 97c8 | 0100 000f | 839b 3200 | 004d 8997 | b801 0000 | 410f 0d8a | c000 0000 
  0x000001f915c5874c: 48c7 0001 

  0x000001f915c58750: ;   {metadata('java/lang/String')}
  0x000001f915c58750: 0000 00c7 | 4008 78e8 | 0000 4489 | 600c 4489 

  0x000001f915c58760: ;   {oop([B{0x00000006004163b0})}
  0x000001f915c58760: 6010 c740 | 1476 2c08 

  0x000001f915c58768: ;   {oop(".class"{0x00000006004030f8})}
  0x000001f915c58768: c049 baf8 | 3040 0006 | 0000 0045 | 8b42 0c44 | 8940 0c45 | 0fb6 4211 | 4488 4011 | 4889 4424 
  0x000001f915c58788: 40e9 57ea | ffff b92f | 0000 00e9 | c9e6 ffff | 440f b651 | 1145 85d2 | 0f85 df20 | 0000 440f 
  0x000001f915c587a8: be51 1045 | 85d2 0f85 | fc4b 0000 | 4c89 4c24 | 2844 8b41 | 144b 8d2c | dc44 895c | 2438 498b 
  0x000001f915c587c8: d048 c1e2 | 034c 8b94 | 24a8 0000 | 004c 8954 | 2440 4c8b | 9424 b000 | 0000 4c89 | 5424 6090 
  0x000001f915c587e8: ;   {static_call}
  0x000001f915c587e8: c5f8 77e8 

  0x000001f915c587ec: ; ImmutableOopMap {rbp=Oop [40]=Oop [48]=Oop [56]=NarrowOop [64]=Oop [88]=NarrowOop [96]=Oop [104]=Oop [160]=Oop [168]=Oop [176]=Oop }
                      ;*invokestatic hashCode {reexecute=0 rethrow=0 return_oop=0}
                      ; - java.lang.String::hashCode@27
                      ; - java.util.concurrent.ConcurrentHashMap::get@1
                      ; - java.lang.ClassLoader::getDefinedPackage@13
                      ; - java.net.URLClassLoader::getAndVerifyPackage@2
                      ; - java.net.URLClassLoader::defineClass@46
                      ; - java.net.URLClassLoader$1::run@43
                      ; - java.net.URLClassLoader$1::run@1
                      ; - java.security.AccessController::executePrivileged@29
                      ; - java.security.AccessController::doPrivileged@13
                      ; - java.net.URLClassLoader::findClass@13
  0x000001f915c587ec: 5033 e8ff 

  0x000001f915c587f0: ;   {other}
  0x000001f915c587f0: 0f1f 8400 | e025 001e | 85c0 0f84 | 8022 0000 | 488b 8c24 | a000 0000 | 8941 0c4c | 8b44 2460 
  0x000001f915c58810: 4c8b 4c24 | 2844 8b5c | 2438 e942 | f3ff ff4c | 8b94 24a8 | 0000 004c | 8994 24a0 | 0000 00e9 
  0x000001f915c58830: 26f1 ffff | 83c5 02ff | c5eb 0383 | c502 3bac | 24a4 0000 | 000f 8d47 | 0300 0044 | 8b94 24a4 
  0x000001f915c58850: 0000 0041 | 81fa 0000 | 1000 0f87 | 302f 0000 | 4d8b 87b8 | 0100 004d | 63d2 4983 | c217 4983 
  0x000001f915c58870: e2f8 4d8b | d84d 03da | 4d3b 9fc8 | 0100 000f | 830b 2f00 | 004d 899f | b801 0000 | 410f 0d8b 
  0x000001f915c58890: c000 0000 | 49c7 0001 | 0000 0041 | 0f0d 8b00 

  0x000001f915c588a0: ;   {metadata({type array byte})}
  0x000001f915c588a0: 0100 0041 | c740 0818 | 2300 0044 | 8b94 24a4 | 0000 0045 | 8950 0c41 | 0f0d 8b40 | 0100 0041 
  0x000001f915c588c0: 0f0d 8b80 | 0100 004c | 8984 2498 | 0000 0085 | ed0f 8e79 | 0000 0044 | 8d55 ff44 | 3b94 24a4 
  0x000001f915c588e0: 0000 000f | 83f3 4600 | 0044 8b9c | 24a4 0000 | 0045 85db | 0f86 e246 | 0000 33c9 | 448b cd44 
  0x000001f915c58900: 2bc9 4533 | db3b e945 | 0f4c cb41 | 81f9 e803 | 0000 41ba | e803 0000 | 450f 47ca | 4403 c990 
  0x000001f915c58920: 4c63 d14c | 8b5c 2448 | 470f be44 | 1310 4c8b | 9c24 9800 | 0000 4788 | 4413 10ff | c141 3bc9 
  0x000001f915c58940: 7cde 4d8b | 9758 0400 

  0x000001f915c58948: ; ImmutableOopMap {r11=Oop [32]=Oop [48]=Oop [56]=Oop [72]=Oop [104]=Oop [120]=Oop [128]=Oop [136]=NarrowOop [144]=Oop [152]=Oop [168]=Oop [176]=Oop [184]=NarrowOop [188]=NarrowOop }
                      ;*goto {reexecute=1 rethrow=0 return_oop=0}
                      ; - (reexecute) java.lang.StringLatin1::replace@76
                      ; - java.lang.String::replace@18
                      ; - java.net.URLClassLoader::isSealed@9
                      ; - java.net.URLClassLoader::getAndVerifyPackage@68
                      ; - java.net.URLClassLoader::defineClass@46
                      ; - java.net.URLClassLoader$1::run@43
                      ; - java.net.URLClassLoader$1::run@1
                      ; - java.security.AccessController::executePrivileged@29
                      ; - java.security.AccessController::doPrivileged@13
                      ; - java.net.URLClassLoader::findClass@13
                      ;   {poll}
  0x000001f915c58948: 0041 8502 | 3bcd 7cac | 3bac 24a4 | 0000 000f | 8d9f 0100 | 003b ac24 | a400 0000 | 0f83 6640 
  0x000001f915c58968: 0000 448b | 5c24 2c44 | 3b9c 24a4 | 0000 000f | 8353 4000 | 0044 8d5d | 014c 63d5 | 4c8b 4424 
  0x000001f915c58988: 4847 0fbe | 4c10 1041 | 83f9 2e0f | 84eb 1b00 | 004c 8b84 | 2498 0000 | 0047 884c | 1010 448d 
  0x000001f915c589a8: 4501 453b | c37d 0541 | 8be8 ebcd | 443b 4424 | 400f 8dff | 0000 00ff | c5e9 9f00 | 0000 41ba 
  0x000001f915c589c8: 2f00 0000 | 0f1f 4000 | 4c8b 9c24 | 9800 0000 | 4788 5403 | 104c 8b54 | 2448 470f | be54 0211 
  0x000001f915c589e8: 4183 fa2e | 7457 4788 | 5403 114c | 8b54 2448 | 470f be54 | 0212 4183 | fa2e 7449 | 4788 5403 
  0x000001f915c58a08: 124c 8b54 | 2448 470f | be54 0213 | 4183 fa2e | 7423 4788 | 5403 1383 | c504 413b | e97d 2e4c 
  0x000001f915c58a28: 63c5 4c8b | 5424 4847 | 0fbe 5402 | 1041 83fa | 2e75 95eb | 8941 ba2f | 0000 00eb | d541 ba2f 
  0x000001f915c58a48: ;   {no_reloc}
  0x000001f915c58a48: 0000 00eb | a141 ba2f | 0000 00eb | af4d 8b97 

  0x000001f915c58a58: ; ImmutableOopMap {r11=Oop [32]=Oop [48]=Oop [56]=Oop [72]=Oop [104]=Oop [120]=Oop [128]=Oop [136]=NarrowOop [144]=Oop [152]=Oop [168]=Oop [176]=Oop [184]=NarrowOop }
                      ;*goto {reexecute=1 rethrow=0 return_oop=0}
                      ; - (reexecute) java.lang.StringLatin1::replace@113
                      ; - java.lang.String::replace@18
                      ; - java.net.URLClassLoader::isSealed@9
                      ; - java.net.URLClassLoader::getAndVerifyPackage@68
                      ; - java.net.URLClassLoader::defineClass@46
                      ; - java.net.URLClassLoader$1::run@43
                      ; - java.net.URLClassLoader$1::run@1
                      ; - java.security.AccessController::executePrivileged@29
                      ; - java.security.AccessController::doPrivileged@13
                      ; - java.net.URLClassLoader::findClass@13
  0x000001f915c58a58: 5804 0000 

  0x000001f915c58a5c: ;   {poll}
  0x000001f915c58a5c: 4185 023b | 6c24 407d | 5c44 8b8c | 24a4 0000 | 0044 2bcd | 4183 c1fd | 448b 5424 | 4045 33c0 
  0x000001f915c58a7c: 443b d545 | 0f4c c841 | 81f9 a00f | 0000 41bb | a00f 0000 | 450f 47cb | 4403 cdeb | 8e49 baff 
  0x000001f915c58a9c: ffff ffff | ffff ffc4 | 42b8 f5d2 | c4c1 fb92 | fa62 f17f | af6f 0162 | f17f 2f7f | 02e9 ae02 
  0x000001f915c58abc: 0000 418b | e83b ac24 | a400 0000 | 7d32 6690 | 4c63 d54c | 8b5c 2448 | 470f be44 | 1310 4183 
  0x000001f915c58adc: f82e 0f84 | b51a 0000 | 4c8b 9c24 | 9800 0000 | 4788 4413 | 10ff c53b | ac24 a400 | 0000 7cd0 
  0x000001f915c58afc: 4d8b 87b8 | 0100 004d | 8bd0 4983 | c218 4d3b | 97c8 0100 | 000f 83b1 | 2c00 004d | 8997 b801 
  0x000001f915c58b1c: 0000 410f | 0d8a c000 | 0000 49c7 | 0001 0000 | 004d 8bd0 | 4983 c210 

  0x000001f915c58b34: ;   {metadata('java/lang/String')}
  0x000001f915c58b34: 41c7 4008 | 78e8 0000 | 4589 600c | c5fd efc0 | c4c1 79d6 | 024c 8b9c | 2498 0000 | 004d 8bd3 
  0x000001f915c58b54: 49c1 ea03 | 4589 5014 | eb48 41b8 | 0100 0000 | 443b 8424 | a400 0000 | 7d24 6690 | 4c8b 5424 
  0x000001f915c58b74: 4847 0fbe | 5402 1041 | 83fa 2e0f | 842b 2f00 | 0041 ffc0 | 443b 8424 | a400 0000 | 7cde 448b 
  0x000001f915c58b94: 9c24 bc00 | 0000 49c1 | e303 4c8b | 8424 9000 | 0000 458b | 4b0c 4585 | c90f 86f3 | 1c00 0044 
  0x000001f915c58bb4: 898c 24bc | 0000 004c | 899c 2498 | 0000 0045 | 0fbe 5010 | 4489 9424 | c000 0000 | 4c89 8424 
  0x000001f915c58bd4: a000 0000 | c442 2af7 | d944 899c | 24c4 0000 | 004d 63d3 | 4c89 9424 | c800 0000 | 448b 9c24 
  0x000001f915c58bf4: c000 0000 | 4183 fb01 | 0f84 ca42 | 0000 448b | 9424 c400 | 0000 4585 | d20f 8c05 | 3f00 004c 
  0x000001f915c58c14: 8b8c 24c8 | 0000 0049 | 83c1 0141 | 8be9 85ed | 0f8c 723f | 0000 4d8b | d149 c1fa 

  0x000001f915c58c30: ;   {no_reloc}
  0x000001f915c58c30: 2045 8bda | c462 21f7 | d544 8994 | 24d0 0000 | 0045 85d2 | 0f8c 0643 | 0000 4181 | fa00 0010 
  0x000001f915c58c50: 000f 87b1 | 3600 004d | 63d2 8bac | 24d0 0000 | 0081 fd00 | 0010 000f | 8779 2a00 | 004d 8b87 
  0x000001f915c58c70: b801 0000 | 4983 c217 | 4983 e2f8 | 4d8b d84d | 03da 4d3b | 9fc8 0100 | 000f 8357 | 2a00 004d 
  0x000001f915c58c90: 899f b801 | 0000 410f | 0d8b c000 | 0000 49c7 | 0001 0000 | 0041 0f0d | 8b00 0100 

  0x000001f915c58cac: ;   {metadata({type array byte})}
  0x000001f915c58cac: 0041 c740 | 0818 2300 | 0041 8968 | 0c41 0f0d | 8b40 0100 | 0041 0f0d | 8b80 0100 | 004c 8984 
  0x000001f915c58ccc: 24d8 0000 | 0044 8b9c | 24c4 0000 | 0041 ffc3 | 448b 8424 | d000 0000 | 453b c30f | 826b 3800 
  0x000001f915c58cec: 004c 8b94 | 24d8 0000 | 0044 8b9c | 24c4 0000 | 0043 c644 | 1a10 2f44 | 8b9c 24c0 | 0000 0045 
  0x000001f915c58d0c: 85db 0f85 | f43e 0000 | 443b 8424 | bc00 0000 | 0f82 de38 | 0000 448b | 9424 bc00 | 0000 4585 
  0x000001f915c58d2c: d276 3d48 | 8b94 24d8 | 0000 0048 | 83c2 1048 | 8b8c 2498 | 0000 0048 | 83c1 104d | 63c2 4983 
  0x000001f915c58d4c: f820 0f86 | 45fd ffff | c5f8 7749 | bac0 2054 | 15f9 0100 | 0041 ffd2 

  0x000001f915c58d64: ;   {other}
  0x000001f915c58d64: 0f1f 8400 | 0000 0000 | 498b 87b8 | 0100 004c | 8bd0 4983 | c218 4d3b | 97c8 0100 | 000f 8395 
  0x000001f915c58d84: 2900 004d | 8997 b801 | 0000 410f | 0d8a c000 | 0000 48c7 | 0001 0000 

  0x000001f915c58d9c: ;   {metadata('java/lang/String')}
  0x000001f915c58d9c: 00c7 4008 | 78e8 0000 | 4489 600c | 4489 6010 | 4c8b 9424 | d800 0000 | 4d8b da49 | c1eb 0344 
  0x000001f915c58dbc: 8958 1444 | 8b5c 2428 

  0x000001f915c58dc4: ;   {metadata('java/util/jar/JavaUtilJarAccessImpl')}
  0x000001f915c58dc4: 4181 fba0 | 5b31 000f | 8543 3600 | 004c 8b94 | 2480 0000 | 0041 8b6a | 1045 8b5c 

  0x000001f915c58de0: ;   {metadata('java/util/HashMap')}
  0x000001f915c58de0: ec08 4181 | fb68 a908 | 000f 85a9 | 3600 004d | 8d1c ec45 | 8b5b 2445 | 85db 0f84 | 7a01 0000 
  0x000001f915c58e00: 478b 44dc | 0c45 85c0 | 0f86 863e | 0000 488b | c88b 580c | 4b8d 3cdc | 41ff c885 | db0f 845c 
  0x000001f915c58e20: 0500 0044 | 8bdb 41c1 | eb10 4433 | db45 23c3 | 468b 4c87 | 1045 85c9 | 0f84 3c01 | 0000 438b 
  0x000001f915c58e40: 5ccc 0c41 | 3bdb 0f85 | 2403 0000 | 438b 5ccc | 104b 8d2c | cc4c 8bc3 | 49c1 e003 | 4c3b c174 
  0x000001f915c58e60: 4944 894c | 2444 4489 | 5c24 4048 | 894c 2438 | 4c89 5424 | 2848 8bd1 | 4c8b 9424 | a800 0000 
  0x000001f915c58e80: 4c89 5424 | 4866 6690 

  0x000001f915c58e88: ;   {optimized virtual_call}
  0x000001f915c58e88: c5f8 77e8 

  0x000001f915c58e8c: ; ImmutableOopMap {rbp=Oop [32]=Oop [40]=Oop [48]=Oop [56]=Oop [68]=NarrowOop [72]=Oop [104]=Oop [120]=Oop [136]=NarrowOop [144]=Oop [168]=Oop [176]=Oop }
                      ;*invokevirtual equals {reexecute=0 rethrow=0 return_oop=0}
                      ; - java.util.HashMap::getNode@63
                      ; - java.util.HashMap::get@2
                      ; - java.util.jar.Manifest::getAttributes@5
                      ; - java.util.jar.Manifest::getTrustedAttributes@2
                      ; - java.util.jar.JavaUtilJarAccessImpl::getTrustedAttributes@2
                      ; - java.net.URLClassLoader::isSealed@18
                      ; - java.net.URLClassLoader::getAndVerifyPackage@68
                      ; - java.net.URLClassLoader::defineClass@46
                      ; - java.net.URLClassLoader$1::run@43
                      ; - java.net.URLClassLoader$1::run@1
                      ; - java.security.AccessController::executePrivileged@29
                      ; - java.security.AccessController::doPrivileged@13
                      ; - java.net.URLClassLoader::findClass@13
  0x000001f915c58e8c: f05f 90ff 

  0x000001f915c58e90: ;   {other}
  0x000001f915c58e90: 0f1f 8400 | 802c 0021 | 85c0 0f84 | bc02 0000 | 4c8b 5424 | 2848 8b4c | 2438 8b6d | 1485 ed0f 
  0x000001f915c58eb0: 84c5 0000 | 0045 8b44 

  0x000001f915c58eb8: ;   {metadata('java/util/jar/Attributes')}
  0x000001f915c58eb8: ec08 4181 | f840 8816 | 000f 8541 | 5000 0045 | 8b42 1449 | 8d14 ec45 | 85c0 745a | 4889 5424 
  0x000001f915c58ed8: 2848 898c | 2498 0000 | 004c 8954 | 2460 4b8d | 14c4 4c8b | c14c 8b94 | 24a8 0000 | 004c 8954 
  0x000001f915c58ef8: 2438 4c8b | 5424 604c | 8954 2458 | 488b ac24 | b000 0000 

  0x000001f915c58f0c: ;   {optimized virtual_call}
  0x000001f915c58f0c: c5f8 77e8 

  0x000001f915c58f10: ; ImmutableOopMap {rbp=Oop [32]=Oop [40]=Oop [48]=Oop [56]=Oop [88]=Oop [96]=Oop [104]=Oop [120]=Oop [136]=NarrowOop [144]=Oop [152]=Oop [168]=Oop [176]=Oop }
                      ;*invokevirtual isTrustedManifestEntry {reexecute=0 rethrow=0 return_oop=0}
                      ; - java.util.jar.Manifest::getTrustedAttributes@22
                      ; - java.util.jar.JavaUtilJarAccessImpl::getTrustedAttributes@2
                      ; - java.net.URLClassLoader::isSealed@18
                      ; - java.net.URLClassLoader::getAndVerifyPackage@68
                      ; - java.net.URLClassLoader::defineClass@46
                      ; - java.net.URLClassLoader$1::run@43
                      ; - java.net.URLClassLoader$1::run@1
                      ; - java.security.AccessController::executePrivileged@29
                      ; - java.security.AccessController::doPrivileged@13
                      ; - java.net.URLClassLoader::findClass@13
  0x000001f915c58f10: 6c5f 90ff 

  0x000001f915c58f14: ;   {other}
  0x000001f915c58f14: 0f1f 8400 | 042d 0022 | 85c0 0f84 | 7c41 0000 | 4c8b 5424 | 5848 8b54 | 2428 4c89 

  0x000001f915c58f30: ;   {oop(a 'java/util/jar/Attributes$Name'{0x0000000600416278})}
  0x000001f915c58f30: 5424 6049 | b878 6241 | 0006 0000 | 004c 8b54 | 2460 4c89 | 5424 404c | 8b94 24a8 | 0000 004c 
  0x000001f915c58f50: 8954 2448 | 488b ac24 | b000 0000 

  0x000001f915c58f5c: ;   {optimized virtual_call}
  0x000001f915c58f5c: c5f8 77e8 

  0x000001f915c58f60: ; ImmutableOopMap {rbp=Oop [32]=Oop [48]=Oop [64]=Oop [72]=Oop [96]=Oop [104]=Oop [120]=Oop [136]=NarrowOop [144]=Oop [168]=Oop [176]=Oop }
                      ;*invokevirtual getValue {reexecute=0 rethrow=0 return_oop=1}
                      ; - java.net.URLClassLoader::isSealed@35
                      ; - java.net.URLClassLoader::getAndVerifyPackage@68
                      ; - java.net.URLClassLoader::defineClass@46
                      ; - java.net.URLClassLoader$1::run@43
                      ; - java.net.URLClassLoader$1::run@1
                      ; - java.security.AccessController::executePrivileged@29
                      ; - java.security.AccessController::doPrivileged@13
                      ; - java.net.URLClassLoader::findClass@13
  0x000001f915c58f60: 1c5f 90ff 

  0x000001f915c58f64: ;   {other}
  0x000001f915c58f64: 0f1f 8400 | 542d 0023 | 4885 c00f | 85ab 4200 | 004c 8b54 | 2440 458b | 5a0c 438b | 6cdc 0c45 
  0x000001f915c58f84: 8b44 ec08 

  0x000001f915c58f88: ;   {metadata('java/util/LinkedHashMap')}
  0x000001f915c58f88: 4181 f8e8 | a10f 000f | 856b 3500 | 0049 8d0c | ec44 8b59 | 2445 85db | 0f84 a6ec | ffff 478b 
  0x000001f915c58fa8: 44dc 0c45 | 85c0 0f86 | 603d 0000 

  0x000001f915c58fb4: ;   {oop(a 'java/util/jar/Attributes$Name'{0x0000000600416278})}
  0x000001f915c58fb4: 49b9 7862 | 4100 0600 | 0000 418b | 590c 4f8d | 0cdc 448b | db41 c1eb | 1044 33db | 41ff c845 
  0x000001f915c58fd4: 23c3 478b | 4c81 1045 | 85c9 0f84 | 68ec ffff | 478b 44cc | 0c45 3bc3 | 0f85 3f02 | 0000 438b 
  0x000001f915c58ff4: 5ccc 104f 

  0x000001f915c58ff8: ;   {oop(a 'java/util/jar/Attributes$Name'{0x0000000600416278})}
  0x000001f915c58ff8: 8d04 cc81 | fb4f 2c08 | c074 684c | 8944 2448 | 4489 4c24 | 4444 895c | 2440 4889 | 4c24 384c 
  0x000001f915c59018: 8954 2428 | 4c8b c349 

  0x000001f915c59020: ;   {oop(a 'java/util/jar/Attributes$Name'{0x0000000600416278})}
  0x000001f915c59020: c1e0 0348 | ba78 6241 | 0006 0000 | 004c 8b94 | 24a8 0000 | 004c 8954 | 2458 488b | ac24 b000 
  0x000001f915c59040: 0000 6690 

  0x000001f915c59044: ;   {optimized virtual_call}
  0x000001f915c59044: c5f8 77e8 

  0x000001f915c59048: ; ImmutableOopMap {rbp=Oop [32]=Oop [40]=Oop [48]=Oop [56]=Oop [68]=NarrowOop [72]=Oop [88]=Oop [104]=Oop [120]=Oop [136]=NarrowOop [144]=Oop [168]=Oop [176]=Oop }
                      ;*invokevirtual equals {reexecute=0 rethrow=0 return_oop=0}
                      ; - java.util.HashMap::getNode@63
                      ; - java.util.LinkedHashMap::get@2
                      ; - java.util.jar.Attributes::get@5
                      ; - java.util.jar.Attributes::getValue@2
                      ; - java.net.URLClassLoader::isSealed@58
                      ; - java.net.URLClassLoader::getAndVerifyPackage@68
                      ; - java.net.URLClassLoader::defineClass@46
                      ; - java.net.URLClassLoader$1::run@43
                      ; - java.net.URLClassLoader$1::run@1
                      ; - java.security.AccessController::executePrivileged@29
                      ; - java.security.AccessController::doPrivileged@13
                      ; - java.net.URLClassLoader::findClass@13
  0x000001f915c59048: 345e 90ff 

  0x000001f915c5904c: ;   {other}
  0x000001f915c5904c: 0f1f 8400 | 3c2e 0024 | 85c0 0f84 | c101 0000 | 4c8b 5424 | 2848 8b4c | 2438 4c8b | 4424 480f 
  0x000001f915c5906c: b669 3085 | ed0f 851d | 4200 0041 | 8b68 1485 | ed0f 84c9 | ebff ff45 | 8b5c ec08 

  0x000001f915c59088: ;   {metadata('java/lang/String')}
  0x000001f915c59088: 4181 fb78 | e800 000f | 85eb 4e00 | 0049 8d3c 

  0x000001f915c59098: ;   {oop("true"{0x0000000600416290})}
  0x000001f915c59098: ec48 ba90 | 6241 0006 | 0000 0048 | 3bfa 7465 | 448b 5f14 

  0x000001f915c590ac: ; implicit exception: dispatches to 0x000001f915c5e578
  0x000001f915c590ac: 478b 44dc | 0c44 0fbe | 5f10 c442 | 22f7 c041 | 83f8 040f | 8587 ebff | ff4c 8954 | 2428 b904 
  0x000001f915c590cc: 0000 0041 | b801 0000 | 0045 33c9 | 33f6 4c8b | 9424 a800 | 0000 4c89 | 5424 3848 | 8bac 24b0 
  0x000001f915c590ec: 0000 0090 

  0x000001f915c590f0: ;   {optimized virtual_call}
  0x000001f915c590f0: c5f8 77e8 

  0x000001f915c590f4: ; ImmutableOopMap {rbp=Oop [32]=Oop [40]=Oop [48]=Oop [56]=Oop [104]=Oop [120]=Oop [136]=NarrowOop [144]=Oop [168]=Oop [176]=Oop }
                      ;*invokevirtual regionMatches {reexecute=0 rethrow=0 return_oop=0}
                      ; - java.lang.String::equalsIgnoreCase@33
                      ; - java.net.URLClassLoader::isSealed@68
                      ; - java.net.URLClassLoader::getAndVerifyPackage@68
                      ; - java.net.URLClassLoader::defineClass@46
                      ; - java.net.URLClassLoader$1::run@43
                      ; - java.net.URLClassLoader$1::run@1
                      ; - java.security.AccessController::executePrivileged@29
                      ; - java.security.AccessController::doPrivileged@13
                      ; - java.net.URLClassLoader::findClass@13
  0x000001f915c590f4: 885d 90ff 

  0x000001f915c590f8: ;   {other}
  0x000001f915c590f8: 0f1f 8400 | e82e 0025 | 85c0 0f84 | 44eb ffff | 4c8b 5424 | 28ba 45ff | ffff 488b | ac24 a800 
  0x000001f915c59118: 0000 4c8b | 5c24 304c | 895c 2420 | 4c8b 9c24 | b000 0000 | 4c89 5c24 | 304c 8b5c | 2468 4c89 
  0x000001f915c59138: 5c24 404c | 8b5c 2450 | 4c89 5c24 | 484c 8954 | 2460 6690 

  0x000001f915c5914c: ;   {runtime_call UncommonTrapBlob}
  0x000001f915c5914c: c5f8 77e8 

  0x000001f915c59150: ; ImmutableOopMap {rbp=Oop [32]=Oop [48]=Oop [64]=Oop [96]=Oop [136]=NarrowOop [144]=Oop }
                      ;*ifeq {reexecute=1 rethrow=0 return_oop=0}
                      ; - (reexecute) java.net.URLClassLoader::getAndVerifyPackage@71
                      ; - java.net.URLClassLoader::defineClass@46
                      ; - java.net.URLClassLoader$1::run@43
                      ; - java.net.URLClassLoader$1::run@1
                      ; - java.security.AccessController::executePrivileged@29
                      ; - java.security.AccessController::doPrivileged@13
                      ; - java.net.URLClassLoader::findClass@13
  0x000001f915c59150: ace9 90ff 

  0x000001f915c59154: ;   {other}
  0x000001f915c59154: 0f1f 8400 | 442f 0026 | 4c8b 5424 | 2848 8b4c | 2438 448b | 5c24 4044 | 8b4c 2444 | 438b 5ccc 
  0x000001f915c59174: 1885 db0f | 84fd fdff | ff43 8b7c 

  0x000001f915c59180: ;   {metadata('java/util/HashMap$TreeNode')}
  0x000001f915c59180: cc08 81ff | 2001 1a00 | 0f84 7e43 | 0000 498d | 2cdc 448b | 4d0c 453b | cb74 1c44 | 8b45 1849 
  0x000001f915c591a0: 8b97 5804 

  0x000001f915c591a4: ; ImmutableOopMap {r10=Oop r8=NarrowOop rcx=Oop [32]=Oop [48]=Oop [104]=Oop [120]=Oop [136]=NarrowOop [144]=Oop [168]=Oop [176]=Oop }
                      ;*ifnonnull {reexecute=1 rethrow=0 return_oop=0}
                      ; - (reexecute) java.util.HashMap::getNode@145
                      ; - java.util.HashMap::get@2
                      ; - java.util.jar.Manifest::getAttributes@5
                      ; - java.util.jar.Manifest::getTrustedAttributes@2
                      ; - java.util.jar.JavaUtilJarAccessImpl::getTrustedAttributes@2
                      ; - java.net.URLClassLoader::isSealed@18
                      ; - java.net.URLClassLoader::getAndVerifyPackage@68
                      ; - java.net.URLClassLoader::defineClass@46
                      ; - java.net.URLClassLoader$1::run@43
                      ; - java.net.URLClassLoader$1::run@1
                      ; - java.security.AccessController::executePrivileged@29
                      ; - java.security.AccessController::doPrivileged@13
                      ; - java.net.URLClassLoader::findClass@13
                      ;   {poll}
  0x000001f915c591a4: 0000 8502 | 4585 c00f | 84c9 fdff | ff4b 8d2c | c4eb db44 | 8b45 1049 | c1e0 034c | 3bc1 0f84 
  0x000001f915c591c4: e2fc ffff | 4489 5c24 | 5c48 898c | 24a0 0000 | 004c 8994 | 2480 0000 | 0048 8bd1 | 4c8b 9424 
  0x000001f915c591e4: a800 0000 | 4c89 5424 | 2866 6690 

  0x000001f915c591f0: ;   {optimized virtual_call}
  0x000001f915c591f0: c5f8 77e8 

  0x000001f915c591f4: ; ImmutableOopMap {rbp=Oop [32]=Oop [40]=Oop [48]=Oop [104]=Oop [120]=Oop [128]=Oop [136]=NarrowOop [144]=Oop [160]=Oop [168]=Oop [176]=Oop }
                      ;*invokevirtual equals {reexecute=0 rethrow=0 return_oop=0}
                      ; - java.util.HashMap::getNode@128
                      ; - java.util.HashMap::get@2
                      ; - java.util.jar.Manifest::getAttributes@5
                      ; - java.util.jar.Manifest::getTrustedAttributes@2
                      ; - java.util.jar.JavaUtilJarAccessImpl::getTrustedAttributes@2
                      ; - java.net.URLClassLoader::isSealed@18
                      ; - java.net.URLClassLoader::getAndVerifyPackage@68
                      ; - java.net.URLClassLoader::defineClass@46
                      ; - java.net.URLClassLoader$1::run@43
                      ; - java.net.URLClassLoader$1::run@1
                      ; - java.security.AccessController::executePrivileged@29
                      ; - java.security.AccessController::doPrivileged@13
                      ; - java.net.URLClassLoader::findClass@13
  0x000001f915c591f4: 885c 90ff 

  0x000001f915c591f8: ;   {other}
  0x000001f915c591f8: 0f1f 8400 | e82f 0028 | 85c0 0f84 | b54a 0000 | 4c8b 9424 | 8000 0000 | 488b 8c24 | a000 0000 
  0x000001f915c59218: e98d fcff | ff4c 8b54 | 2428 488b | 4c24 3844 | 8b5c 2440 | 448b 4c24 | 4447 8b44 | cc18 4585 
  0x000001f915c59238: c00f 840d | eaff ff43 | 8b5c cc08 

  0x000001f915c59244: ;   {metadata('java/util/HashMap$TreeNode')}
  0x000001f915c59244: 81fb 2001 | 1a00 0f84 | 4c43 0000 | 49c1 e003 | 418b 580c | 413b db74 | 1b41 8b78 | 1849 8b9f 
  0x000001f915c59264: ; ImmutableOopMap {r10=Oop rcx=Oop rdi=NarrowOop [32]=Oop [48]=Oop [104]=Oop [120]=Oop [136]=NarrowOop [144]=Oop [168]=Oop [176]=Oop }
                      ;*ifnonnull {reexecute=1 rethrow=0 return_oop=0}
                      ; - (reexecute) java.util.HashMap::getNode@145
                      ; - java.util.LinkedHashMap::get@2
                      ; - java.util.jar.Attributes::get@5
                      ; - java.util.jar.Attributes::getValue@2
                      ; - java.net.URLClassLoader::isSealed@58
                      ; - java.net.URLClassLoader::getAndVerifyPackage@68
                      ; - java.net.URLClassLoader::defineClass@46
                      ; - java.net.URLClassLoader$1::run@43
                      ; - java.net.URLClassLoader$1::run@1
                      ; - java.security.AccessController::executePrivileged@29
                      ; - java.security.AccessController::doPrivileged@13
                      ; - java.net.URLClassLoader::findClass@13
  0x000001f915c59264: 5804 0000 

  0x000001f915c59268: ;   {poll}
  0x000001f915c59268: 8503 85ff | 0f84 dae9 | ffff 4d8d | 04fc ebdc | 458b 4810 

  0x000001f915c5927c: ;   {oop(a 'java/util/jar/Attributes$Name'{0x0000000600416278})}
  0x000001f915c5927c: 4181 f94f | 2c08 c00f | 84e2 fdff | ff4c 8984 | 24a0 0000 | 0044 899c | 248c 0000 | 0048 898c 
  0x000001f915c5929c: 2498 0000 | 004c 8954 | 2460 4d8b | c149 c1e0 

  0x000001f915c592ac: ;   {oop(a 'java/util/jar/Attributes$Name'{0x0000000600416278})}
  0x000001f915c592ac: 0348 ba78 | 6241 0006 | 0000 0048 | 8bac 24a8 | 0000 0090 

  0x000001f915c592c0: ;   {optimized virtual_call}
  0x000001f915c592c0: c5f8 77e8 

  0x000001f915c592c4: ; ImmutableOopMap {rbp=Oop [32]=Oop [48]=Oop [96]=Oop [104]=Oop [120]=Oop [136]=NarrowOop [144]=Oop [152]=Oop [160]=Oop [168]=Oop [176]=Oop }
                      ;*invokevirtual equals {reexecute=0 rethrow=0 return_oop=0}
                      ; - java.util.HashMap::getNode@128
                      ; - java.util.LinkedHashMap::get@2
                      ; - java.util.jar.Attributes::get@5
                      ; - java.util.jar.Attributes::getValue@2
                      ; - java.net.URLClassLoader::isSealed@58
                      ; - java.net.URLClassLoader::getAndVerifyPackage@68
                      ; - java.net.URLClassLoader::defineClass@46
                      ; - java.net.URLClassLoader$1::run@43
                      ; - java.net.URLClassLoader$1::run@1
                      ; - java.security.AccessController::executePrivileged@29
                      ; - java.security.AccessController::doPrivileged@13
                      ; - java.net.URLClassLoader::findClass@13
  0x000001f915c592c4: b85b 90ff 

  0x000001f915c592c8: ;   {other}
  0x000001f915c592c8: 0f1f 8400 | b830 002a | 85c0 0f84 | 544a 0000 | 4c8b 5424 | 6048 8b8c | 2498 0000 | 004c 8b84 
  0x000001f915c592e8: 24a0 0000 | 00e9 79fd | ffff 4585 | d20f 8591 | 1500 004c | 8b94 2498 | 0000 0045 | 0fbe 5a10 
  0x000001f915c59308: 4585 db0f | 8547 4400 | 0049 8bd0 | 48c1 e203 | 448b 9c24 | bc00 0000 | 4b8d 2cdc | 4c8b 9424 
  0x000001f915c59328: a800 0000 | 4c89 5424 | 284c 8b94 | 24b0 0000 | 004c 8954 | 2440 448b | 9424 8800 | 0000 4489 
  0x000001f915c59348: 5424 6090 

  0x000001f915c5934c: ;   {static_call}
  0x000001f915c5934c: c5f8 77e8 

  0x000001f915c59350: ; ImmutableOopMap {rbp=Oop [32]=Oop [40]=Oop [48]=Oop [64]=Oop [96]=NarrowOop [104]=Oop [128]=Oop [136]=NarrowOop [152]=Oop [168]=Oop [176]=Oop [184]=NarrowOop [188]=NarrowOop }
                      ;*invokestatic hashCode {reexecute=0 rethrow=0 return_oop=0}
                      ; - java.lang.String::hashCode@27
                      ; - java.util.concurrent.ConcurrentHashMap::get@1
                      ; - java.lang.ClassLoader::definePackage@47
                      ; - java.lang.ClassLoader::getDefinedPackage@32
                      ; - java.net.URLClassLoader::getAndVerifyPackage@2
                      ; - java.net.URLClassLoader::defineClass@46
                      ; - java.net.URLClassLoader$1::run@43
                      ; - java.net.URLClassLoader$1::run@1
                      ; - java.security.AccessController::executePrivileged@29
                      ; - java.security.AccessController::doPrivileged@13
                      ; - java.net.URLClassLoader::findClass@13
  0x000001f915c59350: 2c65 90ff 

  0x000001f915c59354: ;   {other}
  0x000001f915c59354: 0f1f 8400 | 4431 002b | 85c0 0f84 | 2d19 0000 | 4c8b 9c24 | 9800 0000 | 4189 430c | e9e7 edff 
  0x000001f915c59374: ffbb 2f00 | 0000 e9c3 | dbff ff44 | 0fb6 4811 | 4585 c90f | 850e 1500 | 0044 0fbe | 4810 4585 
  0x000001f915c59394: c90f 8519 | 4400 0048 | 897c 2440 | 4489 4424 | 3848 8944 | 2428 498b | ea44 8b50 | 1449 8bd2 
  0x000001f915c593b4: 48c1 e203 | 4c8b 9424 | a800 0000 | 4c89 5424 | 4866 6690 

  0x000001f915c593c8: ;   {static_call}
  0x000001f915c593c8: c5f8 77e8 

  0x000001f915c593cc: ; ImmutableOopMap {rbp=Oop [32]=Oop [40]=Oop [48]=Oop [64]=Oop [72]=Oop [104]=Oop [120]=Oop [136]=NarrowOop [144]=Oop [168]=Oop [176]=Oop }
                      ;*invokestatic hashCode {reexecute=0 rethrow=0 return_oop=0}
                      ; - java.lang.String::hashCode@27
                      ; - java.util.HashMap::hash@9
                      ; - java.util.HashMap::getNode@23
                      ; - java.util.HashMap::get@2
                      ; - java.util.jar.Manifest::getAttributes@5
                      ; - java.util.jar.Manifest::getTrustedAttributes@2
                      ; - java.util.jar.JavaUtilJarAccessImpl::getTrustedAttributes@2
                      ; - java.net.URLClassLoader::isSealed@18
                      ; - java.net.URLClassLoader::getAndVerifyPackage@68
                      ; - java.net.URLClassLoader::defineClass@46
                      ; - java.net.URLClassLoader$1::run@43
                      ; - java.net.URLClassLoader$1::run@1
                      ; - java.security.AccessController::executePrivileged@29
                      ; - java.security.AccessController::doPrivileged@13
                      ; - java.net.URLClassLoader::findClass@13
  0x000001f915c593cc: b064 90ff 

  0x000001f915c593d0: ;   {other}
  0x000001f915c593d0: 0f1f 8400 | c031 002c | 85c0 0f84 | c518 0000 | 488b 4c24 | 2889 410c | 448b d841 | c1eb 1044 
  0x000001f915c593f0: 33d8 448b | 4424 3845 | 23c3 4c8b | d548 8b7c | 2440 e929 | faff ff4c | 894c 2478 | 498b d14c 
  0x000001f915c59410: 8944 2420 | 4c8b 9424 | a800 0000 | 4c89 5424 | 2848 8bac | 24b0 0000 | 0066 6690 

  0x000001f915c5942c: ;   {optimized virtual_call}
  0x000001f915c5942c: c5f8 77e8 

  0x000001f915c59430: ; ImmutableOopMap {rbp=Oop [32]=Oop [40]=Oop [48]=Oop [88]=NarrowOop [104]=Oop [120]=Oop [160]=Oop [168]=Oop [176]=Oop }
                      ;*invokevirtual getManEntry {reexecute=0 rethrow=0 return_oop=1}
                      ; - java.util.jar.JarFile::getManifestFromReference@27
                      ; - java.util.jar.JarFile::getManifest@1
                      ; - jdk.internal.loader.URLClassPath$JarLoader$2::getManifest@22
                      ; - java.net.URLClassLoader::defineClass@34
                      ; - java.net.URLClassLoader$1::run@43
                      ; - java.net.URLClassLoader$1::run@1
                      ; - java.security.AccessController::executePrivileged@29
                      ; - java.security.AccessController::doPrivileged@13
                      ; - java.net.URLClassLoader::findClass@13
  0x000001f915c59430: ccd7 daef 

  0x000001f915c59434: ;   {other}
  0x000001f915c59434: 0f1f 8400 | 2432 002d | 4885 c00f | 843a 1300 | 0048 8944 | 2470 4c8b | 5424 7845 | 0fb6 5212 
  0x000001f915c59454: 4585 d20f | 85e8 0200 | 0048 8b54 | 2478 4c8b | c048 8b6c | 2428 4c8b | 5424 684c | 8954 2428 
  0x000001f915c59474: 4c8b 9424 | b000 0000 | 4c89 5424 | 3866 6690 

  0x000001f915c59484: ;   {optimized virtual_call}
  0x000001f915c59484: c5f8 77e8 

  0x000001f915c59488: ; ImmutableOopMap {rbp=Oop [40]=Oop [48]=Oop [56]=Oop [88]=NarrowOop [104]=Oop [120]=Oop [160]=Oop [168]=Oop [176]=Oop }
                      ;*invokespecial getInputStream {reexecute=0 rethrow=0 return_oop=1}
                      ; - java.util.jar.JarFile::getManifestFromReference@130
                      ; - java.util.jar.JarFile::getManifest@1
                      ; - jdk.internal.loader.URLClassPath$JarLoader$2::getManifest@22
                      ; - java.net.URLClassLoader::defineClass@34
                      ; - java.net.URLClassLoader$1::run@43
                      ; - java.net.URLClassLoader$1::run@1
                      ; - java.security.AccessController::executePrivileged@29
                      ; - java.security.AccessController::doPrivileged@13
                      ; - java.net.URLClassLoader::findClass@13
  0x000001f915c59488: b41c 0600 

  0x000001f915c5948c: ;   {other}
  0x000001f915c5948c: 0f1f 8400 | 7c32 002e | 4889 4424 | 2049 8b87 | b801 0000 | 4c8b d049 | 83c2 184d | 3b97 c801 
  0x000001f915c594ac: 0000 0f83 | e428 0000 | 4d89 97b8 | 0100 0041 | 0f0d 8ac0 | 0000 0048 | c700 0100 | 0000 4c8b 
  0x000001f915c594cc: d049 83c2 

  0x000001f915c594d0: ;   {metadata('java/util/jar/Manifest')}
  0x000001f915c594d0: 10c7 4008 | a0e1 0400 | 4489 600c | c5fd efc0 | c4c1 79d6 | 024c 8bd0 | 4c89 5424 | 284c 8b54 
  0x000001f915c594f0: 2478 458b | 5214 4489 | 5424 3849 | 8baf b801 | 0000 4c8b | d549 83c2 | 104d 3b97 | c801 0000 
  0x000001f915c59510: 0f83 5628 | 0000 4d89 | 97b8 0100 | 0041 0f0d | 8ac0 0000 | 0048 c745 | 0001 0000 

  0x000001f915c5952c: ;   {metadata('java/util/jar/Attributes')}
  0x000001f915c5952c: 00c7 4508 | 4088 1600 | 4489 650c | ba10 0000 | 004c 8b94 | 24a8 0000 | 004c 8954 | 2440 6690 
  0x000001f915c5954c: ;   {static_call}
  0x000001f915c5954c: c5f8 77e8 

  0x000001f915c59550: ; ImmutableOopMap {rbp=Oop [32]=Oop [40]=Oop [48]=Oop [56]=NarrowOop [64]=Oop [88]=NarrowOop [104]=Oop [120]=Oop [160]=Oop [168]=Oop [176]=Oop }
                      ;*invokestatic newLinkedHashMap {reexecute=0 rethrow=0 return_oop=1}
                      ; - java.util.jar.Attributes::<init>@6
                      ; - java.util.jar.Attributes::<init>@3
                      ; - java.util.jar.Manifest::<init>@9
                      ; - java.util.jar.Manifest::<init>@4
                      ; - java.util.jar.JarFile::getManifestFromReference@143
                      ; - java.util.jar.JarFile::getManifest@1
                      ; - jdk.internal.loader.URLClassPath$JarLoader$2::getManifest@22
                      ; - java.net.URLClassLoader::defineClass@34
                      ; - java.net.URLClassLoader$1::run@43
                      ; - java.net.URLClassLoader$1::run@1
                      ; - java.security.AccessController::executePrivileged@29
                      ; - java.security.AccessController::doPrivileged@13
                      ; - java.net.URLClassLoader::findClass@13
  0x000001f915c59550: 4cfd ddef 

  0x000001f915c59554: ;   {other}
  0x000001f915c59554: 0f1f 8400 | 4433 002f | 488b f841 | 807f 4000 | 0f85 c622 | 0000 4c8b | df49 c1eb | 0344 895d 
  0x000001f915c59574: 0c4c 8bd7 | 4c8b dd4d | 33d3 488b | dd48 c1eb | 0349 c1ea | 1644 8b4c | 2438 4d8b | c149 c1e0 
  0x000001f915c59594: 034c 8944 | 2440 4d85 | d274 1f48 | 85ff 741a | 49c1 eb09 | 48b9 0000 | d323 f901 | 0000 4903 
  0x000001f915c595b4: cb80 3902 | 0f85 c923 | 0000 4180 | 7f40 000f | 852b 2200 | 004c 8b54 | 2428 4189 | 5a0c 4c8b 
  0x000001f915c595d4: d54c 8b5c | 2428 4d33 | d349 c1ea | 164d 85d2 | 741a 49c1 | eb09 48b9 | 0000 d323 | f901 0000 
  0x000001f915c595f4: 4903 cb80 | 3902 0f85 | 3623 0000 | 4d8b 97b8 | 0100 004d | 8bda 4983 | c330 4d3b | 9fc8 0100 
  0x000001f915c59614: 000f 83b6 | 2700 004d | 899f b801 | 0000 410f | 0d8b c000 | 0000 49c7 | 0201 0000 | 004d 8bda 
  0x000001f915c59634: 4983 c328 

  0x000001f915c59638: ;   {metadata('java/util/HashMap')}
  0x000001f915c59638: 41c7 4208 | 68a9 0800 | 4d8b c249 | 83c0 1045 | 8962 0cc5 | f5ef c962 | d1fe 087f | 08c5 fdef 
  0x000001f915c59658: c0c4 c179 | d603 49c7 | 4220 0000 | 403f 498b | da41 807f | 4000 0f85 | f321 0000 | 4c8b d349 
  0x000001f915c59678: c1ea 034c | 8b5c 2428 | 4589 5310 | 4d8b d34c | 8bdb 4d33 | da49 c1eb | 164d 85db | 741a 49c1 
  0x000001f915c59698: ea09 48b9 | 0000 d323 | f901 0000 | 4903 ca80 | 3902 0f85 | 3522 0000 | 488b 5424 | 284c 8b44 
  0x000001f915c596b8: 2420 4c8b | 4c24 4048 | 8bac 24a8 | 0000 004c | 8b54 2468 | 4c89 5424 | 384c 8b94 | 24b0 0000 
  0x000001f915c596d8: 004c 8954 | 2440 6690 

  0x000001f915c596e0: ;   {optimized virtual_call}
  0x000001f915c596e0: c5f8 77e8 

  0x000001f915c596e4: ; ImmutableOopMap {rbp=Oop [32]=Oop [40]=Oop [48]=Oop [56]=Oop [64]=Oop [88]=NarrowOop [104]=Oop [120]=Oop [160]=Oop [168]=Oop [176]=Oop }
                      ;*invokevirtual read {reexecute=0 rethrow=0 return_oop=0}
                      ; - java.util.jar.Manifest::<init>@29
                      ; - java.util.jar.Manifest::<init>@4
                      ; - java.util.jar.JarFile::getManifestFromReference@143
                      ; - java.util.jar.JarFile::getManifest@1
                      ; - jdk.internal.loader.URLClassPath$JarLoader$2::getManifest@22
                      ; - java.net.URLClassLoader::defineClass@34
                      ; - java.net.URLClassLoader$1::run@43
                      ; - java.net.URLClassLoader$1::run@1
                      ; - java.security.AccessController::executePrivileged@29
                      ; - java.security.AccessController::doPrivileged@13
                      ; - java.net.URLClassLoader::findClass@13
  0x000001f915c596e4: 98ca e8ef 

  0x000001f915c596e8: ;   {other}
  0x000001f915c596e8: 0f1f 8400 | d834 0030 | 4180 7f40 | 000f 85a8 | 2100 004c | 8b5c 2428 | 4589 6314 | 4c8b 4424 
  0x000001f915c59708: 2045 8b50 

  0x000001f915c5970c: ;   {metadata('java/util/zip/ZipFile$ZipFileInflaterInputStream')}
  0x000001f915c5970c: 0841 81fa | c0a4 3100 | 0f85 ae41 | 0000 498b | eb49 8bd0 | 4c8b 9424 | a800 0000 | 4c89 5424 
  0x000001f915c5972c: 2066 6690 

  0x000001f915c59730: ;   {optimized virtual_call}
  0x000001f915c59730: c5f8 77e8 

  0x000001f915c59734: ; ImmutableOopMap {rbp=Oop [32]=Oop [48]=Oop [56]=Oop [64]=Oop [88]=NarrowOop [104]=Oop [120]=Oop [160]=Oop [168]=Oop [176]=Oop }
                      ;*invokevirtual close {reexecute=0 rethrow=0 return_oop=0}
                      ; - java.util.jar.JarFile::getManifestFromReference@152
                      ; - java.util.jar.JarFile::getManifest@1
                      ; - jdk.internal.loader.URLClassPath$JarLoader$2::getManifest@22
                      ; - java.net.URLClassLoader::defineClass@34
                      ; - java.net.URLClassLoader$1::run@43
                      ; - java.net.URLClassLoader$1::run@1
                      ; - java.security.AccessController::executePrivileged@29
                      ; - java.security.AccessController::doPrivileged@13
                      ; - java.net.URLClassLoader::findClass@13
  0x000001f915c59734: 28c8 0400 

  0x000001f915c59738: ;   {other}
  0x000001f915c59738: 0f1f 8400 | 2835 0031 | e928 0d00 | 0048 8b54 | 2478 4c8b | c048 8b6c | 2428 4c8b | 5424 684c 
  0x000001f915c59758: 8954 2428 | 4c8b 9424 | b000 0000 | 4c89 5424 | 3866 6690 

  0x000001f915c5976c: ;   {optimized virtual_call}
  0x000001f915c5976c: c5f8 77e8 

  0x000001f915c59770: ; ImmutableOopMap {rbp=Oop [40]=Oop [48]=Oop [56]=Oop [88]=NarrowOop [104]=Oop [112]=Oop [120]=Oop [160]=Oop [168]=Oop [176]=Oop }
                      ;*invokevirtual getBytes {reexecute=0 rethrow=0 return_oop=1}
                      ; - java.util.jar.JarFile::getManifestFromReference@44
                      ; - java.util.jar.JarFile::getManifest@1
                      ; - jdk.internal.loader.URLClassPath$JarLoader$2::getManifest@22
                      ; - java.net.URLClassLoader::defineClass@34
                      ; - java.net.URLClassLoader$1::run@43
                      ; - java.net.URLClassLoader$1::run@1
                      ; - java.security.AccessController::executePrivileged@29
                      ; - java.security.AccessController::doPrivileged@13
                      ; - java.net.URLClassLoader::findClass@13
  0x000001f915c59770: 0c57 90ff 

  0x000001f915c59774: ;   {other}
  0x000001f915c59774: 0f1f 8400 | 6435 0032 | 4889 8424 | 8000 0000 | 4c8b 5424 | 7841 0fb6 | 6a11 85ed | 0f85 f241 
  0x000001f915c59794: 0000 498b | d248 8bac | 24a8 0000 | 0066 6690 

  0x000001f915c597a4: ;   {optimized virtual_call}
  0x000001f915c597a4: c5f8 77e8 

  0x000001f915c597a8: ; ImmutableOopMap {rbp=Oop [40]=Oop [48]=Oop [56]=Oop [88]=NarrowOop [104]=Oop [112]=Oop [120]=Oop [128]=Oop [160]=Oop [168]=Oop [176]=Oop }
                      ;*invokevirtual getManifestNum {reexecute=0 rethrow=0 return_oop=0}
                      ; - java.util.zip.ZipFile$1::getManifestNum@1
                      ; - java.util.jar.JarFile::getManifestFromReference@59
                      ; - java.util.jar.JarFile::getManifest@1
                      ; - jdk.internal.loader.URLClassPath$JarLoader$2::getManifest@22
                      ; - java.net.URLClassLoader::defineClass@34
                      ; - java.net.URLClassLoader$1::run@43
                      ; - java.net.URLClassLoader$1::run@1
                      ; - java.security.AccessController::executePrivileged@29
                      ; - java.security.AccessController::doPrivileged@13
                      ; - java.net.URLClassLoader::findClass@13
  0x000001f915c597a8: d456 90ff 

  0x000001f915c597ac: ;   {other}
  0x000001f915c597ac: 0f1f 8400 | 9c35 0033 | 83f8 010f | 8503 4200 | 004d 8b97 | b801 0000 | 4d8b da49 | 83c3 404d 
  0x000001f915c597cc: 3b9f c801 | 0000 0f83 | e022 0000 | 4d89 9fb8 | 0100 0041 | 0f0d 8bc0 | 0000 0049 | c702 0100 
  0x000001f915c597ec: 0000 4d8b | da49 83c3 

  0x000001f915c597f4: ;   {metadata('java/util/jar/JarVerifier')}
  0x000001f915c597f4: 1041 c742 | 0878 9e16 | 0045 8962 | 0cc5 fdef | c062 d1fe | 287f 0362 | d1fe 087f | 4302 4c89 
  0x000001f915c59814: 9424 8800 | 0000 4c8b | 5424 7045 

  0x000001f915c59820: ;   {metadata('java/util/jar/JarFile$JarFileEntry')}
  0x000001f915c59820: 8b5a 0841 | 81fb d032 | 3100 0f85 | f83d 0000 | 4c8b 9c24 | 8800 0000 | 41c6 430e | 0145 8b52 
  0x000001f915c59840: 6045 8953 | 3041 c643 | 0d01 4c8b | 9c24 8000 | 0000 4d8b | c349 c1e8 | 0344 8944 | 2420 4d8b 
  0x000001f915c59860: da49 c1e3 | 034c 8b84 | 2488 0000 | 004d 33d8 | 49c1 eb16 | 4d85 db74 | 1f45 85d2 | 741a 49c1 
  0x000001f915c59880: e809 48b9 | 0000 d323 | f901 0000 | 4903 c880 | 3902 0f85 | 0a1d 0000 | 4180 7f40 | 000f 85cd 
  0x000001f915c598a0: 1400 004c | 8b94 2488 | 0000 0044 | 8b5c 2420 | 4589 5a2c | 4c8b 9c24 | 8000 0000 | 4d33 da49 
  0x000001f915c598c0: c1eb 164d | 85db 7427 | 4c8b 9c24 | 8000 0000 | 4d85 db74 | 1a49 c1ea | 0948 b900 | 00d3 23f9 
  0x000001f915c598e0: 0100 0049 | 03ca 8039 | 020f 8504 | 1d00 0049 | 8baf b801 | 0000 4c8b | d549 83c2 | 304d 3b97 
  0x000001f915c59900: c801 0000 | 0f83 d221 | 0000 4d89 | 97b8 0100 | 0041 0f0d | 8ac0 0000 | 0048 c745 | 0001 0000 
  0x000001f915c59920: ;   {no_reloc}
  0x000001f915c59920: 004c 8bd5 | 4983 c210 

  0x000001f915c59928: ;   {metadata('java/util/Hashtable')}
  0x000001f915c59928: c745 08b8 | d300 0044 | 8965 0cc5 | fdef c062 | d1fe 287f 

  0x000001f915c5993c: ;   {section_word}
  0x000001f915c5993c: 02c5 fa10 | 053b d2ff | ff4c 8b94 | 24a8 0000 | 004c 8954 | 2428 4c8b | 5424 684c | 8954 2438 
  0x000001f915c5995c: ;   {static_call}
  0x000001f915c5995c: c5f8 77e8 

  0x000001f915c59960: ; ImmutableOopMap {rbp=Oop [32]=NarrowOop [40]=Oop [48]=Oop [56]=Oop [88]=NarrowOop [104]=Oop [120]=Oop [128]=Oop [136]=Oop [160]=Oop [168]=Oop [176]=Oop }
                      ;*invokestatic isNaN {reexecute=0 rethrow=0 return_oop=0}
                      ; - java.util.Hashtable::<init>@47
                      ; - java.util.Hashtable::<init>@5
                      ; - java.util.jar.JarVerifier::<init>@39
                      ; - java.util.jar.JarFile::getManifestFromReference@78
                      ; - java.util.jar.JarFile::getManifest@1
                      ; - jdk.internal.loader.URLClassPath$JarLoader$2::getManifest@22
                      ; - java.net.URLClassLoader::defineClass@34
                      ; - java.net.URLClassLoader$1::run@43
                      ; - java.net.URLClassLoader$1::run@1
                      ; - java.security.AccessController::executePrivileged@29
                      ; - java.security.AccessController::doPrivileged@13
                      ; - java.net.URLClassLoader::findClass@13
  0x000001f915c59960: 1c5f 90ff 

  0x000001f915c59964: ;   {other}
  0x000001f915c59964: 0f1f 8400 | 5437 0034 | 85c0 0f85 | f43c 0000 | c745 1400 | 0040 3f4d | 8b97 b801 | 0000 4d8b 
  0x000001f915c59984: da49 83c3 | 404d 3b9f | c801 0000 | 0f83 a221 | 0000 4d89 | 9fb8 0100 | 0041 0f0d | 8bc0 0000 
  0x000001f915c599a4: 0049 c702 | 0100 0000 | 410f 0d8b | 0001 0000 

  0x000001f915c599b4: ;   {metadata('java/util/Hashtable$Entry'[])}
  0x000001f915c599b4: 41c7 4208 | a87f 1300 | 410f 0d8b | 4001 0000 | 41c7 420c | 0b00 0000 | 410f 0d8b | 8001 0000 
  0x000001f915c599d4: 4d8b da49 | 83c3 10c5 | fdef c062 | d1fe 287f | 0362 d1fe | 087f 4302 | 498b da41 | 807f 4000 
  0x000001f915c599f4: 0f85 f413 | 0000 4c8b | d34d 8bda | 49c1 eb03 | 4489 5d1c | 4c8b dd4d | 33d3 488b | fd48 c1ef 
  0x000001f915c59a14: 0349 c1ea | 164d 85d2 | 741a 49c1 | eb09 48b9 | 0000 d323 | f901 0000 | 4903 cb80 | 3902 0f85 
  0x000001f915c59a34: 4d17 0000 | 4180 7f40 | 000f 856c | 1300 004c | 8b94 2488 | 0000 0041 | 897a 14c7 | 4510 0800 
  0x000001f915c59a54: 0000 4c8b | d54c 8b9c | 2488 0000 | 004d 33d3 | 49c1 ea16 | 4d85 d274 | 1a49 c1eb | 0948 b900 
  0x000001f915c59a74: 00d3 23f9 | 0100 0049 | 03cb 8039 | 020f 85ad | 1600 0049 | 8baf b801 | 0000 4c8b | d549 83c2 
  0x000001f915c59a94: 304d 3b97 | c801 0000 | 0f83 6e20 | 0000 4d89 | 97b8 0100 | 0041 0f0d | 8ac0 0000 

  0x000001f915c59ab0: ;   {no_reloc}
  0x000001f915c59ab0: 0048 c745 | 0001 0000 | 004c 8bd5 | 4983 c210 

  0x000001f915c59ac0: ;   {metadata('java/util/Hashtable')}
  0x000001f915c59ac0: c745 08b8 | d300 0044 | 8965 0cc5 | fdef c062 | d1fe 287f 

  0x000001f915c59ad4: ;   {section_word}
  0x000001f915c59ad4: 02c5 fa10 | 05a3 d0ff | ff4c 8b94 | 24a8 0000 | 004c 8954 | 2428 6690 

  0x000001f915c59aec: ;   {static_call}
  0x000001f915c59aec: c5f8 77e8 

  0x000001f915c59af0: ; ImmutableOopMap {rbp=Oop [32]=NarrowOop [40]=Oop [48]=Oop [56]=Oop [88]=NarrowOop [104]=Oop [120]=Oop [128]=Oop [136]=Oop [160]=Oop [168]=Oop [176]=Oop }
                      ;*invokestatic isNaN {reexecute=0 rethrow=0 return_oop=0}
                      ; - java.util.Hashtable::<init>@47
                      ; - java.util.Hashtable::<init>@5
                      ; - java.util.jar.JarVerifier::<init>@50
                      ; - java.util.jar.JarFile::getManifestFromReference@78
                      ; - java.util.jar.JarFile::getManifest@1
                      ; - jdk.internal.loader.URLClassPath$JarLoader$2::getManifest@22
                      ; - java.net.URLClassLoader::defineClass@34
                      ; - java.net.URLClassLoader$1::run@43
                      ; - java.net.URLClassLoader$1::run@1
                      ; - java.security.AccessController::executePrivileged@29
                      ; - java.security.AccessController::doPrivileged@13
                      ; - java.net.URLClassLoader::findClass@13
  0x000001f915c59af0: 8c5d 90ff 

  0x000001f915c59af4: ;   {other}
  0x000001f915c59af4: 0f1f 8400 | e438 0035 | 85c0 0f85 | b43b 0000 | c745 1400 | 0040 3f4d | 8b97 b801 | 0000 4d8b 
  0x000001f915c59b14: da49 83c3 | 404d 3b9f | c801 0000 | 0f83 6220 | 0000 4d89 | 9fb8 0100 | 0041 0f0d | 8bc0 0000 
  0x000001f915c59b34: 0049 c702 | 0100 0000 | 410f 0d8b | 0001 0000 

  0x000001f915c59b44: ;   {metadata('java/util/Hashtable$Entry'[])}
  0x000001f915c59b44: 41c7 4208 | a87f 1300 | 410f 0d8b | 4001 0000 | 41c7 420c | 0b00 0000 | 410f 0d8b | 8001 0000 
  0x000001f915c59b64: 4d8b da49 | 83c3 10c5 | fdef c062 | d1fe 287f | 0362 d1fe | 087f 4302 | 498b da41 | 807f 4000 
  0x000001f915c59b84: 0f85 da12 | 0000 4c8b | d349 c1ea | 0344 8955 | 1c4c 8bd3 | 4c8b dd4d | 33d3 488b | dd48 c1eb 
  0x000001f915c59ba4: 0349 c1ea | 164d 85d2 | 741a 49c1 | eb09 48b9 | 0000 d323 | f901 0000 | 4903 cb80 | 3902 0f85 
  0x000001f915c59bc4: 0e16 0000 | 4180 7f40 | 000f 8552 | 1200 004c | 8b94 2488 | 0000 0041 | 895a 10c7 | 4510 0800 
  0x000001f915c59be4: 0000 4c8b | d54c 8b9c | 2488 0000 | 004d 33d3 | 49c1 ea16 | 4d85 d274 | 1a49 c1eb | 0948 b900 
  0x000001f915c59c04: 00d3 23f9 | 0100 0049 | 03cb 8039 | 020f 8510 | 1600 0049 | 8baf b801 | 0000 4c8b | d549 83c2 
  0x000001f915c59c24: 304d 3b97 | c801 0000 | 0f83 2e1f | 0000 4d89 | 97b8 0100 | 0041 0f0d | 8ac0 0000 

  0x000001f915c59c40: ;   {no_reloc}
  0x000001f915c59c40: 0048 c745 | 0001 0000 | 004c 8bd5 | 4983 c210 

  0x000001f915c59c50: ;   {metadata('java/util/Hashtable')}
  0x000001f915c59c50: c745 08b8 | d300 0044 | 8965 0cc5 | fdef c062 | d1fe 287f 

  0x000001f915c59c64: ;   {section_word}
  0x000001f915c59c64: 02c5 fa10 | 0513 cfff | ff4c 8b94 | 24a8 0000 | 004c 8954 | 2428 6690 

  0x000001f915c59c7c: ;   {static_call}
  0x000001f915c59c7c: c5f8 77e8 

  0x000001f915c59c80: ; ImmutableOopMap {rbp=Oop [32]=NarrowOop [40]=Oop [48]=Oop [56]=Oop [88]=NarrowOop [104]=Oop [120]=Oop [128]=Oop [136]=Oop [160]=Oop [168]=Oop [176]=Oop }
                      ;*invokestatic isNaN {reexecute=0 rethrow=0 return_oop=0}
                      ; - java.util.Hashtable::<init>@47
                      ; - java.util.Hashtable::<init>@4
                      ; - java.util.jar.JarVerifier::<init>@63
                      ; - java.util.jar.JarFile::getManifestFromReference@78
                      ; - java.util.jar.JarFile::getManifest@1
                      ; - jdk.internal.loader.URLClassPath$JarLoader$2::getManifest@22
                      ; - java.net.URLClassLoader::defineClass@34
                      ; - java.net.URLClassLoader$1::run@43
                      ; - java.net.URLClassLoader$1::run@1
                      ; - java.security.AccessController::executePrivileged@29
                      ; - java.security.AccessController::doPrivileged@13
                      ; - java.net.URLClassLoader::findClass@13
  0x000001f915c59c80: fc5b 90ff 

  0x000001f915c59c84: ;   {other}
  0x000001f915c59c84: 0f1f 8400 | 743a 0036 | 85c0 0f85 | 743a 0000 | c745 1400 | 0040 3f4d | 8b97 b801 | 0000 4d8b 
  0x000001f915c59ca4: da49 83c3 | 404d 3b9f | c801 0000 | 0f83 3620 | 0000 4d89 | 9fb8 0100 | 0041 0f0d | 8bc0 0000 
  0x000001f915c59cc4: 0049 c702 | 0100 0000 | 410f 0d8b | 0001 0000 

  0x000001f915c59cd4: ;   {metadata('java/util/Hashtable$Entry'[])}
  0x000001f915c59cd4: 41c7 4208 | a87f 1300 | 410f 0d8b | 4001 0000 | 41c7 420c | 0b00 0000 | 410f 0d8b | 8001 0000 
  0x000001f915c59cf4: 4d8b da49 | 83c3 10c5 | fdef c062 | d1fe 287f | 0362 d1fe | 087f 4302 | 498b da41 | 807f 4000 
  0x000001f915c59d14: 0f85 c011 | 0000 4c8b | d34d 8bda | 49c1 eb03 | 4489 5d1c | 4c8b 9424 | 8800 0000 | 4d8b da49 
  0x000001f915c59d34: c1eb 0344 | 895c 245c | 488b f548 | c1ee 034c | 8bd5 4c8b | db4d 33da | 49c1 eb16 | 4d85 db74 
  0x000001f915c59d54: 1a49 c1ea | 0948 b900 | 00d3 23f9 | 0100 0049 | 03ca 8039 | 020f 859e | 1600 0041 | 807f 4000 
  0x000001f915c59d74: 0f85 1512 | 0000 4c8b | 9424 8800 | 0000 4189 | 7218 c745 | 1008 0000 | 004c 8bd5 | 4c8b 9c24 
  0x000001f915c59d94: 8800 0000 | 4d33 d349 | c1ea 164d | 85d2 741a | 49c1 eb09 | 48b9 0000 | d323 f901 | 0000 4903 
  0x000001f915c59db4: cb80 3902 | 0f85 a016 | 0000 4d8b | 97b8 0100 | 004d 8bda | 4983 c318 | 4d3b 9fc8 

  0x000001f915c59dd0: ;   {no_reloc}
  0x000001f915c59dd0: 0100 000f | 83eb 1e00 | 004d 899f | b801 0000 | 410f 0d8b | c000 0000 | 49c7 0201 

  0x000001f915c59dec: ;   {metadata('java/util/ArrayList')}
  0x000001f915c59dec: 0000 0041 | c742 08d0 | 890b 0045 | 8962 0c45 

  0x000001f915c59dfc: ;   {oop(a 'java/lang/Object'[0] {0x000000060070f998})}
  0x000001f915c59dfc: 8962 1041 | c742 1433 | 1f0e c049 | 8bda 4180 | 7f40 000f | 85fc 1000 | 004c 8bd3 | 49c1 ea03 
  0x000001f915c59e1c: 4c8b 9c24 | 8800 0000 | 4589 531c | 4d8b d34c | 8bdb 4d33 | da49 c1eb | 164d 85db | 741a 49c1 
  0x000001f915c59e3c: ea09 48b9 | 0000 d323 | f901 0000 | 4903 ca80 | 3902 0f85 | 1715 0000 | 4d8b 97b8 | 0100 004d 
  0x000001f915c59e5c: 8bda 4983 | c318 4d3b | 9fc8 0100 | 000f 832a | 1e00 004d | 899f b801 | 0000 410f | 0d8b c000 
  0x000001f915c59e7c: 0000 49c7 | 0201 0000 | 004d 8bda | 4983 c310 

  0x000001f915c59e8c: ;   {metadata('java/io/ByteArrayOutputStream')}
  0x000001f915c59e8c: 41c7 4208 | a000 2200 | 4589 620c | c5fd efc0 | c4c1 79d6 | 0349 8bea | 498b 87b8 | 0100 004c 
  0x000001f915c59eac: 8bd0 4983 | c230 4d3b | 97c8 0100 | 000f 83a5 | 1d00 004d | 8997 b801 | 0000 410f | 0d8a c000 
  0x000001f915c59ecc: 0000 48c7 | 0001 0000 | 0041 0f0d | 8a00 0100 

  0x000001f915c59edc: ;   {metadata({type array byte})}
  0x000001f915c59edc: 00c7 4008 | 1823 0000 | 410f 0d8a | 4001 0000 | c740 0c20 | 0000 0041 | 0f0d 8a80 | 0100 004c 
  0x000001f915c59efc: 8bd0 4983 | c210 c5fd | efc0 62d1 | fe28 7f02 | 4c8b d549 | 8bfa 48c1 | ef03 4c8b | d049 c1ea 
  0x000001f915c59f1c: 0344 8955 | 104c 8bd0 | 4c8b dd4d | 33d3 49c1 | ea16 4d85 | d274 1a49 | c1eb 0948 | b900 00d3 
  0x000001f915c59f3c: 23f9 0100 | 0049 03cb | 8039 020f | 8562 1500 | 0041 807f | 4000 0f85 | 430f 0000 | 4c8b 9424 
  0x000001f915c59f5c: 8800 0000 | 4189 7a24 | 4c8b d54c | 8b9c 2488 | 0000 004d | 33d3 49c1 | ea16 4d85 | d274 1a49 
  0x000001f915c59f7c: c1eb 0948 | b900 00d3 | 23f9 0100 | 0049 03cb | 8039 020f | 8527 1400 | 004d 8b97 | b801 0000 
  0x000001f915c59f9c: 4d8b da49 | 83c3 184d | 3b9f c801 | 0000 0f83 | 5d1c 0000 | 4d89 9fb8 | 0100 0041 | 0f0d 8bc0 
  0x000001f915c59fbc: 0000 0049 | c702 0100 

  0x000001f915c59fc4: ;   {metadata('java/util/ArrayList')}
  0x000001f915c59fc4: 0000 41c7 | 4208 d089 | 0b00 4589 | 620c 4589 

  0x000001f915c59fd4: ;   {oop(a 'java/lang/Object'[0] {0x000000060070f998})}
  0x000001f915c59fd4: 6210 41c7 | 4214 331f | 0ec0 498b | da41 807f | 4000 0f85 | 640f 0000 | 4c8b d349 | c1ea 034c 
  0x000001f915c59ff4: 8b9c 2488 | 0000 0045 | 8953 344d | 8bd3 4c8b | db4d 33da | 49c1 eb16 | 4d85 db74 | 1a49 c1ea 
  0x000001f915c5a014: 0948 b900 | 00d3 23f9 | 0100 0049 | 03ca 8039 | 020f 859e | 1200 004d | 8b97 b801 | 0000 4d8b 
  0x000001f915c5a034: da49 83c3 | 304d 3b9f | c801 0000 | 0f83 f21b | 0000 4d89 | 9fb8 0100 | 0041 0f0d | 8bc0 0000 
  0x000001f915c5a054: 0049 c702 | 0100 0000 | 4d8b da49 

  0x000001f915c5a060: ;   {metadata('java/util/HashMap')}
  0x000001f915c5a060: 83c3 2841 | c742 0868 | a908 004d | 8bc2 4983 | c010 4589 | 620c c5f5 | efc9 62d1 | fe08 7f08 
  0x000001f915c5a080: c5fd efc0 | c4c1 79d6 | 0349 c742 | 2000 0040 | 3f49 8bda | 4180 7f40 | 000f 852f | 0f00 004c 
  0x000001f915c5a0a0: 8b94 2488 | 0000 004c | 8bdb 49c1 | eb03 4c8b | 8424 8800 | 0000 4589 | 5838 4c8b | db4d 33da 
  0x000001f915c5a0c0: 49c1 eb16 | 4d85 db74 | 1a49 c1ea | 0948 b900 | 00d3 23f9 | 0100 0049 | 03ca 8039 | 020f 8537 
  0x000001f915c5a0e0: 1200 0041 | 807f 4000 | 0f85 1f0f | 0000 4c8b | 5424 7844 | 8b5c 245c | 4589 5a30 | 4c8b 9424 
  0x000001f915c5a100: 8800 0000 | 4c8b 5c24 | 784d 33d3 | 49c1 ea16 | 4d85 d274 | 1a49 c1eb | 0948 b900 | 00d3 23f9 
  0x000001f915c5a120: 0100 0049 | 03cb 8039 | 020f 8549 | 1100 0049 | 8b87 b801 | 0000 4c8b | d049 83c2 | 184d 3b97 
  0x000001f915c5a140: c801 0000 | 0f83 661a | 0000 4d89 | 97b8 0100 | 0041 0f0d | 8ac0 0000 | 0048 c700 | 0100 0000 
  0x000001f915c5a160: ;   {no_reloc}
  0x000001f915c5a160: 4c8b d049 

  0x000001f915c5a164: ;   {metadata('java/util/jar/Manifest')}
  0x000001f915c5a164: 83c2 10c7 | 4008 a0e1 | 0400 4489 | 600c c5fd | efc0 c4c1 | 79d6 024c | 8bd0 4c89 | 5424 704c 
  0x000001f915c5a184: 8b54 2478 | 458b 5230 | 4489 9424 | 8800 0000 | 498b 87b8 | 0100 004c | 8bd0 4983 | c220 448b 
  0x000001f915c5a1a4: 9c24 8800 | 0000 49c1 | e303 4c89 | 5c24 284d | 3b97 c801 | 0000 0f83 | 251a 0000 | 4d89 97b8 
  0x000001f915c5a1c4: 0100 0041 | 0f0d 8ac0 | 0000 0048 | c700 0100 | 0000 4c8b | d049 83c2 

  0x000001f915c5a1dc: ;   {metadata('java/io/ByteArrayInputStream')}
  0x000001f915c5a1dc: 10c7 4008 | a023 0500 | 4489 600c | c5fd efc0 | 62d1 fe08 | 7f02 4c8b | d04c 8994 | 2490 0000 
  0x000001f915c5a1fc: 0044 8b44 | 2420 4589 | 4218 4c8b | 9424 8000 | 0000 458b | 5a0c 4c8b | 9424 9000 | 0000 4589 
  0x000001f915c5a21c: 5a14 4c8b | 5424 7845 | 8b5a 1444 | 895c 2420 | 498b afb8 | 0100 004c | 8bd5 4983 | c210 4d3b 
  0x000001f915c5a23c: 97c8 0100 | 000f 83cd | 1a00 004d | 8997 b801 | 0000 410f | 0d8a c000 | 0000 48c7 | 4500 0100 
  0x000001f915c5a25c: ;   {metadata('java/util/jar/Attributes')}
  0x000001f915c5a25c: 0000 c745 | 0840 8816 | 0044 8965 | 0cba 1000 | 0000 4c8b | 9424 a800 | 0000 4c89 | 5424 3890 
  0x000001f915c5a27c: ;   {static_call}
  0x000001f915c5a27c: c5f8 77e8 

  0x000001f915c5a280: ; ImmutableOopMap {rbp=Oop [32]=NarrowOop [40]=Oop [48]=Oop [56]=Oop [88]=NarrowOop [104]=Oop [112]=Oop [120]=Oop [136]=NarrowOop [144]=Oop [160]=Oop [168]=Oop [176]=Oop }
                      ;*invokestatic newLinkedHashMap {reexecute=0 rethrow=0 return_oop=1}
                      ; - java.util.jar.Attributes::<init>@6
                      ; - java.util.jar.Attributes::<init>@3
                      ; - java.util.jar.Manifest::<init>@9
                      ; - java.util.jar.JarFile::getManifestFromReference@121
                      ; - java.util.jar.JarFile::getManifest@1
                      ; - jdk.internal.loader.URLClassPath$JarLoader$2::getManifest@22
                      ; - java.net.URLClassLoader::defineClass@34
                      ; - java.net.URLClassLoader$1::run@43
                      ; - java.net.URLClassLoader$1::run@1
                      ; - java.security.AccessController::executePrivileged@29
                      ; - java.security.AccessController::doPrivileged@13
                      ; - java.net.URLClassLoader::findClass@13
  0x000001f915c5a280: fc55 90ff 

  0x000001f915c5a284: ;   {other}
  0x000001f915c5a284: 0f1f 8400 | 7440 0037 | 488b d841 | 807f 4000 | 0f85 eb0d | 0000 4c8b | d349 c1ea | 0344 8955 
  0x000001f915c5a2a4: 0c4c 8bd3 | 4c8b dd4d | 33d3 448b | 4424 2049 | c1e0 034c | 8944 2438 | 49c1 ea16 | 488b fd48 
  0x000001f915c5a2c4: c1ef 034d | 85d2 741f | 4885 db74 | 1a49 c1eb | 0948 b900 | 00d3 23f9 | 0100 0049 | 03cb 8039 
  0x000001f915c5a2e4: 020f 8559 | 1300 0041 | 807f 4000 | 0f85 c60d | 0000 4c8b | 5424 7041 | 897a 0c4c | 8bd5 4c8b 
  0x000001f915c5a304: 5c24 704d | 33d3 49c1 | ea16 4d85 | d274 1a49 | c1eb 0948 | b900 00d3 | 23f9 0100 | 0049 03cb 
  0x000001f915c5a324: 8039 020f | 85d3 1100 | 004d 8b97 | b801 0000 | 4d8b da49 | 83c3 304d | 3b9f c801 | 0000 0f83 
  0x000001f915c5a344: f819 0000 | 4d89 9fb8 | 0100 0041 | 0f0d 8bc0 | 0000 0049 | c702 0100 | 0000 4d8b | da49 83c3 
  0x000001f915c5a364: ;   {metadata('java/util/HashMap')}
  0x000001f915c5a364: 2841 c742 | 0868 a908 | 004d 8bc2 | 4983 c010 | 4589 620c | c5f5 efc9 | 62d1 fe08 | 7f08 c5fd 
  0x000001f915c5a384: efc0 c4c1 | 79d6 0349 | c742 2000 | 0040 3f49 | 8bda 4180 | 7f40 000f | 85a8 0c00 | 004c 8b54 
  0x000001f915c5a3a4: 2470 4c8b | c349 c1e8 | 034c 8b5c | 2470 4589 | 4310 4c8b | db4d 33da | 49c1 eb16 | 4d85 db74 
  0x000001f915c5a3c4: 1a49 c1ea | 0948 b900 | 00d3 23f9 | 0100 0049 | 03ca 8039 | 020f 8572 | 1100 0048 | 8b54 2470 
  0x000001f915c5a3e4: 4c8b 8424 | 9000 0000 | 4c8b 4c24 | 3848 8bac | 24a8 0000 | 004c 8b54 | 2468 4c89 | 5424 3890 
  0x000001f915c5a404: ;   {optimized virtual_call}
  0x000001f915c5a404: c5f8 77e8 

  0x000001f915c5a408: ; ImmutableOopMap {rbp=Oop [40]=Oop [48]=Oop [56]=Oop [88]=NarrowOop [104]=Oop [112]=Oop [120]=Oop [136]=NarrowOop [160]=Oop [168]=Oop [176]=Oop }
                      ;*invokevirtual read {reexecute=0 rethrow=0 return_oop=0}
                      ; - java.util.jar.Manifest::<init>@29
                      ; - java.util.jar.JarFile::getManifestFromReference@121
                      ; - java.util.jar.JarFile::getManifest@1
                      ; - jdk.internal.loader.URLClassPath$JarLoader$2::getManifest@22
                      ; - java.net.URLClassLoader::defineClass@34
                      ; - java.net.URLClassLoader$1::run@43
                      ; - java.net.URLClassLoader$1::run@1
                      ; - java.security.AccessController::executePrivileged@29
                      ; - java.security.AccessController::doPrivileged@13
                      ; - java.net.URLClassLoader::findClass@13
  0x000001f915c5a408: 744a 90ff 

  0x000001f915c5a40c: ;   {other}
  0x000001f915c5a40c: 0f1f 8400 | fc41 0038 | 4180 7f40 | 000f 85d9 | 0c00 004c | 8b54 2470 | 448b 8424 | 8800 0000 
  0x000001f915c5a42c: 4589 4214 | 4c8b 5424 | 284c 8b5c | 2470 4d33 | d349 c1ea | 164d 85d2 | 7422 458b | d045 85d2 
  0x000001f915c5a44c: 741a 49c1 | eb09 48b9 | 0000 d323 | f901 0000 | 4903 cb80 | 3902 0f85 | 2d12 0000 | 488b 6c24 
  0x000001f915c5a46c: 704d 8b97 | b801 0000 | 4d8b da49 | 83c3 284d | 3b9f c801 | 0000 0f83 | e015 0000 | 4d89 9fb8 
  0x000001f915c5a48c: 0100 0041 | 0f0d 8bc0 | 0000 0049 | c702 0100 | 0000 4d8b | da49 83c3 

  0x000001f915c5a4a4: ;   {metadata('java/lang/ref/SoftReference')}
  0x000001f915c5a4a4: 1041 c742 | 0890 df03 | 0045 8962 | 0cc5 fdef | c041 b907 | 0000 00c4 | c178 92f9 | 62d1 fe2f 
  0x000001f915c5a4c4: 7f03 498b | da4c 8bdd | 49c1 eb03 | 4589 5a0c | 4180 7f40 | 000f 85b5 | 0600 004c 

  0x000001f915c5a4e0: ;   {oop(a 'java/lang/ref/ReferenceQueue$Null'{0x00000006004162a8})}
  0x000001f915c5a4e0: 8bd3 41c7 | 4210 552c | 08c0 488b | fb48 c1ef 

  0x000001f915c5a4f0: ;   {oop(a 'java/lang/ref/ReferenceQueue$Null'{0x00000006004162a8})}
  0x000001f915c5a4f0: 0349 bba8 | 6241 0006 | 0000 004d | 33da 49c1 | eb16 4d85 | db74 1a49 | c1ea 0948 | b900 00d3 
  0x000001f915c5a510: 23f9 0100 | 0049 03ca | 8039 020f | 85aa 0600 | 00f0 8344 | 24c0 0041 | 807f 4000 | 0f85 2606 
  0x000001f915c5a530: 0000 4c8b | 5424 7841 

  0x000001f915c5a538: ;   {oop(a 'java/lang/Class'{0x0000000600403038} = 'java/lang/ref/SoftReference')}
  0x000001f915c5a538: 897a 2849 | ba38 3040 | 0006 0000 | 004d 8b52 | 704c 8953 | 204c 8bd3 | 4c8b 5c24 | 784d 33d3 
  0x000001f915c5a558: 49c1 ea16 | 4d85 d274 | 1b49 c1eb | 0949 ba00 | 00d3 23f9 | 0100 004d | 03d3 4180 | 3a02 0f85 
  0x000001f915c5a578: a006 0000 | 4c8b cde9 | b5d5 ffff | 41b9 2f00 | 0000 e90a | e4ff ff44 | 895c 2460 | e9c2 d0ff 
  0x000001f915c5a598: ff41 b82f | 0000 00e9 | 40e5 ffff | 33ed e961 | c7ff ff48 | 8b54 2438 | 41b8 0100 | 0000 4c8b 
  0x000001f915c5a5b8: 9424 a800 | 0000 4c89 | 5424 204c | 8b54 2468 | 4c89 5424 | 404c 8b94 | 24b0 0000 | 004c 8954 
  0x000001f915c5a5d8: 2448 6690 

  0x000001f915c5a5dc: ;   {optimized virtual_call}
  0x000001f915c5a5dc: c5f8 77e8 

  0x000001f915c5a5e0: ; ImmutableOopMap {rbp=NarrowOop [32]=Oop [48]=Oop [56]=Oop [64]=Oop [72]=Oop [88]=NarrowOop [104]=Oop [160]=Oop [168]=Oop [176]=Oop }
                      ;*invokevirtual getManifestName {reexecute=0 rethrow=0 return_oop=1}
                      ; - java.util.zip.ZipFile$1::getManifestName@2
                      ; - java.util.jar.JarFile::maybeInstantiateVerifier@20
                      ; - java.util.jar.JarFile::ensureInitialization@1
                      ; - java.util.jar.JavaUtilJarAccessImpl::ensureInitialization@1
                      ; - jdk.internal.loader.URLClassPath$JarLoader$2::getManifest@10
                      ; - java.net.URLClassLoader::defineClass@34
                      ; - java.net.URLClassLoader$1::run@43
                      ; - java.net.URLClassLoader$1::run@1
                      ; - java.security.AccessController::executePrivileged@29
                      ; - java.security.AccessController::doPrivileged@13
                      ; - java.net.URLClassLoader::findClass@13
  0x000001f915c5a5e0: 9cdc dcef 

  0x000001f915c5a5e4: ;   {other}
  0x000001f915c5a5e4: 0f1f 8400 | d443 0039 | 4885 c00f | 85b3 3700 | 0045 8864 | ec12 453b | 64ec 300f | 8421 d4ff 
  0x000001f915c5a604: ff45 0fb6 | 54ec 11e9 | 2303 0000 | 4f89 44ec | 20e9 0ed5 | ffff 33ed | e923 ceff | ff33 ffe9 
  0x000001f915c5a624: f4c5 ffff | 33ed e90f 

  0x000001f915c5a62c: ;   {oop(""{0x0000000600405430})}
  0x000001f915c5a62c: e2ff ff49 | b830 5440 | 0006 0000 | 00e9 14d3 | ffff 4889 | 5c24 2048 | 894c 2438 | 4489 9424 
  0x000001f915c5a64c: 8800 0000 | 4c89 8424 | b000 0000 | 498b d04c | 8bc1 4533 | c933 ff33 | f633 c945 | 33d2 4c89 
  0x000001f915c5a66c: 1424 4c89 | 5424 084c | 8954 2410 | 4c8b 9424 | a800 0000 | 4c89 5424 | 2848 8994 | 2480 0000 
  0x000001f915c5a68c: 0066 6690 

  0x000001f915c5a690: ;   {optimized virtual_call}
  0x000001f915c5a690: c5f8 77e8 

  0x000001f915c5a694: ; ImmutableOopMap {[32]=Oop [40]=Oop [48]=Oop [56]=Oop [104]=Oop [128]=Oop [136]=NarrowOop [168]=Oop [176]=Oop }
                      ;*invokevirtual definePackage {reexecute=0 rethrow=0 return_oop=1}
                      ; - java.net.URLClassLoader::defineClass@81
                      ; - java.net.URLClassLoader$1::run@43
                      ; - java.net.URLClassLoader$1::run@1
                      ; - java.security.AccessController::executePrivileged@29
                      ; - java.security.AccessController::doPrivileged@13
                      ; - java.net.URLClassLoader::findClass@13
  0x000001f915c5a694: e847 90ff 

  0x000001f915c5a698: ;   {other}
  0x000001f915c5a698: 0f1f 8400 | 8844 003a | e9a7 d5ff | ff85 ed74 | 3149 8bf9 | 498b d84d | 8b57 2848 | 8bcd 48c1 
  0x000001f915c5a6b8: e103 4d85 | d20f 84ed | 2200 004d | 8b5f 384b | 894c 13f8 | 4983 c2f8 | 4d89 5728 | 4c8b c34c 
  0x000001f915c5a6d8: 8bcf 4c89 | 4424 68e9 | 23d4 ffff | 4c8b 4424 | 7045 8b58 | 1445 85db | 0f84 07d2 | ffff 4d8b 
  0x000001f915c5a6f8: 5728 498b | cb48 c1e1 | 034d 85d2 | 0f84 1623 | 0000 488b | 7c24 704d | 8b5f 384b | 894c 13f8 
  0x000001f915c5a718: 4983 c2f8 | 4d89 5728 | 4c8b c7e9 | d5d1 ffff | 4d8b 5748 | 4d8b 5f58 | f083 4424 | c000 8039 
  0x000001f915c5a738: 000f 84f5 | d1ff ff44 | 8821 4d85 | d275 2649 | 8bd8 498b | d7c5 f877 | 49ba 00a4 | af15 fb7f 
  0x000001f915c5a758: 0000 41ff 

  0x000001f915c5a75c: ;   {other}
  0x000001f915c5a75c: d20f 1f84 | 0000 0000 | 004c 8bc3 | e9c7 d1ff | ff4b 894c | 13f8 4983 | c2f8 4d89 | 5748 e9b5 
  0x000001f915c5a77c: d1ff ff45 | 33c9 e9b2 | d3ff ff4c | 63c5 4d8d | 4810 498b | c948 83e1 | f848 8bfb | 4803 f949 
  0x000001f915c5a79c: c1e9 034d | 2bd9 498b | cb48 33c0 | 4883 f908 | 7f10 48ff | c978 5648 | 8904 cf48 | ffc9 7df7 
  0x000001f915c5a7bc: eb4b c5fd | efc0 e90d | 0000 00c5 | fe7f 07c5 | fe7f 4720 | 4883 c740 | 4883 e908 | 7ded 4883 
  0x000001f915c5a7dc: c104 7c0c | c5fe 7f07 | 4883 c720 | 4883 e904 | 4883 c104 | 7e17 48c7 | c0ff ffff | ffc4 e2f0 
  0x000001f915c5a7fc: f5c0 c4e1 | fb92 f862 | f1fe 2f7f | 0749 83f8 | 2077 2d4c | 63dd 49b8 | ffff ffff | ffff ffff 
  0x000001f915c5a81c: c442 a0f5 | c0c4 c1fb | 92f8 4c8b | 5c24 4062 | d17f af6f | 0362 d17f | 2f7f 02e9 | b1d0 ffff 
  0x000001f915c5a83c: 488b 4c24 | 4049 8bd2 | c5f8 7749 | bac0 2054 | 15f9 0100 | 0041 ffd2 

  0x000001f915c5a854: ;   {other}
  0x000001f915c5a854: 0f1f 8400 | 0000 0000 | e98c d0ff | ff4c 8b84 | 24b0 0000 | 0044 8b54 | 2458 488b | 4c24 604c 
  0x000001f915c5a874: 8b8c 2480 | 0000 0048 | 8b5c 2420 | e96a d3ff | ff33 c0e9 | d5d2 ffff | 33c0 4c8b | 9c24 9800 
  0x000001f915c5a894: 0000 e9c1 | d8ff ff45 | 33c0 4533 | dbe9 8ae5 | ffff 498b | 87b8 0100 | 004c 8bd0 | 4983 c218 
  0x000001f915c5a8b4: 4d3b 97c8 | 0100 000f | 834b 3300 | 004d 8997 | b801 0000 | 410f 0d8a | c000 0000 | 48c7 0001 
  0x000001f915c5a8d4: ;   {metadata('java/lang/String')}
  0x000001f915c5a8d4: 0000 00c7 | 4008 78e8 | 0000 4489 | 600c 4489 

  0x000001f915c5a8e4: ;   {oop([B{0x0000000600416350})}
  0x000001f915c5a8e4: 6010 c740 | 146a 2c08 

  0x000001f915c5a8ec: ;   {oop("/"{0x00000006004162c8})}
  0x000001f915c5a8ec: c049 bac8 | 6241 0006 | 0000 0045 | 8b42 0c44 | 8940 0c45 | 0fb6 5211 | 4488 5011 | e9b2 e4ff 
  0x000001f915c5a90c: ;   {metadata('jdk/internal/loader/URLClassPath$JarLoader$1')}
  0x000001f915c5a90c: ff48 ba40 | 2e21 33f9 | 0100 0090 

  0x000001f915c5a918: ;   {runtime_call _new_instance_Java}
  0x000001f915c5a918: c5f8 77e8 

  0x000001f915c5a91c: ; ImmutableOopMap {[40]=NarrowOop [44]=NarrowOop [48]=Oop [56]=Oop [64]=Oop [72]=NarrowOop [80]=Oop [112]=Oop [120]=Oop [168]=Oop [176]=Oop }
                      ;*new {reexecute=0 rethrow=0 return_oop=1}
                      ; - jdk.internal.loader.URLClassPath$JarLoader::ensureOpen@7
                      ; - jdk.internal.loader.URLClassPath$JarLoader::getResource@1
                      ; - jdk.internal.loader.URLClassPath::getResource@53
                      ; - java.net.URLClassLoader$1::run@26
                      ; - java.net.URLClassLoader$1::run@1
                      ; - java.security.AccessController::executePrivileged@29
                      ; - java.security.AccessController::doPrivileged@13
                      ; - java.net.URLClassLoader::findClass@13
  0x000001f915c5a91c: 60a5 95ff 

  0x000001f915c5a920: ;   {other}
  0x000001f915c5a920: 0f1f 8400 | 1047 003b | e9cb caff | ff45 0fb6 | 54ec 1145 | 85d2 0f85 | ead0 ffff | 4c8b 9424 
  0x000001f915c5a940: a800 0000 | 4c89 5424 | 204c 8b54 | 2468 4c89 | 5424 404c | 8b94 24b0 | 0000 004c | 8954 2448 
  0x000001f915c5a960: ;   {static_call}
  0x000001f915c5a960: c5f8 77e8 

  0x000001f915c5a964: ; ImmutableOopMap {rbp=NarrowOop [32]=Oop [48]=Oop [56]=Oop [64]=Oop [72]=Oop [88]=NarrowOop [104]=Oop [160]=Oop [168]=Oop [176]=Oop }
                      ;*invokestatic beginInit {reexecute=0 rethrow=0 return_oop=1}
                      ; - java.util.jar.JarFile::ensureInitialization@31
                      ; - java.util.jar.JavaUtilJarAccessImpl::ensureInitialization@1
                      ; - jdk.internal.loader.URLClassPath$JarLoader$2::getManifest@10
                      ; - java.net.URLClassLoader::defineClass@34
                      ; - java.net.URLClassLoader$1::run@43
                      ; - java.net.URLClassLoader$1::run@1
                      ; - java.security.AccessController::executePrivileged@29
                      ; - java.security.AccessController::doPrivileged@13
                      ; - java.net.URLClassLoader::findClass@13
  0x000001f915c5a964: 184f 90ff 

  0x000001f915c5a968: ;   {other}
  0x000001f915c5a968: 0f1f 8400 | 5847 003c | 4889 4424 | 4048 8b54 | 2438 4c8b | 5424 684c | 8954 2448 | 4c8b 9424 
  0x000001f915c5a988: b000 0000 | 4c89 5424 | 6066 6690 

  0x000001f915c5a994: ;   {optimized virtual_call}
  0x000001f915c5a994: c5f8 77e8 

  0x000001f915c5a998: ; ImmutableOopMap {rbp=NarrowOop [32]=Oop [48]=Oop [56]=Oop [64]=Oop [72]=Oop [88]=NarrowOop [96]=Oop [104]=Oop [160]=Oop [168]=Oop [176]=Oop }
                      ;*invokevirtual initializeVerifier {reexecute=0 rethrow=0 return_oop=0}
                      ; - java.util.jar.JarFile::ensureInitialization@36
                      ; - java.util.jar.JavaUtilJarAccessImpl::ensureInitialization@1
                      ; - jdk.internal.loader.URLClassPath$JarLoader$2::getManifest@10
                      ; - java.net.URLClassLoader::defineClass@34
                      ; - java.net.URLClassLoader$1::run@43
                      ; - java.net.URLClassLoader$1::run@1
                      ; - java.security.AccessController::executePrivileged@29
                      ; - java.security.AccessController::doPrivileged@13
                      ; - java.net.URLClassLoader::findClass@13
  0x000001f915c5a998: e444 90ff 

  0x000001f915c5a99c: ;   {other}
  0x000001f915c5a99c: 0f1f 8400 | 8c47 003d | 41c6 44ec | 1101 488b | 5424 4048 | 8b6c 2420 | 4c8b 5424 | 484c 8954 
  0x000001f915c5a9bc: 2428 4c8b | 5424 604c | 8954 2440 

  0x000001f915c5a9c8: ;   {static_call}
  0x000001f915c5a9c8: c5f8 77e8 

  0x000001f915c5a9cc: ; ImmutableOopMap {rbp=Oop [40]=Oop [48]=Oop [56]=Oop [64]=Oop [88]=NarrowOop [104]=Oop [160]=Oop [168]=Oop [176]=Oop }
                      ;*invokestatic endInit {reexecute=0 rethrow=0 return_oop=0}
                      ; - java.util.jar.JarFile::ensureInitialization@45
                      ; - java.util.jar.JavaUtilJarAccessImpl::ensureInitialization@1
                      ; - jdk.internal.loader.URLClassPath$JarLoader$2::getManifest@10
                      ; - java.net.URLClassLoader::defineClass@34
                      ; - java.net.URLClassLoader$1::run@43
                      ; - java.net.URLClassLoader$1::run@1
                      ; - java.security.AccessController::executePrivileged@29
                      ; - java.security.AccessController::doPrivileged@13
                      ; - java.net.URLClassLoader::findClass@13
  0x000001f915c5a9cc: b04e 90ff 

  0x000001f915c5a9d0: ;   {other}
  0x000001f915c5a9d0: 0f1f 8400 | c047 003e | e949 d0ff | ff4c 8b94 | 24d0 0000 | 00e9 6cd4 | ffff 4c8b | 8424 b000 
  0x000001f915c5a9f0: 0000 448b | 9424 8800 | 0000 488b | 4c24 604c | 8b8c 2480 | 0000 0048 | 8b5c 2420 | e9de d1ff 
  0x000001f915c5aa10: ;   {metadata({type array byte})}
  0x000001f915c5aa10: ff48 ba18 | 2300 33f9 | 0100 0044 | 8bc5 4c8b | 9424 a800 | 0000 4889 | 7424 604c | 8954 2468 
  0x000001f915c5aa30: ;   {runtime_call _new_array_Java}
  0x000001f915c5aa30: c5f8 77e8 

  0x000001f915c5aa34: ; ImmutableOopMap {[40]=Oop [48]=Oop [56]=Oop [64]=Oop [104]=Oop [168]=Oop }
                      ;*invokevirtual allocateUninitializedArray0 {reexecute=0 rethrow=0 return_oop=1}
                      ; - jdk.internal.misc.Unsafe::allocateUninitializedArray@51
                      ; - java.lang.StringConcatHelper::newArray@33
                      ; - java.lang.StringConcatHelper::simpleConcat@61
                      ; - java.lang.String::concat@11
                      ; - java.net.URLClassLoader$1::run@13
                      ; - java.net.URLClassLoader$1::run@1
                      ; - java.security.AccessController::executePrivileged@29
                      ; - java.security.AccessController::doPrivileged@13
                      ; - java.net.URLClassLoader::findClass@13
  0x000001f915c5aa34: 48a1 95ff 

  0x000001f915c5aa38: ;   {other}
  0x000001f915c5aa38: 0f1f 8400 | 2848 003f | 448b c54c | 8bd0 e996 | c6ff ff49 

  0x000001f915c5aa4c: ;   {metadata('java/lang/String')}
  0x000001f915c5aa4c: 8bea 48ba | 78e8 0033 | f901 0000 | 4c8b 9424 | a800 0000 | 4c89 5424 | 3066 6690 

  0x000001f915c5aa68: ;   {runtime_call _new_instance_Java}
  0x000001f915c5aa68: c5f8 77e8 

  0x000001f915c5aa6c: ; ImmutableOopMap {rbp=Oop [40]=Oop [48]=Oop [56]=Oop [168]=Oop }
                      ;*new {reexecute=0 rethrow=0 return_oop=1}
                      ; - java.lang.StringConcatHelper::newString@6
                      ; - java.lang.StringConcatHelper::simpleConcat@90
                      ; - java.lang.String::concat@11
                      ; - java.net.URLClassLoader$1::run@13
                      ; - java.net.URLClassLoader$1::run@1
                      ; - java.security.AccessController::executePrivileged@29
                      ; - java.security.AccessController::doPrivileged@13
                      ; - java.net.URLClassLoader::findClass@13
  0x000001f915c5aa6c: 10a4 95ff 

  0x000001f915c5aa70: ;   {other}
  0x000001f915c5aa70: 0f1f 8400 | 6048 0040 | 4c8b d5e9 | 46c7 ffff | 488b 8c24 | a000 0000 | c641 1101 | 33c0 4c8b 
  0x000001f915c5aa90: 4424 604c | 8b4c 2428 | 448b 5c24 | 38e9 bfd0 

  0x000001f915c5aaa0: ;   {metadata('java/lang/ClassNotFoundException')}
  0x000001f915c5aaa0: ffff 48ba | 8893 0633 | f901 0000 | 488b ac24 | a800 0000 

  0x000001f915c5aab4: ;   {runtime_call _new_instance_Java}
  0x000001f915c5aab4: c5f8 77e8 

  0x000001f915c5aab8: ; ImmutableOopMap {rbp=Oop [168]=Oop }
                      ;*new {reexecute=0 rethrow=0 return_oop=1}
                      ; - java.net.URLClassLoader::findClass@36
  0x000001f915c5aab8: c4a3 95ff 

  0x000001f915c5aabc: ;   {other}
  0x000001f915c5aabc: 0f1f 8400 | ac48 0041 | e928 d3ff | ff48 8954 | 2458 4c89 | 9c24 a800 | 0000 4889 | 7c24 2889 
  0x000001f915c5aadc: 4c24 6089 | 5c24 2044 | 8944 2424 | 4489 4c24 | 3048 8944 

  0x000001f915c5aaf0: ;   {metadata({type array byte})}
  0x000001f915c5aaf0: 2438 48ba | 1823 0033 | f901 0000 | 448b 4424 | 2066 6690 

  0x000001f915c5ab04: ;   {runtime_call _new_array_Java}
  0x000001f915c5ab04: c5f8 77e8 

  0x000001f915c5ab08: ; ImmutableOopMap {[40]=Oop [56]=Oop [88]=Oop [96]=NarrowOop [168]=Oop }
                      ;*invokevirtual allocateUninitializedArray0 {reexecute=0 rethrow=0 return_oop=1}
                      ; - jdk.internal.misc.Unsafe::allocateUninitializedArray@51
                      ; - java.lang.StringConcatHelper::newArray@33
                      ; - java.lang.StringLatin1::replace@49
                      ; - java.lang.String::replace@18
                      ; - java.net.URLClassLoader$1::run@8
                      ; - java.net.URLClassLoader$1::run@1
                      ; - java.security.AccessController::executePrivileged@29
                      ; - java.security.AccessController::doPrivileged@13
                      ; - java.net.URLClassLoader::findClass@13
  0x000001f915c5ab08: 74a0 95ff 

  0x000001f915c5ab0c: ;   {other}
  0x000001f915c5ab0c: 0f1f 8400 | fc48 0042 | 448b 5c24 | 204c 8bc0 | e98a c2ff | ff49 8be8 

  0x000001f915c5ab24: ;   {metadata('java/lang/String')}
  0x000001f915c5ab24: 48ba 78e8 | 0033 f901 | 0000 6690 

  0x000001f915c5ab30: ;   {runtime_call _new_instance_Java}
  0x000001f915c5ab30: c5f8 77e8 

  0x000001f915c5ab34: ; ImmutableOopMap {rbp=Oop [40]=Oop [88]=Oop [168]=Oop }
                      ;*new {reexecute=0 rethrow=0 return_oop=1}
                      ; - java.lang.StringLatin1::replace@116
                      ; - java.lang.String::replace@18
                      ; - java.net.URLClassLoader$1::run@8
                      ; - java.net.URLClassLoader$1::run@1
                      ; - java.security.AccessController::executePrivileged@29
                      ; - java.security.AccessController::doPrivileged@13
                      ; - java.net.URLClassLoader::findClass@13
  0x000001f915c5ab34: 48a3 95ff 

  0x000001f915c5ab38: ;   {other}
  0x000001f915c5ab38: 0f1f 8400 | 2849 0043 | 4c8b c548 | 8bd8 e94f | c4ff ff4c | 8b94 24d0 | 0000 00e9 | 82d6 ffff 
  0x000001f915c5ab58: 4c8b 5424 | 7845 8b52 | 2845 85d2 | 0f84 c8f9 | ffff 4d8b | 5f28 498b | ca48 c1e1 | 034d 85db 
  0x000001f915c5ab78: 0f84 2a2d | 0000 4d8b | 5738 4b89 | 4c1a f849 | 83c3 f84d | 895f 28e9 | 9ef9 ffff | 458b 5210 
  0x000001f915c5ab98: 4585 d20f | 843e f9ff | ff4d 8b5f | 2849 8bca | 48c1 e103 | 4d85 db0f | 84d3 2c00 | 004d 8b57 
  0x000001f915c5abb8: 384b 894c | 1af8 4983 | c3f8 4d89 | 5f28 e914 | f9ff ff4d | 8b57 484d | 8b5f 58f0 | 8344 24c0 
  0x000001f915c5abd8: 0080 3900 | 0f84 3ff9 | ffff 4488 | 214d 85d2 | 7520 498b | d7c5 f877 | 49ba 00a4 | af15 fb7f 
  0x000001f915c5abf8: 0000 41ff 

  0x000001f915c5abfc: ;   {other}
  0x000001f915c5abfc: d20f 1f84 | 0000 0000 | 00e9 17f9 | ffff 4b89 | 4c13 f849 | 83c2 f84d | 8957 48e9 | 05f9 ffff 
  0x000001f915c5ac1c: 4d8b 5f48 | 4d8b 4758 | f083 4424 | c000 4180 | 3a00 0f84 | 48f9 ffff | 4588 224d | 85db 7523 
  0x000001f915c5ac3c: 498b ca49 | 8bd7 c5f8 | 7749 ba00 | a4af 15fb | 7f00 0041 

  0x000001f915c5ac50: ;   {other}
  0x000001f915c5ac50: ffd2 0f1f | 8400 0000 | 0000 e91d | f9ff ff4f | 8954 18f8 | 4983 c3f8 | 4d89 5f48 | e90b f9ff 
  0x000001f915c5ac70: ;   {metadata('java/security/CodeSource')}
  0x000001f915c5ac70: ff48 ba28 | 5c00 33f9 | 0100 0090 

  0x000001f915c5ac7c: ;   {runtime_call _new_instance_Java}
  0x000001f915c5ac7c: c5f8 77e8 

  0x000001f915c5ac80: ; ImmutableOopMap {[32]=Oop [40]=Oop [48]=Oop [96]=Oop [104]=Oop [136]=NarrowOop [168]=Oop [176]=Oop }
                      ;*new {reexecute=0 rethrow=0 return_oop=1}
                      ; - java.net.URLClassLoader::defineClass@190
                      ; - java.net.URLClassLoader$1::run@43
                      ; - java.net.URLClassLoader$1::run@1
                      ; - java.security.AccessController::executePrivileged@29
                      ; - java.security.AccessController::doPrivileged@13
                      ; - java.net.URLClassLoader::findClass@13
  0x000001f915c5ac80: fca1 95ff 

  0x000001f915c5ac84: ;   {other}
  0x000001f915c5ac84: 0f1f 8400 | 744a 0044 | e984 d0ff | ff4c 8b9c | 2498 0000 | 0041 c643 | 1101 33c0 | e9b7 d4ff 
  0x000001f915c5aca4: ff48 8b4c | 2428 c641 | 1101 4533 | c045 33db | 4c8b d548 | 8b7c 2440 | e96f e1ff | ffba deff 
  0x000001f915c5acc4: ffff 488b | ac24 a800 | 0000 4c8b | 5424 304c | 8954 2420 | 448b 5c24 | 4c44 895c | 242c 4889 
  0x000001f915c5ace4: 4424 3890 

  0x000001f915c5ace8: ;   {runtime_call UncommonTrapBlob}
  0x000001f915c5ace8: c5f8 77e8 

  0x000001f915c5acec: ; ImmutableOopMap {rbp=Oop [32]=Oop [40]=NarrowOop [56]=Oop [64]=Oop [112]=Oop [120]=Oop }
                      ;*invokevirtual getResource {reexecute=0 rethrow=0 return_oop=0}
                      ; - jdk.internal.loader.URLClassPath::getResource@53
                      ; - java.net.URLClassLoader$1::run@26
                      ; - java.net.URLClassLoader$1::run@1
                      ; - java.security.AccessController::executePrivileged@29
                      ; - java.security.AccessController::doPrivileged@13
                      ; - java.net.URLClassLoader::findClass@13
  0x000001f915c5acec: 10ce 90ff 

  0x000001f915c5acf0: ;   {other}
  0x000001f915c5acf0: 0f1f 8400 | e04a 0045 | ba66 ffff | ff48 8bac | 24a8 0000 | 004c 8b5c | 2430 4c89 | 5c24 204c 
  0x000001f915c5ad10: 8b5c 2450 | 4c89 5c24 | 3844 8954 | 2448 6690 

  0x000001f915c5ad20: ;   {runtime_call UncommonTrapBlob}
  0x000001f915c5ad20: c5f8 77e8 

  0x000001f915c5ad24: ; ImmutableOopMap {rbp=Oop [32]=Oop [40]=NarrowOop [56]=Oop [64]=Oop [72]=NarrowOop [112]=Oop [120]=Oop }
                      ;*invokevirtual getEntry {reexecute=0 rethrow=0 return_oop=0}
                      ; - java.util.jar.JarFile::getJarEntry@2
                      ; - jdk.internal.loader.URLClassPath$JarLoader::getResource@22
                      ; - jdk.internal.loader.URLClassPath::getResource@53
                      ; - java.net.URLClassLoader$1::run@26
                      ; - java.net.URLClassLoader$1::run@1
                      ; - java.security.AccessController::executePrivileged@29
                      ; - java.security.AccessController::doPrivileged@13
                      ; - java.net.URLClassLoader::findClass@13
  0x000001f915c5ad24: d8cd 90ff 

  0x000001f915c5ad28: ;   {other}
  0x000001f915c5ad28: 0f1f 8400 | 184b 0046 

  0x000001f915c5ad30: ;   {metadata('java/lang/String')}
  0x000001f915c5ad30: 48ba 78e8 | 0033 f901 | 0000 488b | 6c24 704c | 8b54 2478 | 4c89 5424 | 204c 8b94 | 24a8 0000 
  0x000001f915c5ad50: 004c 8954 | 2440 6690 

  0x000001f915c5ad58: ;   {runtime_call _new_instance_Java}
  0x000001f915c5ad58: c5f8 77e8 

  0x000001f915c5ad5c: ; ImmutableOopMap {rbp=Oop [32]=Oop [48]=Oop [56]=Oop [64]=Oop [88]=NarrowOop [104]=Oop [128]=NarrowOop [168]=Oop [176]=Oop }
                      ;*new {reexecute=0 rethrow=0 return_oop=1}
                      ; - java.lang.StringLatin1::newString@7
                      ; - java.lang.String::substring@41
                      ; - java.net.URLClassLoader::defineClass@28
                      ; - java.net.URLClassLoader$1::run@43
                      ; - java.net.URLClassLoader$1::run@1
                      ; - java.security.AccessController::executePrivileged@29
                      ; - java.security.AccessController::doPrivileged@13
                      ; - java.net.URLClassLoader::findClass@13
  0x000001f915c5ad5c: 20a1 95ff 

  0x000001f915c5ad60: ;   {other}
  0x000001f915c5ad60: 0f1f 8400 | 504b 0047 | 4c8b d8e9 | 78c9 ffff | 4c8b 9424 | 8800 0000 | 458b 5a2c | 4585 db0f 
  0x000001f915c5ad80: 841e ebff | ff4d 8b57 | 2849 8bcb | 48c1 e103 | 4d85 d20f | 8473 2c00 | 004d 8b5f | 384b 894c 
  0x000001f915c5ada0: 13f8 4983 | c2f8 4d89 | 5728 e9f4 | eaff ff4c | 8b94 2488 | 0000 0045 | 8b5a 1445 | 85db 0f84 
  0x000001f915c5adc0: 7fec ffff | 4d8b 5728 | 498b cb48 | c1e1 034d | 85d2 0f84 | 742c 0000 | 4d8b 5f38 | 4b89 4c13 
  0x000001f915c5ade0: f849 83c2 | f84d 8957 | 28e9 55ec | ffff 448b | 551c 4585 | d20f 84ff | ebff ff4d | 8b5f 2849 
  0x000001f915c5ae00: 8bca 48c1 | e103 4d85 | db0f 841d | 2c00 004d | 8b57 384b | 894c 1af8 | 4983 c3f8 | 4d89 5f28 
  0x000001f915c5ae20: e9d5 ebff | ff4c 8b94 | 2488 0000 | 0045 8b52 | 1045 85d2 | 0f84 99ed | ffff 4d8b | 5f28 498b 
  0x000001f915c5ae40: ca48 c1e1 | 034d 85db | 0f84 3e2c | 0000 4d8b | 5738 4b89 | 4c1a f849 | 83c3 f84d 

  0x000001f915c5ae5c: ;   {no_reloc}
  0x000001f915c5ae5c: 895f 28e9 | 6fed ffff | 448b 5d1c | 4585 db0f | 8419 edff | ff4d 8b57 | 2849 8bcb | 48c1 e103 
  0x000001f915c5ae7c: 4d85 d20f | 84e7 2b00 | 004d 8b5f | 384b 894c | 13f8 4983 | c2f8 4d89 | 5728 e9ef | ecff ff4c 
  0x000001f915c5ae9c: 8b94 2488 | 0000 0045 | 8b5a 2445 | 85db 0f84 | a8f0 ffff | 4d8b 5728 | 498b cb48 | c1e1 034d 
  0x000001f915c5aebc: 85d2 0f84 | 482c 0000 | 4d8b 5f38 | 4b89 4c13 | f849 83c2 | f84d 8957 | 28e9 7ef0 | ffff 448b 
  0x000001f915c5aedc: 551c 4585 | d20f 8433 | eeff ff4d | 8b5f 2849 | 8bca 48c1 | e103 4d85 | db0f 8451 | 2c00 004d 
  0x000001f915c5aefc: 8b57 384b | 894c 1af8 | 4983 c3f8 | 4d89 5f28 | e909 eeff | ff4c 8b94 | 2488 0000 | 0045 8b5a 
  0x000001f915c5af1c: 1c45 85db | 0f84 efee | ffff 4d8b | 5728 498b | cb48 c1e1 | 034d 85d2 | 0f84 f22b | 0000 4d8b 
  0x000001f915c5af3c: 5f38 4b89 | 4c13 f849 | 83c2 f84d | 8957 28e9 | c5ee ffff | 4c8b 9424 | 8800 0000 | 458b 5a34 
  0x000001f915c5af5c: ;   {no_reloc}
  0x000001f915c5af5c: 4585 db0f | 8487 f0ff | ff4d 8b57 | 2849 8bcb | 48c1 e103 | 4d85 d20f | 8473 2b00 | 004d 8b5f 
  0x000001f915c5af7c: 384b 894c | 13f8 4983 | c2f8 4d89 | 5728 e95d | f0ff ff4c | 8b94 2488 | 0000 0045 | 8b5a 1845 
  0x000001f915c5af9c: 85db 0f84 | d6ed ffff | 4d8b 5728 | 498b cb48 | c1e1 034d | 85d2 0f84 | b42b 0000 | 4d8b 5f38 
  0x000001f915c5afbc: 4b89 4c13 | f849 83c2 | f84d 8957 | 28e9 aced | ffff 4c8b | 9424 8800 | 0000 458b | 5a38 4585 
  0x000001f915c5afdc: db0f 84bc | f0ff ff4d | 8b57 2849 | 8bcb 48c1 | e103 4d85 | d20f 84b5 | 2a00 004d | 8b5f 384b 
  0x000001f915c5affc: 894c 13f8 | 4983 c2f8 | 4d89 5728 | e992 f0ff | ff4c 8b54 | 2478 458b | 5a30 4585 | db0f 84cf 
  0x000001f915c5b01c: f0ff ff4d | 8b57 2849 | 8bcb 48c1 | e103 4d85 | d20f 8499 | 2a00 004d | 8b5f 384b | 894c 13f8 
  0x000001f915c5b03c: 4983 c2f8 | 4d89 5728 | e9a5 f0ff | ff4c 8b54 | 2470 458b | 5210 4585 | d20f 8446 | f3ff ff4d 
  0x000001f915c5b05c: ;   {no_reloc}
  0x000001f915c5b05c: 8b5f 2849 | 8bca 48c1 | e103 4d85 | db0f 841d | 2b00 004d | 8b57 384b | 894c 1af8 | 4983 c3f8 
  0x000001f915c5b07c: 4d89 5f28 | e91c f3ff | ff44 8b5d | 0c45 85db | 0f84 08f2 | ffff 4d8b | 5728 498b | cb48 c1e1 
  0x000001f915c5b09c: 034d 85d2 | 0f84 262b | 0000 4d8b | 5f38 4b89 | 4c13 f849 | 83c2 f84d | 8957 28e9 | def1 ffff 
  0x000001f915c5b0bc: 4c8b 5424 | 7045 8b52 | 0c45 85d2 | 0f84 28f2 | ffff 4d8b | 5f28 498b | ca48 c1e1 | 034d 85db 
  0x000001f915c5b0dc: 0f84 ca2a | 0000 4d8b | 5738 4b89 | 4c1a f849 | 83c3 f84d | 895f 28e9 | fef1 ffff | 4c8b 5424 
  0x000001f915c5b0fc: 7045 8b52 | 1445 85d2 | 0f84 15f3 | ffff 4d8b | 5f28 498b | ca48 c1e1 | 034d 85db | 0f84 ce2a 
  0x000001f915c5b11c: 0000 4d8b | 5738 4b89 | 4c1a f849 | 83c3 f84d | 895f 28e9 | ebf2 ffff | 4d8b 5748 | 4d8b 5f58 
  0x000001f915c5b13c: f083 4424 | c000 8039 | 000f 843c | e9ff ff44 | 8821 4d85 | d275 2049 | 8bd7 c5f8 | 7749 ba00 
  0x000001f915c5b15c: ;   {no_reloc}
  0x000001f915c5b15c: a4af 15fb | 7f00 0041 

  0x000001f915c5b164: ;   {other}
  0x000001f915c5b164: ffd2 0f1f | 8400 0000 | 0000 e914 | e9ff ff4b | 894c 13f8 | 4983 c2f8 | 4d89 5748 | e902 e9ff 
  0x000001f915c5b184: ff4d 8b57 | 584d 8b5f | 48f0 8344 | 24c0 0080 | 3900 0f84 | 9ce8 ffff | 4488 214d | 85db 7520 
  0x000001f915c5b1a4: 498b d7c5 | f877 49ba | 00a4 af15 | fb7f 0000 

  0x000001f915c5b1b4: ;   {other}
  0x000001f915c5b1b4: 41ff d20f | 1f84 0000 | 0000 00e9 | 74e8 ffff | 4b89 4c1a | f849 83c3 | f84d 895f | 48e9 62e8 
  0x000001f915c5b1d4: ffff 4d8b | 5758 4d8b | 5f48 f083 | 4424 c000 | 8039 000f | 84db e9ff | ff44 8821 | 4d85 db75 
  0x000001f915c5b1f4: 2049 8bd7 | c5f8 7749 | ba00 a4af | 15fb 7f00 | 0041 ffd2 

  0x000001f915c5b208: ;   {other}
  0x000001f915c5b208: 0f1f 8400 | 0000 0000 | e9b3 e9ff | ff4b 894c | 1af8 4983 | c3f8 4d89 | 5f48 e9a1 | e9ff ff4d 
  0x000001f915c5b228: 8b57 484d | 8b5f 58f0 | 8344 24c0 | 0080 3900 | 0f84 d9e9 | ffff 4488 | 214d 85d2 | 7520 498b 
  0x000001f915c5b248: d7c5 f877 | 49ba 00a4 | af15 fb7f | 0000 41ff 

  0x000001f915c5b258: ;   {other}
  0x000001f915c5b258: d20f 1f84 | 0000 0000 | 00e9 b1e9 | ffff 4b89 | 4c13 f849 | 83c2 f84d | 8957 48e9 | 9fe9 ffff 
  0x000001f915c5b278: 4d8b 5748 | 4d8b 5f58 | f083 4424 | c000 8039 | 000f 84a0 | eeff ff44 | 8821 4d85 | d275 2049 
  0x000001f915c5b298: 8bd7 c5f8 | 7749 ba00 | a4af 15fb | 7f00 0041 

  0x000001f915c5b2a8: ;   {other}
  0x000001f915c5b2a8: ffd2 0f1f | 8400 0000 | 0000 e978 | eeff ff4b | 894c 13f8 | 4983 c2f8 | 4d89 5748 | e966 eeff 
  0x000001f915c5b2c8: ff4d 8b57 | 584d 8b5f | 48f0 8344 | 24c0 0080 | 3900 0f84 | 4bed ffff | 4488 214d | 85db 7520 
  0x000001f915c5b2e8: 498b d7c5 | f877 49ba | 00a4 af15 | fb7f 0000 

  0x000001f915c5b2f8: ;   {other}
  0x000001f915c5b2f8: 41ff d20f | 1f84 0000 | 0000 00e9 | 23ed ffff | 4b89 4c1a | f849 83c3 | f84d 895f | 48e9 11ed 
  0x000001f915c5b318: ffff 4d8b | 5748 4d8b | 5f58 f083 | 4424 c000 | 8039 000f | 84b2 edff | ff44 8821 | 4d85 d275 
  0x000001f915c5b338: 2049 8bd7 | c5f8 7749 | ba00 a4af | 15fb 7f00 | 0041 ffd2 

  0x000001f915c5b34c: ;   {other}
  0x000001f915c5b34c: 0f1f 8400 | 0000 0000 | e98a edff | ff4b 894c | 13f8 4983 | c2f8 4d89 | 5748 e978 | edff ff4d 
  0x000001f915c5b36c: 8b57 584d | 8b5f 48f0 | 8344 24c0 | 0080 3900 | 0f84 d2ea | ffff 4488 | 214d 85db | 7520 498b 
  0x000001f915c5b38c: d7c5 f877 | 49ba 00a4 | af15 fb7f | 0000 41ff 

  0x000001f915c5b39c: ;   {other}
  0x000001f915c5b39c: d20f 1f84 | 0000 0000 | 00e9 aaea | ffff 4b89 | 4c1a f849 | 83c3 f84d | 895f 48e9 | 98ea ffff 
  0x000001f915c5b3bc: 4d8b 5748 | 4d8b 5f58 | f083 4424 | c000 8039 | 000f 84c2 | ebff ff44 | 8821 4d85 | d275 2049 
  0x000001f915c5b3dc: 8bd7 c5f8 | 7749 ba00 | a4af 15fb | 7f00 0041 

  0x000001f915c5b3ec: ;   {other}
  0x000001f915c5b3ec: ffd2 0f1f | 8400 0000 | 0000 e99a | ebff ff4b | 894c 13f8 | 4983 c2f8 | 4d89 5748 | e988 ebff 
  0x000001f915c5b40c: ff4d 8b57 | 584d 8b5f | 48f0 8344 | 24c0 0080 | 3900 0f84 | 4be9 ffff | 4488 214d | 85db 7520 
  0x000001f915c5b42c: 498b d7c5 | f877 49ba | 00a4 af15 | fb7f 0000 

  0x000001f915c5b43c: ;   {other}
  0x000001f915c5b43c: 41ff d20f | 1f84 0000 | 0000 00e9 | 23e9 ffff | 4b89 4c1a | f849 83c3 | f84d 895f | 48e9 11e9 
  0x000001f915c5b45c: ffff 4d8b | 5748 4d8b | 5f58 f083 | 4424 c000 | 8039 000f | 8449 e9ff | ff44 8821 | 4d85 d275 
  0x000001f915c5b47c: 2049 8bd7 | c5f8 7749 | ba00 a4af | 15fb 7f00 | 0041 ffd2 

  0x000001f915c5b490: ;   {other}
  0x000001f915c5b490: 0f1f 8400 | 0000 0000 | e921 e9ff | ff4b 894c | 13f8 4983 | c2f8 4d89 | 5748 e90f | e9ff ff4d 
  0x000001f915c5b4b0: 8b57 484d | 8b5f 58f0 | 8344 24c0 | 0080 3900 | 0f84 87ea | ffff 4488 | 214d 85d2 | 7520 498b 
  0x000001f915c5b4d0: d7c5 f877 | 49ba 00a4 | af15 fb7f | 0000 41ff 

  0x000001f915c5b4e0: ;   {other}
  0x000001f915c5b4e0: d20f 1f84 | 0000 0000 | 00e9 5fea | ffff 4b89 | 4c13 f849 | 83c2 f84d | 8957 48e9 | 4dea ffff 
  0x000001f915c5b500: 4d8b 5748 | 4d8b 5f58 | f083 4424 | c000 8039 | 000f 8416 | eeff ff44 | 8821 4d85 | d275 2049 
  0x000001f915c5b520: 8bd7 c5f8 | 7749 ba00 | a4af 15fb | 7f00 0041 

  0x000001f915c5b530: ;   {other}
  0x000001f915c5b530: ffd2 0f1f | 8400 0000 | 0000 e9ee | edff ff4b | 894c 13f8 | 4983 c2f8 | 4d89 5748 | e9dc edff 
  0x000001f915c5b550: ff4d 8b57 | 484d 8b5f | 58f0 8344 | 24c0 0080 | 3900 0f84 | 77ee ffff | 4488 214d | 85d2 7520 
  0x000001f915c5b570: 498b d7c5 | f877 49ba | 00a4 af15 | fb7f 0000 

  0x000001f915c5b580: ;   {other}
  0x000001f915c5b580: 41ff d20f | 1f84 0000 | 0000 00e9 | 4fee ffff | 4b89 4c13 | f849 83c2 | f84d 8957 | 48e9 3dee 
  0x000001f915c5b5a0: ffff 4d8b | 5758 4d8b | 5f48 f083 | 4424 c000 | 8039 000f | 84df e2ff | ff44 8821 | 4d85 db75 
  0x000001f915c5b5c0: 2049 8bd7 | c5f8 7749 | ba00 a4af | 15fb 7f00 | 0041 ffd2 

  0x000001f915c5b5d4: ;   {other}
  0x000001f915c5b5d4: 0f1f 8400 | 0000 0000 | e9b7 e2ff | ff4b 894c | 1af8 4983 | c3f8 4d89 | 5f48 e9a5 | e2ff ff4d 
  0x000001f915c5b5f4: 8b57 584d | 8b5f 48f0 | 8344 24c0 | 0080 3900 | 0f84 e5e2 | ffff 4488 | 214d 85db | 7520 498b 
  0x000001f915c5b614: d7c5 f877 | 49ba 00a4 | af15 fb7f | 0000 41ff 

  0x000001f915c5b624: ;   {other}
  0x000001f915c5b624: d20f 1f84 | 0000 0000 | 00e9 bde2 | ffff 4b89 | 4c1a f849 | 83c3 f84d | 895f 48e9 | abe2 ffff 
  0x000001f915c5b644: 4d8b 5758 | 4d8b 5f48 | f083 4424 | c000 8039 | 000f 8490 | ecff ff44 | 8821 4d85 | db75 2049 
  0x000001f915c5b664: 8bd7 c5f8 | 7749 ba00 | a4af 15fb | 7f00 0041 

  0x000001f915c5b674: ;   {other}
  0x000001f915c5b674: ffd2 0f1f | 8400 0000 | 0000 e968 | ecff ff4b | 894c 1af8 | 4983 c3f8 | 4d89 5f48 | e956 ecff 
  0x000001f915c5b694: ff4d 8b57 | 484d 8b5f | 58f0 8344 | 24c0 0080 | 3900 0f84 | bced ffff | 4488 214d | 85d2 7520 
  0x000001f915c5b6b4: 498b d7c5 | f877 49ba | 00a4 af15 | fb7f 0000 

  0x000001f915c5b6c4: ;   {other}
  0x000001f915c5b6c4: 41ff d20f | 1f84 0000 | 0000 00e9 | 94ed ffff | 4b89 4c13 | f849 83c2 | f84d 8957 | 48e9 82ed 
  0x000001f915c5b6e4: ;   {metadata({type array byte})}
  0x000001f915c5b6e4: ffff 48ba | 1823 0033 | f901 0000 | 448b c548 | 8bac 24a8 | 0000 004c | 898c 24e8 | 0000 0090 
  0x000001f915c5b704: ;   {runtime_call _new_array_Java}
  0x000001f915c5b704: c5f8 77e8 

  0x000001f915c5b708: ; ImmutableOopMap {rbp=Oop [32]=Oop [48]=Oop [56]=Oop [104]=Oop [120]=Oop [128]=Oop [136]=NarrowOop [144]=Oop [152]=Oop [160]=Oop [168]=Oop [176]=Oop [184]=NarrowOop }
                      ;*invokevirtual allocateUninitializedArray0 {reexecute=0 rethrow=0 return_oop=1}
                      ; - jdk.internal.misc.Unsafe::allocateUninitializedArray@51
                      ; - java.lang.StringConcatHelper::newArray@33
                      ; - java.lang.StringConcatHelper::simpleConcat@61
                      ; - java.lang.String::concat@11
                      ; - java.net.URLClassLoader::isSealed@15
                      ; - java.net.URLClassLoader::getAndVerifyPackage@68
                      ; - java.net.URLClassLoader::defineClass@46
                      ; - java.net.URLClassLoader$1::run@43
                      ; - java.net.URLClassLoader$1::run@1
                      ; - java.security.AccessController::executePrivileged@29
                      ; - java.security.AccessController::doPrivileged@13
                      ; - java.net.URLClassLoader::findClass@13
  0x000001f915c5b708: 7494 95ff 

  0x000001f915c5b70c: ;   {other}
  0x000001f915c5b70c: 0f1f 8400 | fc54 0048 | 4c8b c0e9 | add5 ffff 

  0x000001f915c5b71c: ;   {metadata('java/lang/String')}
  0x000001f915c5b71c: 48ba 78e8 | 0033 f901 | 0000 488b | 6c24 384c | 8b94 24a8 | 0000 004c | 8954 2438 

  0x000001f915c5b738: ;   {runtime_call _new_instance_Java}
  0x000001f915c5b738: c5f8 77e8 

  0x000001f915c5b73c: ; ImmutableOopMap {rbp=Oop [32]=Oop [48]=Oop [56]=Oop [104]=Oop [120]=Oop [128]=Oop [136]=NarrowOop [144]=Oop [168]=Oop [176]=Oop [184]=NarrowOop [216]=Oop }
                      ;*new {reexecute=0 rethrow=0 return_oop=1}
                      ; - java.lang.StringConcatHelper::newString@6
                      ; - java.lang.StringConcatHelper::simpleConcat@90
                      ; - java.lang.String::concat@11
                      ; - java.net.URLClassLoader::isSealed@15
                      ; - java.net.URLClassLoader::getAndVerifyPackage@68
                      ; - java.net.URLClassLoader::defineClass@46
                      ; - java.net.URLClassLoader$1::run@43
                      ; - java.net.URLClassLoader$1::run@1
                      ; - java.security.AccessController::executePrivileged@29
                      ; - java.security.AccessController::doPrivileged@13
                      ; - java.net.URLClassLoader::findClass@13
  0x000001f915c5b73c: 4097 95ff 

  0x000001f915c5b740: ;   {other}
  0x000001f915c5b740: 0f1f 8400 | 3055 0049 | e95f d6ff 

  0x000001f915c5b74c: ;   {metadata({type array byte})}
  0x000001f915c5b74c: ff48 ba18 | 2300 33f9 | 0100 0044 | 8b44 245c | 4c8b 9424 | a800 0000 | 4c89 5424 | 604c 8b94 
  0x000001f915c5b76c: 24b0 0000 | 004c 8954 | 2478 6690 

  0x000001f915c5b778: ;   {runtime_call _new_array_nozero_Java}
  0x000001f915c5b778: c5f8 77e8 

  0x000001f915c5b77c: ; ImmutableOopMap {[48]=Oop [56]=Oop [64]=Derived_oop_[56] [88]=NarrowOop [96]=Oop [104]=Oop [112]=Oop [120]=Oop [168]=Oop [176]=Oop }
                      ;*newarray {reexecute=0 rethrow=0 return_oop=1}
                      ; - java.util.Arrays::copyOfRangeByte@10
                      ; - java.util.Arrays::copyOfRange@13
                      ; - java.lang.StringLatin1::newString@16
                      ; - java.lang.String::substring@41
                      ; - java.net.URLClassLoader::defineClass@28
                      ; - java.net.URLClassLoader$1::run@43
                      ; - java.net.URLClassLoader$1::run@1
                      ; - java.security.AccessController::executePrivileged@29
                      ; - java.security.AccessController::doPrivileged@13
                      ; - java.net.URLClassLoader::findClass@13
  0x000001f915c5b77c: 8090 95ff 

  0x000001f915c5b780: ;   {other}
  0x000001f915c5b780: 0f1f 8400 | 7055 004a | 488b d8e9 | 0ec1 ffff 

  0x000001f915c5b790: ;   {metadata({type array byte})}
  0x000001f915c5b790: 48ba 1823 | 0033 f901 | 0000 448b | 8424 a400 | 0000 4c8b | 9424 a800 | 0000 4c89 | 5424 5890 
  0x000001f915c5b7b0: ;   {runtime_call _new_array_Java}
  0x000001f915c5b7b0: c5f8 77e8 

  0x000001f915c5b7b4: ; ImmutableOopMap {[32]=Oop [48]=Oop [56]=Oop [72]=Oop [88]=Oop [104]=Oop [120]=Oop [128]=Oop [136]=NarrowOop [144]=Oop [168]=Oop [176]=Oop [184]=NarrowOop [188]=NarrowOop }
                      ;*invokevirtual allocateUninitializedArray0 {reexecute=0 rethrow=0 return_oop=1}
                      ; - jdk.internal.misc.Unsafe::allocateUninitializedArray@51
                      ; - java.lang.StringConcatHelper::newArray@33
                      ; - java.lang.StringLatin1::replace@49
                      ; - java.lang.String::replace@18
                      ; - java.net.URLClassLoader::isSealed@9
                      ; - java.net.URLClassLoader::getAndVerifyPackage@68
                      ; - java.net.URLClassLoader::defineClass@46
                      ; - java.net.URLClassLoader$1::run@43
                      ; - java.net.URLClassLoader$1::run@1
                      ; - java.security.AccessController::executePrivileged@29
                      ; - java.security.AccessController::doPrivileged@13
                      ; - java.net.URLClassLoader::findClass@13
  0x000001f915c5b7b4: c893 95ff 

  0x000001f915c5b7b8: ;   {other}
  0x000001f915c5b7b8: 0f1f 8400 | a855 004b | 4c8b c0e9 | ffd0 ffff 

  0x000001f915c5b7c8: ;   {metadata('java/lang/String')}
  0x000001f915c5b7c8: 48ba 78e8 | 0033 f901 | 0000 488b | ac24 a800 | 0000 6690 

  0x000001f915c5b7dc: ;   {runtime_call _new_instance_Java}
  0x000001f915c5b7dc: c5f8 77e8 

  0x000001f915c5b7e0: ; ImmutableOopMap {rbp=Oop [32]=Oop [48]=Oop [56]=Oop [104]=Oop [120]=Oop [128]=Oop [136]=NarrowOop [144]=Oop [152]=Oop [168]=Oop [176]=Oop [184]=NarrowOop }
                      ;*new {reexecute=0 rethrow=0 return_oop=1}
                      ; - java.lang.StringLatin1::replace@116
                      ; - java.lang.String::replace@18
                      ; - java.net.URLClassLoader::isSealed@9
                      ; - java.net.URLClassLoader::getAndVerifyPackage@68
                      ; - java.net.URLClassLoader::defineClass@46
                      ; - java.net.URLClassLoader$1::run@43
                      ; - java.net.URLClassLoader$1::run@1
                      ; - java.security.AccessController::executePrivileged@29
                      ; - java.security.AccessController::doPrivileged@13
                      ; - java.net.URLClassLoader::findClass@13
  0x000001f915c5b7e0: 9c96 95ff 

  0x000001f915c5b7e4: ;   {other}
  0x000001f915c5b7e4: 0f1f 8400 | d455 004c | 4c8b c0e9 | 55d3 ffff | 4c8b 5424 | 2845 8b5a | 0c45 85db | 0f84 c3dd 
  0x000001f915c5b804: ffff 4d8b | 5728 498b | cb48 c1e1 | 034d 85d2 | 0f84 2324 | 0000 4d8b | 5f38 4b89 | 4c13 f849 
  0x000001f915c5b824: 83c2 f84d | 8957 28e9 | 99dd ffff | 448b 550c | 4585 d20f | 842d ddff | ff4d 8b5f | 2849 8bca 
  0x000001f915c5b844: 48c1 e103 | 4d85 db0f | 842c 2400 | 004d 8b57 | 384b 894c | 1af8 4983 | c3f8 4d89 | 5f28 e903 
  0x000001f915c5b864: ddff ff4c | 8b54 2428 | 458b 5a10 | 4585 db0f | 84fb ddff | ff4d 8b57 | 2849 8bcb | 48c1 e103 
  0x000001f915c5b884: 4d85 d20f | 84d0 2300 | 004d 8b5f | 384b 894c | 13f8 4983 | c2f8 4d89 | 5728 e9d1 | ddff ff4c 
  0x000001f915c5b8a4: 8b5c 2428 | 458b 4314 | 4585 c00f | 844b deff | ff49 8bdb | 4d8b 5728 | 498b c848 | c1e1 034d 
  0x000001f915c5b8c4: 85d2 0f84 | d123 0000 | 4d8b 5f38 | 4b89 4c13 | f849 83c2 | f84d 8957 | 284c 8bdb 

  0x000001f915c5b8e0: ;   {no_reloc}
  0x000001f915c5b8e0: e91b deff | ff4d 8b57 | 584d 8b5f | 48f0 8344 | 24c0 0080 | 3900 0f84 | b4dd ffff | 4488 214d 
  0x000001f915c5b900: 85db 7520 | 498b d7c5 | f877 49ba | 00a4 af15 | fb7f 0000 

  0x000001f915c5b914: ;   {other}
  0x000001f915c5b914: 41ff d20f | 1f84 0000 | 0000 00e9 | 8cdd ffff | 4b89 4c1a | f849 83c3 | f84d 895f | 48e9 7add 
  0x000001f915c5b934: ffff 4d8b | 5748 4d8b | 5f58 f083 | 4424 c000 | 8039 000f | 84b3 dcff | ff44 8821 | 4d85 d275 
  0x000001f915c5b954: 2049 8bd7 | c5f8 7749 | ba00 a4af | 15fb 7f00 | 0041 ffd2 

  0x000001f915c5b968: ;   {other}
  0x000001f915c5b968: 0f1f 8400 | 0000 0000 | e98b dcff | ff4b 894c | 13f8 4983 | c2f8 4d89 | 5748 e979 | dcff ff4d 
  0x000001f915c5b988: 8b57 584d | 8b5f 48f0 | 8344 24c0 | 0080 3900 | 0f84 20dc | ffff 4488 | 214d 85db | 7520 498b 
  0x000001f915c5b9a8: d7c5 f877 | 49ba 00a4 | af15 fb7f | 0000 41ff 

  0x000001f915c5b9b8: ;   {other}
  0x000001f915c5b9b8: d20f 1f84 | 0000 0000 | 00e9 f8db | ffff 4b89 | 4c1a f849 | 83c3 f84d | 895f 48e9 | e6db ffff 
  0x000001f915c5b9d8: 4889 7c24 | 204c 899c | 24a8 0000 | 0048 8bea 

  0x000001f915c5b9e8: ;   {metadata('java/lang/String')}
  0x000001f915c5b9e8: 48ba 78e8 | 0033 f901 | 0000 4c89 | 5c24 3090 

  0x000001f915c5b9f8: ;   {runtime_call _new_instance_Java}
  0x000001f915c5b9f8: c5f8 77e8 

  0x000001f915c5b9fc: ; ImmutableOopMap {rbp=Oop [32]=Oop [48]=Oop [168]=Oop }
                      ;*new {reexecute=0 rethrow=0 return_oop=1}
                      ; - java.lang.StringConcatHelper::simpleConcat@17
                      ; - java.lang.String::concat@11
                      ; - java.net.URLClassLoader$1::run@13
                      ; - java.net.URLClassLoader$1::run@1
                      ; - java.security.AccessController::executePrivileged@29
                      ; - java.security.AccessController::doPrivileged@13
                      ; - java.net.URLClassLoader::findClass@13
  0x000001f915c5b9fc: 8094 95ff 

  0x000001f915c5ba00: ;   {other}
  0x000001f915c5ba00: 0f1f 8400 | f057 004d | 488b d54c | 8b5c 2430 | 488b 7c24 | 20e9 48cd 

  0x000001f915c5ba18: ;   {metadata({type array byte})}
  0x000001f915c5ba18: ffff 48ba | 1823 0033 | f901 0000 | 488b 6c24 | 3844 8b44 | 2428 4c8b | 9424 a800 | 0000 4c89 
  0x000001f915c5ba38: 5424 284c | 8b94 24b0 | 0000 004c | 8954 2460 

  0x000001f915c5ba48: ;   {runtime_call _new_array_nozero_Java}
  0x000001f915c5ba48: c5f8 77e8 

  0x000001f915c5ba4c: ; ImmutableOopMap {rbp=Oop [32]=Derived_oop_rbp [40]=Oop [48]=Oop [88]=NarrowOop [96]=Oop [104]=Oop [112]=Oop [120]=NarrowOop [168]=Oop [176]=Oop }
                      ;*invokevirtual clone {reexecute=1 rethrow=0 return_oop=1}
                      ; - (reexecute) java.util.Arrays::copyOfRange@18
                      ; - java.lang.StringLatin1::newString@16
                      ; - java.lang.String::substring@41
                      ; - java.net.URLClassLoader::defineClass@28
                      ; - java.net.URLClassLoader$1::run@43
                      ; - java.net.URLClassLoader$1::run@1
                      ; - java.security.AccessController::executePrivileged@29
                      ; - java.security.AccessController::doPrivileged@13
                      ; - java.net.URLClassLoader::findClass@13
  0x000001f915c5ba4c: b08d 95ff 

  0x000001f915c5ba50: ;   {other}
  0x000001f915c5ba50: 0f1f 8400 | 4058 004e | 488b d8e9 | 2cbd ffff | 418b eae9 | a4b2 ffff 

  0x000001f915c5ba68: ;   {metadata('java/lang/ref/SoftReference')}
  0x000001f915c5ba68: 48ba 90df | 0333 f901 | 0000 4c8b | 9424 a800 | 0000 4c89 | 5424 204c | 8b54 2468 | 4c89 5424 
  0x000001f915c5ba88: 384c 8b94 | 24b0 0000 | 004c 8954 | 2440 6690 

  0x000001f915c5ba98: ;   {runtime_call _new_instance_Java}
  0x000001f915c5ba98: c5f8 77e8 

  0x000001f915c5ba9c: ; ImmutableOopMap {rbp=Oop [32]=Oop [48]=Oop [56]=Oop [64]=Oop [88]=NarrowOop [104]=Oop [120]=Oop [160]=Oop [168]=Oop [176]=Oop }
                      ;*new {reexecute=0 rethrow=0 return_oop=1}
                      ; - java.util.jar.JarFile::getManifestFromReference@184
                      ; - java.util.jar.JarFile::getManifest@1
                      ; - jdk.internal.loader.URLClassPath$JarLoader$2::getManifest@22
                      ; - java.net.URLClassLoader::defineClass@34
                      ; - java.net.URLClassLoader$1::run@43
                      ; - java.net.URLClassLoader$1::run@1
                      ; - java.security.AccessController::executePrivileged@29
                      ; - java.security.AccessController::doPrivileged@13
                      ; - java.net.URLClassLoader::findClass@13
  0x000001f915c5ba9c: e093 95ff 

  0x000001f915c5baa0: ;   {other}
  0x000001f915c5baa0: 0f1f 8400 | 9058 004f | 4c8b d0e9 | 16ea ffff | 418b e8e9 | 86cd ffff 

  0x000001f915c5bab8: ;   {metadata('java/util/jar/JarVerifier')}
  0x000001f915c5bab8: 48ba 789e | 1633 f901 | 0000 6690 

  0x000001f915c5bac4: ;   {runtime_call _new_instance_Java}
  0x000001f915c5bac4: c5f8 77e8 

  0x000001f915c5bac8: ; ImmutableOopMap {rbp=Oop [40]=Oop [48]=Oop [56]=Oop [88]=NarrowOop [104]=Oop [112]=Oop [120]=Oop [128]=Oop [160]=Oop [168]=Oop [176]=Oop }
                      ;*new {reexecute=0 rethrow=0 return_oop=1}
                      ; - java.util.jar.JarFile::getManifestFromReference@69
                      ; - java.util.jar.JarFile::getManifest@1
                      ; - jdk.internal.loader.URLClassPath$JarLoader$2::getManifest@22
                      ; - java.net.URLClassLoader::defineClass@34
                      ; - java.net.URLClassLoader$1::run@43
                      ; - java.net.URLClassLoader$1::run@1
                      ; - java.security.AccessController::executePrivileged@29
                      ; - java.security.AccessController::doPrivileged@13
                      ; - java.net.URLClassLoader::findClass@13
  0x000001f915c5bac8: b493 95ff 

  0x000001f915c5bacc: ;   {other}
  0x000001f915c5bacc: 0f1f 8400 | bc58 0050 | 4c8b d0e9 | 36dd ffff 

  0x000001f915c5badc: ;   {metadata('java/util/Hashtable')}
  0x000001f915c5badc: 48ba b8d3 | 0033 f901 | 0000 488b | ac24 a800 | 0000 4c8b | 5424 684c | 8954 2438 

  0x000001f915c5baf8: ;   {runtime_call _new_instance_Java}
  0x000001f915c5baf8: c5f8 77e8 

  0x000001f915c5bafc: ; ImmutableOopMap {rbp=Oop [32]=NarrowOop [48]=Oop [56]=Oop [88]=NarrowOop [104]=Oop [120]=Oop [128]=Oop [136]=Oop [160]=Oop [168]=Oop [176]=Oop }
                      ;*new {reexecute=0 rethrow=0 return_oop=1}
                      ; - java.util.jar.JarVerifier::<init>@35
                      ; - java.util.jar.JarFile::getManifestFromReference@78
                      ; - java.util.jar.JarFile::getManifest@1
                      ; - jdk.internal.loader.URLClassPath$JarLoader$2::getManifest@22
                      ; - java.net.URLClassLoader::defineClass@34
                      ; - java.net.URLClassLoader$1::run@43
                      ; - java.net.URLClassLoader$1::run@1
                      ; - java.security.AccessController::executePrivileged@29
                      ; - java.security.AccessController::doPrivileged@13
                      ; - java.net.URLClassLoader::findClass@13
  0x000001f915c5bafc: 8093 95ff 

  0x000001f915c5bb00: ;   {other}
  0x000001f915c5bb00: 0f1f 8400 | f058 0051 | 488b e8e9 | 2dde ffff 

  0x000001f915c5bb10: ;   {metadata('java/util/Hashtable')}
  0x000001f915c5bb10: 48ba b8d3 | 0033 f901 | 0000 488b | 6c24 2890 

  0x000001f915c5bb20: ;   {runtime_call _new_instance_Java}
  0x000001f915c5bb20: c5f8 77e8 

  0x000001f915c5bb24: ; ImmutableOopMap {rbp=Oop [32]=NarrowOop [48]=Oop [56]=Oop [88]=NarrowOop [104]=Oop [120]=Oop [128]=Oop [136]=Oop [160]=Oop [168]=Oop [176]=Oop }
                      ;*new {reexecute=0 rethrow=0 return_oop=1}
                      ; - java.util.jar.JarVerifier::<init>@46
                      ; - java.util.jar.JarFile::getManifestFromReference@78
                      ; - java.util.jar.JarFile::getManifest@1
                      ; - jdk.internal.loader.URLClassPath$JarLoader$2::getManifest@22
                      ; - java.net.URLClassLoader::defineClass@34
                      ; - java.net.URLClassLoader$1::run@43
                      ; - java.net.URLClassLoader$1::run@1
                      ; - java.security.AccessController::executePrivileged@29
                      ; - java.security.AccessController::doPrivileged@13
                      ; - java.net.URLClassLoader::findClass@13
  0x000001f915c5bb24: 5893 95ff 

  0x000001f915c5bb28: ;   {other}
  0x000001f915c5bb28: 0f1f 8400 | 1859 0052 | 488b e8e9 | 9ddf ffff 

  0x000001f915c5bb38: ;   {metadata('java/util/Hashtable$Entry'[])}
  0x000001f915c5bb38: 48ba a87f | 1333 f901 | 0000 41b8 | 0b00 0000 

  0x000001f915c5bb48: ;   {runtime_call _new_array_Java}
  0x000001f915c5bb48: c5f8 77e8 

  0x000001f915c5bb4c: ; ImmutableOopMap {rbp=Oop [32]=NarrowOop [40]=Oop [48]=Oop [56]=Oop [88]=NarrowOop [104]=Oop [120]=Oop [128]=Oop [136]=Oop [160]=Oop [168]=Oop [176]=Oop }
                      ;*anewarray {reexecute=0 rethrow=0 return_oop=1}
                      ; - java.util.Hashtable::<init>@93
                      ; - java.util.Hashtable::<init>@5
                      ; - java.util.jar.JarVerifier::<init>@39
                      ; - java.util.jar.JarFile::getManifestFromReference@78
                      ; - java.util.jar.JarFile::getManifest@1
                      ; - jdk.internal.loader.URLClassPath$JarLoader$2::getManifest@22
                      ; - java.net.URLClassLoader::defineClass@34
                      ; - java.net.URLClassLoader$1::run@43
                      ; - java.net.URLClassLoader$1::run@1
                      ; - java.security.AccessController::executePrivileged@29
                      ; - java.security.AccessController::doPrivileged@13
                      ; - java.net.URLClassLoader::findClass@13
  0x000001f915c5bb4c: 3090 95ff 

  0x000001f915c5bb50: ;   {other}
  0x000001f915c5bb50: 0f1f 8400 | 4059 0053 | 4c8b d0e9 | 8cde ffff 

  0x000001f915c5bb60: ;   {metadata('java/util/Hashtable')}
  0x000001f915c5bb60: 48ba b8d3 | 0033 f901 | 0000 488b | 6c24 2890 

  0x000001f915c5bb70: ;   {runtime_call _new_instance_Java}
  0x000001f915c5bb70: c5f8 77e8 

  0x000001f915c5bb74: ; ImmutableOopMap {rbp=Oop [32]=NarrowOop [48]=Oop [56]=Oop [88]=NarrowOop [104]=Oop [120]=Oop [128]=Oop [136]=Oop [160]=Oop [168]=Oop [176]=Oop }
                      ;*new {reexecute=0 rethrow=0 return_oop=1}
                      ; - java.util.jar.JarVerifier::<init>@57
                      ; - java.util.jar.JarFile::getManifestFromReference@78
                      ; - java.util.jar.JarFile::getManifest@1
                      ; - jdk.internal.loader.URLClassPath$JarLoader$2::getManifest@22
                      ; - java.net.URLClassLoader::defineClass@34
                      ; - java.net.URLClassLoader$1::run@43
                      ; - java.net.URLClassLoader$1::run@1
                      ; - java.security.AccessController::executePrivileged@29
                      ; - java.security.AccessController::doPrivileged@13
                      ; - java.net.URLClassLoader::findClass@13
  0x000001f915c5bb74: 0893 95ff 

  0x000001f915c5bb78: ;   {other}
  0x000001f915c5bb78: 0f1f 8400 | 6859 0054 | 488b e8e9 | dde0 ffff 

  0x000001f915c5bb88: ;   {metadata('java/util/Hashtable$Entry'[])}
  0x000001f915c5bb88: 48ba a87f | 1333 f901 | 0000 41b8 | 0b00 0000 

  0x000001f915c5bb98: ;   {runtime_call _new_array_Java}
  0x000001f915c5bb98: c5f8 77e8 

  0x000001f915c5bb9c: ; ImmutableOopMap {rbp=Oop [32]=NarrowOop [40]=Oop [48]=Oop [56]=Oop [88]=NarrowOop [104]=Oop [120]=Oop [128]=Oop [136]=Oop [160]=Oop [168]=Oop [176]=Oop }
                      ;*anewarray {reexecute=0 rethrow=0 return_oop=1}
                      ; - java.util.Hashtable::<init>@93
                      ; - java.util.Hashtable::<init>@5
                      ; - java.util.jar.JarVerifier::<init>@50
                      ; - java.util.jar.JarFile::getManifestFromReference@78
                      ; - java.util.jar.JarFile::getManifest@1
                      ; - jdk.internal.loader.URLClassPath$JarLoader$2::getManifest@22
                      ; - java.net.URLClassLoader::defineClass@34
                      ; - java.net.URLClassLoader$1::run@43
                      ; - java.net.URLClassLoader$1::run@1
                      ; - java.security.AccessController::executePrivileged@29
                      ; - java.security.AccessController::doPrivileged@13
                      ; - java.net.URLClassLoader::findClass@13
  0x000001f915c5bb9c: e08f 95ff 

  0x000001f915c5bba0: ;   {other}
  0x000001f915c5bba0: 0f1f 8400 | 9059 0055 | 4c8b d0e9 | ccdf ffff 

  0x000001f915c5bbb0: ;   {metadata('java/util/jar/Manifest')}
  0x000001f915c5bbb0: 48ba a0e1 | 0433 f901 | 0000 488b | ac24 a800 | 0000 4c8b | 9424 b000 | 0000 4c89 | 5424 4090 
  0x000001f915c5bbd0: ;   {runtime_call _new_instance_Java}
  0x000001f915c5bbd0: c5f8 77e8 

  0x000001f915c5bbd4: ; ImmutableOopMap {rbp=Oop [32]=NarrowOop [48]=Oop [56]=Oop [64]=Oop [88]=NarrowOop [104]=Oop [120]=Oop [128]=Oop [160]=Oop [168]=Oop [176]=Oop }
                      ;*new {reexecute=0 rethrow=0 return_oop=1}
                      ; - java.util.jar.JarFile::getManifestFromReference@101
                      ; - java.util.jar.JarFile::getManifest@1
                      ; - jdk.internal.loader.URLClassPath$JarLoader$2::getManifest@22
                      ; - java.net.URLClassLoader::defineClass@34
                      ; - java.net.URLClassLoader$1::run@43
                      ; - java.net.URLClassLoader$1::run@1
                      ; - java.security.AccessController::executePrivileged@29
                      ; - java.security.AccessController::doPrivileged@13
                      ; - java.net.URLClassLoader::findClass@13
  0x000001f915c5bbd4: a892 95ff 

  0x000001f915c5bbd8: ;   {other}
  0x000001f915c5bbd8: 0f1f 8400 | c859 0056 | e996 e5ff 

  0x000001f915c5bbe4: ;   {metadata('java/io/ByteArrayInputStream')}
  0x000001f915c5bbe4: ff48 baa0 | 2305 33f9 | 0100 0048 | 8bac 24a8 | 0000 0090 

  0x000001f915c5bbf8: ;   {runtime_call _new_instance_Java}
  0x000001f915c5bbf8: c5f8 77e8 

  0x000001f915c5bbfc: ; ImmutableOopMap {rbp=Oop [32]=NarrowOop [40]=Oop [48]=Oop [56]=Oop [88]=NarrowOop [104]=Oop [112]=Oop [120]=Oop [128]=Oop [136]=NarrowOop [160]=Oop [168]=Oop [176]=Oop }
                      ;*new {reexecute=0 rethrow=0 return_oop=1}
                      ; - java.util.jar.JarFile::getManifestFromReference@109
                      ; - java.util.jar.JarFile::getManifest@1
                      ; - jdk.internal.loader.URLClassPath$JarLoader$2::getManifest@22
                      ; - java.net.URLClassLoader::defineClass@34
                      ; - java.net.URLClassLoader$1::run@43
                      ; - java.net.URLClassLoader$1::run@1
                      ; - java.security.AccessController::executePrivileged@29
                      ; - java.security.AccessController::doPrivileged@13
                      ; - java.net.URLClassLoader::findClass@13
  0x000001f915c5bbfc: 8092 95ff 

  0x000001f915c5bc00: ;   {other}
  0x000001f915c5bc00: 0f1f 8400 | f059 0057 | e9e5 e5ff 

  0x000001f915c5bc0c: ;   {metadata('java/util/ArrayList')}
  0x000001f915c5bc0c: ff48 bad0 | 890b 33f9 | 0100 0048 | 8bac 24a8 | 0000 0090 

  0x000001f915c5bc20: ;   {runtime_call _new_instance_Java}
  0x000001f915c5bc20: c5f8 77e8 

  0x000001f915c5bc24: ; ImmutableOopMap {rbp=Oop [32]=NarrowOop [48]=Oop [56]=Oop [88]=NarrowOop [92]=NarrowOop [104]=Oop [120]=Oop [128]=Oop [136]=Oop [160]=Oop [168]=Oop [176]=Oop }
                      ;*new {reexecute=0 rethrow=0 return_oop=1}
                      ; - java.util.jar.JarVerifier::<init>@92
                      ; - java.util.jar.JarFile::getManifestFromReference@78
                      ; - java.util.jar.JarFile::getManifest@1
                      ; - jdk.internal.loader.URLClassPath$JarLoader$2::getManifest@22
                      ; - java.net.URLClassLoader::defineClass@34
                      ; - java.net.URLClassLoader$1::run@43
                      ; - java.net.URLClassLoader$1::run@1
                      ; - java.security.AccessController::executePrivileged@29
                      ; - java.security.AccessController::doPrivileged@13
                      ; - java.net.URLClassLoader::findClass@13
  0x000001f915c5bc24: 5892 95ff 

  0x000001f915c5bc28: ;   {other}
  0x000001f915c5bc28: 0f1f 8400 | 185a 0058 | 4c8b d0e9 | 9ee3 ffff 

  0x000001f915c5bc38: ;   {metadata('java/util/HashMap')}
  0x000001f915c5bc38: 48ba 68a9 | 0833 f901 | 0000 488b | ac24 a800 | 0000 6690 

  0x000001f915c5bc4c: ;   {runtime_call _new_instance_Java}
  0x000001f915c5bc4c: c5f8 77e8 

  0x000001f915c5bc50: ; ImmutableOopMap {rbp=Oop [32]=NarrowOop [48]=Oop [56]=Oop [88]=NarrowOop [92]=NarrowOop [104]=Oop [120]=Oop [128]=Oop [136]=Oop [160]=Oop [168]=Oop [176]=Oop }
                      ;*new {reexecute=0 rethrow=0 return_oop=1}
                      ; - java.util.jar.JarVerifier::<init>@103
                      ; - java.util.jar.JarFile::getManifestFromReference@78
                      ; - java.util.jar.JarFile::getManifest@1
                      ; - jdk.internal.loader.URLClassPath$JarLoader$2::getManifest@22
                      ; - java.net.URLClassLoader::defineClass@34
                      ; - java.net.URLClassLoader$1::run@43
                      ; - java.net.URLClassLoader$1::run@1
                      ; - java.security.AccessController::executePrivileged@29
                      ; - java.security.AccessController::doPrivileged@13
                      ; - java.net.URLClassLoader::findClass@13
  0x000001f915c5bc50: 2c92 95ff 

  0x000001f915c5bc54: ;   {other}
  0x000001f915c5bc54: 0f1f 8400 | 445a 0059 | 4c8b d0e9 | 25e4 ffff | 41b8 2000 

  0x000001f915c5bc68: ;   {metadata({type array byte})}
  0x000001f915c5bc68: 0000 48ba | 1823 0033 | f901 0000 | 4c8b 9424 | a800 0000 | 4c89 5424 | 2866 6690 

  0x000001f915c5bc84: ;   {runtime_call _new_array_Java}
  0x000001f915c5bc84: c5f8 77e8 

  0x000001f915c5bc88: ; ImmutableOopMap {rbp=Oop [32]=NarrowOop [40]=Oop [48]=Oop [56]=Oop [88]=NarrowOop [92]=NarrowOop [104]=Oop [120]=Oop [128]=Oop [136]=Oop [160]=Oop [168]=Oop [176]=Oop }
                      ;*newarray {reexecute=0 rethrow=0 return_oop=1}
                      ; - java.io.ByteArrayOutputStream::<init>@37
                      ; - java.io.ByteArrayOutputStream::<init>@3
                      ; - java.util.jar.JarVerifier::<init>@85
                      ; - java.util.jar.JarFile::getManifestFromReference@78
                      ; - java.util.jar.JarFile::getManifest@1
                      ; - jdk.internal.loader.URLClassPath$JarLoader$2::getManifest@22
                      ; - java.net.URLClassLoader::defineClass@34
                      ; - java.net.URLClassLoader$1::run@43
                      ; - java.net.URLClassLoader$1::run@1
                      ; - java.security.AccessController::executePrivileged@29
                      ; - java.security.AccessController::doPrivileged@13
                      ; - java.net.URLClassLoader::findClass@13
  0x000001f915c5bc88: f48e 95ff 

  0x000001f915c5bc8c: ;   {other}
  0x000001f915c5bc8c: 0f1f 8400 | 7c5a 005a | e973 e2ff 

  0x000001f915c5bc98: ;   {metadata('java/io/ByteArrayOutputStream')}
  0x000001f915c5bc98: ff48 baa0 | 0022 33f9 | 0100 0048 | 8bac 24a8 | 0000 0090 

  0x000001f915c5bcac: ;   {runtime_call _new_instance_Java}
  0x000001f915c5bcac: c5f8 77e8 

  0x000001f915c5bcb0: ; ImmutableOopMap {rbp=Oop [32]=NarrowOop [48]=Oop [56]=Oop [88]=NarrowOop [92]=NarrowOop [104]=Oop [120]=Oop [128]=Oop [136]=Oop [160]=Oop [168]=Oop [176]=Oop }
                      ;*new {reexecute=0 rethrow=0 return_oop=1}
                      ; - java.util.jar.JarVerifier::<init>@81
                      ; - java.util.jar.JarFile::getManifestFromReference@78
                      ; - java.util.jar.JarFile::getManifest@1
                      ; - jdk.internal.loader.URLClassPath$JarLoader$2::getManifest@22
                      ; - java.net.URLClassLoader::defineClass@34
                      ; - java.net.URLClassLoader$1::run@43
                      ; - java.net.URLClassLoader$1::run@1
                      ; - java.security.AccessController::executePrivileged@29
                      ; - java.security.AccessController::doPrivileged@13
                      ; - java.net.URLClassLoader::findClass@13
  0x000001f915c5bcb0: cc91 95ff 

  0x000001f915c5bcb4: ;   {other}
  0x000001f915c5bcb4: 0f1f 8400 | a45a 005b | 4c8b d0e9 | dde1 ffff 

  0x000001f915c5bcc4: ;   {metadata('java/util/ArrayList')}
  0x000001f915c5bcc4: 48ba d089 | 0b33 f901 | 0000 488b | 6c24 2890 

  0x000001f915c5bcd4: ;   {runtime_call _new_instance_Java}
  0x000001f915c5bcd4: c5f8 77e8 

  0x000001f915c5bcd8: ; ImmutableOopMap {rbp=Oop [32]=NarrowOop [48]=Oop [56]=Oop [88]=NarrowOop [92]=NarrowOop [104]=Oop [120]=Oop [128]=Oop [136]=Oop [160]=Oop [168]=Oop [176]=Oop }
                      ;*new {reexecute=0 rethrow=0 return_oop=1}
                      ; - java.util.jar.JarVerifier::<init>@70
                      ; - java.util.jar.JarFile::getManifestFromReference@78
                      ; - java.util.jar.JarFile::getManifest@1
                      ; - jdk.internal.loader.URLClassPath$JarLoader$2::getManifest@22
                      ; - java.net.URLClassLoader::defineClass@34
                      ; - java.net.URLClassLoader$1::run@43
                      ; - java.net.URLClassLoader$1::run@1
                      ; - java.security.AccessController::executePrivileged@29
                      ; - java.security.AccessController::doPrivileged@13
                      ; - java.net.URLClassLoader::findClass@13
  0x000001f915c5bcd8: a491 95ff 

  0x000001f915c5bcdc: ;   {other}
  0x000001f915c5bcdc: 0f1f 8400 | cc5a 005c | 4c8b d0e9 | 13e1 ffff 

  0x000001f915c5bcec: ;   {metadata('java/util/Hashtable$Entry'[])}
  0x000001f915c5bcec: 48ba a87f | 1333 f901 | 0000 41b8 | 0b00 0000 

  0x000001f915c5bcfc: ;   {runtime_call _new_array_Java}
  0x000001f915c5bcfc: c5f8 77e8 

  0x000001f915c5bd00: ; ImmutableOopMap {rbp=Oop [32]=NarrowOop [40]=Oop [48]=Oop [56]=Oop [88]=NarrowOop [104]=Oop [120]=Oop [128]=Oop [136]=Oop [160]=Oop [168]=Oop [176]=Oop }
                      ;*anewarray {reexecute=0 rethrow=0 return_oop=1}
                      ; - java.util.Hashtable::<init>@93
                      ; - java.util.Hashtable::<init>@4
                      ; - java.util.jar.JarVerifier::<init>@63
                      ; - java.util.jar.JarFile::getManifestFromReference@78
                      ; - java.util.jar.JarFile::getManifest@1
                      ; - jdk.internal.loader.URLClassPath$JarLoader$2::getManifest@22
                      ; - java.net.URLClassLoader::defineClass@34
                      ; - java.net.URLClassLoader$1::run@43
                      ; - java.net.URLClassLoader$1::run@1
                      ; - java.security.AccessController::executePrivileged@29
                      ; - java.security.AccessController::doPrivileged@13
                      ; - java.net.URLClassLoader::findClass@13
  0x000001f915c5bd00: 7c8e 95ff 

  0x000001f915c5bd04: ;   {other}
  0x000001f915c5bd04: 0f1f 8400 | f45a 005d | 4c8b d0e9 | f8df ffff 

  0x000001f915c5bd14: ;   {metadata('java/util/jar/Attributes')}
  0x000001f915c5bd14: 48ba 4088 | 1633 f901 | 0000 488b | ac24 a800 | 0000 6690 

  0x000001f915c5bd28: ;   {runtime_call _new_instance_Java}
  0x000001f915c5bd28: c5f8 77e8 

  0x000001f915c5bd2c: ; ImmutableOopMap {rbp=Oop [32]=NarrowOop [40]=Oop [48]=Oop [56]=Oop [88]=NarrowOop [104]=Oop [112]=Oop [120]=Oop [136]=NarrowOop [144]=Oop [160]=Oop [168]=Oop [176]=Oop }
                      ;*new {reexecute=0 rethrow=0 return_oop=1}
                      ; - java.util.jar.Manifest::<init>@5
                      ; - java.util.jar.JarFile::getManifestFromReference@121
                      ; - java.util.jar.JarFile::getManifest@1
                      ; - jdk.internal.loader.URLClassPath$JarLoader$2::getManifest@22
                      ; - java.net.URLClassLoader::defineClass@34
                      ; - java.net.URLClassLoader$1::run@43
                      ; - java.net.URLClassLoader$1::run@1
                      ; - java.security.AccessController::executePrivileged@29
                      ; - java.security.AccessController::doPrivileged@13
                      ; - java.net.URLClassLoader::findClass@13
  0x000001f915c5bd2c: 5091 95ff 

  0x000001f915c5bd30: ;   {other}
  0x000001f915c5bd30: 0f1f 8400 | 205b 005e | 488b e8e9 | 29e5 ffff 

  0x000001f915c5bd40: ;   {metadata('java/util/HashMap')}
  0x000001f915c5bd40: 48ba 68a9 | 0833 f901 | 0000 488b | ac24 a800 | 0000 6690 

  0x000001f915c5bd54: ;   {runtime_call _new_instance_Java}
  0x000001f915c5bd54: c5f8 77e8 

  0x000001f915c5bd58: ; ImmutableOopMap {rbp=Oop [32]=NarrowOop [40]=Oop [48]=Oop [56]=Oop [88]=NarrowOop [104]=Oop [112]=Oop [120]=Oop [136]=NarrowOop [144]=Oop [160]=Oop [168]=Oop [176]=Oop }
                      ;*new {reexecute=0 rethrow=0 return_oop=1}
                      ; - java.util.jar.Manifest::<init>@16
                      ; - java.util.jar.JarFile::getManifestFromReference@121
                      ; - java.util.jar.JarFile::getManifest@1
                      ; - jdk.internal.loader.URLClassPath$JarLoader$2::getManifest@22
                      ; - java.net.URLClassLoader::defineClass@34
                      ; - java.net.URLClassLoader$1::run@43
                      ; - java.net.URLClassLoader$1::run@1
                      ; - java.security.AccessController::executePrivileged@29
                      ; - java.security.AccessController::doPrivileged@13
                      ; - java.net.URLClassLoader::findClass@13
  0x000001f915c5bd58: 2491 95ff 

  0x000001f915c5bd5c: ;   {other}
  0x000001f915c5bd5c: 0f1f 8400 | 4c5b 005f | 4c8b d0e9 | 1fe6 ffff 

  0x000001f915c5bd6c: ;   {metadata('java/util/jar/Attributes')}
  0x000001f915c5bd6c: 48ba 4088 | 1633 f901 | 0000 488b | ac24 a800 | 0000 6690 

  0x000001f915c5bd80: ;   {runtime_call _new_instance_Java}
  0x000001f915c5bd80: c5f8 77e8 

  0x000001f915c5bd84: ; ImmutableOopMap {rbp=Oop [32]=Oop [40]=Oop [48]=Oop [56]=NarrowOop [88]=NarrowOop [104]=Oop [120]=Oop [160]=Oop [168]=Oop [176]=Oop }
                      ;*new {reexecute=0 rethrow=0 return_oop=1}
                      ; - java.util.jar.Manifest::<init>@5
                      ; - java.util.jar.Manifest::<init>@4
                      ; - java.util.jar.JarFile::getManifestFromReference@143
                      ; - java.util.jar.JarFile::getManifest@1
                      ; - jdk.internal.loader.URLClassPath$JarLoader$2::getManifest@22
                      ; - java.net.URLClassLoader::defineClass@34
                      ; - java.net.URLClassLoader$1::run@43
                      ; - java.net.URLClassLoader$1::run@1
                      ; - java.security.AccessController::executePrivileged@29
                      ; - java.security.AccessController::doPrivileged@13
                      ; - java.net.URLClassLoader::findClass@13
  0x000001f915c5bd84: f890 95ff 

  0x000001f915c5bd88: ;   {other}
  0x000001f915c5bd88: 0f1f 8400 | 785b 0060 | 488b e8e9 | a0d7 ffff 

  0x000001f915c5bd98: ;   {metadata('java/util/jar/Manifest')}
  0x000001f915c5bd98: 48ba a0e1 | 0433 f901 | 0000 4c8b | 5424 684c | 8954 2438 | 4c8b 9424 | b000 0000 | 4c89 5424 
  0x000001f915c5bdb8: 4066 6690 

  0x000001f915c5bdbc: ;   {runtime_call _new_instance_Java}
  0x000001f915c5bdbc: c5f8 77e8 

  0x000001f915c5bdc0: ; ImmutableOopMap {rbp=Oop [32]=Oop [48]=Oop [56]=Oop [64]=Oop [88]=NarrowOop [104]=Oop [120]=Oop [160]=Oop [168]=Oop [176]=Oop }
                      ;*new {reexecute=0 rethrow=0 return_oop=1}
                      ; - java.util.jar.JarFile::getManifestFromReference@134
                      ; - java.util.jar.JarFile::getManifest@1
                      ; - jdk.internal.loader.URLClassPath$JarLoader$2::getManifest@22
                      ; - java.net.URLClassLoader::defineClass@34
                      ; - java.net.URLClassLoader$1::run@43
                      ; - java.net.URLClassLoader$1::run@1
                      ; - java.security.AccessController::executePrivileged@29
                      ; - java.security.AccessController::doPrivileged@13
                      ; - java.net.URLClassLoader::findClass@13
  0x000001f915c5bdc0: bc90 95ff 

  0x000001f915c5bdc4: ;   {other}
  0x000001f915c5bdc4: 0f1f 8400 | b45b 0061 | e914 d7ff 

  0x000001f915c5bdd0: ;   {metadata('java/util/HashMap')}
  0x000001f915c5bdd0: ff48 ba68 | a908 33f9 | 0100 0048 | 8bac 24a8 | 0000 0090 

  0x000001f915c5bde4: ;   {runtime_call _new_instance_Java}
  0x000001f915c5bde4: c5f8 77e8 

  0x000001f915c5bde8: ; ImmutableOopMap {rbp=Oop [32]=Oop [40]=Oop [48]=Oop [56]=NarrowOop [64]=Oop [88]=NarrowOop [104]=Oop [120]=Oop [160]=Oop [168]=Oop [176]=Oop }
                      ;*new {reexecute=0 rethrow=0 return_oop=1}
                      ; - java.util.jar.Manifest::<init>@16
                      ; - java.util.jar.Manifest::<init>@4
                      ; - java.util.jar.JarFile::getManifestFromReference@143
                      ; - java.util.jar.JarFile::getManifest@1
                      ; - jdk.internal.loader.URLClassPath$JarLoader$2::getManifest@22
                      ; - java.net.URLClassLoader::defineClass@34
                      ; - java.net.URLClassLoader$1::run@43
                      ; - java.net.URLClassLoader$1::run@1
                      ; - java.security.AccessController::executePrivileged@29
                      ; - java.security.AccessController::doPrivileged@13
                      ; - java.net.URLClassLoader::findClass@13
  0x000001f915c5bde8: 9490 95ff 

  0x000001f915c5bdec: ;   {other}
  0x000001f915c5bdec: 0f1f 8400 | dc5b 0062 | 4c8b d0e9 | 62d8 ffff | baf6 ffff | ff48 8b6c | 2420 4c8b | 5424 304c 
  0x000001f915c5be0c: 8954 2420 | 448b 5424 | 4c44 8954 | 242c 4c8b | 5424 504c | 8954 2438 

  0x000001f915c5be24: ;   {runtime_call UncommonTrapBlob}
  0x000001f915c5be24: c5f8 77e8 

  0x000001f915c5be28: ; ImmutableOopMap {rbp=Oop [32]=Oop [40]=NarrowOop [56]=Oop [64]=Oop [176]=Oop }
                      ;*invokevirtual getJarEntry {reexecute=0 rethrow=0 return_oop=0}
                      ; - jdk.internal.loader.URLClassPath$JarLoader::getResource@22
                      ; - jdk.internal.loader.URLClassPath::getResource@53
                      ; - java.net.URLClassLoader$1::run@26
                      ; - java.net.URLClassLoader$1::run@1
                      ; - java.security.AccessController::executePrivileged@29
                      ; - java.security.AccessController::doPrivileged@13
                      ; - java.net.URLClassLoader::findClass@13
  0x000001f915c5be28: d4bc 90ff 

  0x000001f915c5be2c: ;   {other}
  0x000001f915c5be2c: 0f1f 8400 | 1c5c 0063 | 4889 7c24 | 204c 895c | 2430 4889 | 5424 38ba | f6ff ffff 

  0x000001f915c5be48: ;   {runtime_call UncommonTrapBlob}
  0x000001f915c5be48: c5f8 77e8 

  0x000001f915c5be4c: ; ImmutableOopMap {[32]=Oop [48]=Oop [56]=Oop [64]=Oop }
                      ;*invokevirtual getResource {reexecute=0 rethrow=0 return_oop=0}
                      ; - java.net.URLClassLoader$1::run@26
                      ; - java.net.URLClassLoader$1::run@1
                      ; - java.security.AccessController::executePrivileged@29
                      ; - java.security.AccessController::doPrivileged@13
                      ; - java.net.URLClassLoader::findClass@13
  0x000001f915c5be4c: b0bc 90ff 

  0x000001f915c5be50: ;   {other}
  0x000001f915c5be50: 0f1f 8400 | 405c 0064 | 4889 7c24 | 204c 895c | 2428 895c | 2434 4c89 | 5c24 3848 | 8954 2440 
  0x000001f915c5be70: 894c 2448 | ba76 ffff | ff66 6690 

  0x000001f915c5be7c: ;   {runtime_call UncommonTrapBlob}
  0x000001f915c5be7c: c5f8 77e8 

  0x000001f915c5be80: ; ImmutableOopMap {[32]=Oop [40]=Oop [56]=Oop [64]=Oop [72]=NarrowOop }
                      ;*if_icmpge {reexecute=1 rethrow=0 return_oop=0}
                      ; - (reexecute) java.lang.StringLatin1::replace@19
                      ; - java.lang.String::replace@18
                      ; - java.net.URLClassLoader$1::run@8
                      ; - java.net.URLClassLoader$1::run@1
                      ; - java.security.AccessController::executePrivileged@29
                      ; - java.security.AccessController::doPrivileged@13
                      ; - java.net.URLClassLoader::findClass@13
  0x000001f915c5be80: 7cbc 90ff 

  0x000001f915c5be84: ;   {other}
  0x000001f915c5be84: 0f1f 8400 | 745c 0065 | 41ba 0100 | 0000 e925 | b1ff ff4c | 63d5 e9d4 | b1ff ffba | ccff ffff 
  0x000001f915c5bea4: 488b ac24 | a800 0000 | 4c8b 5c24 | 284c 895c | 2420 4c8b | 5c24 384c | 895c 2430 | 4c8b 5c24 
  0x000001f915c5bec4: 404c 895c | 2438 4c89 | 5424 5890 

  0x000001f915c5bed0: ;   {runtime_call UncommonTrapBlob}
  0x000001f915c5bed0: c5f8 77e8 

  0x000001f915c5bed4: ; ImmutableOopMap {rbp=Oop [32]=Oop [48]=Oop [56]=Oop [88]=Oop }
                      ;*invokestatic arraycopy {reexecute=0 rethrow=0 return_oop=0}
                      ; - java.lang.String::getBytes@22
                      ; - java.lang.StringConcatHelper::prepend@21
                      ; - java.lang.StringConcatHelper::simpleConcat@71
                      ; - java.lang.String::concat@11
                      ; - java.net.URLClassLoader$1::run@13
                      ; - java.net.URLClassLoader$1::run@1
                      ; - java.security.AccessController::executePrivileged@29
                      ; - java.security.AccessController::doPrivileged@13
                      ; - java.net.URLClassLoader::findClass@13
  0x000001f915c5bed4: 28bc 90ff 

  0x000001f915c5bed8: ;   {other}
  0x000001f915c5bed8: 0f1f 8400 | c85c 0066 | bacc ffff | ff48 8bac | 24a8 0000 | 004c 8b5c | 2428 4c89 | 5c24 204c 
  0x000001f915c5bef8: 8b5c 2430 | 4c89 5c24 | 284c 8954 | 2450 6690 

  0x000001f915c5bf08: ;   {runtime_call UncommonTrapBlob}
  0x000001f915c5bf08: c5f8 77e8 

  0x000001f915c5bf0c: ; ImmutableOopMap {rbp=Oop [32]=Oop [40]=Oop [56]=Oop [80]=Oop }
                      ;*invokestatic arraycopy {reexecute=0 rethrow=0 return_oop=0}
                      ; - java.lang.String::getBytes@22
                      ; - java.lang.StringConcatHelper::prepend@21
                      ; - java.lang.StringConcatHelper::simpleConcat@81
                      ; - java.lang.String::concat@11
                      ; - java.net.URLClassLoader$1::run@13
                      ; - java.net.URLClassLoader$1::run@1
                      ; - java.security.AccessController::executePrivileged@29
                      ; - java.security.AccessController::doPrivileged@13
                      ; - java.net.URLClassLoader::findClass@13
  0x000001f915c5bf0c: f0bb 90ff 

  0x000001f915c5bf10: ;   {other}
  0x000001f915c5bf10: 0f1f 8400 | 005d 0067 | ba76 ffff | ff4c 8944 | 2440 4489 | 5c24 4890 

  0x000001f915c5bf28: ;   {runtime_call UncommonTrapBlob}
  0x000001f915c5bf28: c5f8 77e8 

  0x000001f915c5bf2c: ; ImmutableOopMap {[40]=Oop [64]=Oop [88]=Oop [96]=NarrowOop [168]=Oop }
                      ;*if_icmpge {reexecute=1 rethrow=0 return_oop=0}
                      ; - (reexecute) java.lang.StringLatin1::replace@82
                      ; - java.lang.String::replace@18
                      ; - java.net.URLClassLoader$1::run@8
                      ; - java.net.URLClassLoader$1::run@1
                      ; - java.security.AccessController::executePrivileged@29
                      ; - java.security.AccessController::doPrivileged@13
                      ; - java.net.URLClassLoader::findClass@13
  0x000001f915c5bf2c: d0bb 90ff 

  0x000001f915c5bf30: ;   {other}
  0x000001f915c5bf30: 0f1f 8400 | 205d 0068 | baf6 ffff | ff48 8bac | 24a8 0000 | 004c 8b54 | 2430 4c89 | 5424 204c 
  0x000001f915c5bf50: 8b54 2468 | 4c89 5424 | 284c 8b54 | 2450 4c89 | 5424 4844 | 8b5c 2458 | 4489 5c24 | 5066 6690 
  0x000001f915c5bf70: ;   {runtime_call UncommonTrapBlob}
  0x000001f915c5bf70: c5f8 77e8 

  0x000001f915c5bf74: ; ImmutableOopMap {rbp=Oop [32]=Oop [40]=Oop [80]=NarrowOop [112]=Oop [120]=Oop [160]=Oop [176]=Oop }
                      ;*invokevirtual ensureInitialization {reexecute=0 rethrow=0 return_oop=0}
                      ; - java.util.jar.JavaUtilJarAccessImpl::ensureInitialization@1
                      ; - jdk.internal.loader.URLClassPath$JarLoader$2::getManifest@10
                      ; - java.net.URLClassLoader::defineClass@34
                      ; - java.net.URLClassLoader$1::run@43
                      ; - java.net.URLClassLoader$1::run@1
                      ; - java.security.AccessController::executePrivileged@29
                      ; - java.security.AccessController::doPrivileged@13
                      ; - java.net.URLClassLoader::findClass@13
  0x000001f915c5bf74: 88bb 90ff 

  0x000001f915c5bf78: ;   {other}
  0x000001f915c5bf78: 0f1f 8400 | 685d 0069 | baf6 ffff | ff48 8bac | 24a8 0000 | 004c 8b54 | 2430 4c89 | 5424 204c 
  0x000001f915c5bf98: 8b54 2468 | 4c89 5424 | 404c 8b54 | 2450 4c89 | 5424 4844 | 8b5c 2458 | 4489 5c24 | 504c 894c 
  0x000001f915c5bfb8: 2460 4c89 | 4424 7890 

  0x000001f915c5bfc0: ;   {runtime_call UncommonTrapBlob}
  0x000001f915c5bfc0: c5f8 77e8 

  0x000001f915c5bfc4: ; ImmutableOopMap {rbp=Oop [32]=Oop [64]=Oop [80]=NarrowOop [96]=Oop [120]=Oop [160]=Oop [176]=Oop }
                      ;*invokevirtual get {reexecute=0 rethrow=0 return_oop=0}
                      ; - java.lang.ClassLoader::getDefinedPackage@13
                      ; - java.net.URLClassLoader::getAndVerifyPackage@2
                      ; - java.net.URLClassLoader::defineClass@46
                      ; - java.net.URLClassLoader$1::run@43
                      ; - java.net.URLClassLoader$1::run@1
                      ; - java.security.AccessController::executePrivileged@29
                      ; - java.security.AccessController::doPrivileged@13
                      ; - java.net.URLClassLoader::findClass@13
  0x000001f915c5bfc4: 38bb 90ff 

  0x000001f915c5bfc8: ;   {other}
  0x000001f915c5bfc8: 0f1f 8400 | b85d 006a | ba76 ffff | ff48 8bac | 24a8 0000 | 004c 8b54 | 2430 4c89 | 5424 204c 
  0x000001f915c5bfe8: 8b54 2468 | 4c89 5424 | 2848 8944 | 2448 4489 | 5c24 5490 

  0x000001f915c5bffc: ;   {runtime_call UncommonTrapBlob}
  0x000001f915c5bffc: c5f8 77e8 

  0x000001f915c5c000: ; ImmutableOopMap {rbp=Oop [32]=Oop [40]=Oop [112]=Oop [120]=Oop [128]=NarrowOop [176]=Oop }
                      ;*iflt {reexecute=1 rethrow=0 return_oop=0}
                      ; - (reexecute) java.lang.StringLatin1::lastIndexOf@19
                      ; - java.lang.String::lastIndexOf@13
                      ; - java.lang.String::lastIndexOf@8
                      ; - java.net.URLClassLoader::defineClass@7
                      ; - java.net.URLClassLoader$1::run@43
                      ; - java.net.URLClassLoader$1::run@1
                      ; - java.security.AccessController::executePrivileged@29
                      ; - java.security.AccessController::doPrivileged@13
                      ; - java.net.URLClassLoader::findClass@13
  0x000001f915c5c000: fcba 90ff 

  0x000001f915c5c004: ;   {other}
  0x000001f915c5c004: 0f1f 8400 | f45d 006b | 33ed 4585 | c040 0f94 | c548 897c | 2428 4c89 | 5c24 304c | 895c 2438 
  0x000001f915c5c024: 4889 5424 | 40ba 45ff | ffff 6690 

  0x000001f915c5c030: ;   {runtime_call UncommonTrapBlob}
  0x000001f915c5c030: c5f8 77e8 

  0x000001f915c5c034: ; ImmutableOopMap {[40]=Oop [48]=Oop [56]=Oop [64]=Oop }
                      ;*ifeq {reexecute=1 rethrow=0 return_oop=0}
                      ; - (reexecute) java.lang.String::replace@9
                      ; - java.net.URLClassLoader$1::run@8
                      ; - java.net.URLClassLoader$1::run@1
                      ; - java.security.AccessController::executePrivileged@29
                      ; - java.security.AccessController::doPrivileged@13
                      ; - java.net.URLClassLoader::findClass@13
  0x000001f915c5c034: c8ba 90ff 

  0x000001f915c5c038: ;   {other}
  0x000001f915c5c038: 0f1f 8400 | 285e 006c | bade ffff | ff4c 8b94 | 24a8 0000 | 004c 8954 | 2420 4c8b | 5424 304c 
  0x000001f915c5c058: 8954 2428 | 4c8b 5424 | 684c 8954 | 2430 4489 | 5c24 5c90 

  0x000001f915c5c06c: ;   {runtime_call UncommonTrapBlob}
  0x000001f915c5c06c: c5f8 77e8 

  0x000001f915c5c070: ; ImmutableOopMap {rbp=NarrowOop [32]=Oop [40]=Oop [48]=Oop [88]=NarrowOop [92]=NarrowOop [112]=Oop [120]=Oop [160]=Oop [176]=Oop }
                      ;*invokeinterface ensureInitialization {reexecute=0 rethrow=0 return_oop=0}
                      ; - jdk.internal.loader.URLClassPath$JarLoader$2::getManifest@10
                      ; - java.net.URLClassLoader::defineClass@34
                      ; - java.net.URLClassLoader$1::run@43
                      ; - java.net.URLClassLoader$1::run@1
                      ; - java.security.AccessController::executePrivileged@29
                      ; - java.security.AccessController::doPrivileged@13
                      ; - java.net.URLClassLoader::findClass@13
  0x000001f915c5c070: 8cba 90ff 

  0x000001f915c5c074: ;   {other}
  0x000001f915c5c074: 0f1f 8400 | 645e 006d | 4c8b 5424 | 704c 8954 | 2420 4c8b | 5424 784c | 8954 2428 | 498b d34c 
  0x000001f915c5c094: 8d84 24f0 | 0000 004c | 8b94 24a8 | 0000 004c | 8954 2440 | 4c8b 5424 | 684c 8954 | 2448 6690 
  0x000001f915c5c0b4: ;   {runtime_call _complete_monitor_locking_Java}
  0x000001f915c5c0b4: c5f8 77e8 

  0x000001f915c5c0b8: ; ImmutableOopMap {rbp=NarrowOop [32]=Oop [40]=Oop [48]=Oop [56]=Oop [64]=Oop [72]=Oop [88]=NarrowOop [104]=Oop [160]=Oop [168]=Oop [176]=Oop }
                      ;*synchronization entry
                      ; - java.util.jar.JarFile::ensureInitialization@-1
                      ; - java.util.jar.JavaUtilJarAccessImpl::ensureInitialization@1
                      ; - jdk.internal.loader.URLClassPath$JarLoader$2::getManifest@10
                      ; - java.net.URLClassLoader::defineClass@34
                      ; - java.net.URLClassLoader$1::run@43
                      ; - java.net.URLClassLoader$1::run@1
                      ; - java.security.AccessController::executePrivileged@29
                      ; - java.security.AccessController::doPrivileged@13
                      ; - java.net.URLClassLoader::findClass@13
  0x000001f915c5c0b8: c4e4 95ff 

  0x000001f915c5c0bc: ;   {other}
  0x000001f915c5c0bc: 0f1f 8400 | ac5e 006e | e943 b9ff | ff4d 8bd3 | 498b ca48 | 8d94 24f0 | 0000 004d | 8bc7 c5f8 
  0x000001f915c5c0dc: 7749 ba40 | d9f0 15fb | 7f00 0041 

  0x000001f915c5c0e8: ;   {other}
  0x000001f915c5c0e8: ffd2 0f1f | 8400 0000 | 0000 e9cf | b9ff ffba | deff ffff | 4c8b 9424 | a800 0000 | 4c89 5424 
  0x000001f915c5c108: 204c 8b54 | 2430 4c89 | 5424 284c | 8b94 24b0 | 0000 004c | 8954 2438 | 4c89 4424 | 4866 6690 
  0x000001f915c5c128: ;   {runtime_call UncommonTrapBlob}
  0x000001f915c5c128: c5f8 77e8 

  0x000001f915c5c12c: ; ImmutableOopMap {rbp=NarrowOop [32]=Oop [40]=Oop [56]=Oop [72]=Oop [88]=NarrowOop [160]=Oop }
                      ;*invokevirtual getManifest {reexecute=0 rethrow=0 return_oop=0}
                      ; - jdk.internal.loader.URLClassPath$JarLoader$2::getManifest@22
                      ; - java.net.URLClassLoader::defineClass@34
                      ; - java.net.URLClassLoader$1::run@43
                      ; - java.net.URLClassLoader$1::run@1
                      ; - java.security.AccessController::executePrivileged@29
                      ; - java.security.AccessController::doPrivileged@13
                      ; - java.net.URLClassLoader::findClass@13
  0x000001f915c5c12c: d0b9 90ff 

  0x000001f915c5c130: ;   {other}
  0x000001f915c5c130: 0f1f 8400 | 205f 006f | baec ffff | ff48 8b6c | 2428 4c8b | 5424 304c | 8954 2420 | 4c8b 5424 
  0x000001f915c5c150: 684c 8954 | 2428 4c8b | 5424 504c | 8954 2440 | 4889 4424 | 6866 6690 

  0x000001f915c5c168: ;   {runtime_call UncommonTrapBlob}
  0x000001f915c5c168: c5f8 77e8 

  0x000001f915c5c16c: ; ImmutableOopMap {rbp=Oop [32]=Oop [40]=Oop [96]=Oop [104]=Oop [136]=NarrowOop [176]=Oop }
                      ;*astore {reexecute=0 rethrow=0 return_oop=0}
                      ; - java.net.URLClassLoader::defineClass@188
                      ; - java.net.URLClassLoader$1::run@43
                      ; - java.net.URLClassLoader$1::run@1
                      ; - java.security.AccessController::executePrivileged@29
                      ; - java.security.AccessController::doPrivileged@13
                      ; - java.net.URLClassLoader::findClass@13
  0x000001f915c5c16c: 90b9 90ff 

  0x000001f915c5c170: ;   {other}
  0x000001f915c5c170: 0f1f 8400 | 605f 0070 | ba6e ffff | ff48 8bac | 24a8 0000 | 004c 8b54 | 2430 4c89 | 5424 204c 
  0x000001f915c5c190: 8b54 2468 | 4c89 5424 | 2848 8944 | 2448 4489 | 5c24 5490 

  0x000001f915c5c1a4: ;   {runtime_call UncommonTrapBlob}
  0x000001f915c5c1a4: c5f8 77e8 

  0x000001f915c5c1a8: ; ImmutableOopMap {rbp=Oop [32]=Oop [40]=Oop [112]=Oop [120]=Oop [128]=NarrowOop [176]=Oop }
                      ;*iflt {reexecute=1 rethrow=0 return_oop=0}
                      ; - (reexecute) java.lang.StringLatin1::lastIndexOf@19
                      ; - java.lang.String::lastIndexOf@13
                      ; - java.lang.String::lastIndexOf@8
                      ; - java.net.URLClassLoader::defineClass@7
                      ; - java.net.URLClassLoader$1::run@43
                      ; - java.net.URLClassLoader$1::run@1
                      ; - java.security.AccessController::executePrivileged@29
                      ; - java.security.AccessController::doPrivileged@13
                      ; - java.net.URLClassLoader::findClass@13
  0x000001f915c5c1a8: 54b9 90ff 

  0x000001f915c5c1ac: ;   {other}
  0x000001f915c5c1ac: 0f1f 8400 | 9c5f 0071 | ba76 ffff | ff44 895c | 2438 4c89 | 4424 404c | 8b54 2458 | 4c89 5424 
  0x000001f915c5c1cc: 5066 6690 

  0x000001f915c5c1d0: ;   {runtime_call UncommonTrapBlob}
  0x000001f915c5c1d0: c5f8 77e8 

  0x000001f915c5c1d4: ; ImmutableOopMap {[40]=Oop [64]=Oop [80]=Oop [96]=NarrowOop [168]=Oop }
                      ;*if_icmpge {reexecute=1 rethrow=0 return_oop=0}
                      ; - (reexecute) java.lang.StringLatin1::replace@61
                      ; - java.lang.String::replace@18
                      ; - java.net.URLClassLoader$1::run@8
                      ; - java.net.URLClassLoader$1::run@1
                      ; - java.security.AccessController::executePrivileged@29
                      ; - java.security.AccessController::doPrivileged@13
                      ; - java.net.URLClassLoader::findClass@13
  0x000001f915c5c1d4: 28b9 90ff 

  0x000001f915c5c1d8: ;   {other}
  0x000001f915c5c1d8: 0f1f 8400 | c85f 0072 | 4889 7c24 | 204c 895c | 2428 4889 | 5424 3048 | 895c 2438 | 4489 5424 
  0x000001f915c5c1f8: 40ba 45ff | ffff 6690 

  0x000001f915c5c200: ;   {runtime_call UncommonTrapBlob}
  0x000001f915c5c200: c5f8 77e8 

  0x000001f915c5c204: ; ImmutableOopMap {[32]=Oop [40]=Oop [48]=Oop [56]=Oop }
                      ;*iflt {reexecute=1 rethrow=0 return_oop=0}
                      ; - (reexecute) java.lang.StringConcatHelper::checkOverflow@2
                      ; - java.lang.StringConcatHelper::mix@23
                      ; - java.lang.StringConcatHelper::simpleConcat@46
                      ; - java.lang.String::concat@11
                      ; - java.net.URLClassLoader$1::run@13
                      ; - java.net.URLClassLoader$1::run@1
                      ; - java.security.AccessController::executePrivileged@29
                      ; - java.security.AccessController::doPrivileged@13
                      ; - java.net.URLClassLoader::findClass@13
  0x000001f915c5c204: f8b8 90ff 

  0x000001f915c5c208: ;   {other}
  0x000001f915c5c208: 0f1f 8400 | f85f 0073 | 4889 7c24 | 284c 895c | 2430 4889 | 5424 3848 | 895c 2440 | ba45 ffff 
  0x000001f915c5c228: ff66 6690 

  0x000001f915c5c22c: ;   {runtime_call UncommonTrapBlob}
  0x000001f915c5c22c: c5f8 77e8 

  0x000001f915c5c230: ; ImmutableOopMap {[40]=Oop [48]=Oop [56]=Oop [64]=Oop }
                      ;*iflt {reexecute=1 rethrow=0 return_oop=0}
                      ; - (reexecute) java.lang.StringConcatHelper::checkOverflow@2
                      ; - java.lang.StringConcatHelper::mix@23
                      ; - java.lang.StringConcatHelper::simpleConcat@54
                      ; - java.lang.String::concat@11
                      ; - java.net.URLClassLoader$1::run@13
                      ; - java.net.URLClassLoader$1::run@1
                      ; - java.security.AccessController::executePrivileged@29
                      ; - java.security.AccessController::doPrivileged@13
                      ; - java.net.URLClassLoader::findClass@13
  0x000001f915c5c230: ccb8 90ff 

  0x000001f915c5c234: ;   {other}
  0x000001f915c5c234: 0f1f 8400 | 2460 0074 | ba45 ffff | ff4c 8b9c | 24a8 0000 | 004c 895c | 2430 4c89 | 5424 5090 
  0x000001f915c5c254: ;   {runtime_call UncommonTrapBlob}
  0x000001f915c5c254: c5f8 77e8 

  0x000001f915c5c258: ; ImmutableOopMap {[40]=Oop [48]=Oop [56]=Oop [64]=Oop [80]=Oop [168]=Oop }
                      ;*if_icmpne {reexecute=1 rethrow=0 return_oop=0}
                      ; - (reexecute) java.lang.String::getBytes@5
                      ; - java.lang.StringConcatHelper::prepend@21
                      ; - java.lang.StringConcatHelper::simpleConcat@81
                      ; - java.lang.String::concat@11
                      ; - java.net.URLClassLoader$1::run@13
                      ; - java.net.URLClassLoader$1::run@1
                      ; - java.security.AccessController::executePrivileged@29
                      ; - java.security.AccessController::doPrivileged@13
                      ; - java.net.URLClassLoader::findClass@13
  0x000001f915c5c258: a4b8 90ff 

  0x000001f915c5c25c: ;   {other}
  0x000001f915c5c25c: 0f1f 8400 | 4c60 0075 | 4889 7c24 | 204c 895c | 2428 4889 | 5424 3048 | 895c 2438 | 4889 4424 
  0x000001f915c5c27c: 4089 4c24 | 48ba 45ff | ffff 6690 

  0x000001f915c5c288: ;   {runtime_call UncommonTrapBlob}
  0x000001f915c5c288: c5f8 77e8 

  0x000001f915c5c28c: ; ImmutableOopMap {[32]=Oop [40]=Oop [48]=Oop [56]=Oop }
                      ;*if_icmpne {reexecute=1 rethrow=0 return_oop=0}
                      ; - (reexecute) java.lang.StringConcatHelper::mix@13
                      ; - java.lang.StringConcatHelper::simpleConcat@46
                      ; - java.lang.String::concat@11
                      ; - java.net.URLClassLoader$1::run@13
                      ; - java.net.URLClassLoader$1::run@1
                      ; - java.security.AccessController::executePrivileged@29
                      ; - java.security.AccessController::doPrivileged@13
                      ; - java.net.URLClassLoader::findClass@13
  0x000001f915c5c28c: 70b8 90ff 

  0x000001f915c5c290: ;   {other}
  0x000001f915c5c290: 0f1f 8400 | 8060 0076 | ba45 ffff | ff4c 8b94 | 24a8 0000 | 004c 8954 | 2430 4889 | 7424 4890 
  0x000001f915c5c2b0: ;   {runtime_call UncommonTrapBlob}
  0x000001f915c5c2b0: c5f8 77e8 

  0x000001f915c5c2b4: ; ImmutableOopMap {[40]=Oop [48]=Oop [56]=Oop [64]=Oop [168]=Oop }
                      ;*ifge {reexecute=1 rethrow=0 return_oop=0}
                      ; - (reexecute) java.lang.StringConcatHelper::newArray@13
                      ; - java.lang.StringConcatHelper::simpleConcat@61
                      ; - java.lang.String::concat@11
                      ; - java.net.URLClassLoader$1::run@13
                      ; - java.net.URLClassLoader$1::run@1
                      ; - java.security.AccessController::executePrivileged@29
                      ; - java.security.AccessController::doPrivileged@13
                      ; - java.net.URLClassLoader::findClass@13
  0x000001f915c5c2b4: 48b8 90ff 

  0x000001f915c5c2b8: ;   {other}
  0x000001f915c5c2b8: 0f1f 8400 | a860 0077 | baf6 ffff | ff48 8bac | 24a8 0000 | 004c 8b54 | 2430 4c89 | 5424 204c 
  0x000001f915c5c2d8: 8b94 24b0 | 0000 004c | 8954 2430 | 4c8b 5424 | 684c 8954 | 2440 4c8b | 5424 504c | 8954 2448 
  0x000001f915c5c2f8: ;   {runtime_call UncommonTrapBlob}
  0x000001f915c5c2f8: c5f8 77e8 

  0x000001f915c5c2fc: ; ImmutableOopMap {rbp=Oop [32]=Oop [48]=Oop [64]=Oop [128]=Oop [136]=NarrowOop [152]=Oop }
                      ;*invokevirtual get {reexecute=0 rethrow=0 return_oop=0}
                      ; - java.lang.ClassLoader::definePackage@47
                      ; - java.lang.ClassLoader::getDefinedPackage@32
                      ; - java.net.URLClassLoader::getAndVerifyPackage@2
                      ; - java.net.URLClassLoader::defineClass@46
                      ; - java.net.URLClassLoader$1::run@43
                      ; - java.net.URLClassLoader$1::run@1
                      ; - java.security.AccessController::executePrivileged@29
                      ; - java.security.AccessController::doPrivileged@13
                      ; - java.net.URLClassLoader::findClass@13
  0x000001f915c5c2fc: 00b8 90ff 

  0x000001f915c5c300: ;   {other}
  0x000001f915c5c300: 0f1f 8400 | f060 0078 | 4d63 d2e9 | 4ac9 ffff | ba76 ffff | ff48 8bac | 24a8 0000 | 004c 8b54 
  0x000001f915c5c320: 2430 4c89 | 5424 204c | 8b94 24b0 | 0000 004c | 8954 2430 | 4c8b 5424 | 684c 8954 | 2440 4c8b 
  0x000001f915c5c340: 5424 504c | 8954 2448 | 448b 9c24 | 8800 0000 | 4489 5c24 | 504c 894c | 2468 4889 | 4c24 704c 
  0x000001f915c5c360: 8944 2478 | 4c89 8c24 | 8800 0000 | 448b 9424 | a400 0000 | 458b da44 | 899c 2490 | 0000 0090 
  0x000001f915c5c380: ;   {runtime_call UncommonTrapBlob}
  0x000001f915c5c380: c5f8 77e8 

  0x000001f915c5c384: ; ImmutableOopMap {rbp=Oop [32]=Oop [48]=Oop [64]=Oop [80]=NarrowOop [104]=Oop [112]=Oop [120]=Oop [128]=Oop [136]=Oop [184]=NarrowOop [188]=NarrowOop }
                      ;*if_icmpge {reexecute=1 rethrow=0 return_oop=0}
                      ; - (reexecute) java.lang.StringLatin1::replace@19
                      ; - java.lang.String::replace@18
                      ; - java.net.URLClassLoader::isSealed@9
                      ; - java.net.URLClassLoader::getAndVerifyPackage@68
                      ; - java.net.URLClassLoader::defineClass@46
                      ; - java.net.URLClassLoader$1::run@43
                      ; - java.net.URLClassLoader$1::run@1
                      ; - java.security.AccessController::executePrivileged@29
                      ; - java.security.AccessController::doPrivileged@13
                      ; - java.net.URLClassLoader::findClass@13
  0x000001f915c5c384: 78b7 90ff 

  0x000001f915c5c388: ;   {other}
  0x000001f915c5c388: 0f1f 8400 | 7861 0079 | ba45 ffff | ff48 8bac | 24a8 0000 | 004c 8b54 | 2430 4c89 | 5424 204c 
  0x000001f915c5c3a8: 8b94 24b0 | 0000 004c | 8954 2430 | 4c8b 5424 | 684c 8954 | 2440 4c8b | 5424 504c | 8954 2448 
  0x000001f915c5c3c8: 448b 9c24 | 8800 0000 | 4c8b 9424 | 8000 0000 | 4c89 5424 | 604c 8b94 | 2498 0000 | 004c 8954 
  0x000001f915c5c3e8: 2470 458b | d344 8954 | 2454 4c8b | 9424 9800 | 0000 4c89 | 9424 8800 | 0000 6690 

  0x000001f915c5c404: ;   {runtime_call UncommonTrapBlob}
  0x000001f915c5c404: c5f8 77e8 

  0x000001f915c5c408: ; ImmutableOopMap {rbp=Oop [32]=Oop [48]=Oop [64]=Oop [84]=NarrowOop [96]=Oop [112]=Oop [136]=Oop [184]=NarrowOop }
                      ;*ifeq {reexecute=1 rethrow=0 return_oop=0}
                      ; - (reexecute) java.lang.ClassLoader::definePackage@4
                      ; - java.lang.ClassLoader::getDefinedPackage@32
                      ; - java.net.URLClassLoader::getAndVerifyPackage@2
                      ; - java.net.URLClassLoader::defineClass@46
                      ; - java.net.URLClassLoader$1::run@43
                      ; - java.net.URLClassLoader$1::run@1
                      ; - java.security.AccessController::executePrivileged@29
                      ; - java.security.AccessController::doPrivileged@13
                      ; - java.net.URLClassLoader::findClass@13
  0x000001f915c5c408: f4b6 90ff 

  0x000001f915c5c40c: ;   {other}
  0x000001f915c5c40c: 0f1f 8400 | fc61 007a | bade ffff | ff48 8bac | 24a8 0000 | 004c 8b54 | 2430 4c89 | 5424 204c 
  0x000001f915c5c42c: 8b94 24b0 | 0000 004c | 8954 2430 | 4c8b 5424 | 684c 8954 | 2440 4c8b | 5424 504c | 8954 2448 
  0x000001f915c5c44c: 448b 9c24 | 8800 0000 | 4489 5c24 | 504c 8b94 | 2480 0000 | 004c 8954 | 2460 4c8b | 9424 9000 
  0x000001f915c5c46c: 0000 4c89 | 5424 684c | 8b54 2478 | 4c89 5424 | 7048 8984 | 2498 0000 | 0066 6690 

  0x000001f915c5c488: ;   {runtime_call UncommonTrapBlob}
  0x000001f915c5c488: c5f8 77e8 

  0x000001f915c5c48c: ; ImmutableOopMap {rbp=Oop [32]=Oop [48]=Oop [64]=Oop [80]=NarrowOop [96]=Oop [104]=Oop [112]=Oop [152]=Oop [184]=NarrowOop }
                      ;*invokeinterface getTrustedAttributes {reexecute=0 rethrow=0 return_oop=0}
                      ; - java.net.URLClassLoader::isSealed@18
                      ; - java.net.URLClassLoader::getAndVerifyPackage@68
                      ; - java.net.URLClassLoader::defineClass@46
                      ; - java.net.URLClassLoader$1::run@43
                      ; - java.net.URLClassLoader$1::run@1
                      ; - java.security.AccessController::executePrivileged@29
                      ; - java.security.AccessController::doPrivileged@13
                      ; - java.net.URLClassLoader::findClass@13
  0x000001f915c5c48c: 70b6 90ff 

  0x000001f915c5c490: ;   {other}
  0x000001f915c5c490: 0f1f 8400 | 8062 007b | bade ffff | ff4c 8b9c | 24a8 0000 | 004c 895c | 2420 4c8b | 5c24 304c 
  0x000001f915c5c4b0: 895c 2428 | 4c8b 9c24 | b000 0000 | 4c89 5c24 | 384c 8b5c | 2468 4c89 | 5c24 4844 | 8b9c 2488 
  0x000001f915c5c4d0: 0000 0044 | 895c 2458 | 4c8b 9c24 | 9000 0000 | 4c89 5c24 | 7048 8984 | 24a8 0000 | 0066 6690 
  0x000001f915c5c4f0: ;   {runtime_call UncommonTrapBlob}
  0x000001f915c5c4f0: c5f8 77e8 

  0x000001f915c5c4f4: ; ImmutableOopMap {rbp=NarrowOop [32]=Oop [40]=Oop [56]=Oop [72]=Oop [88]=NarrowOop [112]=Oop [120]=Oop [128]=Oop [168]=Oop }
                      ;*invokeinterface get {reexecute=0 rethrow=0 return_oop=0}
                      ; - java.util.jar.Manifest::getAttributes@5
                      ; - java.util.jar.Manifest::getTrustedAttributes@2
                      ; - java.util.jar.JavaUtilJarAccessImpl::getTrustedAttributes@2
                      ; - java.net.URLClassLoader::isSealed@18
                      ; - java.net.URLClassLoader::getAndVerifyPackage@68
                      ; - java.net.URLClassLoader::defineClass@46
                      ; - java.net.URLClassLoader$1::run@43
                      ; - java.net.URLClassLoader$1::run@1
                      ; - java.security.AccessController::executePrivileged@29
                      ; - java.security.AccessController::doPrivileged@13
                      ; - java.net.URLClassLoader::findClass@13
  0x000001f915c5c4f4: 08b6 90ff 

  0x000001f915c5c4f8: ;   {other}
  0x000001f915c5c4f8: 0f1f 8400 | e862 007c | bade ffff | ff4c 8b9c | 24a8 0000 | 004c 895c | 2420 4c8b | 5c24 304c 
  0x000001f915c5c518: 895c 2428 | 4c8b 9c24 | b000 0000 | 4c89 5c24 | 384c 8b5c | 2468 4c89 | 5c24 4844 | 8b9c 2488 
  0x000001f915c5c538: 0000 0044 | 895c 2458 | 4c89 5424 | 6866 6690 

  0x000001f915c5c548: ;   {runtime_call UncommonTrapBlob}
  0x000001f915c5c548: c5f8 77e8 

  0x000001f915c5c54c: ; ImmutableOopMap {rbp=NarrowOop [32]=Oop [40]=Oop [56]=Oop [72]=Oop [88]=NarrowOop [104]=Oop [120]=Oop [144]=Oop }
                      ;*invokeinterface get {reexecute=0 rethrow=0 return_oop=0}
                      ; - java.util.jar.Attributes::get@5
                      ; - java.util.jar.Attributes::getValue@2
                      ; - java.net.URLClassLoader::isSealed@58
                      ; - java.net.URLClassLoader::getAndVerifyPackage@68
                      ; - java.net.URLClassLoader::defineClass@46
                      ; - java.net.URLClassLoader$1::run@43
                      ; - java.net.URLClassLoader$1::run@1
                      ; - java.security.AccessController::executePrivileged@29
                      ; - java.security.AccessController::doPrivileged@13
                      ; - java.net.URLClassLoader::findClass@13
  0x000001f915c5c54c: b0b5 90ff 

  0x000001f915c5c550: ;   {other}
  0x000001f915c5c550: 0f1f 8400 | 4063 007d | bacc ffff | ff48 8bac | 24a8 0000 | 004c 8b54 | 2430 4c89 | 5424 204c 
  0x000001f915c5c570: 8b94 24b0 | 0000 004c | 8954 2430 | 4c8b 5424 | 684c 8954 | 2440 4c8b | 5424 504c | 8954 2448 
  0x000001f915c5c590: 448b 9c24 | 8800 0000 | 4489 5c24 | 504c 8b94 | 2480 0000 | 004c 8954 | 2460 4c8b | 9424 9000 
  0x000001f915c5c5b0: 0000 4c89 | 5424 684c | 8b54 2478 | 4c89 5424 | 7044 8b94 | 24b8 0000 | 0044 8954 | 2454 4c8b 
  0x000001f915c5c5d0: 9424 a000 | 0000 4c89 | 9424 9800 | 0000 4c8b | 9424 d800 | 0000 4c89 | 9424 a000 | 0000 6690 
  0x000001f915c5c5f0: ;   {runtime_call UncommonTrapBlob}
  0x000001f915c5c5f0: c5f8 77e8 

  0x000001f915c5c5f4: ; ImmutableOopMap {rbp=Oop [32]=Oop [48]=Oop [64]=Oop [80]=NarrowOop [84]=NarrowOop [96]=Oop [104]=Oop [112]=Oop [152]=Oop [160]=Oop }
                      ;*invokestatic arraycopy {reexecute=0 rethrow=0 return_oop=0}
                      ; - java.lang.String::getBytes@22
                      ; - java.lang.StringConcatHelper::prepend@21
                      ; - java.lang.StringConcatHelper::simpleConcat@71
                      ; - java.lang.String::concat@11
                      ; - java.net.URLClassLoader::isSealed@15
                      ; - java.net.URLClassLoader::getAndVerifyPackage@68
                      ; - java.net.URLClassLoader::defineClass@46
                      ; - java.net.URLClassLoader$1::run@43
                      ; - java.net.URLClassLoader$1::run@1
                      ; - java.security.AccessController::executePrivileged@29
                      ; - java.security.AccessController::doPrivileged@13
                      ; - java.net.URLClassLoader::findClass@13
  0x000001f915c5c5f4: 08b5 90ff 

  0x000001f915c5c5f8: ;   {other}
  0x000001f915c5c5f8: 0f1f 8400 | e863 007e | bacc ffff | ff48 8bac | 24a8 0000 | 004c 8b54 | 2430 4c89 | 5424 204c 
  0x000001f915c5c618: 8b94 24b0 | 0000 004c | 8954 2430 | 4c8b 5424 | 684c 8954 | 2440 4c8b | 5424 504c | 8954 2448 
  0x000001f915c5c638: 448b 9c24 | 8800 0000 | 4489 5c24 | 504c 8b94 | 2480 0000 | 004c 8954 | 2460 4c8b | 9424 9000 
  0x000001f915c5c658: 0000 4c89 | 5424 684c | 8b54 2478 | 4c89 5424 | 704c 8b94 | 2498 0000 | 004c 8994 | 2488 0000 
  0x000001f915c5c678: 004c 8b94 | 24d8 0000 | 004c 8994 | 24a8 0000 | 0066 6690 

  0x000001f915c5c68c: ;   {runtime_call UncommonTrapBlob}
  0x000001f915c5c68c: c5f8 77e8 

  0x000001f915c5c690: ; ImmutableOopMap {rbp=Oop [32]=Oop [48]=Oop [64]=Oop [80]=NarrowOop [96]=Oop [104]=Oop [112]=Oop [136]=Oop [168]=Oop [184]=NarrowOop [216]=Oop }
                      ;*invokestatic arraycopy {reexecute=0 rethrow=0 return_oop=0}
                      ; - java.lang.String::getBytes@22
                      ; - java.lang.StringConcatHelper::prepend@21
                      ; - java.lang.StringConcatHelper::simpleConcat@81
                      ; - java.lang.String::concat@11
                      ; - java.net.URLClassLoader::isSealed@15
                      ; - java.net.URLClassLoader::getAndVerifyPackage@68
                      ; - java.net.URLClassLoader::defineClass@46
                      ; - java.net.URLClassLoader$1::run@43
                      ; - java.net.URLClassLoader$1::run@1
                      ; - java.security.AccessController::executePrivileged@29
                      ; - java.security.AccessController::doPrivileged@13
                      ; - java.net.URLClassLoader::findClass@13
  0x000001f915c5c690: 6cb4 90ff 

  0x000001f915c5c694: ;   {other}
  0x000001f915c5c694: 0f1f 8400 | 8464 007f | 4c89 4424 | 404c 895c | 2470 4889 | 4424 f88b | 4424 6089 | 4424 5c48 
  0x000001f915c5c6b4: 8b44 24f8 | 458b c24c | 6354 2460 | 4d8b dae9 | 2ab1 ffff | 4983 c3fe | 498b cb49 | 8bfa 4833 
  0x000001f915c5c6d4: c048 83f9 | 087f 1048 | ffc9 7856 | 4889 04cf | 48ff c97d | f7eb 4bc5 | fdef c0e9 | 0d00 0000 
  0x000001f915c5c6f4: c5fe 7f07 | c5fe 7f47 | 2048 83c7 | 4048 83e9 | 087d ed48 | 83c1 047c | 0cc5 fe7f | 0748 83c7 
  0x000001f915c5c714: 2048 83e9 | 0448 83c1 | 047e 1748 | c7c0 ffff | ffff c4e2 | f0f5 c0c4 | e1fb 92f8 | 62f1 fe2f 
  0x000001f915c5c734: 7f07 e9b2 | b1ff ffba | ccff ffff | 488b ac24 | a800 0000 | 4c8b 5424 | 304c 8954 | 2420 4c8b 
  0x000001f915c5c754: 5424 684c | 8954 2428 | 4c8b 9424 | b000 0000 | 4c89 5424 | 304c 8b54 | 2450 4c89 | 5424 4844 
  0x000001f915c5c774: 8b5c 2458 | 4489 5c24 | 5044 8b54 | 245c 4489 | 5424 5844 | 8944 245c 

  0x000001f915c5c78c: ;   {runtime_call UncommonTrapBlob}
  0x000001f915c5c78c: c5f8 77e8 

  0x000001f915c5c790: ; ImmutableOopMap {rbp=Oop [32]=Oop [40]=Oop [48]=Oop [80]=NarrowOop [92]=NarrowOop [112]=Oop }
                      ;*newarray {reexecute=1 rethrow=0 return_oop=0}
                      ; - (reexecute) java.util.Arrays::copyOfRangeByte@10
                      ; - java.util.Arrays::copyOfRange@13
                      ; - java.lang.StringLatin1::newString@16
                      ; - java.lang.String::substring@41
                      ; - java.net.URLClassLoader::defineClass@28
                      ; - java.net.URLClassLoader$1::run@43
                      ; - java.net.URLClassLoader$1::run@1
                      ; - java.security.AccessController::executePrivileged@29
                      ; - java.security.AccessController::doPrivileged@13
                      ; - java.net.URLClassLoader::findClass@13
  0x000001f915c5c790: 6cb3 90ff 

  0x000001f915c5c794: ;   {other}
  0x000001f915c5c794: 0f1f 8400 | 8465 0080 | 4489 5c24 | 60e9 b5ae | ffff 33ed | 4585 c040 | 0f94 c5ba | 45ff ffff 
  0x000001f915c5c7b4: 4c8b 9c24 | a800 0000 | 4c89 5c24 | 204c 8b5c | 2430 4c89 | 5c24 284c | 8b5c 2468 | 4c89 5c24 
  0x000001f915c5c7d4: 304c 8b5c | 2470 4c89 | 5c24 6044 | 8954 2470 

  0x000001f915c5c7e4: ;   {runtime_call UncommonTrapBlob}
  0x000001f915c5c7e4: c5f8 77e8 

  0x000001f915c5c7e8: ; ImmutableOopMap {[32]=Oop [40]=Oop [48]=Oop [96]=Oop [120]=Oop [176]=Oop }
                      ;*ifeq {reexecute=1 rethrow=0 return_oop=0}
                      ; - (reexecute) java.lang.String::lastIndexOf@4
                      ; - java.lang.String::lastIndexOf@8
                      ; - java.net.URLClassLoader::defineClass@7
                      ; - java.net.URLClassLoader$1::run@43
                      ; - java.net.URLClassLoader$1::run@1
                      ; - java.security.AccessController::executePrivileged@29
                      ; - java.security.AccessController::doPrivileged@13
                      ; - java.net.URLClassLoader::findClass@13
  0x000001f915c5c7e8: 14b3 90ff 

  0x000001f915c5c7ec: ;   {other}
  0x000001f915c5c7ec: 0f1f 8400 | dc65 0081 | ba45 ffff | ff48 8bac | 24a8 0000 | 004c 8b54 | 2430 4c89 | 5424 204c 
  0x000001f915c5c80c: 8b54 2468 | 4c89 5424 | 284c 8b54 | 2450 4c89 | 5424 4844 | 8b5c 2458 | 4489 5c24 | 504c 8b54 
  0x000001f915c5c82c: 2470 4c89 | 5424 684c | 8b54 2478 | 4c89 5424 | 7089 4c24 | 7c66 6690 

  0x000001f915c5c844: ;   {runtime_call UncommonTrapBlob}
  0x000001f915c5c844: c5f8 77e8 

  0x000001f915c5c848: ; ImmutableOopMap {rbp=Oop [32]=Oop [40]=Oop [80]=NarrowOop [104]=Oop [112]=Oop [176]=Oop }
                      ;*if_icmpgt {reexecute=1 rethrow=0 return_oop=0}
                      ; - (reexecute) jdk.internal.util.Preconditions::checkFromToIndex@6
                      ; - java.lang.String::checkBoundsBeginEnd@6
                      ; - java.lang.String::substring@8
                      ; - java.net.URLClassLoader::defineClass@28
                      ; - java.net.URLClassLoader$1::run@43
                      ; - java.net.URLClassLoader$1::run@1
                      ; - java.security.AccessController::executePrivileged@29
                      ; - java.security.AccessController::doPrivileged@13
                      ; - java.net.URLClassLoader::findClass@13
  0x000001f915c5c848: b4b2 90ff 

  0x000001f915c5c84c: ;   {other}
  0x000001f915c5c84c: 0f1f 8400 | 3c66 0082 | ba45 ffff | ff48 8bac | 24a8 0000 | 0048 8b5c | 2430 4889 | 5c24 2048 
  0x000001f915c5c86c: 8b5c 2468 | 4889 5c24 | 4048 8b5c | 2450 4889 | 5c24 484c | 8944 2468 | 4889 4c24 | 704c 894c 
  0x000001f915c5c88c: 2478 4489 | 5424 544c | 8984 2480 | 0000 0048 | 898c 2488 | 0000 0044 | 899c 24a0 | 0000 0090 
  0x000001f915c5c8ac: ;   {runtime_call UncommonTrapBlob}
  0x000001f915c5c8ac: c5f8 77e8 

  0x000001f915c5c8b0: ; ImmutableOopMap {rbp=Oop [32]=Oop [64]=Oop [84]=NarrowOop [104]=Oop [112]=Oop [120]=Oop [128]=Oop [136]=Oop }
                      ;*ifle {reexecute=1 rethrow=0 return_oop=0}
                      ; - (reexecute) java.util.concurrent.ConcurrentHashMap::get@23
                      ; - java.lang.ClassLoader::getDefinedPackage@13
                      ; - java.net.URLClassLoader::getAndVerifyPackage@2
                      ; - java.net.URLClassLoader::defineClass@46
                      ; - java.net.URLClassLoader$1::run@43
                      ; - java.net.URLClassLoader$1::run@1
                      ; - java.security.AccessController::executePrivileged@29
                      ; - java.security.AccessController::doPrivileged@13
                      ; - java.net.URLClassLoader::findClass@13
  0x000001f915c5c8b0: 4cb2 90ff 

  0x000001f915c5c8b4: ;   {other}
  0x000001f915c5c8b4: 0f1f 8400 | a466 0083 | ba45 ffff | ff48 8bac | 24a8 0000 | 004c 8b54 | 2430 4c89 | 5424 204c 
  0x000001f915c5c8d4: 8b54 2468 | 4c89 5424 | 284c 8b54 | 2450 4c89 | 5424 4844 | 8b5c 2458 | 4489 5c24 | 5044 8b54 
  0x000001f915c5c8f4: 2460 4489 | 5424 5490 

  0x000001f915c5c8fc: ;   {runtime_call UncommonTrapBlob}
  0x000001f915c5c8fc: c5f8 77e8 

  0x000001f915c5c900: ; ImmutableOopMap {rbp=Oop [32]=Oop [40]=Oop [80]=NarrowOop [112]=Oop [120]=Oop [176]=Oop }
                      ;*if_icmpeq {reexecute=1 rethrow=0 return_oop=0}
                      ; - (reexecute) java.net.URLClassLoader::defineClass@21
                      ; - java.net.URLClassLoader$1::run@43
                      ; - java.net.URLClassLoader$1::run@1
                      ; - java.security.AccessController::executePrivileged@29
                      ; - java.security.AccessController::doPrivileged@13
                      ; - java.net.URLClassLoader::findClass@13
  0x000001f915c5c900: fcb1 90ff 

  0x000001f915c5c904: ;   {other}
  0x000001f915c5c904: 0f1f 8400 | f466 0084 | ba45 ffff | ff48 8bac | 24a8 0000 | 004c 8b54 | 2430 4c89 | 5424 204c 
  0x000001f915c5c924: 8b54 2468 | 4c89 5424 | 284c 8b54 | 2450 4c89 | 5424 4844 | 8b5c 2458 | 4489 5c24 | 504c 8b54 
  0x000001f915c5c944: 2470 4c89 | 5424 684c | 8b54 2478 | 4c89 5424 | 7089 4c24 | 7c89 8c24 | 8000 0000 

  0x000001f915c5c960: ;   {runtime_call UncommonTrapBlob}
  0x000001f915c5c960: c5f8 77e8 

  0x000001f915c5c964: ; ImmutableOopMap {rbp=Oop [32]=Oop [40]=Oop [80]=NarrowOop [104]=Oop [112]=Oop [176]=Oop }
                      ;*if_icmple {reexecute=1 rethrow=0 return_oop=0}
                      ; - (reexecute) jdk.internal.util.Preconditions::checkFromToIndex@11
                      ; - java.lang.String::checkBoundsBeginEnd@6
                      ; - java.lang.String::substring@8
                      ; - java.net.URLClassLoader::defineClass@28
                      ; - java.net.URLClassLoader$1::run@43
                      ; - java.net.URLClassLoader$1::run@1
                      ; - java.security.AccessController::executePrivileged@29
                      ; - java.security.AccessController::doPrivileged@13
                      ; - java.net.URLClassLoader::findClass@13
  0x000001f915c5c964: 98b1 90ff 

  0x000001f915c5c968: ;   {other}
  0x000001f915c5c968: 0f1f 8400 | 5867 0085 | ba45 ffff | ff48 8b6c | 2438 4c8b | 5424 304c | 8954 2420 | 4c8b 5424 
  0x000001f915c5c988: 684c 8954 | 2440 4c8b | 5424 504c | 8954 2448 | 4889 4424 | 7066 6690 

  0x000001f915c5c9a0: ;   {runtime_call UncommonTrapBlob}
  0x000001f915c5c9a0: c5f8 77e8 

  0x000001f915c5c9a4: ; ImmutableOopMap {rbp=Oop [32]=Oop [64]=Oop [112]=Oop [136]=NarrowOop [176]=Oop }
                      ;*ifnull {reexecute=1 rethrow=0 return_oop=0}
                      ; - (reexecute) java.net.URLClassLoader::defineClass@139
                      ; - java.net.URLClassLoader$1::run@43
                      ; - java.net.URLClassLoader$1::run@1
                      ; - java.security.AccessController::executePrivileged@29
                      ; - java.security.AccessController::doPrivileged@13
                      ; - java.net.URLClassLoader::findClass@13
  0x000001f915c5c9a4: 58b1 90ff 

  0x000001f915c5c9a8: ;   {other}
  0x000001f915c5c9a8: 0f1f 8400 | 9867 0086 | 498b d7c5 | f877 49ba | 20a4 af15 | fb7f 0000 

  0x000001f915c5c9c0: ;   {other}
  0x000001f915c5c9c0: 41ff d20f | 1f84 0000 | 0000 00e9 | 04dd ffff | ba76 ffff | ff4c 8b94 | 24a8 0000 | 004c 8954 
  0x000001f915c5c9e0: 2420 4c8b | 5424 304c | 8954 2428 | 4c8b 5424 | 684c 8954 | 2448 448b | 9424 8800 | 0000 4489 
  0x000001f915c5ca00: 5424 584c | 8b94 2480 | 0000 004c | 8954 2468 

  0x000001f915c5ca10: ;   {runtime_call UncommonTrapBlob}
  0x000001f915c5ca10: c5f8 77e8 

  0x000001f915c5ca14: ; ImmutableOopMap {[32]=Oop [40]=Oop [72]=Oop [88]=NarrowOop [104]=Oop [120]=Oop [144]=Oop [152]=Oop [176]=Oop [184]=NarrowOop [188]=NarrowOop }
                      ;*if_icmpge {reexecute=1 rethrow=0 return_oop=0}
                      ; - (reexecute) java.lang.StringLatin1::replace@82
                      ; - java.lang.String::replace@18
                      ; - java.net.URLClassLoader::isSealed@9
                      ; - java.net.URLClassLoader::getAndVerifyPackage@68
                      ; - java.net.URLClassLoader::defineClass@46
                      ; - java.net.URLClassLoader$1::run@43
                      ; - java.net.URLClassLoader$1::run@1
                      ; - java.security.AccessController::executePrivileged@29
                      ; - java.security.AccessController::doPrivileged@13
                      ; - java.net.URLClassLoader::findClass@13
  0x000001f915c5ca14: e8b0 90ff 

  0x000001f915c5ca18: ;   {other}
  0x000001f915c5ca18: 0f1f 8400 | 0868 0087 | 488b 7c24 | 7049 8bd7 | c5f8 7749 | ba20 a4af | 15fb 7f00 | 0041 ffd2 
  0x000001f915c5ca38: ;   {other}
  0x000001f915c5ca38: 0f1f 8400 | 0000 0000 | e9db dcff | ff33 ed45 | 85db 400f | 95c5 ba45 | ffff ff4c | 8b94 24a8 
  0x000001f915c5ca58: 0000 004c | 8954 2420 | 4c8b 5424 | 304c 8954 | 2428 4c8b | 9424 b000 | 0000 4c89 | 5424 384c 
  0x000001f915c5ca78: 8b54 2468 | 4c89 5424 | 4844 8b94 | 2488 0000 | 0044 8954 | 2458 4c8b | 9424 9000 | 0000 4c89 
  0x000001f915c5ca98: 5424 7848 | 898c 2488 | 0000 0090 

  0x000001f915c5caa4: ;   {runtime_call UncommonTrapBlob}
  0x000001f915c5caa4: c5f8 77e8 

  0x000001f915c5caa8: ; ImmutableOopMap {[32]=Oop [40]=Oop [56]=Oop [72]=Oop [88]=NarrowOop [120]=Oop [128]=Oop [136]=Oop }
                      ;*ifne {reexecute=1 rethrow=0 return_oop=0}
                      ; - (reexecute) java.lang.Package::isSealed@7
                      ; - java.net.URLClassLoader::getAndVerifyPackage@14
                      ; - java.net.URLClassLoader::defineClass@46
                      ; - java.net.URLClassLoader$1::run@43
                      ; - java.net.URLClassLoader$1::run@1
                      ; - java.security.AccessController::executePrivileged@29
                      ; - java.security.AccessController::doPrivileged@13
                      ; - java.net.URLClassLoader::findClass@13
  0x000001f915c5caa8: 54b0 90ff 

  0x000001f915c5caac: ;   {other}
  0x000001f915c5caac: 0f1f 8400 | 9c68 0088 | 33ed 4585 | db40 0f94 | c5ba 45ff | ffff 4c8b | 9c24 a800 | 0000 4c89 
  0x000001f915c5cacc: 5c24 204c | 8b5c 2430 | 4c89 5c24 | 284c 8b9c | 24b0 0000 | 004c 895c | 2438 4c8b | 5c24 684c 
  0x000001f915c5caec: 895c 2448 | 448b 9c24 | 8800 0000 | 4489 5c24 | 5848 894c | 2478 4489 | 5424 5c90 

  0x000001f915c5cb08: ;   {runtime_call UncommonTrapBlob}
  0x000001f915c5cb08: c5f8 77e8 

  0x000001f915c5cb0c: ; ImmutableOopMap {[32]=Oop [40]=Oop [56]=Oop [72]=Oop [88]=NarrowOop [92]=NarrowOop [120]=Oop [128]=Oop [144]=Oop }
                      ;*ifeq {reexecute=1 rethrow=0 return_oop=0}
                      ; - (reexecute) java.lang.String::replace@9
                      ; - java.net.URLClassLoader::isSealed@9
                      ; - java.net.URLClassLoader::getAndVerifyPackage@68
                      ; - java.net.URLClassLoader::defineClass@46
                      ; - java.net.URLClassLoader$1::run@43
                      ; - java.net.URLClassLoader$1::run@1
                      ; - java.security.AccessController::executePrivileged@29
                      ; - java.security.AccessController::doPrivileged@13
                      ; - java.net.URLClassLoader::findClass@13
  0x000001f915c5cb0c: f0af 90ff 

  0x000001f915c5cb10: ;   {other}
  0x000001f915c5cb10: 0f1f 8400 | 0069 0089 | ba45 ffff | ff48 8bac | 24a8 0000 | 004c 8b54 | 2430 4c89 | 5424 204c 
  0x000001f915c5cb30: 8b94 24b0 | 0000 004c | 8954 2430 | 4c8b 5424 | 684c 8954 | 2440 4c8b | 5424 504c | 8954 2448 
  0x000001f915c5cb50: 448b 9c24 | 8800 0000 | 4489 5c24 | 504c 8b94 | 2480 0000 | 004c 8954 | 2460 4c8b | 9424 9000 
  0x000001f915c5cb70: 0000 4c89 | 5424 684c | 8b54 2478 | 4c89 5424 | 704c 8984 | 2498 0000 | 0066 6690 

  0x000001f915c5cb8c: ;   {runtime_call UncommonTrapBlob}
  0x000001f915c5cb8c: c5f8 77e8 

  0x000001f915c5cb90: ; ImmutableOopMap {rbp=Oop [32]=Oop [48]=Oop [64]=Oop [80]=NarrowOop [96]=Oop [104]=Oop [112]=Oop [152]=Oop [184]=NarrowOop }
                      ;*iflt {reexecute=1 rethrow=0 return_oop=0}
                      ; - (reexecute) java.lang.StringConcatHelper::checkOverflow@2
                      ; - java.lang.StringConcatHelper::mix@23
                      ; - java.lang.StringConcatHelper::simpleConcat@46
                      ; - java.lang.String::concat@11
                      ; - java.net.URLClassLoader::isSealed@15
                      ; - java.net.URLClassLoader::getAndVerifyPackage@68
                      ; - java.net.URLClassLoader::defineClass@46
                      ; - java.net.URLClassLoader$1::run@43
                      ; - java.net.URLClassLoader$1::run@1
                      ; - java.security.AccessController::executePrivileged@29
                      ; - java.security.AccessController::doPrivileged@13
                      ; - java.net.URLClassLoader::findClass@13
  0x000001f915c5cb90: 6caf 90ff 

  0x000001f915c5cb94: ;   {other}
  0x000001f915c5cb94: 0f1f 8400 | 8469 008a | ba45 ffff | ff4c 8b94 | 24a8 0000 | 004c 8954 | 2420 4c8b | 5424 304c 
  0x000001f915c5cbb4: 8954 2428 | 4c8b 9424 | b000 0000 | 4c89 5424 | 384c 8b54 | 2468 4c89 | 5424 4844 | 8b94 2488 
  0x000001f915c5cbd4: 0000 0044 | 8954 2458 | 4c8b 9424 | 8000 0000 | 4c89 5424 | 684c 8b94 | 2490 0000 | 004c 8954 
  0x000001f915c5cbf4: 2470 6690 

  0x000001f915c5cbf8: ;   {runtime_call UncommonTrapBlob}
  0x000001f915c5cbf8: c5f8 77e8 

  0x000001f915c5cbfc: ; ImmutableOopMap {[32]=Oop [40]=Oop [56]=Oop [72]=Oop [88]=NarrowOop [104]=Oop [112]=Oop [120]=Oop [160]=Oop [184]=NarrowOop }
                      ;*iflt {reexecute=1 rethrow=0 return_oop=0}
                      ; - (reexecute) java.lang.StringConcatHelper::checkOverflow@2
                      ; - java.lang.StringConcatHelper::mix@23
                      ; - java.lang.StringConcatHelper::simpleConcat@54
                      ; - java.lang.String::concat@11
                      ; - java.net.URLClassLoader::isSealed@15
                      ; - java.net.URLClassLoader::getAndVerifyPackage@68
                      ; - java.net.URLClassLoader::defineClass@46
                      ; - java.net.URLClassLoader$1::run@43
                      ; - java.net.URLClassLoader$1::run@1
                      ; - java.security.AccessController::executePrivileged@29
                      ; - java.security.AccessController::doPrivileged@13
                      ; - java.net.URLClassLoader::findClass@13
  0x000001f915c5cbfc: 00af 90ff 

  0x000001f915c5cc00: ;   {other}
  0x000001f915c5cc00: 0f1f 8400 | f069 008b | ba45 ffff | ff48 8bac | 24a8 0000 | 004c 8b54 | 2430 4c89 | 5424 204c 
  0x000001f915c5cc20: 8b94 24b0 | 0000 004c | 8954 2430 | 4c8b 5424 | 684c 8954 | 2440 4c8b | 5424 504c | 8954 2448 
  0x000001f915c5cc40: 448b 9c24 | 8800 0000 | 4489 5c24 | 504c 8b94 | 2480 0000 | 004c 8954 | 2460 4c8b | 9424 9000 
  0x000001f915c5cc60: 0000 4c89 | 5424 684c | 8b54 2478 | 4c89 5424 | 704c 8b94 | 24d8 0000 | 004c 8994 | 24a8 0000 
  0x000001f915c5cc80: 0066 6690 

  0x000001f915c5cc84: ;   {runtime_call UncommonTrapBlob}
  0x000001f915c5cc84: c5f8 77e8 

  0x000001f915c5cc88: ; ImmutableOopMap {rbp=Oop [32]=Oop [48]=Oop [64]=Oop [80]=NarrowOop [96]=Oop [104]=Oop [112]=Oop [160]=Oop [168]=Oop [184]=NarrowOop [216]=Oop }
                      ;*if_icmpne {reexecute=1 rethrow=0 return_oop=0}
                      ; - (reexecute) java.lang.String::getBytes@5
                      ; - java.lang.StringConcatHelper::prepend@21
                      ; - java.lang.StringConcatHelper::simpleConcat@81
                      ; - java.lang.String::concat@11
                      ; - java.net.URLClassLoader::isSealed@15
                      ; - java.net.URLClassLoader::getAndVerifyPackage@68
                      ; - java.net.URLClassLoader::defineClass@46
                      ; - java.net.URLClassLoader$1::run@43
                      ; - java.net.URLClassLoader$1::run@1
                      ; - java.security.AccessController::executePrivileged@29
                      ; - java.security.AccessController::doPrivileged@13
                      ; - java.net.URLClassLoader::findClass@13
  0x000001f915c5cc88: 74ae 90ff 

  0x000001f915c5cc8c: ;   {other}
  0x000001f915c5cc8c: 0f1f 8400 | 7c6a 008c | ba45 ffff | ff48 8bac | 24a8 0000 | 004c 8b5c | 2430 4c89 | 5c24 204c 
  0x000001f915c5ccac: 8b9c 24b0 | 0000 004c | 895c 2430 | 4c8b 5c24 | 684c 895c | 2440 4c8b | 5c24 504c | 895c 2448 
  0x000001f915c5cccc: 448b 9c24 | 8800 0000 | 4489 5c24 | 504c 8b9c | 2490 0000 | 004c 895c | 2468 4c8b | 5c24 784c 
  0x000001f915c5ccec: 895c 2470 | 4c89 5424 | 7848 8984 | 2498 0000 | 0044 8944 | 2454 6690 

  0x000001f915c5cd04: ;   {runtime_call UncommonTrapBlob}
  0x000001f915c5cd04: c5f8 77e8 

  0x000001f915c5cd08: ; ImmutableOopMap {rbp=Oop [32]=Oop [48]=Oop [64]=Oop [80]=NarrowOop [104]=Oop [112]=Oop [120]=Oop [128]=Oop [152]=Oop }
                      ;*ifle {reexecute=1 rethrow=0 return_oop=0}
                      ; - (reexecute) java.util.HashMap::getNode@14
                      ; - java.util.HashMap::get@2
                      ; - java.util.jar.Manifest::getAttributes@5
                      ; - java.util.jar.Manifest::getTrustedAttributes@2
                      ; - java.util.jar.JavaUtilJarAccessImpl::getTrustedAttributes@2
                      ; - java.net.URLClassLoader::isSealed@18
                      ; - java.net.URLClassLoader::getAndVerifyPackage@68
                      ; - java.net.URLClassLoader::defineClass@46
                      ; - java.net.URLClassLoader$1::run@43
                      ; - java.net.URLClassLoader$1::run@1
                      ; - java.security.AccessController::executePrivileged@29
                      ; - java.security.AccessController::doPrivileged@13
                      ; - java.net.URLClassLoader::findClass@13
  0x000001f915c5cd08: f4ad 90ff 

  0x000001f915c5cd0c: ;   {other}
  0x000001f915c5cd0c: 0f1f 8400 | fc6a 008d | ba45 ffff | ff48 8bac | 24a8 0000 | 004c 8b5c | 2430 4c89 | 5c24 204c 
  0x000001f915c5cd2c: 8b9c 24b0 | 0000 004c | 895c 2430 | 4c8b 5c24 | 684c 895c | 2440 4c8b | 5c24 504c | 895c 2448 
  0x000001f915c5cd4c: 448b 8c24 | 8800 0000 | 4489 4c24 | 504c 8954 | 2460 4c8b | 5424 784c | 8954 2470 | 4889 8c24 
  0x000001f915c5cd6c: 8800 0000 | 4489 4424 | 5466 6690 

  0x000001f915c5cd78: ;   {runtime_call UncommonTrapBlob}
  0x000001f915c5cd78: c5f8 77e8 

  0x000001f915c5cd7c: ; ImmutableOopMap {rbp=Oop [32]=Oop [48]=Oop [64]=Oop [80]=NarrowOop [96]=Oop [112]=Oop [136]=Oop [144]=Oop }
                      ;*ifle {reexecute=1 rethrow=0 return_oop=0}
                      ; - (reexecute) java.util.HashMap::getNode@14
                      ; - java.util.LinkedHashMap::get@2
                      ; - java.util.jar.Attributes::get@5
                      ; - java.util.jar.Attributes::getValue@2
                      ; - java.net.URLClassLoader::isSealed@58
                      ; - java.net.URLClassLoader::getAndVerifyPackage@68
                      ; - java.net.URLClassLoader::defineClass@46
                      ; - java.net.URLClassLoader$1::run@43
                      ; - java.net.URLClassLoader$1::run@1
                      ; - java.security.AccessController::executePrivileged@29
                      ; - java.security.AccessController::doPrivileged@13
                      ; - java.net.URLClassLoader::findClass@13
  0x000001f915c5cd7c: 80ad 90ff 

  0x000001f915c5cd80: ;   {other}
  0x000001f915c5cd80: 0f1f 8400 | 706b 008e | ba45 ffff | ff48 8bac | 24a8 0000 | 004c 8b54 | 2430 4c89 | 5424 204c 
  0x000001f915c5cda0: 8b94 24b0 | 0000 004c | 8954 2430 | 4c8b 5424 | 684c 8954 | 2440 4c8b | 5424 504c | 8954 2448 
  0x000001f915c5cdc0: 448b 9424 | 8800 0000 | 4489 5424 | 504c 8b94 | 2490 0000 | 004c 8954 | 2458 4c8b | 9424 8000 
  0x000001f915c5cde0: 0000 4c89 | 5424 6044 | 899c 24a4 | 0000 0090 

  0x000001f915c5cdf0: ;   {runtime_call UncommonTrapBlob}
  0x000001f915c5cdf0: c5f8 77e8 

  0x000001f915c5cdf4: ; ImmutableOopMap {rbp=Oop [32]=Oop [48]=Oop [64]=Oop [80]=NarrowOop [88]=Oop [96]=Oop [184]=NarrowOop }
                      ;*ifle {reexecute=1 rethrow=0 return_oop=0}
                      ; - (reexecute) java.util.concurrent.ConcurrentHashMap::get@23
                      ; - java.lang.ClassLoader::definePackage@47
                      ; - java.lang.ClassLoader::getDefinedPackage@32
                      ; - java.net.URLClassLoader::getAndVerifyPackage@2
                      ; - java.net.URLClassLoader::defineClass@46
                      ; - java.net.URLClassLoader$1::run@43
                      ; - java.net.URLClassLoader$1::run@1
                      ; - java.security.AccessController::executePrivileged@29
                      ; - java.security.AccessController::doPrivileged@13
                      ; - java.net.URLClassLoader::findClass@13
  0x000001f915c5cdf4: 08ad 90ff 

  0x000001f915c5cdf8: ;   {other}
  0x000001f915c5cdf8: 0f1f 8400 | e86b 008f | ba45 ffff | ff4c 8b94 | 24a8 0000 | 004c 8954 | 2420 4c8b | 5424 304c 
  0x000001f915c5ce18: 8954 2428 | 4c8b 9424 | b000 0000 | 4c89 5424 | 384c 8b54 | 2468 4c89 | 5424 4844 | 8b94 2488 
  0x000001f915c5ce38: 0000 0044 | 8954 2458 | 4c8b 9424 | 9000 0000 | 4c89 5424 | 7848 898c | 2488 0000 | 0066 6690 
  0x000001f915c5ce58: ;   {runtime_call UncommonTrapBlob}
  0x000001f915c5ce58: c5f8 77e8 

  0x000001f915c5ce5c: ; ImmutableOopMap {rbp=NarrowOop [32]=Oop [40]=Oop [56]=Oop [72]=Oop [88]=NarrowOop [120]=Oop [128]=Oop [136]=Oop }
                      ;*ifnull {reexecute=1 rethrow=0 return_oop=0}
                      ; - (reexecute) java.lang.Package::isSealed@17
                      ; - java.net.URLClassLoader::getAndVerifyPackage@14
                      ; - java.net.URLClassLoader::defineClass@46
                      ; - java.net.URLClassLoader$1::run@43
                      ; - java.net.URLClassLoader$1::run@1
                      ; - java.security.AccessController::executePrivileged@29
                      ; - java.security.AccessController::doPrivileged@13
                      ; - java.net.URLClassLoader::findClass@13
  0x000001f915c5ce5c: a0ac 90ff 

  0x000001f915c5ce60: ;   {other}
  0x000001f915c5ce60: 0f1f 8400 | 506c 0090 | ba45 ffff | ff48 8bac | 24a8 0000 | 004c 8b54 | 2430 4c89 | 5424 204c 
  0x000001f915c5ce80: 8b94 24b0 | 0000 004c | 8954 2430 | 4c8b 5424 | 684c 8954 | 2440 4c8b | 5424 504c | 8954 2448 
  0x000001f915c5cea0: 448b 9c24 | 8800 0000 | 4489 5c24 | 504c 8944 | 2468 4889 | 4c24 704c | 8944 2478 

  0x000001f915c5cebc: ;   {runtime_call UncommonTrapBlob}
  0x000001f915c5cebc: c5f8 77e8 

  0x000001f915c5cec0: ; ImmutableOopMap {rbp=Oop [32]=Oop [48]=Oop [64]=Oop [80]=NarrowOop [104]=Oop [112]=Oop [120]=Oop [144]=Oop }
                      ;*ifnull {reexecute=1 rethrow=0 return_oop=0}
                      ; - (reexecute) java.net.URLClassLoader::getAndVerifyPackage@62
                      ; - java.net.URLClassLoader::defineClass@46
                      ; - java.net.URLClassLoader$1::run@43
                      ; - java.net.URLClassLoader$1::run@1
                      ; - java.security.AccessController::executePrivileged@29
                      ; - java.security.AccessController::doPrivileged@13
                      ; - java.net.URLClassLoader::findClass@13
  0x000001f915c5cec0: 3cac 90ff 

  0x000001f915c5cec4: ;   {other}
  0x000001f915c5cec4: 0f1f 8400 | b46c 0091 | ba45 ffff | ff48 8bac | 24a8 0000 | 004c 8b54 | 2430 4c89 | 5424 204c 
  0x000001f915c5cee4: 8b94 24b0 | 0000 004c | 8954 2430 | 4c8b 5424 | 684c 8954 | 2440 4c8b | 5424 504c | 8954 2448 
  0x000001f915c5cf04: 448b 9c24 | 8800 0000 | 4489 5c24 | 504c 8b94 | 2480 0000 | 004c 8954 | 2460 4c8b | 9424 9000 
  0x000001f915c5cf24: 0000 4c89 | 5424 684c | 8b54 2478 | 4c89 5424 | 704c 8984 | 2498 0000 | 0066 6690 

  0x000001f915c5cf40: ;   {runtime_call UncommonTrapBlob}
  0x000001f915c5cf40: c5f8 77e8 

  0x000001f915c5cf44: ; ImmutableOopMap {rbp=Oop [32]=Oop [48]=Oop [64]=Oop [80]=NarrowOop [96]=Oop [104]=Oop [112]=Oop [152]=Oop [184]=NarrowOop }
                      ;*if_icmpne {reexecute=1 rethrow=0 return_oop=0}
                      ; - (reexecute) java.lang.StringConcatHelper::mix@13
                      ; - java.lang.StringConcatHelper::simpleConcat@46
                      ; - java.lang.String::concat@11
                      ; - java.net.URLClassLoader::isSealed@15
                      ; - java.net.URLClassLoader::getAndVerifyPackage@68
                      ; - java.net.URLClassLoader::defineClass@46
                      ; - java.net.URLClassLoader$1::run@43
                      ; - java.net.URLClassLoader$1::run@1
                      ; - java.security.AccessController::executePrivileged@29
                      ; - java.security.AccessController::doPrivileged@13
                      ; - java.net.URLClassLoader::findClass@13
  0x000001f915c5cf44: b8ab 90ff 

  0x000001f915c5cf48: ;   {other}
  0x000001f915c5cf48: 0f1f 8400 | 386d 0092 | ba45 ffff | ff48 8bac | 24a8 0000 | 004c 8b54 | 2430 4c89 | 5424 204c 
  0x000001f915c5cf68: 8b94 24b0 | 0000 004c | 8954 2430 | 4c8b 5424 | 684c 8954 | 2440 4c8b | 5424 504c | 8954 2448 
  0x000001f915c5cf88: 448b 9c24 | 8800 0000 | 4489 5c24 | 504c 8b94 | 2480 0000 | 004c 8954 | 2460 4c8b | 9424 9000 
  0x000001f915c5cfa8: 0000 4c89 | 5424 684c | 8b54 2478 | 4c89 5424 | 704c 8984 | 2498 0000 | 004c 898c | 24a0 0000 
  0x000001f915c5cfc8: 0066 6690 

  0x000001f915c5cfcc: ;   {runtime_call UncommonTrapBlob}
  0x000001f915c5cfcc: c5f8 77e8 

  0x000001f915c5cfd0: ; ImmutableOopMap {rbp=Oop [32]=Oop [48]=Oop [64]=Oop [80]=NarrowOop [96]=Oop [104]=Oop [112]=Oop [152]=Oop [184]=NarrowOop }
                      ;*ifge {reexecute=1 rethrow=0 return_oop=0}
                      ; - (reexecute) java.lang.StringConcatHelper::newArray@13
                      ; - java.lang.StringConcatHelper::simpleConcat@61
                      ; - java.lang.String::concat@11
                      ; - java.net.URLClassLoader::isSealed@15
                      ; - java.net.URLClassLoader::getAndVerifyPackage@68
                      ; - java.net.URLClassLoader::defineClass@46
                      ; - java.net.URLClassLoader$1::run@43
                      ; - java.net.URLClassLoader$1::run@1
                      ; - java.security.AccessController::executePrivileged@29
                      ; - java.security.AccessController::doPrivileged@13
                      ; - java.net.URLClassLoader::findClass@13
  0x000001f915c5cfd0: 2cab 90ff 

  0x000001f915c5cfd4: ;   {other}
  0x000001f915c5cfd4: 0f1f 8400 | c46d 0093 | ba76 ffff | ff4c 8b94 | 24a8 0000 | 004c 8954 | 2420 4c8b | 5424 304c 
  0x000001f915c5cff4: 8954 2428 | 4c8b 5424 | 684c 8954 | 2448 448b | 9c24 8800 | 0000 4489 | 5c24 584c | 8b94 2480 
  0x000001f915c5d014: 0000 004c | 8954 2468 | 448b 9424 | a400 0000 | 4489 5424 | 5c44 8b94 | 24b8 0000 | 0044 8994 
  0x000001f915c5d034: 24a4 0000 | 0066 6690 

  0x000001f915c5d03c: ;   {runtime_call UncommonTrapBlob}
  0x000001f915c5d03c: c5f8 77e8 

  0x000001f915c5d040: ; ImmutableOopMap {[32]=Oop [40]=Oop [72]=Oop [88]=NarrowOop [104]=Oop [120]=Oop [144]=Oop [152]=Oop [164]=NarrowOop [176]=Oop [188]=NarrowOop }
                      ;*if_icmpge {reexecute=1 rethrow=0 return_oop=0}
                      ; - (reexecute) java.lang.StringLatin1::replace@61
                      ; - java.lang.String::replace@18
                      ; - java.net.URLClassLoader::isSealed@9
                      ; - java.net.URLClassLoader::getAndVerifyPackage@68
                      ; - java.net.URLClassLoader::defineClass@46
                      ; - java.net.URLClassLoader$1::run@43
                      ; - java.net.URLClassLoader$1::run@1
                      ; - java.security.AccessController::executePrivileged@29
                      ; - java.security.AccessController::doPrivileged@13
                      ; - java.net.URLClassLoader::findClass@13
  0x000001f915c5d040: bcaa 90ff 

  0x000001f915c5d044: ;   {other}
  0x000001f915c5d044: 0f1f 8400 | 346e 0094 | 33ed eb02 | 8be8 ba45 | ffff ff4c | 8b94 24a8 | 0000 004c | 8954 2420 
  0x000001f915c5d064: 4c8b 5424 | 304c 8954 | 2428 4c8b | 9424 b000 | 0000 4c89 | 5424 384c | 8b54 2468 | 4c89 5424 
  0x000001f915c5d084: 4844 89ac | 24b0 0000 | 0066 6690 

  0x000001f915c5d090: ;   {runtime_call UncommonTrapBlob}
  0x000001f915c5d090: c5f8 77e8 

  0x000001f915c5d094: ; ImmutableOopMap {[32]=Oop [40]=Oop [56]=Oop [72]=Oop [88]=NarrowOop [96]=Oop [128]=Oop [176]=NarrowOop }
                      ;*ifeq {reexecute=1 rethrow=0 return_oop=0}
                      ; - (reexecute) java.util.concurrent.ConcurrentHashMap::get@76
                      ; - java.lang.ClassLoader::getDefinedPackage@13
                      ; - java.net.URLClassLoader::getAndVerifyPackage@2
                      ; - java.net.URLClassLoader::defineClass@46
                      ; - java.net.URLClassLoader$1::run@43
                      ; - java.net.URLClassLoader$1::run@1
                      ; - java.security.AccessController::executePrivileged@29
                      ; - java.security.AccessController::doPrivileged@13
                      ; - java.net.URLClassLoader::findClass@13
  0x000001f915c5d094: 68aa 90ff 

  0x000001f915c5d098: ;   {other}
  0x000001f915c5d098: 0f1f 8400 | 886e 0095 | ba3f 0000 | 0048 8b6c | 2438 4c8b | 5424 304c | 8954 2420 | 4c8b 9424 
  0x000001f915c5d0b8: b000 0000 | 4c89 5424 | 304c 8b54 | 2468 4c89 | 5424 404c | 8b54 2450 | 4c89 5424 | 4844 8b9c 
  0x000001f915c5d0d8: 2488 0000 | 0044 895c | 2450 4c8b | 9424 9000 | 0000 4c89 | 5424 684c | 8b54 2478 | 4c89 5424 
  0x000001f915c5d0f8: 7066 6690 

  0x000001f915c5d0fc: ;   {runtime_call UncommonTrapBlob}
  0x000001f915c5d0fc: c5f8 77e8 

  0x000001f915c5d100: ; ImmutableOopMap {rbp=Oop [32]=Oop [48]=Oop [64]=Oop [80]=NarrowOop [96]=Oop [104]=Oop [112]=Oop [152]=Oop }
                      ;*new {reexecute=0 rethrow=0 return_oop=0}
                      ; - java.util.jar.Manifest::getTrustedAttributes@28
                      ; - java.util.jar.JavaUtilJarAccessImpl::getTrustedAttributes@2
                      ; - java.net.URLClassLoader::isSealed@18
                      ; - java.net.URLClassLoader::getAndVerifyPackage@68
                      ; - java.net.URLClassLoader::defineClass@46
                      ; - java.net.URLClassLoader$1::run@43
                      ; - java.net.URLClassLoader$1::run@1
                      ; - java.security.AccessController::executePrivileged@29
                      ; - java.security.AccessController::doPrivileged@13
                      ; - java.net.URLClassLoader::findClass@13
  0x000001f915c5d100: fca9 90ff 

  0x000001f915c5d104: ;   {other}
  0x000001f915c5d104: 0f1f 8400 | f46e 0096 | baf6 ffff | ff48 8b6c | 2428 4c8b | 5424 304c | 8954 2420 | 4c8b 5424 
  0x000001f915c5d124: 404c 8954 | 2430 4c8b | 5424 684c | 8954 2440 | 4c8b 5424 | 504c 8954 | 2448 4c8b | 9424 8000 
  0x000001f915c5d144: 0000 4c89 | 5424 6090 

  0x000001f915c5d14c: ;   {runtime_call UncommonTrapBlob}
  0x000001f915c5d14c: c5f8 77e8 

  0x000001f915c5d150: ; ImmutableOopMap {rbp=Oop [32]=Oop [48]=Oop [64]=Oop [96]=Oop [136]=NarrowOop [144]=Oop [192]=Oop }
                      ;*invokevirtual compute {reexecute=0 rethrow=0 return_oop=0}
                      ; - java.lang.ClassLoader::definePackage@78
                      ; - java.lang.ClassLoader::getDefinedPackage@32
                      ; - java.net.URLClassLoader::getAndVerifyPackage@2
                      ; - java.net.URLClassLoader::defineClass@46
                      ; - java.net.URLClassLoader$1::run@43
                      ; - java.net.URLClassLoader$1::run@1
                      ; - java.security.AccessController::executePrivileged@29
                      ; - java.security.AccessController::doPrivileged@13
                      ; - java.net.URLClassLoader::findClass@13
  0x000001f915c5d150: aca9 90ff 

  0x000001f915c5d154: ;   {other}
  0x000001f915c5d154: 0f1f 8400 | 446f 0097 | bade ffff | ff48 8b6c | 2428 4c8b | 5424 304c | 8954 2420 | 4c8b 5424 
  0x000001f915c5d174: 404c 8954 | 2430 4c8b | 5424 684c | 8954 2440 | 4c8b 5424 | 504c 8954 | 2448 4889 | 4424 7890 
  0x000001f915c5d194: ;   {runtime_call UncommonTrapBlob}
  0x000001f915c5d194: c5f8 77e8 

  0x000001f915c5d198: ; ImmutableOopMap {rbp=Oop [32]=Oop [48]=Oop [64]=Oop [120]=Oop [128]=Oop [136]=NarrowOop [144]=Oop }
                      ;*checkcast {reexecute=0 rethrow=0 return_oop=0}
                      ; - java.lang.invoke.DirectMethodHandle$Holder::newInvokeSpecial@16
                      ; - java.lang.invoke.Invokers$Holder::linkToTargetMethod@6
                      ; - java.lang.ClassLoader::definePackage@73
                      ; - java.lang.ClassLoader::getDefinedPackage@32
                      ; - java.net.URLClassLoader::getAndVerifyPackage@2
                      ; - java.net.URLClassLoader::defineClass@46
                      ; - java.net.URLClassLoader$1::run@43
                      ; - java.net.URLClassLoader$1::run@1
                      ; - java.security.AccessController::executePrivileged@29
                      ; - java.security.AccessController::doPrivileged@13
                      ; - java.net.URLClassLoader::findClass@13
  0x000001f915c5d198: 64a9 90ff 

  0x000001f915c5d19c: ;   {other}
  0x000001f915c5d19c: 0f1f 8400 | 8c6f 0098 | 33ed eb02 | 8be8 ba45 | ffff ff4c | 8b94 24a8 | 0000 004c | 8954 2420 
  0x000001f915c5d1bc: 4c8b 5424 | 304c 8954 | 2428 4c8b | 9424 b000 | 0000 4c89 | 5424 384c | 8b54 2468 | 4c89 5424 
  0x000001f915c5d1dc: 4844 8b94 | 2488 0000 | 0044 8954 | 2458 4c8b | 9424 9000 | 0000 4c89 | 5424 6044 | 8b94 24b8 
  0x000001f915c5d1fc: 0000 0044 | 8994 24b0 | 0000 0044 | 8984 24b4 | 0000 0090 

  0x000001f915c5d210: ;   {runtime_call UncommonTrapBlob}
  0x000001f915c5d210: c5f8 77e8 

  0x000001f915c5d214: ; ImmutableOopMap {[32]=Oop [40]=Oop [56]=Oop [72]=Oop [88]=NarrowOop [96]=Oop [128]=Oop [176]=NarrowOop [180]=NarrowOop }
                      ;*ifeq {reexecute=1 rethrow=0 return_oop=0}
                      ; - (reexecute) java.util.concurrent.ConcurrentHashMap::get@76
                      ; - java.lang.ClassLoader::definePackage@47
                      ; - java.lang.ClassLoader::getDefinedPackage@32
                      ; - java.net.URLClassLoader::getAndVerifyPackage@2
                      ; - java.net.URLClassLoader::defineClass@46
                      ; - java.net.URLClassLoader$1::run@43
                      ; - java.net.URLClassLoader$1::run@1
                      ; - java.security.AccessController::executePrivileged@29
                      ; - java.security.AccessController::doPrivileged@13
                      ; - java.net.URLClassLoader::findClass@13
  0x000001f915c5d214: e8a8 90ff 

  0x000001f915c5d218: ;   {other}
  0x000001f915c5d218: 0f1f 8400 | 0870 0099 | ba45 ffff | ff48 8b6c | 2448 4c8b | 5424 304c | 8954 2420 | 4c8b 9424 
  0x000001f915c5d238: b000 0000 | 4c89 5424 | 304c 8b54 | 2468 4c89 | 5424 404c | 8b54 2450 | 4c89 5424 | 4844 8b9c 
  0x000001f915c5d258: 2488 0000 | 0044 895c | 2450 4c8b | 9424 9000 | 0000 4c89 | 5424 684c | 8b54 2478 | 4c89 5424 
  0x000001f915c5d278: 7048 8984 | 2490 0000 | 0066 6690 

  0x000001f915c5d284: ;   {runtime_call UncommonTrapBlob}
  0x000001f915c5d284: c5f8 77e8 

  0x000001f915c5d288: ; ImmutableOopMap {rbp=Oop [32]=Oop [48]=Oop [64]=Oop [80]=NarrowOop [96]=Oop [104]=Oop [112]=Oop [144]=Oop }
                      ;*ifnonnull {reexecute=1 rethrow=0 return_oop=0}
                      ; - (reexecute) java.net.URLClassLoader::isSealed@42
                      ; - java.net.URLClassLoader::getAndVerifyPackage@68
                      ; - java.net.URLClassLoader::defineClass@46
                      ; - java.net.URLClassLoader$1::run@43
                      ; - java.net.URLClassLoader$1::run@1
                      ; - java.security.AccessController::executePrivileged@29
                      ; - java.security.AccessController::doPrivileged@13
                      ; - java.net.URLClassLoader::findClass@13
  0x000001f915c5d288: 74a8 90ff 

  0x000001f915c5d28c: ;   {other}
  0x000001f915c5d28c: 0f1f 8400 | 7c70 009a | ba45 ffff | ff4c 8b9c | 24a8 0000 | 004c 895c | 2420 4c8b | 5c24 304c 
  0x000001f915c5d2ac: 895c 2428 | 4c8b 9c24 | b000 0000 | 4c89 5c24 | 384c 8b5c | 2468 4c89 | 5c24 4844 | 8b9c 2488 
  0x000001f915c5d2cc: 0000 0044 | 895c 2458 | 4c8b 9c24 | 9000 0000 | 4c89 5424 | 684c 895c | 2470 4889 | 8c24 9000 
  0x000001f915c5d2ec: 0000 4c89 | 8424 9800 | 0000 6690 

  0x000001f915c5d2f8: ;   {runtime_call UncommonTrapBlob}
  0x000001f915c5d2f8: c5f8 77e8 

  0x000001f915c5d2fc: ; ImmutableOopMap {[32]=Oop [40]=Oop [56]=Oop [72]=Oop [88]=NarrowOop [104]=Oop [112]=Oop [120]=Oop [144]=Oop [152]=Oop }
                      ;*ifeq {reexecute=1 rethrow=0 return_oop=0}
                      ; - (reexecute) java.util.LinkedHashMap::get@16
                      ; - java.util.jar.Attributes::get@5
                      ; - java.util.jar.Attributes::getValue@2
                      ; - java.net.URLClassLoader::isSealed@58
                      ; - java.net.URLClassLoader::getAndVerifyPackage@68
                      ; - java.net.URLClassLoader::defineClass@46
                      ; - java.net.URLClassLoader$1::run@43
                      ; - java.net.URLClassLoader$1::run@1
                      ; - java.security.AccessController::executePrivileged@29
                      ; - java.security.AccessController::doPrivileged@13
                      ; - java.net.URLClassLoader::findClass@13
  0x000001f915c5d2fc: 00a8 90ff 

  0x000001f915c5d300: ;   {other}
  0x000001f915c5d300: 0f1f 8400 | f070 009b | ba45 ffff | ff4c 8b9c | 24a8 0000 | 004c 895c | 2420 4c8b | 5c24 304c 
  0x000001f915c5d320: 895c 2428 | 4c8b 9c24 | b000 0000 | 4c89 5c24 | 384c 8b5c | 2468 4c89 | 5c24 4844 | 89ac 24b0 
  0x000001f915c5d340: 0000 0044 | 898c 24b4 | 0000 0044 | 8994 24b8 | 0000 0090 

  0x000001f915c5d354: ;   {runtime_call UncommonTrapBlob}
  0x000001f915c5d354: c5f8 77e8 

  0x000001f915c5d358: ; ImmutableOopMap {[32]=Oop [40]=Oop [56]=Oop [72]=Oop [88]=NarrowOop [96]=Oop [128]=Oop [176]=NarrowOop }
                      ;*if_icmpne {reexecute=1 rethrow=0 return_oop=0}
                      ; - (reexecute) java.lang.String::equals@33
                      ; - java.util.concurrent.ConcurrentHashMap::get@73
                      ; - java.lang.ClassLoader::getDefinedPackage@13
                      ; - java.net.URLClassLoader::getAndVerifyPackage@2
                      ; - java.net.URLClassLoader::defineClass@46
                      ; - java.net.URLClassLoader$1::run@43
                      ; - java.net.URLClassLoader$1::run@1
                      ; - java.security.AccessController::executePrivileged@29
                      ; - java.security.AccessController::doPrivileged@13
                      ; - java.net.URLClassLoader::findClass@13
  0x000001f915c5d358: a4a7 90ff 

  0x000001f915c5d35c: ;   {other}
  0x000001f915c5d35c: 0f1f 8400 | 4c71 009c | ba45 ffff | ff4c 8b94 | 24a8 0000 | 004c 8954 | 2420 4c8b | 5424 304c 
  0x000001f915c5d37c: 8954 2428 | 4c8b 9424 | b000 0000 | 4c89 5424 | 384c 8b54 | 2468 4c89 | 5424 4844 | 8984 24b0 
  0x000001f915c5d39c: 0000 0090 

  0x000001f915c5d3a0: ;   {runtime_call UncommonTrapBlob}
  0x000001f915c5d3a0: c5f8 77e8 

  0x000001f915c5d3a4: ; ImmutableOopMap {[32]=Oop [40]=Oop [56]=Oop [72]=Oop [88]=NarrowOop [96]=Oop [128]=Oop [176]=NarrowOop }
                      ;*ifge {reexecute=1 rethrow=0 return_oop=0}
                      ; - (reexecute) java.util.concurrent.ConcurrentHashMap::get@86
                      ; - java.lang.ClassLoader::getDefinedPackage@13
                      ; - java.net.URLClassLoader::getAndVerifyPackage@2
                      ; - java.net.URLClassLoader::defineClass@46
                      ; - java.net.URLClassLoader$1::run@43
                      ; - java.net.URLClassLoader$1::run@1
                      ; - java.security.AccessController::executePrivileged@29
                      ; - java.security.AccessController::doPrivileged@13
                      ; - java.net.URLClassLoader::findClass@13
  0x000001f915c5d3a4: 58a7 90ff 

  0x000001f915c5d3a8: ;   {other}
  0x000001f915c5d3a8: 0f1f 8400 | 9871 009d | 33ed 4585 | d240 0f94 | c5ba 45ff | ffff 4c8b | 9424 a800 | 0000 4c89 
  0x000001f915c5d3c8: 5424 204c | 8b54 2430 | 4c89 5424 | 284c 8b54 | 2468 4c89 | 5424 484c | 8944 2470 | 4c89 8c24 
  0x000001f915c5d3e8: 8000 0000 | 4c89 8424 | 8800 0000 | 4489 9c24 | b800 0000 

  0x000001f915c5d3fc: ;   {runtime_call UncommonTrapBlob}
  0x000001f915c5d3fc: c5f8 77e8 

  0x000001f915c5d400: ; ImmutableOopMap {[32]=Oop [40]=Oop [72]=Oop [88]=NarrowOop [112]=Oop [128]=Oop [136]=Oop [160]=Oop [184]=NarrowOop }
                      ;*ifeq {reexecute=1 rethrow=0 return_oop=0}
                      ; - (reexecute) java.lang.String::hashCode@20
                      ; - java.util.concurrent.ConcurrentHashMap::get@1
                      ; - java.lang.ClassLoader::getDefinedPackage@13
                      ; - java.net.URLClassLoader::getAndVerifyPackage@2
                      ; - java.net.URLClassLoader::defineClass@46
                      ; - java.net.URLClassLoader$1::run@43
                      ; - java.net.URLClassLoader$1::run@1
                      ; - java.security.AccessController::executePrivileged@29
                      ; - java.security.AccessController::doPrivileged@13
                      ; - java.net.URLClassLoader::findClass@13
  0x000001f915c5d400: fca6 90ff 

  0x000001f915c5d404: ;   {other}
  0x000001f915c5d404: 0f1f 8400 | f471 009e | ba45 ffff | ff4c 8b94 | 24a8 0000 | 004c 8954 | 2420 4c8b | 5424 304c 
  0x000001f915c5d424: 8954 2428 | 4c8b 9424 | b000 0000 | 4c89 5424 | 384c 8b54 | 2468 4c89 | 5424 4844 | 8b94 2488 
  0x000001f915c5d444: 0000 0044 | 8954 2458 | 4c89 5c24 | 6044 8b94 | 24b8 0000 | 0044 8994 | 24b0 0000 | 0044 8984 
  0x000001f915c5d464: 24b4 0000 | 0044 8b9c | 24bc 0000 | 0044 899c | 24b8 0000 | 0044 898c | 24bc 0000 | 0066 6690 
  0x000001f915c5d484: ;   {runtime_call UncommonTrapBlob}
  0x000001f915c5d484: c5f8 77e8 

  0x000001f915c5d488: ; ImmutableOopMap {[32]=Oop [40]=Oop [56]=Oop [72]=Oop [88]=NarrowOop [96]=Oop [128]=Oop [176]=NarrowOop [180]=NarrowOop }
                      ;*if_icmpne {reexecute=1 rethrow=0 return_oop=0}
                      ; - (reexecute) java.lang.String::equals@33
                      ; - java.util.concurrent.ConcurrentHashMap::get@73
                      ; - java.lang.ClassLoader::definePackage@47
                      ; - java.lang.ClassLoader::getDefinedPackage@32
                      ; - java.net.URLClassLoader::getAndVerifyPackage@2
                      ; - java.net.URLClassLoader::defineClass@46
                      ; - java.net.URLClassLoader$1::run@43
                      ; - java.net.URLClassLoader$1::run@1
                      ; - java.security.AccessController::executePrivileged@29
                      ; - java.security.AccessController::doPrivileged@13
                      ; - java.net.URLClassLoader::findClass@13
  0x000001f915c5d488: 74a6 90ff 

  0x000001f915c5d48c: ;   {other}
  0x000001f915c5d48c: 0f1f 8400 | 7c72 009f | ba45 ffff | ff4c 8b94 | 24a8 0000 | 004c 8954 | 2420 4c8b | 5424 304c 
  0x000001f915c5d4ac: 8954 2428 | 4c8b 9424 | b000 0000 | 4c89 5424 | 384c 8b54 | 2468 4c89 | 5424 4844 | 8b94 2488 
  0x000001f915c5d4cc: 0000 0044 | 8954 2458 | 4c8b 9424 | 9000 0000 | 4c89 5424 | 6044 8b94 | 24b8 0000 | 0044 8994 
  0x000001f915c5d4ec: 24b0 0000 | 0044 8984 | 24b4 0000 | 0066 6690 

  0x000001f915c5d4fc: ;   {runtime_call UncommonTrapBlob}
  0x000001f915c5d4fc: c5f8 77e8 

  0x000001f915c5d500: ; ImmutableOopMap {[32]=Oop [40]=Oop [56]=Oop [72]=Oop [88]=NarrowOop [96]=Oop [128]=Oop [176]=NarrowOop [180]=NarrowOop }
                      ;*ifge {reexecute=1 rethrow=0 return_oop=0}
                      ; - (reexecute) java.util.concurrent.ConcurrentHashMap::get@86
                      ; - java.lang.ClassLoader::definePackage@47
                      ; - java.lang.ClassLoader::getDefinedPackage@32
                      ; - java.net.URLClassLoader::getAndVerifyPackage@2
                      ; - java.net.URLClassLoader::defineClass@46
                      ; - java.net.URLClassLoader$1::run@43
                      ; - java.net.URLClassLoader$1::run@1
                      ; - java.security.AccessController::executePrivileged@29
                      ; - java.security.AccessController::doPrivileged@13
                      ; - java.net.URLClassLoader::findClass@13
  0x000001f915c5d500: fca5 90ff 

  0x000001f915c5d504: ;   {other}
  0x000001f915c5d504: 0f1f 8400 | f472 00a0 | ba45 ffff | ff48 8bac | 24a8 0000 | 004c 8b44 | 2430 4c89 | 4424 204c 
  0x000001f915c5d524: 8b84 24b0 | 0000 004c | 8944 2430 | 4c8b 4424 | 684c 8944 | 2440 4c8b | 4424 504c | 8944 2448 
  0x000001f915c5d544: 448b 8424 | 8800 0000 | 4489 4424 | 504c 8b84 | 2490 0000 | 004c 8944 | 2468 4c8b | 4424 784c 
  0x000001f915c5d564: 8944 2470 | 4c89 5424 | 784c 8994 | 2480 0000 | 0048 898c | 24a0 0000 | 0044 894c | 2454 4489 
  0x000001f915c5d584: 9c24 a800 | 0000 6690 

  0x000001f915c5d58c: ;   {runtime_call UncommonTrapBlob}
  0x000001f915c5d58c: c5f8 77e8 

  0x000001f915c5d590: ; ImmutableOopMap {rbp=Oop [32]=Oop [48]=Oop [64]=Oop [80]=NarrowOop [84]=NarrowOop [104]=Oop [112]=Oop [120]=Oop [128]=Oop [160]=Oop }
                      ;*ifeq {reexecute=1 rethrow=0 return_oop=0}
                      ; - (reexecute) java.util.HashMap::getNode@85
                      ; - java.util.HashMap::get@2
                      ; - java.util.jar.Manifest::getAttributes@5
                      ; - java.util.jar.Manifest::getTrustedAttributes@2
                      ; - java.util.jar.JavaUtilJarAccessImpl::getTrustedAttributes@2
                      ; - java.net.URLClassLoader::isSealed@18
                      ; - java.net.URLClassLoader::getAndVerifyPackage@68
                      ; - java.net.URLClassLoader::defineClass@46
                      ; - java.net.URLClassLoader$1::run@43
                      ; - java.net.URLClassLoader$1::run@1
                      ; - java.security.AccessController::executePrivileged@29
                      ; - java.security.AccessController::doPrivileged@13
                      ; - java.net.URLClassLoader::findClass@13
  0x000001f915c5d590: 6ca5 90ff 

  0x000001f915c5d594: ;   {other}
  0x000001f915c5d594: 0f1f 8400 | 8473 00a1 | ba45 ffff | ff4c 8b84 | 24a8 0000 | 0049 8be8 | 4c8b 4424 | 304c 8944 
  0x000001f915c5d5b4: 2420 4c8b | 8424 b000 | 0000 4c89 | 4424 304c | 8b44 2468 | 4c89 4424 | 404c 8b44 | 2450 4c89 
  0x000001f915c5d5d4: 4424 4844 | 8b84 2488 | 0000 0044 | 8944 2450 | 4c8b 8424 | 9000 0000 | 4c89 5424 | 604c 8944 
  0x000001f915c5d5f4: 2468 4c8b | 5424 784c | 8954 2470 | 4889 8c24 | 8800 0000 | 4489 4c24 | 5444 899c | 2490 0000 
  0x000001f915c5d614: 0066 6690 

  0x000001f915c5d618: ;   {runtime_call UncommonTrapBlob}
  0x000001f915c5d618: c5f8 77e8 

  0x000001f915c5d61c: ; ImmutableOopMap {rbp=Oop [32]=Oop [48]=Oop [64]=Oop [80]=NarrowOop [84]=NarrowOop [96]=Oop [104]=Oop [112]=Oop [136]=Oop }
                      ;*ifeq {reexecute=1 rethrow=0 return_oop=0}
                      ; - (reexecute) java.util.HashMap::getNode@85
                      ; - java.util.LinkedHashMap::get@2
                      ; - java.util.jar.Attributes::get@5
                      ; - java.util.jar.Attributes::getValue@2
                      ; - java.net.URLClassLoader::isSealed@58
                      ; - java.net.URLClassLoader::getAndVerifyPackage@68
                      ; - java.net.URLClassLoader::defineClass@46
                      ; - java.net.URLClassLoader$1::run@43
                      ; - java.net.URLClassLoader$1::run@1
                      ; - java.security.AccessController::executePrivileged@29
                      ; - java.security.AccessController::doPrivileged@13
                      ; - java.net.URLClassLoader::findClass@13
  0x000001f915c5d61c: e0a4 90ff 

  0x000001f915c5d620: ;   {other}
  0x000001f915c5d620: 0f1f 8400 | 1074 00a2 | bade ffff | ff4c 8b54 | 2430 4c89 | 5424 204c | 8b54 2438 | 4c89 5424 
  0x000001f915c5d640: 304c 8b54 | 2450 4c89 | 5424 4844 | 8b54 2458 | 4489 5424 | 5066 6690 

  0x000001f915c5d658: ;   {runtime_call UncommonTrapBlob}
  0x000001f915c5d658: c5f8 77e8 

  0x000001f915c5d65c: ; ImmutableOopMap {rbp=Oop [32]=Oop [40]=Oop [48]=Oop [80]=NarrowOop [112]=Oop [120]=Oop [128]=Oop [136]=Oop [160]=Oop }
                      ;*invokevirtual getName {reexecute=0 rethrow=0 return_oop=0}
                      ; - java.util.jar.JarFile::getManifestFromReference@74
                      ; - java.util.jar.JarFile::getManifest@1
                      ; - jdk.internal.loader.URLClassPath$JarLoader$2::getManifest@22
                      ; - java.net.URLClassLoader::defineClass@34
                      ; - java.net.URLClassLoader$1::run@43
                      ; - java.net.URLClassLoader$1::run@1
                      ; - java.security.AccessController::executePrivileged@29
                      ; - java.security.AccessController::doPrivileged@13
                      ; - java.net.URLClassLoader::findClass@13
  0x000001f915c5d65c: a0a4 90ff 

  0x000001f915c5d660: ;   {other}
  0x000001f915c5d660: 0f1f 8400 | 5074 00a3 | ba0f 0000 | 004c 8b54 | 2428 4c89 | 5424 204c | 8b54 2430 | 4c89 5424 
  0x000001f915c5d680: 284c 8b54 | 2438 4c89 | 5424 304c | 8b94 24b0 | 0000 004c | 8954 2438 | 4c8b 9424 | a000 0000 
  0x000001f915c5d6a0: 4c89 5424 | 6066 6690 

  0x000001f915c5d6a8: ;   {runtime_call UncommonTrapBlob}
  0x000001f915c5d6a8: c5f8 77e8 

  0x000001f915c5d6ac: ; ImmutableOopMap {rbp=Oop [32]=Oop [40]=Oop [48]=Oop [56]=Oop [88]=NarrowOop [96]=Oop [120]=Oop [128]=Oop [136]=Oop }
                      ;*new {reexecute=0 rethrow=0 return_oop=0}
                      ; - java.util.Hashtable::<init>@53
                      ; - java.util.Hashtable::<init>@5
                      ; - java.util.jar.JarVerifier::<init>@39
                      ; - java.util.jar.JarFile::getManifestFromReference@78
                      ; - java.util.jar.JarFile::getManifest@1
                      ; - jdk.internal.loader.URLClassPath$JarLoader$2::getManifest@22
                      ; - java.net.URLClassLoader::defineClass@34
                      ; - java.net.URLClassLoader$1::run@43
                      ; - java.net.URLClassLoader$1::run@1
                      ; - java.security.AccessController::executePrivileged@29
                      ; - java.security.AccessController::doPrivileged@13
                      ; - java.net.URLClassLoader::findClass@13
  0x000001f915c5d6ac: 50a4 90ff 

  0x000001f915c5d6b0: ;   {other}
  0x000001f915c5d6b0: 0f1f 8400 | a074 00a4 | ba0f 0000 | 004c 8b54 | 2428 4c89 | 5424 204c | 8b54 2430 | 4c89 5424 
  0x000001f915c5d6d0: 284c 8b54 | 2438 4c89 | 5424 304c | 8b94 24b0 | 0000 004c | 8954 2438 | 4c8b 9424 | a000 0000 
  0x000001f915c5d6f0: 4c89 5424 | 6066 6690 

  0x000001f915c5d6f8: ;   {runtime_call UncommonTrapBlob}
  0x000001f915c5d6f8: c5f8 77e8 

  0x000001f915c5d6fc: ; ImmutableOopMap {rbp=Oop [32]=Oop [40]=Oop [48]=Oop [56]=Oop [88]=NarrowOop [96]=Oop [120]=Oop [128]=Oop [136]=Oop }
                      ;*new {reexecute=0 rethrow=0 return_oop=0}
                      ; - java.util.Hashtable::<init>@53
                      ; - java.util.Hashtable::<init>@5
                      ; - java.util.jar.JarVerifier::<init>@50
                      ; - java.util.jar.JarFile::getManifestFromReference@78
                      ; - java.util.jar.JarFile::getManifest@1
                      ; - jdk.internal.loader.URLClassPath$JarLoader$2::getManifest@22
                      ; - java.net.URLClassLoader::defineClass@34
                      ; - java.net.URLClassLoader$1::run@43
                      ; - java.net.URLClassLoader$1::run@1
                      ; - java.security.AccessController::executePrivileged@29
                      ; - java.security.AccessController::doPrivileged@13
                      ; - java.net.URLClassLoader::findClass@13
  0x000001f915c5d6fc: 00a4 90ff 

  0x000001f915c5d700: ;   {other}
  0x000001f915c5d700: 0f1f 8400 | f074 00a5 | ba0f 0000 | 004c 8b54 | 2428 4c89 | 5424 204c | 8b54 2430 | 4c89 5424 
  0x000001f915c5d720: 284c 8b54 | 2438 4c89 | 5424 304c | 8b94 24b0 | 0000 004c | 8954 2438 | 4c8b 9424 | a000 0000 
  0x000001f915c5d740: 4c89 5424 | 6066 6690 

  0x000001f915c5d748: ;   {runtime_call UncommonTrapBlob}
  0x000001f915c5d748: c5f8 77e8 

  0x000001f915c5d74c: ; ImmutableOopMap {rbp=Oop [32]=Oop [40]=Oop [48]=Oop [56]=Oop [88]=NarrowOop [96]=Oop [120]=Oop [128]=Oop [136]=Oop }
                      ;*new {reexecute=0 rethrow=0 return_oop=0}
                      ; - java.util.Hashtable::<init>@53
                      ; - java.util.Hashtable::<init>@4
                      ; - java.util.jar.JarVerifier::<init>@63
                      ; - java.util.jar.JarFile::getManifestFromReference@78
                      ; - java.util.jar.JarFile::getManifest@1
                      ; - jdk.internal.loader.URLClassPath$JarLoader$2::getManifest@22
                      ; - java.net.URLClassLoader::defineClass@34
                      ; - java.net.URLClassLoader$1::run@43
                      ; - java.net.URLClassLoader$1::run@1
                      ; - java.security.AccessController::executePrivileged@29
                      ; - java.security.AccessController::doPrivileged@13
                      ; - java.net.URLClassLoader::findClass@13
  0x000001f915c5d74c: b0a3 90ff 

  0x000001f915c5d750: ;   {other}
  0x000001f915c5d750: 0f1f 8400 | 4075 00a6 | 33ed 4585 | db40 0f94 | c5ba 45ff | ffff 4c8b | 9424 a800 | 0000 4c89 
  0x000001f915c5d770: 5424 204c | 8b54 2430 | 4c89 5424 | 284c 8b94 | 24b0 0000 | 004c 8954 | 2438 4c8b | 5424 684c 
  0x000001f915c5d790: 8954 2448 | 448b 9424 | 8800 0000 | 4489 5424 | 5866 6690 

  0x000001f915c5d7a4: ;   {runtime_call UncommonTrapBlob}
  0x000001f915c5d7a4: c5f8 77e8 

  0x000001f915c5d7a8: ; ImmutableOopMap {[32]=Oop [40]=Oop [56]=Oop [72]=Oop [88]=NarrowOop [128]=Oop [152]=Oop [184]=NarrowOop [188]=NarrowOop }
                      ;*ifeq {reexecute=1 rethrow=0 return_oop=0}
                      ; - (reexecute) java.lang.String::hashCode@20
                      ; - java.util.concurrent.ConcurrentHashMap::get@1
                      ; - java.lang.ClassLoader::definePackage@47
                      ; - java.lang.ClassLoader::getDefinedPackage@32
                      ; - java.net.URLClassLoader::getAndVerifyPackage@2
                      ; - java.net.URLClassLoader::defineClass@46
                      ; - java.net.URLClassLoader$1::run@43
                      ; - java.net.URLClassLoader$1::run@1
                      ; - java.security.AccessController::executePrivileged@29
                      ; - java.security.AccessController::doPrivileged@13
                      ; - java.net.URLClassLoader::findClass@13
  0x000001f915c5d7a8: 54a3 90ff 

  0x000001f915c5d7ac: ;   {other}
  0x000001f915c5d7ac: 0f1f 8400 | 9c75 00a7 | 33ed 4585 | c940 0f94 | c5ba 45ff | ffff 4c8b | 8c24 a800 | 0000 4c89 
  0x000001f915c5d7cc: 4c24 204c | 8b4c 2430 | 4c89 4c24 | 284c 8b8c | 24b0 0000 | 004c 894c | 2438 4c8b | 4c24 684c 
  0x000001f915c5d7ec: 894c 2448 | 8b9c 2488 | 0000 0089 | 5c24 584c | 8b8c 2490 | 0000 004c | 894c 2470 | 4889 8424 
  0x000001f915c5d80c: a800 0000 | 4489 5c24 | 5c44 8984 | 24b0 0000 | 0048 8984 | 24b8 0000 | 0066 6690 

  0x000001f915c5d828: ;   {runtime_call UncommonTrapBlob}
  0x000001f915c5d828: c5f8 77e8 

  0x000001f915c5d82c: ; ImmutableOopMap {[32]=Oop [40]=Oop [56]=Oop [72]=Oop [88]=NarrowOop [92]=NarrowOop [112]=Oop [120]=Oop [128]=Oop [168]=Oop [184]=Oop }
                      ;*ifeq {reexecute=1 rethrow=0 return_oop=0}
                      ; - (reexecute) java.lang.String::hashCode@20
                      ; - java.util.HashMap::hash@9
                      ; - java.util.HashMap::getNode@23
                      ; - java.util.HashMap::get@2
                      ; - java.util.jar.Manifest::getAttributes@5
                      ; - java.util.jar.Manifest::getTrustedAttributes@2
                      ; - java.util.jar.JavaUtilJarAccessImpl::getTrustedAttributes@2
                      ; - java.net.URLClassLoader::isSealed@18
                      ; - java.net.URLClassLoader::getAndVerifyPackage@68
                      ; - java.net.URLClassLoader::defineClass@46
                      ; - java.net.URLClassLoader$1::run@43
                      ; - java.net.URLClassLoader$1::run@1
                      ; - java.security.AccessController::executePrivileged@29
                      ; - java.security.AccessController::doPrivileged@13
                      ; - java.net.URLClassLoader::findClass@13
  0x000001f915c5d82c: d0a2 90ff 

  0x000001f915c5d830: ;   {other}
  0x000001f915c5d830: 0f1f 8400 | 2076 00a8 | ba45 ffff | ff4c 8b94 | 24a8 0000 | 004c 8954 | 2420 4c8b | 5424 304c 
  0x000001f915c5d850: 8954 2428 | 4c8b 9424 | b000 0000 | 4c89 5424 | 384c 8b54 | 2468 4c89 | 5424 4844 | 8b94 2488 
  0x000001f915c5d870: 0000 0044 | 8954 2458 

  0x000001f915c5d878: ;   {runtime_call UncommonTrapBlob}
  0x000001f915c5d878: c5f8 77e8 

  0x000001f915c5d87c: ; ImmutableOopMap {rbp=NarrowOop [32]=Oop [40]=Oop [56]=Oop [72]=Oop [88]=NarrowOop [96]=Oop [128]=Oop [208]=Oop }
                      ;*ifnull {reexecute=1 rethrow=0 return_oop=0}
                      ; - (reexecute) java.util.concurrent.ConcurrentHashMap::get@143
                      ; - java.lang.ClassLoader::getDefinedPackage@13
                      ; - java.net.URLClassLoader::getAndVerifyPackage@2
                      ; - java.net.URLClassLoader::defineClass@46
                      ; - java.net.URLClassLoader$1::run@43
                      ; - java.net.URLClassLoader$1::run@1
                      ; - java.security.AccessController::executePrivileged@29
                      ; - java.security.AccessController::doPrivileged@13
                      ; - java.net.URLClassLoader::findClass@13
  0x000001f915c5d87c: 80a2 90ff 

  0x000001f915c5d880: ;   {other}
  0x000001f915c5d880: 0f1f 8400 | 7076 00a9 | 498b d7c5 | f877 49ba | 20a4 af15 | fb7f 0000 

  0x000001f915c5d898: ;   {other}
  0x000001f915c5d898: 41ff d20f | 1f84 0000 | 0000 00e9 | 37cc ffff | 498b d7c5 | f877 49ba | 20a4 af15 | fb7f 0000 
  0x000001f915c5d8b8: ;   {other}
  0x000001f915c5d8b8: 41ff d20f | 1f84 0000 | 0000 00e9 | 6acc ffff | bade ffff | ff4c 8b54 | 2430 4c89 | 5424 204c 
  0x000001f915c5d8d8: 8b54 2438 | 4c89 5424 | 284c 8b54 | 2440 4c89 | 5424 304c | 8b54 2450 | 4c89 5424 | 4844 8b54 
  0x000001f915c5d8f8: 2458 4489 | 5424 504c | 8b54 2478 | 4c89 5424 | 704c 895c | 2478 4c89 | 8424 8000 | 0000 6690 
  0x000001f915c5d918: ;   {runtime_call UncommonTrapBlob}
  0x000001f915c5d918: c5f8 77e8 

  0x000001f915c5d91c: ; ImmutableOopMap {rbp=Oop [32]=Oop [40]=Oop [48]=Oop [80]=NarrowOop [112]=Oop [120]=Oop [128]=Oop [160]=Oop }
                      ;*invokevirtual close {reexecute=0 rethrow=0 return_oop=0}
                      ; - java.util.jar.JarFile::getManifestFromReference@152
                      ; - java.util.jar.JarFile::getManifest@1
                      ; - jdk.internal.loader.URLClassPath$JarLoader$2::getManifest@22
                      ; - java.net.URLClassLoader::defineClass@34
                      ; - java.net.URLClassLoader$1::run@43
                      ; - java.net.URLClassLoader$1::run@1
                      ; - java.security.AccessController::executePrivileged@29
                      ; - java.security.AccessController::doPrivileged@13
                      ; - java.net.URLClassLoader::findClass@13
  0x000001f915c5d91c: e0a1 90ff 

  0x000001f915c5d920: ;   {other}
  0x000001f915c5d920: 0f1f 8400 | 1077 00aa | ba45 ffff | ff4c 8b94 | 24a8 0000 | 004c 8954 | 2420 4c8b | 5424 304c 
  0x000001f915c5d940: 8954 2428 | 4c8b 9424 | b000 0000 | 4c89 5424 | 384c 8b54 | 2468 4c89 | 5424 4844 | 8b9c 2488 
  0x000001f915c5d960: 0000 004c | 8b94 2490 | 0000 004c | 8954 2460 | 458b d344 | 8954 245c 

  0x000001f915c5d978: ;   {runtime_call UncommonTrapBlob}
  0x000001f915c5d978: c5f8 77e8 

  0x000001f915c5d97c: ; ImmutableOopMap {rbp=NarrowOop [32]=Oop [40]=Oop [56]=Oop [72]=Oop [92]=NarrowOop [96]=Oop [128]=Oop [184]=NarrowOop [208]=Oop }
                      ;*ifnull {reexecute=1 rethrow=0 return_oop=0}
                      ; - (reexecute) java.util.concurrent.ConcurrentHashMap::get@143
                      ; - java.lang.ClassLoader::definePackage@47
                      ; - java.lang.ClassLoader::getDefinedPackage@32
                      ; - java.net.URLClassLoader::getAndVerifyPackage@2
                      ; - java.net.URLClassLoader::defineClass@46
                      ; - java.net.URLClassLoader$1::run@43
                      ; - java.net.URLClassLoader$1::run@1
                      ; - java.security.AccessController::executePrivileged@29
                      ; - java.security.AccessController::doPrivileged@13
                      ; - java.net.URLClassLoader::findClass@13
  0x000001f915c5d97c: 80a1 90ff 

  0x000001f915c5d980: ;   {other}
  0x000001f915c5d980: 0f1f 8400 | 7077 00ab | ba45 ffff | ff4c 8b94 | 24a8 0000 | 004c 8954 | 2420 4c8b | 5424 304c 
  0x000001f915c5d9a0: 8954 2428 | 4c8b 5424 | 684c 8954 | 2430 6690 

  0x000001f915c5d9b0: ;   {runtime_call UncommonTrapBlob}
  0x000001f915c5d9b0: c5f8 77e8 

  0x000001f915c5d9b4: ; ImmutableOopMap {[32]=Oop [40]=Oop [48]=Oop [56]=Oop [88]=NarrowOop [120]=Oop [128]=Oop [160]=Oop }
                      ;*ifne {reexecute=1 rethrow=0 return_oop=0}
                      ; - (reexecute) java.util.jar.JarFile::getManifestFromReference@52
                      ; - java.util.jar.JarFile::getManifest@1
                      ; - jdk.internal.loader.URLClassPath$JarLoader$2::getManifest@22
                      ; - java.net.URLClassLoader::defineClass@34
                      ; - java.net.URLClassLoader$1::run@43
                      ; - java.net.URLClassLoader$1::run@1
                      ; - java.security.AccessController::executePrivileged@29
                      ; - java.security.AccessController::doPrivileged@13
                      ; - java.net.URLClassLoader::findClass@13
  0x000001f915c5d9b4: 48a1 90ff 

  0x000001f915c5d9b8: ;   {other}
  0x000001f915c5d9b8: 0f1f 8400 | a877 00ac | ba45 ffff | ff4c 8b5c | 2430 4c89 | 5c24 204c | 8b5c 2438 | 4c89 5c24 
  0x000001f915c5d9d8: 304c 8b5c | 2450 4c89 | 5c24 4844 | 8b44 2458 | 4489 4424 | 504c 8b5c | 2478 4c89 | 5c24 7089 
  0x000001f915c5d9f8: 4424 5490 

  0x000001f915c5d9fc: ;   {runtime_call UncommonTrapBlob}
  0x000001f915c5d9fc: c5f8 77e8 

  0x000001f915c5da00: ; ImmutableOopMap {rbp=Oop [32]=Oop [40]=Oop [48]=Oop [80]=NarrowOop [112]=Oop [128]=Oop [160]=Oop }
                      ;*if_icmpne {reexecute=1 rethrow=0 return_oop=0}
                      ; - (reexecute) java.util.jar.JarFile::getManifestFromReference@65
                      ; - java.util.jar.JarFile::getManifest@1
                      ; - jdk.internal.loader.URLClassPath$JarLoader$2::getManifest@22
                      ; - java.net.URLClassLoader::defineClass@34
                      ; - java.net.URLClassLoader$1::run@43
                      ; - java.net.URLClassLoader$1::run@1
                      ; - java.security.AccessController::executePrivileged@29
                      ; - java.security.AccessController::doPrivileged@13
                      ; - java.net.URLClassLoader::findClass@13
  0x000001f915c5da00: fca0 90ff 

  0x000001f915c5da04: ;   {other}
  0x000001f915c5da04: 0f1f 8400 | f477 00ad | 498b d7c5 | f877 49ba | 20a4 af15 | fb7f 0000 

  0x000001f915c5da1c: ;   {other}
  0x000001f915c5da1c: 41ff d20f | 1f84 0000 | 0000 00e9 | 77be ffff | 498b d7c5 | f877 49ba | 20a4 af15 | fb7f 0000 
  0x000001f915c5da3c: ;   {other}
  0x000001f915c5da3c: 41ff d20f | 1f84 0000 | 0000 00e9 | aebf ffff | 498b d7c5 | f877 49ba | 20a4 af15 | fb7f 0000 
  0x000001f915c5da5c: ;   {other}
  0x000001f915c5da5c: 41ff d20f | 1f84 0000 | 0000 00e9 | d7bf ffff | 498b d7c5 | f877 49ba | 20a4 af15 | fb7f 0000 
  0x000001f915c5da7c: ;   {other}
  0x000001f915c5da7c: 41ff d20f | 1f84 0000 | 0000 00e9 | fec0 ffff | 498b d7c5 | f877 49ba | 20a4 af15 | fb7f 0000 
  0x000001f915c5da9c: ;   {other}
  0x000001f915c5da9c: 41ff d20f | 1f84 0000 | 0000 00e9 | 27c1 ffff | 498b d7c5 | f877 49ba | 20a4 af15 | fb7f 0000 
  0x000001f915c5dabc: ;   {other}
  0x000001f915c5dabc: 41ff d20f | 1f84 0000 | 0000 00e9 | d3c5 ffff | 498b d7c5 | f877 49ba | 20a4 af15 | fb7f 0000 
  0x000001f915c5dadc: ;   {other}
  0x000001f915c5dadc: 41ff d20f | 1f84 0000 | 0000 00e9 | 02c6 ffff | 498b d7c5 | f877 49ba | 20a4 af15 | fb7f 0000 
  0x000001f915c5dafc: ;   {other}
  0x000001f915c5dafc: 41ff d20f | 1f84 0000 | 0000 00e9 | e0c4 ffff | 498b d7c5 | f877 49ba | 20a4 af15 | fb7f 0000 
  0x000001f915c5db1c: ;   {other}
  0x000001f915c5db1c: 41ff d20f | 1f84 0000 | 0000 00e9 | 2cc4 ffff | 498b d7c5 | f877 49ba | 20a4 af15 | fb7f 0000 
  0x000001f915c5db3c: ;   {other}
  0x000001f915c5db3c: 41ff d20f | 1f84 0000 | 0000 00e9 | c9c2 ffff | 498b d7c5 | f877 49ba | 20a4 af15 | fb7f 0000 
  0x000001f915c5db5c: ;   {other}
  0x000001f915c5db5c: 41ff d20f | 1f84 0000 | 0000 00e9 | aec1 ffff | 498b d7c5 | f877 49ba | 20a4 af15 | fb7f 0000 
  0x000001f915c5db7c: ;   {other}
  0x000001f915c5db7c: 41ff d20f | 1f84 0000 | 0000 00e9 | eec1 ffff | 498b d7c5 | f877 49ba | 20a4 af15 | fb7f 0000 
  0x000001f915c5db9c: ;   {other}
  0x000001f915c5db9c: 41ff d20f | 1f84 0000 | 0000 00e9 | f5c7 ffff | 498b d7c5 | f877 49ba | 20a4 af15 | fb7f 0000 
  0x000001f915c5dbbc: ;   {other}
  0x000001f915c5dbbc: 41ff d20f | 1f84 0000 | 0000 00e9 | 2ac7 ffff | 498b d7c5 | f877 49ba | 20a4 af15 | fb7f 0000 
  0x000001f915c5dbdc: ;   {other}
  0x000001f915c5dbdc: 41ff d20f | 1f84 0000 | 0000 00e9 | aec6 ffff | 498b d7c5 | f877 49ba | 20a4 af15 | fb7f 0000 
  0x000001f915c5dbfc: ;   {other}
  0x000001f915c5dbfc: 41ff d20f | 1f84 0000 | 0000 00e9 | 13c8 ffff 

  0x000001f915c5dc0c: ;   {metadata('java/lang/String')}
  0x000001f915c5dc0c: 48ba 78e8 | 0033 f901 | 0000 488b | 6c24 384c | 8b94 24a8 | 0000 004c | 8954 2438 

  0x000001f915c5dc28: ;   {runtime_call _new_instance_Java}
  0x000001f915c5dc28: c5f8 77e8 

  0x000001f915c5dc2c: ; ImmutableOopMap {rbp=Oop [32]=Oop [48]=Oop [56]=Oop [104]=Oop [120]=Oop [128]=Oop [136]=NarrowOop [144]=Oop [168]=Oop [176]=Oop [184]=NarrowOop }
                      ;*new {reexecute=0 rethrow=0 return_oop=1}
                      ; - java.lang.StringConcatHelper::simpleConcat@17
                      ; - java.lang.String::concat@11
                      ; - java.net.URLClassLoader::isSealed@15
                      ; - java.net.URLClassLoader::getAndVerifyPackage@68
                      ; - java.net.URLClassLoader::defineClass@46
                      ; - java.net.URLClassLoader$1::run@43
                      ; - java.net.URLClassLoader$1::run@1
                      ; - java.security.AccessController::executePrivileged@29
                      ; - java.security.AccessController::doPrivileged@13
                      ; - java.net.URLClassLoader::findClass@13
  0x000001f915c5dc2c: 5072 95ff 

  0x000001f915c5dc30: ;   {other}
  0x000001f915c5dc30: 0f1f 8400 | 207a 00ae | e9a9 ccff | ff49 8bd7 | c5f8 7749 | ba20 a4af | 15fb 7f00 | 0041 ffd2 
  0x000001f915c5dc50: ;   {other}
  0x000001f915c5dc50: 0f1f 8400 | 0000 0000 | e96c b9ff | ff49 8bd7 | c5f8 7749 | ba20 a4af | 15fb 7f00 | 0041 ffd2 
  0x000001f915c5dc70: ;   {other}
  0x000001f915c5dc70: 0f1f 8400 | 0000 0000 | e9f7 b9ff | ff49 8bd7 | c5f8 7749 | ba20 a4af | 15fb 7f00 | 0041 ffd2 
  0x000001f915c5dc90: ;   {other}
  0x000001f915c5dc90: 0f1f 8400 | 0000 0000 | e9cd b8ff | ff49 8bd7 | c5f8 7749 | ba20 a4af | 15fb 7f00 | 0041 ffd2 
  0x000001f915c5dcb0: ;   {other}
  0x000001f915c5dcb0: 0f1f 8400 | 0000 0000 | e920 dcff | ffba 45ff | ffff 4c8b | 5c24 284c | 895c 2420 | 4c8b 5c24 
  0x000001f915c5dcd0: 304c 895c | 2428 4c8b | 9c24 b000 | 0000 4c89 | 5c24 384c | 8b5c 2468 | 4c89 5c24 | 4844 8b84 
  0x000001f915c5dcf0: 2488 0000 | 0044 8944 | 2458 4c8b | 9c24 8000 | 0000 4c89 | 5c24 684c | 8b9c 2490 | 0000 004c 
  0x000001f915c5dd10: 895c 2470 | 8984 24b0 | 0000 0090 

  0x000001f915c5dd1c: ;   {runtime_call UncommonTrapBlob}
  0x000001f915c5dd1c: c5f8 77e8 

  0x000001f915c5dd20: ; ImmutableOopMap {rbp=Oop [32]=Oop [40]=Oop [56]=Oop [72]=Oop [88]=NarrowOop [104]=Oop [112]=Oop [120]=Oop [160]=Oop }
                      ;*ifeq {reexecute=1 rethrow=0 return_oop=0}
                      ; - (reexecute) java.util.HashMap::getNode@131
                      ; - java.util.HashMap::get@2
                      ; - java.util.jar.Manifest::getAttributes@5
                      ; - java.util.jar.Manifest::getTrustedAttributes@2
                      ; - java.util.jar.JavaUtilJarAccessImpl::getTrustedAttributes@2
                      ; - java.net.URLClassLoader::isSealed@18
                      ; - java.net.URLClassLoader::getAndVerifyPackage@68
                      ; - java.net.URLClassLoader::defineClass@46
                      ; - java.net.URLClassLoader$1::run@43
                      ; - java.net.URLClassLoader$1::run@1
                      ; - java.security.AccessController::executePrivileged@29
                      ; - java.security.AccessController::doPrivileged@13
                      ; - java.net.URLClassLoader::findClass@13
  0x000001f915c5dd20: dc9d 90ff 

  0x000001f915c5dd24: ;   {other}
  0x000001f915c5dd24: 0f1f 8400 | 147b 00af | ba45 ffff | ff4c 8b54 | 2430 4c89 | 5424 204c | 8b94 24b0 | 0000 004c 
  0x000001f915c5dd44: 8954 2430 | 4c8b 5424 | 684c 8954 | 2440 4c8b | 5424 504c | 8954 2448 | 448b 9424 | 8800 0000 
  0x000001f915c5dd64: 4489 5424 | 504c 8b94 | 2490 0000 | 004c 8954 | 2468 4c8b | 5424 784c | 8954 2470 | 4c8b 9424 
  0x000001f915c5dd84: 9800 0000 | 4c89 9424 | 9000 0000 | 8984 2488 | 0000 0090 

  0x000001f915c5dd98: ;   {runtime_call UncommonTrapBlob}
  0x000001f915c5dd98: c5f8 77e8 

  0x000001f915c5dd9c: ; ImmutableOopMap {rbp=Oop [32]=Oop [48]=Oop [64]=Oop [80]=NarrowOop [96]=Oop [104]=Oop [112]=Oop [144]=Oop [160]=Oop }
                      ;*ifeq {reexecute=1 rethrow=0 return_oop=0}
                      ; - (reexecute) java.util.HashMap::getNode@131
                      ; - java.util.LinkedHashMap::get@2
                      ; - java.util.jar.Attributes::get@5
                      ; - java.util.jar.Attributes::getValue@2
                      ; - java.net.URLClassLoader::isSealed@58
                      ; - java.net.URLClassLoader::getAndVerifyPackage@68
                      ; - java.net.URLClassLoader::defineClass@46
                      ; - java.net.URLClassLoader$1::run@43
                      ; - java.net.URLClassLoader$1::run@1
                      ; - java.security.AccessController::executePrivileged@29
                      ; - java.security.AccessController::doPrivileged@13
                      ; - java.net.URLClassLoader::findClass@13
  0x000001f915c5dd9c: 609d 90ff 

  0x000001f915c5dda0: ;   {other}
  0x000001f915c5dda0: 0f1f 8400 | 907b 00b0 | ba45 ffff | ff4c 8b54 | 2430 4c89 | 5424 284c | 8b54 2440 | 4c89 5424 
  0x000001f915c5ddc0: 304c 8b54 | 2448 4c89 | 5424 3848 | 8984 2480 | 0000 0090 

  0x000001f915c5ddd4: ;   {runtime_call UncommonTrapBlob}
  0x000001f915c5ddd4: c5f8 77e8 

  0x000001f915c5ddd8: ; ImmutableOopMap {rbp=NarrowOop [32]=Oop [40]=Oop [48]=Oop [56]=Oop [88]=NarrowOop [128]=Oop [160]=Oop }
                      ;*ifnull {reexecute=1 rethrow=0 return_oop=0}
                      ; - (reexecute) java.util.jar.JarFile::maybeInstantiateVerifier@27
                      ; - java.util.jar.JarFile::ensureInitialization@1
                      ; - java.util.jar.JavaUtilJarAccessImpl::ensureInitialization@1
                      ; - jdk.internal.loader.URLClassPath$JarLoader$2::getManifest@10
                      ; - java.net.URLClassLoader::defineClass@34
                      ; - java.net.URLClassLoader$1::run@43
                      ; - java.net.URLClassLoader$1::run@1
                      ; - java.security.AccessController::executePrivileged@29
                      ; - java.security.AccessController::doPrivileged@13
                      ; - java.net.URLClassLoader::findClass@13
  0x000001f915c5ddd8: 249d 90ff 

  0x000001f915c5dddc: ;   {other}
  0x000001f915c5dddc: 0f1f 8400 | cc7b 00b1 | bade ffff | ff48 8bac | 24a8 0000 | 004c 8b54 | 2430 4c89 | 5424 2044 
  0x000001f915c5ddfc: 8b5c 244c | 4489 5c24 | 2c4c 8b54 | 2450 4c89 | 5424 3848 | 8944 2448 

  0x000001f915c5de14: ;   {runtime_call UncommonTrapBlob}
  0x000001f915c5de14: c5f8 77e8 

  0x000001f915c5de18: ; ImmutableOopMap {rbp=Oop [32]=Oop [40]=NarrowOop [56]=Oop [64]=Oop [72]=Oop [112]=Oop [120]=Oop }
                      ;*checkcast {reexecute=0 rethrow=0 return_oop=0}
                      ; - java.util.jar.JarFile::getJarEntry@5
                      ; - jdk.internal.loader.URLClassPath$JarLoader::getResource@22
                      ; - jdk.internal.loader.URLClassPath::getResource@53
                      ; - java.net.URLClassLoader$1::run@26
                      ; - java.net.URLClassLoader$1::run@1
                      ; - java.security.AccessController::executePrivileged@29
                      ; - java.security.AccessController::doPrivileged@13
                      ; - java.net.URLClassLoader::findClass@13
  0x000001f915c5de18: e49c 90ff 

  0x000001f915c5de1c: ;   {other}
  0x000001f915c5de1c: 0f1f 8400 | 0c7c 00b2 | bade ffff | ff4c 8b94 | 24a8 0000 | 004c 8954 | 2420 4c8b | 5424 304c 
  0x000001f915c5de3c: 8954 2428 | 4c8b 9424 | b000 0000 | 4c89 5424 | 384c 8b54 | 2468 4c89 | 5424 4844 | 8b9c 2488 
  0x000001f915c5de5c: 0000 004c | 8b94 2498 | 0000 004c | 8954 2478 | 458b d344 | 8954 245c | 4c8b 9424 | 9800 0000 
  0x000001f915c5de7c: 4c89 9424 | 9000 0000 

  0x000001f915c5de84: ;   {runtime_call UncommonTrapBlob}
  0x000001f915c5de84: c5f8 77e8 

  0x000001f915c5de88: ; ImmutableOopMap {rbp=NarrowOop [32]=Oop [40]=Oop [56]=Oop [72]=Oop [92]=NarrowOop [120]=Oop [128]=Oop [144]=Oop }
                      ;*checkcast {reexecute=0 rethrow=0 return_oop=0}
                      ; - java.lang.ClassLoader::getDefinedPackage@16
                      ; - java.net.URLClassLoader::getAndVerifyPackage@2
                      ; - java.net.URLClassLoader::defineClass@46
                      ; - java.net.URLClassLoader$1::run@43
                      ; - java.net.URLClassLoader$1::run@1
                      ; - java.security.AccessController::executePrivileged@29
                      ; - java.security.AccessController::doPrivileged@13
                      ; - java.net.URLClassLoader::findClass@13
  0x000001f915c5de88: 749c 90ff 

  0x000001f915c5de8c: ;   {other}
  0x000001f915c5de8c: 0f1f 8400 | 7c7c 00b3 | bade ffff | ff48 8b6c | 2460 4c8b | 5424 304c | 8954 2420 | 4c8b 5424 
  0x000001f915c5deac: 384c 8954 | 2430 4c8b | 5424 684c | 8954 2440 | 4c8b 5424 | 504c 8954 | 2448 448b | 5c24 584c 
  0x000001f915c5decc: 8b94 2480 | 0000 004c | 8954 2460 | 4c8b 9424 | 9000 0000 | 4c89 5424 | 7045 8bd3 | 4489 5424 
  0x000001f915c5deec: 5448 8984 | 2490 0000 | 0066 6690 

  0x000001f915c5def8: ;   {runtime_call UncommonTrapBlob}
  0x000001f915c5def8: c5f8 77e8 

  0x000001f915c5defc: ; ImmutableOopMap {rbp=Oop [32]=Oop [48]=Oop [64]=Oop [84]=NarrowOop [96]=Oop [112]=Oop [144]=Oop }
                      ;*checkcast {reexecute=0 rethrow=0 return_oop=0}
                      ; - java.lang.ClassLoader::definePackage@81
                      ; - java.lang.ClassLoader::getDefinedPackage@32
                      ; - java.net.URLClassLoader::getAndVerifyPackage@2
                      ; - java.net.URLClassLoader::defineClass@46
                      ; - java.net.URLClassLoader$1::run@43
                      ; - java.net.URLClassLoader$1::run@1
                      ; - java.security.AccessController::executePrivileged@29
                      ; - java.security.AccessController::doPrivileged@13
                      ; - java.net.URLClassLoader::findClass@13
  0x000001f915c5defc: 009c 90ff 

  0x000001f915c5df00: ;   {other}
  0x000001f915c5df00: 0f1f 8400 | f07c 00b4 | bade ffff | ff4c 8b9c | 24a8 0000 | 004c 895c | 2420 4c8b | 5c24 304c 
  0x000001f915c5df20: 895c 2428 | 4c8b 9c24 | b000 0000 | 4c89 5c24 | 384c 8b5c | 2468 4c89 | 5c24 4844 | 8b9c 2488 
  0x000001f915c5df40: 0000 0044 | 895c 2458 | 4c8b 9c24 | 9000 0000 | 4c89 5c24 | 704c 8994 | 2480 0000 | 004c 8994 
  0x000001f915c5df60: 2488 0000 | 0048 898c | 24a0 0000 | 0066 6690 

  0x000001f915c5df70: ;   {runtime_call UncommonTrapBlob}
  0x000001f915c5df70: c5f8 77e8 

  0x000001f915c5df74: ; ImmutableOopMap {rbp=NarrowOop [32]=Oop [40]=Oop [56]=Oop [72]=Oop [88]=NarrowOop [112]=Oop [120]=Oop [128]=Oop [136]=Oop [160]=Oop }
                      ;*checkcast {reexecute=0 rethrow=0 return_oop=0}
                      ; - java.util.jar.Manifest::getAttributes@10
                      ; - java.util.jar.Manifest::getTrustedAttributes@2
                      ; - java.util.jar.JavaUtilJarAccessImpl::getTrustedAttributes@2
                      ; - java.net.URLClassLoader::isSealed@18
                      ; - java.net.URLClassLoader::getAndVerifyPackage@68
                      ; - java.net.URLClassLoader::defineClass@46
                      ; - java.net.URLClassLoader$1::run@43
                      ; - java.net.URLClassLoader$1::run@1
                      ; - java.security.AccessController::executePrivileged@29
                      ; - java.security.AccessController::doPrivileged@13
                      ; - java.net.URLClassLoader::findClass@13
  0x000001f915c5df74: 889b 90ff 

  0x000001f915c5df78: ;   {other}
  0x000001f915c5df78: 0f1f 8400 | 687d 00b5 | bade ffff | ff4c 8b9c | 24a8 0000 | 004c 895c | 2420 4c8b | 5c24 304c 
  0x000001f915c5df98: 895c 2428 | 4c8b 9c24 | b000 0000 | 4c89 5c24 | 384c 8b5c | 2468 4c89 | 5c24 4844 | 8b84 2488 
  0x000001f915c5dfb8: 0000 0044 | 8944 2458 | 4c89 5424 | 6866 6690 

  0x000001f915c5dfc8: ;   {runtime_call UncommonTrapBlob}
  0x000001f915c5dfc8: c5f8 77e8 

  0x000001f915c5dfcc: ; ImmutableOopMap {rbp=NarrowOop [32]=Oop [40]=Oop [56]=Oop [72]=Oop [88]=NarrowOop [104]=Oop [120]=Oop [144]=Oop }
                      ;*checkcast {reexecute=0 rethrow=0 return_oop=0}
                      ; - java.util.jar.Attributes::getValue@5
                      ; - java.net.URLClassLoader::isSealed@58
                      ; - java.net.URLClassLoader::getAndVerifyPackage@68
                      ; - java.net.URLClassLoader::defineClass@46
                      ; - java.net.URLClassLoader$1::run@43
                      ; - java.net.URLClassLoader$1::run@1
                      ; - java.security.AccessController::executePrivileged@29
                      ; - java.security.AccessController::doPrivileged@13
                      ; - java.net.URLClassLoader::findClass@13
  0x000001f915c5dfcc: 309b 90ff 

  0x000001f915c5dfd0: ;   {other}
  0x000001f915c5dfd0: 0f1f 8400 | c07d 00b6 | bade ffff | ff4c 8b94 | 24a8 0000 | 004c 8954 | 2420 4c8b | 5424 304c 
  0x000001f915c5dff0: 8954 2428 | 4c8b 9424 | b000 0000 | 4c89 5424 | 384c 8b54 | 2468 4c89 | 5424 4844 | 89ac 24bc 
  0x000001f915c5e010: 0000 0090 

  0x000001f915c5e014: ;   {runtime_call UncommonTrapBlob}
  0x000001f915c5e014: c5f8 77e8 

  0x000001f915c5e018: ; ImmutableOopMap {rbp=NarrowOop [32]=Oop [40]=Oop [56]=Oop [72]=Oop [88]=NarrowOop [96]=Oop [128]=Oop [188]=NarrowOop }
                      ;*instanceof {reexecute=0 rethrow=0 return_oop=0}
                      ; - java.lang.String::equals@8
                      ; - java.util.concurrent.ConcurrentHashMap::get@73
                      ; - java.lang.ClassLoader::getDefinedPackage@13
                      ; - java.net.URLClassLoader::getAndVerifyPackage@2
                      ; - java.net.URLClassLoader::defineClass@46
                      ; - java.net.URLClassLoader$1::run@43
                      ; - java.net.URLClassLoader$1::run@1
                      ; - java.security.AccessController::executePrivileged@29
                      ; - java.security.AccessController::doPrivileged@13
                      ; - java.net.URLClassLoader::findClass@13
  0x000001f915c5e018: e49a 90ff 

  0x000001f915c5e01c: ;   {other}
  0x000001f915c5e01c: 0f1f 8400 | 0c7e 00b7 | bade ffff | ff4c 8b94 | 24a8 0000 | 004c 8954 | 2420 4c8b | 5424 304c 
  0x000001f915c5e03c: 8954 2428 | 4c8b 9424 | b000 0000 | 4c89 5424 | 384c 8b54 | 2468 4c89 | 5424 4844 | 8b94 2488 
  0x000001f915c5e05c: 0000 0044 | 8954 2458 | 4c89 4c24 | 7844 8984 | 24c0 0000 | 0066 6690 

  0x000001f915c5e074: ;   {runtime_call UncommonTrapBlob}
  0x000001f915c5e074: c5f8 77e8 

  0x000001f915c5e078: ; ImmutableOopMap {rbp=NarrowOop [32]=Oop [40]=Oop [56]=Oop [72]=Oop [88]=NarrowOop [120]=Oop [128]=Oop [144]=Oop [184]=NarrowOop [192]=NarrowOop }
                      ;*instanceof {reexecute=0 rethrow=0 return_oop=0}
                      ; - java.lang.String::equals@8
                      ; - java.util.concurrent.ConcurrentHashMap::get@73
                      ; - java.lang.ClassLoader::definePackage@47
                      ; - java.lang.ClassLoader::getDefinedPackage@32
                      ; - java.net.URLClassLoader::getAndVerifyPackage@2
                      ; - java.net.URLClassLoader::defineClass@46
                      ; - java.net.URLClassLoader$1::run@43
                      ; - java.net.URLClassLoader$1::run@1
                      ; - java.security.AccessController::executePrivileged@29
                      ; - java.security.AccessController::doPrivileged@13
                      ; - java.net.URLClassLoader::findClass@13
  0x000001f915c5e078: 849a 90ff 

  0x000001f915c5e07c: ;   {other}
  0x000001f915c5e07c: 0f1f 8400 | 6c7e 00b8 | bade ffff | ff4c 8b94 | 24a8 0000 | 004c 8954 | 2420 4c8b | 5424 304c 
  0x000001f915c5e09c: 8954 2428 | 4c8b 9424 | b000 0000 | 4c89 5424 | 384c 8b54 | 2468 4c89 | 5424 4844 | 8b9c 2488 
  0x000001f915c5e0bc: 0000 004c | 8b94 2490 | 0000 004c | 8954 2460 | 458b d344 | 8954 245c 

  0x000001f915c5e0d4: ;   {runtime_call UncommonTrapBlob}
  0x000001f915c5e0d4: c5f8 77e8 

  0x000001f915c5e0d8: ; ImmutableOopMap {rbp=NarrowOop [32]=Oop [40]=Oop [56]=Oop [72]=Oop [92]=NarrowOop [96]=Oop [128]=Oop [184]=NarrowOop }
                      ;*checkcast {reexecute=0 rethrow=0 return_oop=0}
                      ; - java.lang.ClassLoader::definePackage@50
                      ; - java.lang.ClassLoader::getDefinedPackage@32
                      ; - java.net.URLClassLoader::getAndVerifyPackage@2
                      ; - java.net.URLClassLoader::defineClass@46
                      ; - java.net.URLClassLoader$1::run@43
                      ; - java.net.URLClassLoader$1::run@1
                      ; - java.security.AccessController::executePrivileged@29
                      ; - java.security.AccessController::doPrivileged@13
                      ; - java.net.URLClassLoader::findClass@13
  0x000001f915c5e0d8: 249a 90ff 

  0x000001f915c5e0dc: ;   {other}
  0x000001f915c5e0dc: 0f1f 8400 | cc7e 00b9 | bade ffff | ff4c 8b94 | 24a8 0000 | 004c 8954 | 2420 4c8b | 5424 304c 
  0x000001f915c5e0fc: 8954 2428 | 4c8b 9424 | b000 0000 | 4c89 5424 | 384c 8b54 | 2468 4c89 | 5424 484c | 894c 2478 
  0x000001f915c5e11c: ;   {runtime_call UncommonTrapBlob}
  0x000001f915c5e11c: c5f8 77e8 

  0x000001f915c5e120: ; ImmutableOopMap {rbp=NarrowOop [32]=Oop [40]=Oop [56]=Oop [72]=Oop [88]=NarrowOop [120]=Oop [160]=Oop }
                      ;*checkcast {reexecute=0 rethrow=0 return_oop=0}
                      ; - java.util.jar.JarFile::getManifestFromReference@14
                      ; - java.util.jar.JarFile::getManifest@1
                      ; - jdk.internal.loader.URLClassPath$JarLoader$2::getManifest@22
                      ; - java.net.URLClassLoader::defineClass@34
                      ; - java.net.URLClassLoader$1::run@43
                      ; - java.net.URLClassLoader$1::run@1
                      ; - java.security.AccessController::executePrivileged@29
                      ; - java.security.AccessController::doPrivileged@13
                      ; - java.net.URLClassLoader::findClass@13
  0x000001f915c5e120: dc99 90ff 

  0x000001f915c5e124: ;   {other}
  0x000001f915c5e124: 0f1f 8400 | 147f 00ba | 4889 7c24 | 204c 895c | 2428 4889 | 5424 30ba | f6ff ffff 

  0x000001f915c5e140: ;   {runtime_call UncommonTrapBlob}
  0x000001f915c5e140: c5f8 77e8 

  0x000001f915c5e144: ; ImmutableOopMap {[32]=Oop [40]=Oop [48]=Oop [168]=Oop }
                      ;*invokevirtual replace {reexecute=0 rethrow=0 return_oop=0}
                      ; - java.net.URLClassLoader$1::run@8
                      ; - java.net.URLClassLoader$1::run@1
                      ; - java.security.AccessController::executePrivileged@29
                      ; - java.security.AccessController::doPrivileged@13
                      ; - java.net.URLClassLoader::findClass@13
  0x000001f915c5e144: b899 90ff 

  0x000001f915c5e148: ;   {other}
  0x000001f915c5e148: 0f1f 8400 | 387f 00bb | 4889 7c24 | 204c 895c | 2428 4889 | 5424 30ba | f6ff ffff 

  0x000001f915c5e164: ;   {runtime_call UncommonTrapBlob}
  0x000001f915c5e164: c5f8 77e8 

  0x000001f915c5e168: ; ImmutableOopMap {[32]=Oop [40]=Oop [48]=Oop [168]=Oop }
                      ;*arraylength {reexecute=0 rethrow=0 return_oop=0}
                      ; - java.lang.StringLatin1::replace@8
                      ; - java.lang.String::replace@18
                      ; - java.net.URLClassLoader$1::run@8
                      ; - java.net.URLClassLoader$1::run@1
                      ; - java.security.AccessController::executePrivileged@29
                      ; - java.security.AccessController::doPrivileged@13
                      ; - java.net.URLClassLoader::findClass@13
  0x000001f915c5e168: 9499 90ff 

  0x000001f915c5e16c: ;   {other}
  0x000001f915c5e16c: 0f1f 8400 | 5c7f 00bc | baf6 ffff | ff48 8bac | 24a8 0000 | 004c 8b54 | 2430 4c89 | 5424 204c 
  0x000001f915c5e18c: 8b54 2468 | 4c89 5424 | 2848 8944 | 2448 6690 

  0x000001f915c5e19c: ;   {runtime_call UncommonTrapBlob}
  0x000001f915c5e19c: c5f8 77e8 

  0x000001f915c5e1a0: ; ImmutableOopMap {rbp=Oop [32]=Oop [40]=Oop [112]=Oop [120]=Oop [176]=Oop }
                      ;*arraylength {reexecute=0 rethrow=0 return_oop=0}
                      ; - java.lang.String::length@4
                      ; - java.lang.String::lastIndexOf@3
                      ; - java.net.URLClassLoader::defineClass@7
                      ; - java.net.URLClassLoader$1::run@43
                      ; - java.net.URLClassLoader$1::run@1
                      ; - java.security.AccessController::executePrivileged@29
                      ; - java.security.AccessController::doPrivileged@13
                      ; - java.net.URLClassLoader::findClass@13
  0x000001f915c5e1a0: 5c99 90ff 

  0x000001f915c5e1a4: ;   {other}
  0x000001f915c5e1a4: 0f1f 8400 | 947f 00bd | baf6 ffff | ff48 8bac | 24a8 0000 | 004c 8b54 | 2430 4c89 | 5424 204c 
  0x000001f915c5e1c4: 8b54 2468 | 4c89 5424 | 284c 8b54 | 2450 4c89 | 5424 4844 | 8b54 2460 | 4489 5424 | 5066 6690 
  0x000001f915c5e1e4: ;   {runtime_call UncommonTrapBlob}
  0x000001f915c5e1e4: c5f8 77e8 

  0x000001f915c5e1e8: ; ImmutableOopMap {rbp=Oop [32]=Oop [40]=Oop [112]=Oop [120]=Oop [176]=Oop }
                      ;*getfield csu {reexecute=1 rethrow=0 return_oop=0}
                      ; - (reexecute) jdk.internal.loader.URLClassPath$JarLoader$2::getCodeSourceURL@4
                      ; - java.net.URLClassLoader::defineClass@13
                      ; - java.net.URLClassLoader$1::run@43
                      ; - java.net.URLClassLoader$1::run@1
                      ; - java.security.AccessController::executePrivileged@29
                      ; - java.security.AccessController::doPrivileged@13
                      ; - java.net.URLClassLoader::findClass@13
  0x000001f915c5e1e8: 1499 90ff 

  0x000001f915c5e1ec: ;   {other}
  0x000001f915c5e1ec: 0f1f 8400 | dc7f 00be | baf6 ffff | ff48 8bac | 24a8 0000 | 004c 8b54 | 2430 4c89 | 5424 204c 
  0x000001f915c5e20c: 8b54 2468 | 4c89 5424 | 284c 8b54 | 2450 4c89 | 5424 4844 | 8b5c 2458 | 4489 5c24 | 5066 6690 
  0x000001f915c5e22c: ;   {runtime_call UncommonTrapBlob}
  0x000001f915c5e22c: c5f8 77e8 

  0x000001f915c5e230: ; ImmutableOopMap {rbp=Oop [32]=Oop [40]=Oop [80]=NarrowOop [112]=Oop [120]=Oop [160]=Oop [176]=Oop }
                      ;*getfield jar {reexecute=1 rethrow=0 return_oop=0}
                      ; - (reexecute) jdk.internal.loader.URLClassPath$JarLoader$2::getManifest@7
                      ; - java.net.URLClassLoader::defineClass@34
                      ; - java.net.URLClassLoader$1::run@43
                      ; - java.net.URLClassLoader$1::run@1
                      ; - java.security.AccessController::executePrivileged@29
                      ; - java.security.AccessController::doPrivileged@13
                      ; - java.net.URLClassLoader::findClass@13
  0x000001f915c5e230: cc98 90ff 

  0x000001f915c5e234: ;   {other}
  0x000001f915c5e234: 0f1f 8400 | 2480 00bf | baf6 ffff | ff48 8bac | 24a8 0000 | 004c 8b54 | 2430 4c89 | 5424 204c 
  0x000001f915c5e254: 8b94 24b0 | 0000 004c | 8954 2430 | 4c89 4424 | 404c 8b54 | 2450 4c89 | 5424 4844 | 8b5c 2458 
  0x000001f915c5e274: 4489 5c24 | 5066 6690 

  0x000001f915c5e27c: ;   {runtime_call UncommonTrapBlob}
  0x000001f915c5e27c: c5f8 77e8 

  0x000001f915c5e280: ; ImmutableOopMap {rbp=Oop [32]=Oop [48]=Oop [64]=Oop [80]=NarrowOop [160]=Oop }
                      ;*getfield jar {reexecute=1 rethrow=0 return_oop=0}
                      ; - (reexecute) jdk.internal.loader.URLClassPath$JarLoader$2::getManifest@19
                      ; - java.net.URLClassLoader::defineClass@34
                      ; - java.net.URLClassLoader$1::run@43
                      ; - java.net.URLClassLoader$1::run@1
                      ; - java.security.AccessController::executePrivileged@29
                      ; - java.security.AccessController::doPrivileged@13
                      ; - java.net.URLClassLoader::findClass@13
  0x000001f915c5e280: 7c98 90ff 

  0x000001f915c5e284: ;   {other}
  0x000001f915c5e284: 0f1f 8400 | 7480 00c0 | baf6 ffff | ff48 8bac | 24a8 0000 | 004c 8b54 | 2430 4c89 | 5424 204c 
  0x000001f915c5e2a4: 8b94 24b0 | 0000 004c | 8954 2430 | 4c89 4424 | 404c 8b54 | 2450 4c89 | 5424 4844 | 8b5c 2458 
  0x000001f915c5e2c4: 4489 5c24 | 5066 6690 

  0x000001f915c5e2cc: ;   {runtime_call UncommonTrapBlob}
  0x000001f915c5e2cc: c5f8 77e8 

  0x000001f915c5e2d0: ; ImmutableOopMap {rbp=Oop [32]=Oop [48]=Oop [64]=Oop [80]=NarrowOop [160]=Oop }
                      ;*invokevirtual getManifest {reexecute=0 rethrow=0 return_oop=0}
                      ; - jdk.internal.loader.URLClassPath$JarLoader$2::getManifest@22
                      ; - java.net.URLClassLoader::defineClass@34
                      ; - java.net.URLClassLoader$1::run@43
                      ; - java.net.URLClassLoader$1::run@1
                      ; - java.security.AccessController::executePrivileged@29
                      ; - java.security.AccessController::doPrivileged@13
                      ; - java.net.URLClassLoader::findClass@13
  0x000001f915c5e2d0: 2c98 90ff 

  0x000001f915c5e2d4: ;   {other}
  0x000001f915c5e2d4: 0f1f 8400 | c480 00c1 | baf6 ffff | ff48 8b6c | 2420 4c8b | 5424 304c | 8954 2420 

  0x000001f915c5e2f0: ;   {runtime_call UncommonTrapBlob}
  0x000001f915c5e2f0: c5f8 77e8 

  0x000001f915c5e2f4: ; ImmutableOopMap {rbp=Oop [32]=Oop [88]=Oop [104]=Oop [176]=Oop }
                      ;*arraylength {reexecute=0 rethrow=0 return_oop=0}
                      ; - java.net.URLClassLoader::defineClass@217
                      ; - java.net.URLClassLoader$1::run@43
                      ; - java.net.URLClassLoader$1::run@1
                      ; - java.security.AccessController::executePrivileged@29
                      ; - java.security.AccessController::doPrivileged@13
                      ; - java.net.URLClassLoader::findClass@13
  0x000001f915c5e2f4: 0898 90ff 

  0x000001f915c5e2f8: ;   {other}
  0x000001f915c5e2f8: 0f1f 8400 | e880 00c2 | baf4 ffff | ff48 8bac | 24a8 0000 | 004c 8b54 | 2430 4c89 | 5424 204c 
  0x000001f915c5e318: 8b94 24b0 | 0000 004c | 8954 2430 | 4c8b 5424 | 684c 8954 | 2440 4c8b | 5424 504c | 8954 2448 
  0x000001f915c5e338: 448b 5424 | 5844 8954 | 2450 4c89 | 4c24 7090 

  0x000001f915c5e348: ;   {runtime_call UncommonTrapBlob}
  0x000001f915c5e348: c5f8 77e8 

  0x000001f915c5e34c: ; ImmutableOopMap {rbp=Oop [32]=Oop [48]=Oop [64]=Oop [80]=NarrowOop [112]=Oop [160]=Oop }
                      ;*checkcast {reexecute=0 rethrow=0 return_oop=0}
                      ; - java.util.jar.JarFile::getManifestFromReference@14
                      ; - java.util.jar.JarFile::getManifest@1
                      ; - jdk.internal.loader.URLClassPath$JarLoader$2::getManifest@22
                      ; - java.net.URLClassLoader::defineClass@34
                      ; - java.net.URLClassLoader$1::run@43
                      ; - java.net.URLClassLoader$1::run@1
                      ; - java.security.AccessController::executePrivileged@29
                      ; - java.security.AccessController::doPrivileged@13
                      ; - java.net.URLClassLoader::findClass@13
  0x000001f915c5e34c: b097 90ff 

  0x000001f915c5e350: ;   {other}
  0x000001f915c5e350: 0f1f 8400 | 4081 00c3 | baf6 ffff | ff48 8bac | 24a8 0000 | 004c 8b54 | 2430 4c89 | 5424 204c 
  0x000001f915c5e370: 8b94 24b0 | 0000 004c | 8954 2430 | 4c8b 5424 | 684c 8954 | 2440 4c8b | 5424 504c | 8954 2448 
  0x000001f915c5e390: ;   {runtime_call UncommonTrapBlob}
  0x000001f915c5e390: c5f8 77e8 

  0x000001f915c5e394: ; ImmutableOopMap {rbp=Oop [32]=Oop [48]=Oop [64]=Oop [128]=Oop [136]=NarrowOop [152]=Oop }
                      ;*arraylength {reexecute=0 rethrow=0 return_oop=0}
                      ; - java.lang.String::isEmpty@4
                      ; - java.lang.ClassLoader::definePackage@1
                      ; - java.lang.ClassLoader::getDefinedPackage@32
                      ; - java.net.URLClassLoader::getAndVerifyPackage@2
                      ; - java.net.URLClassLoader::defineClass@46
                      ; - java.net.URLClassLoader$1::run@43
                      ; - java.net.URLClassLoader$1::run@1
                      ; - java.security.AccessController::executePrivileged@29
                      ; - java.security.AccessController::doPrivileged@13
                      ; - java.net.URLClassLoader::findClass@13
  0x000001f915c5e394: 6897 90ff 

  0x000001f915c5e398: ;   {other}
  0x000001f915c5e398: 0f1f 8400 | 8881 00c4 | baf6 ffff | ff48 8bac | 24a8 0000 | 004c 8b54 | 2430 4c89 | 5424 204c 
  0x000001f915c5e3b8: 8b94 24b0 | 0000 004c | 8954 2430 | 4c8b 5424 | 684c 8954 | 2440 4c8b | 5424 504c | 8954 2448 
  0x000001f915c5e3d8: ;   {runtime_call UncommonTrapBlob}
  0x000001f915c5e3d8: c5f8 77e8 

  0x000001f915c5e3dc: ; ImmutableOopMap {rbp=Oop [32]=Oop [48]=Oop [64]=Oop [128]=Oop [136]=NarrowOop [144]=Oop }
                      ;*invokevirtual isNamed {reexecute=0 rethrow=0 return_oop=0}
                      ; - java.lang.Package::isSealed@4
                      ; - java.net.URLClassLoader::getAndVerifyPackage@14
                      ; - java.net.URLClassLoader::defineClass@46
                      ; - java.net.URLClassLoader$1::run@43
                      ; - java.net.URLClassLoader$1::run@1
                      ; - java.security.AccessController::executePrivileged@29
                      ; - java.security.AccessController::doPrivileged@13
                      ; - java.net.URLClassLoader::findClass@13
  0x000001f915c5e3dc: 2097 90ff 

  0x000001f915c5e3e0: ;   {other}
  0x000001f915c5e3e0: 0f1f 8400 | d081 00c5 | baf6 ffff | ff48 8bac | 24a8 0000 | 004c 8b54 | 2430 4c89 | 5424 204c 
  0x000001f915c5e400: 8b94 24b0 | 0000 004c | 8954 2430 | 4c8b 5424 | 684c 8954 | 2440 4c8b | 5424 504c | 8954 2448 
  0x000001f915c5e420: ;   {runtime_call UncommonTrapBlob}
  0x000001f915c5e420: c5f8 77e8 

  0x000001f915c5e424: ; ImmutableOopMap {rbp=Oop [32]=Oop [48]=Oop [64]=Oop [128]=Oop [136]=NarrowOop [144]=Oop }
                      ;*getfield sealBase {reexecute=1 rethrow=0 return_oop=0}
                      ; - (reexecute) java.lang.Package::isSealed@14
                      ; - java.net.URLClassLoader::getAndVerifyPackage@14
                      ; - java.net.URLClassLoader::defineClass@46
                      ; - java.net.URLClassLoader$1::run@43
                      ; - java.net.URLClassLoader$1::run@1
                      ; - java.security.AccessController::executePrivileged@29
                      ; - java.security.AccessController::doPrivileged@13
                      ; - java.net.URLClassLoader::findClass@13
  0x000001f915c5e424: d896 90ff 

  0x000001f915c5e428: ;   {other}
  0x000001f915c5e428: 0f1f 8400 | 1882 00c6 | baf6 ffff | ff48 8bac | 24a8 0000 | 004c 8b54 | 2430 4c89 | 5424 204c 
  0x000001f915c5e448: 8b94 24b0 | 0000 004c | 8954 2430 | 4c8b 5424 | 684c 8954 | 2440 4c8b | 5424 504c | 8954 2448 
  0x000001f915c5e468: ;   {runtime_call UncommonTrapBlob}
  0x000001f915c5e468: c5f8 77e8 

  0x000001f915c5e46c: ; ImmutableOopMap {rbp=Oop [32]=Oop [48]=Oop [64]=Oop [128]=Oop [136]=NarrowOop [144]=Oop }
                      ;*arraylength {reexecute=0 rethrow=0 return_oop=0}
                      ; - java.lang.StringLatin1::replace@8
                      ; - java.lang.String::replace@18
                      ; - java.net.URLClassLoader::isSealed@9
                      ; - java.net.URLClassLoader::getAndVerifyPackage@68
                      ; - java.net.URLClassLoader::defineClass@46
                      ; - java.net.URLClassLoader$1::run@43
                      ; - java.net.URLClassLoader$1::run@1
                      ; - java.security.AccessController::executePrivileged@29
                      ; - java.security.AccessController::doPrivileged@13
                      ; - java.net.URLClassLoader::findClass@13
  0x000001f915c5e46c: 9096 90ff 

  0x000001f915c5e470: ;   {other}
  0x000001f915c5e470: 0f1f 8400 | 6082 00c7 | baf6 ffff | ff48 8bac | 24a8 0000 | 004c 8b5c | 2430 4c89 | 5c24 204c 
  0x000001f915c5e490: 8b9c 24b0 | 0000 004c | 895c 2430 | 4c8b 5c24 | 684c 895c | 2440 4c8b | 5c24 504c | 895c 2448 
  0x000001f915c5e4b0: 4889 4424 | 7866 6690 

  0x000001f915c5e4b8: ;   {runtime_call UncommonTrapBlob}
  0x000001f915c5e4b8: c5f8 77e8 

  0x000001f915c5e4bc: ; ImmutableOopMap {rbp=Oop [32]=Oop [48]=Oop [64]=Oop [120]=Oop [128]=Oop [136]=NarrowOop [144]=Oop }
                      ;*invokeinterface get {reexecute=0 rethrow=0 return_oop=0}
                      ; - java.util.jar.Manifest::getAttributes@5
                      ; - java.util.jar.Manifest::getTrustedAttributes@2
                      ; - java.util.jar.JavaUtilJarAccessImpl::getTrustedAttributes@2
                      ; - java.net.URLClassLoader::isSealed@18
                      ; - java.net.URLClassLoader::getAndVerifyPackage@68
                      ; - java.net.URLClassLoader::defineClass@46
                      ; - java.net.URLClassLoader$1::run@43
                      ; - java.net.URLClassLoader$1::run@1
                      ; - java.security.AccessController::executePrivileged@29
                      ; - java.security.AccessController::doPrivileged@13
                      ; - java.net.URLClassLoader::findClass@13
  0x000001f915c5e4bc: 4096 90ff 

  0x000001f915c5e4c0: ;   {other}
  0x000001f915c5e4c0: 0f1f 8400 | b082 00c8 | baf6 ffff | ff48 8bac | 24a8 0000 | 004c 8b5c | 2430 4c89 | 5c24 204c 
  0x000001f915c5e4e0: 8b9c 24b0 | 0000 004c | 895c 2430 | 4c8b 5c24 | 684c 895c | 2440 4c8b | 5c24 504c | 895c 2448 
  0x000001f915c5e500: 4c89 5424 | 6066 6690 

  0x000001f915c5e508: ;   {runtime_call UncommonTrapBlob}
  0x000001f915c5e508: c5f8 77e8 

  0x000001f915c5e50c: ; ImmutableOopMap {rbp=Oop [32]=Oop [48]=Oop [64]=Oop [96]=Oop [136]=NarrowOop [144]=Oop }
                      ;*invokeinterface get {reexecute=0 rethrow=0 return_oop=0}
                      ; - java.util.jar.Attributes::get@5
                      ; - java.util.jar.Attributes::getValue@2
                      ; - java.net.URLClassLoader::isSealed@58
                      ; - java.net.URLClassLoader::getAndVerifyPackage@68
                      ; - java.net.URLClassLoader::defineClass@46
                      ; - java.net.URLClassLoader$1::run@43
                      ; - java.net.URLClassLoader$1::run@1
                      ; - java.security.AccessController::executePrivileged@29
                      ; - java.security.AccessController::doPrivileged@13
                      ; - java.net.URLClassLoader::findClass@13
  0x000001f915c5e50c: f095 90ff 

  0x000001f915c5e510: ;   {other}
  0x000001f915c5e510: 0f1f 8400 | 0083 00c9 | ba45 ffff | ff48 8bac | 24a8 0000 | 004c 8b54 | 2430 4c89 | 5424 204c 
  0x000001f915c5e530: 8b54 2468 | 4c89 5424 | 284c 8b54 | 2450 4c89 | 5424 4844 | 8b54 2458 | 4489 5424 | 504c 8b54 
  0x000001f915c5e550: 2470 4c89 | 5424 684c | 8b54 2478 | 4c89 5424 | 7044 895c | 2478 6690 

  0x000001f915c5e568: ;   {runtime_call UncommonTrapBlob}
  0x000001f915c5e568: c5f8 77e8 

  0x000001f915c5e56c: ; ImmutableOopMap {rbp=Oop [32]=Oop [40]=Oop [80]=NarrowOop [104]=Oop [112]=Oop [120]=NarrowOop [160]=Oop [176]=Oop }
                      ;*ifnonnull {reexecute=1 rethrow=0 return_oop=0}
                      ; - (reexecute) jdk.internal.access.SharedSecrets::javaUtilJarAccess@5
                      ; - jdk.internal.loader.URLClassPath$JarLoader$2::getManifest@0
                      ; - java.net.URLClassLoader::defineClass@34
                      ; - java.net.URLClassLoader$1::run@43
                      ; - java.net.URLClassLoader$1::run@1
                      ; - java.security.AccessController::executePrivileged@29
                      ; - java.security.AccessController::doPrivileged@13
                      ; - java.net.URLClassLoader::findClass@13
  0x000001f915c5e56c: 9095 90ff 

  0x000001f915c5e570: ;   {other}
  0x000001f915c5e570: 0f1f 8400 | 6083 00ca | baf6 ffff | ff48 8bac | 24a8 0000 | 004c 8b5c | 2430 4c89 | 5c24 204c 
  0x000001f915c5e590: 8b9c 24b0 | 0000 004c | 895c 2430 | 4c8b 5c24 | 684c 895c | 2440 4c8b | 5c24 504c | 895c 2448 
  0x000001f915c5e5b0: 4c89 5424 | 6066 6690 

  0x000001f915c5e5b8: ;   {runtime_call UncommonTrapBlob}
  0x000001f915c5e5b8: c5f8 77e8 

  0x000001f915c5e5bc: ; ImmutableOopMap {rbp=Oop [32]=Oop [48]=Oop [64]=Oop [96]=Oop [136]=NarrowOop [144]=Oop }
                      ;*arraylength {reexecute=0 rethrow=0 return_oop=0}
                      ; - java.lang.String::length@4
                      ; - java.lang.String::equalsIgnoreCase@14
                      ; - java.net.URLClassLoader::isSealed@68
                      ; - java.net.URLClassLoader::getAndVerifyPackage@68
                      ; - java.net.URLClassLoader::defineClass@46
                      ; - java.net.URLClassLoader$1::run@43
                      ; - java.net.URLClassLoader$1::run@1
                      ; - java.security.AccessController::executePrivileged@29
                      ; - java.security.AccessController::doPrivileged@13
                      ; - java.net.URLClassLoader::findClass@13
  0x000001f915c5e5bc: 4095 90ff 

  0x000001f915c5e5c0: ;   {other}
  0x000001f915c5e5c0: 0f1f 8400 | b083 00cb | ba45 ffff | ff48 8bac | 24a8 0000 | 004c 8b5c | 2430 4c89 | 5c24 204c 
  0x000001f915c5e5e0: 8b9c 24b0 | 0000 004c | 895c 2430 | 4c8b 5c24 | 684c 895c | 2440 4c8b | 5c24 504c | 895c 2448 
  0x000001f915c5e600: 448b 9c24 | 8800 0000 | 4489 5c24 | 504c 8b9c | 2490 0000 | 004c 895c | 2468 4889 | 4c24 704c 
  0x000001f915c5e620: 895c 2478 | 4489 9424 | 9800 0000 

  0x000001f915c5e62c: ;   {runtime_call UncommonTrapBlob}
  0x000001f915c5e62c: c5f8 77e8 

  0x000001f915c5e630: ; ImmutableOopMap {rbp=Oop [32]=Oop [48]=Oop [64]=Oop [80]=NarrowOop [104]=Oop [112]=Oop [120]=Oop [128]=Oop [152]=NarrowOop }
                      ;*ifnonnull {reexecute=1 rethrow=0 return_oop=0}
                      ; - (reexecute) jdk.internal.access.SharedSecrets::javaUtilJarAccess@5
                      ; - java.net.URLClassLoader::isSealed@0
                      ; - java.net.URLClassLoader::getAndVerifyPackage@68
                      ; - java.net.URLClassLoader::defineClass@46
                      ; - java.net.URLClassLoader$1::run@43
                      ; - java.net.URLClassLoader$1::run@1
                      ; - java.security.AccessController::executePrivileged@29
                      ; - java.security.AccessController::doPrivileged@13
                      ; - java.net.URLClassLoader::findClass@13
  0x000001f915c5e630: cc94 90ff 

  0x000001f915c5e634: ;   {other}
  0x000001f915c5e634: 0f1f 8400 | 2484 00cc | ba45 ffff | ff48 8bac | 24a8 0000 | 004c 8b44 | 2430 4c89 | 4424 204c 
  0x000001f915c5e654: 8b84 24b0 | 0000 004c | 8944 2430 | 4c8b 4424 | 684c 8944 | 2440 4c8b | 4424 504c | 8944 2448 
  0x000001f915c5e674: 448b 8c24 | 8800 0000 | 4489 4c24 | 504c 8954 | 2460 4c8b | 5424 784c | 8954 2470 | 4489 9c24 
  0x000001f915c5e694: 8800 0000 

  0x000001f915c5e698: ;   {runtime_call UncommonTrapBlob}
  0x000001f915c5e698: c5f8 77e8 

  0x000001f915c5e69c: ; ImmutableOopMap {rbp=Oop [32]=Oop [48]=Oop [64]=Oop [80]=NarrowOop [96]=Oop [112]=Oop [136]=NarrowOop [144]=Oop }
                      ;*ifnull {reexecute=1 rethrow=0 return_oop=0}
                      ; - (reexecute) java.net.URLClassLoader::isSealed@51
                      ; - java.net.URLClassLoader::getAndVerifyPackage@68
                      ; - java.net.URLClassLoader::defineClass@46
                      ; - java.net.URLClassLoader$1::run@43
                      ; - java.net.URLClassLoader$1::run@1
                      ; - java.security.AccessController::executePrivileged@29
                      ; - java.security.AccessController::doPrivileged@13
                      ; - java.net.URLClassLoader::findClass@13
  0x000001f915c5e69c: 6094 90ff 

  0x000001f915c5e6a0: ;   {other}
  0x000001f915c5e6a0: 0f1f 8400 | 9084 00cd | baf4 ffff | ff4c 8b54 | 2428 4c89 | 5424 204c | 8b54 2430 | 4c89 5424 
  0x000001f915c5e6c0: 284c 8b54 | 2440 4c89 | 5424 384c | 8b54 2468 | 4c89 5424 | 4844 8b54 | 2460 4489 | 5424 584c 
  0x000001f915c5e6e0: 8b94 2490 | 0000 004c | 8954 2478 | 4c89 9424 | 8800 0000 | 4c8b 9424 | c000 0000 | 4c89 9424 
  0x000001f915c5e700: b000 0000 

  0x000001f915c5e704: ;   {runtime_call UncommonTrapBlob}
  0x000001f915c5e704: c5f8 77e8 

  0x000001f915c5e708: ; ImmutableOopMap {rbp=NarrowOop [32]=Oop [40]=Oop [56]=Oop [72]=Oop [88]=NarrowOop [120]=Oop [128]=Oop [136]=Oop [176]=Oop [184]=NarrowOop [192]=Oop }
                      ;*checkcast {reexecute=0 rethrow=0 return_oop=0}
                      ; - java.lang.invoke.DirectMethodHandle$Holder::newInvokeSpecial@16
                      ; - java.lang.invoke.Invokers$Holder::linkToTargetMethod@6
                      ; - java.lang.ClassLoader::definePackage@73
                      ; - java.lang.ClassLoader::getDefinedPackage@32
                      ; - java.net.URLClassLoader::getAndVerifyPackage@2
                      ; - java.net.URLClassLoader::defineClass@46
                      ; - java.net.URLClassLoader$1::run@43
                      ; - java.net.URLClassLoader$1::run@1
                      ; - java.security.AccessController::executePrivileged@29
                      ; - java.security.AccessController::doPrivileged@13
                      ; - java.net.URLClassLoader::findClass@13
  0x000001f915c5e708: f493 90ff 

  0x000001f915c5e70c: ;   {other}
  0x000001f915c5e70c: 0f1f 8400 | fc84 00ce | baf4 ffff | ff48 8b6c | 2460 4c8b | 5424 304c | 8954 2420 | 4c8b 5424 
  0x000001f915c5e72c: 384c 8954 | 2430 4c8b | 5424 684c | 8954 2440 | 4c8b 5424 | 504c 8954 | 2448 448b | 5424 5844 
  0x000001f915c5e74c: 8954 2450 | 4c8b 9424 | 8000 0000 | 4c89 5424 | 6066 6690 

  0x000001f915c5e760: ;   {runtime_call UncommonTrapBlob}
  0x000001f915c5e760: c5f8 77e8 

  0x000001f915c5e764: ; ImmutableOopMap {rbp=Oop [32]=Oop [48]=Oop [64]=Oop [80]=NarrowOop [96]=Oop [144]=Oop }
                      ;*checkcast {reexecute=0 rethrow=0 return_oop=0}
                      ; - java.lang.ClassLoader::definePackage@81
                      ; - java.lang.ClassLoader::getDefinedPackage@32
                      ; - java.net.URLClassLoader::getAndVerifyPackage@2
                      ; - java.net.URLClassLoader::defineClass@46
                      ; - java.net.URLClassLoader$1::run@43
                      ; - java.net.URLClassLoader$1::run@1
                      ; - java.security.AccessController::executePrivileged@29
                      ; - java.security.AccessController::doPrivileged@13
                      ; - java.net.URLClassLoader::findClass@13
  0x000001f915c5e764: 9893 90ff 

  0x000001f915c5e768: ;   {other}
  0x000001f915c5e768: 0f1f 8400 | 5885 00cf | ba45 ffff | ff4c 8b94 | 24a8 0000 | 004c 8954 | 2420 4c8b | 5424 304c 
  0x000001f915c5e788: 8954 2428 | 4c8b 9424 | b000 0000 | 4c89 5424 | 384c 8b54 | 2468 4c89 | 5424 4844 | 8984 24b0 
  0x000001f915c5e7a8: 0000 0090 

  0x000001f915c5e7ac: ;   {runtime_call UncommonTrapBlob}
  0x000001f915c5e7ac: c5f8 77e8 

  0x000001f915c5e7b0: ; ImmutableOopMap {rbp=NarrowOop [32]=Oop [40]=Oop [56]=Oop [72]=Oop [88]=NarrowOop [96]=Oop [128]=Oop [176]=NarrowOop }
                      ;*ifnull {reexecute=1 rethrow=0 return_oop=0}
                      ; - (reexecute) java.util.concurrent.ConcurrentHashMap::get@67
                      ; - java.lang.ClassLoader::getDefinedPackage@13
                      ; - java.net.URLClassLoader::getAndVerifyPackage@2
                      ; - java.net.URLClassLoader::defineClass@46
                      ; - java.net.URLClassLoader$1::run@43
                      ; - java.net.URLClassLoader$1::run@1
                      ; - java.security.AccessController::executePrivileged@29
                      ; - java.security.AccessController::doPrivileged@13
                      ; - java.net.URLClassLoader::findClass@13
  0x000001f915c5e7b0: 4c93 90ff 

  0x000001f915c5e7b4: ;   {other}
  0x000001f915c5e7b4: 0f1f 8400 | a485 00d0 | ba45 ffff | ff4c 8b94 | 24a8 0000 | 004c 8954 | 2420 4c8b | 5424 304c 
  0x000001f915c5e7d4: 8954 2428 | 4c8b 9424 | b000 0000 | 4c89 5424 | 384c 8b54 | 2468 4c89 | 5424 4844 | 8b9c 2488 
  0x000001f915c5e7f4: 0000 004c | 8b94 2490 | 0000 004c | 8954 2460 | 458b d344 | 8954 245c | 448b 9c24 | b800 0000 
  0x000001f915c5e814: 4489 9c24 | b000 0000 | 4489 8424 | b400 0000 

  0x000001f915c5e824: ;   {runtime_call UncommonTrapBlob}
  0x000001f915c5e824: c5f8 77e8 

  0x000001f915c5e828: ; ImmutableOopMap {rbp=NarrowOop [32]=Oop [40]=Oop [56]=Oop [72]=Oop [92]=NarrowOop [96]=Oop [128]=Oop [176]=NarrowOop [180]=NarrowOop }
                      ;*ifnull {reexecute=1 rethrow=0 return_oop=0}
                      ; - (reexecute) java.util.concurrent.ConcurrentHashMap::get@67
                      ; - java.lang.ClassLoader::definePackage@47
                      ; - java.lang.ClassLoader::getDefinedPackage@32
                      ; - java.net.URLClassLoader::getAndVerifyPackage@2
                      ; - java.net.URLClassLoader::defineClass@46
                      ; - java.net.URLClassLoader$1::run@43
                      ; - java.net.URLClassLoader$1::run@1
                      ; - java.security.AccessController::executePrivileged@29
                      ; - java.security.AccessController::doPrivileged@13
                      ; - java.net.URLClassLoader::findClass@13
  0x000001f915c5e828: d492 90ff 

  0x000001f915c5e82c: ;   {other}
  0x000001f915c5e82c: 0f1f 8400 | 1c86 00d1 | baf6 ffff | ff48 8bac | 24a8 0000 | 004c 8b54 | 2430 4c89 | 5424 204c 
  0x000001f915c5e84c: 8b54 2438 | 4c89 5424 | 284c 8b94 | 24b0 0000 | 004c 8954 | 2430 4c8b | 5424 504c | 8954 2448 
  0x000001f915c5e86c: 448b 5c24 | 5844 895c | 2450 448b | 9424 8800 | 0000 4489 | 5424 5490 

  0x000001f915c5e884: ;   {runtime_call UncommonTrapBlob}
  0x000001f915c5e884: c5f8 77e8 

  0x000001f915c5e888: ; ImmutableOopMap {rbp=Oop [32]=Oop [40]=Oop [48]=Oop [80]=NarrowOop [84]=NarrowOop [112]=Oop [120]=Oop [144]=Oop [160]=Oop }
                      ;*arraylength {reexecute=0 rethrow=0 return_oop=0}
                      ; - java.io.ByteArrayInputStream::<init>@21
                      ; - java.util.jar.JarFile::getManifestFromReference@114
                      ; - java.util.jar.JarFile::getManifest@1
                      ; - jdk.internal.loader.URLClassPath$JarLoader$2::getManifest@22
                      ; - java.net.URLClassLoader::defineClass@34
                      ; - java.net.URLClassLoader$1::run@43
                      ; - java.net.URLClassLoader$1::run@1
                      ; - java.security.AccessController::executePrivileged@29
                      ; - java.security.AccessController::doPrivileged@13
                      ; - java.net.URLClassLoader::findClass@13
  0x000001f915c5e888: 7492 90ff 

  0x000001f915c5e88c: ;   {other}
  0x000001f915c5e88c: 0f1f 8400 | 7c86 00d2 | ba45 ffff | ff4c 8b54 | 2430 4c89 | 5424 204c | 8b54 2438 | 4c89 5424 
  0x000001f915c5e8ac: 284c 8b54 | 2440 4c89 | 5424 304c | 8b54 2450 | 4c89 5424 | 4844 8b54 | 2458 4489 | 5424 504c 
  0x000001f915c5e8cc: 8b54 2478 | 4c89 5424 | 704c 895c | 2478 4c89 | 8424 8800 | 0000 6690 

  0x000001f915c5e8e4: ;   {runtime_call UncommonTrapBlob}
  0x000001f915c5e8e4: c5f8 77e8 

  0x000001f915c5e8e8: ; ImmutableOopMap {rbp=Oop [32]=Oop [40]=Oop [48]=Oop [80]=NarrowOop [112]=Oop [120]=Oop [136]=Oop [160]=Oop }
                      ;*ifnull {reexecute=1 rethrow=0 return_oop=0}
                      ; - (reexecute) java.util.jar.JarFile::getManifestFromReference@148
                      ; - java.util.jar.JarFile::getManifest@1
                      ; - jdk.internal.loader.URLClassPath$JarLoader$2::getManifest@22
                      ; - java.net.URLClassLoader::defineClass@34
                      ; - java.net.URLClassLoader$1::run@43
                      ; - java.net.URLClassLoader$1::run@1
                      ; - java.security.AccessController::executePrivileged@29
                      ; - java.security.AccessController::doPrivileged@13
                      ; - java.net.URLClassLoader::findClass@13
  0x000001f915c5e8e8: 1492 90ff 

  0x000001f915c5e8ec: ;   {other}
  0x000001f915c5e8ec: 0f1f 8400 | dc86 00d3 | bab5 ffff | ff48 8b6c | 2420 4c8b | 5c24 304c | 895c 2420 | 4889 4424 
  0x000001f915c5e90c: 3066 6690 

  0x000001f915c5e910: ;   {runtime_call UncommonTrapBlob}
  0x000001f915c5e910: c5f8 77e8 

  0x000001f915c5e914: ; ImmutableOopMap {rbp=Oop [32]=Oop [48]=Oop [104]=Oop }
                      ;*astore_3 {reexecute=0 rethrow=0 return_oop=0}
                      ; - java.net.URLClassLoader$1::run@61
                      ; - java.net.URLClassLoader$1::run@1
                      ; - java.security.AccessController::executePrivileged@29
                      ; - java.security.AccessController::doPrivileged@13
                      ; - java.net.URLClassLoader::findClass@13
  0x000001f915c5e914: e891 90ff 

  0x000001f915c5e918: ;   {other}
  0x000001f915c5e918: 0f1f 8400 | 0887 00d4 | baf4 ffff | ff66 6690 

  0x000001f915c5e928: ;   {runtime_call UncommonTrapBlob}
  0x000001f915c5e928: c5f8 77e8 

  0x000001f915c5e92c: ; ImmutableOopMap {}
                      ;*checkcast {reexecute=0 rethrow=0 return_oop=0}
                      ; - java.net.URLClassLoader::findClass@28
  0x000001f915c5e92c: d091 90ff 

  0x000001f915c5e930: ;   {other}
  0x000001f915c5e930: 0f1f 8400 | 2087 00d5 | ba97 ffff | ff48 8b6c | 2428 4c8b | 5424 304c | 8954 2420 | 4c8b 5424 
  0x000001f915c5e950: 684c 8954 | 2428 4c8b | 5424 504c | 8954 2448 | 448b 5c24 | 5844 895c | 2450 6690 

  0x000001f915c5e96c: ;   {runtime_call UncommonTrapBlob}
  0x000001f915c5e96c: c5f8 77e8 

  0x000001f915c5e970: ; ImmutableOopMap {rbp=Oop [32]=Oop [40]=Oop [80]=NarrowOop [96]=Oop [112]=Oop [120]=NarrowOop }
                      ;*invokevirtual clone {reexecute=1 rethrow=0 return_oop=0}
                      ; - (reexecute) java.util.Arrays::copyOfRange@18
                      ; - java.lang.StringLatin1::newString@16
                      ; - java.lang.String::substring@41
                      ; - java.net.URLClassLoader::defineClass@28
                      ; - java.net.URLClassLoader$1::run@43
                      ; - java.net.URLClassLoader$1::run@1
                      ; - java.security.AccessController::executePrivileged@29
                      ; - java.security.AccessController::doPrivileged@13
                      ; - java.net.URLClassLoader::findClass@13
  0x000001f915c5e970: 8c91 90ff 

  0x000001f915c5e974: ;   {other}
  0x000001f915c5e974: 0f1f 8400 | 6487 00d6 | baf4 ffff | ff4c 8b54 | 2430 4c89 | 5424 2044 | 8b54 244c | 4489 5424 
  0x000001f915c5e994: 2c4c 8b54 | 2450 4c89 | 5424 3890 

  0x000001f915c5e9a0: ;   {runtime_call UncommonTrapBlob}
  0x000001f915c5e9a0: c5f8 77e8 

  0x000001f915c5e9a4: ; ImmutableOopMap {rbp=Oop [32]=Oop [40]=NarrowOop [56]=Oop [64]=Oop [176]=Oop }
                      ;*checkcast {reexecute=0 rethrow=0 return_oop=0}
                      ; - jdk.internal.loader.URLClassPath$JarLoader::ensureOpen@31
                      ; - jdk.internal.loader.URLClassPath$JarLoader::getResource@1
                      ; - jdk.internal.loader.URLClassPath::getResource@53
                      ; - java.net.URLClassLoader$1::run@26
                      ; - java.net.URLClassLoader$1::run@1
                      ; - java.security.AccessController::executePrivileged@29
                      ; - java.security.AccessController::doPrivileged@13
                      ; - java.net.URLClassLoader::findClass@13
  0x000001f915c5e9a4: 5891 90ff 

  0x000001f915c5e9a8: ;   {other}
  0x000001f915c5e9a8: 0f1f 8400 | 9887 00d7 | bab5 ffff | ff48 8b6c | 2440 4c8b | 5c24 304c | 895c 2420 | 4889 4424 
  0x000001f915c5e9c8: 3066 6690 

  0x000001f915c5e9cc: ;   {runtime_call UncommonTrapBlob}
  0x000001f915c5e9cc: c5f8 77e8 

  0x000001f915c5e9d0: ; ImmutableOopMap {rbp=Oop [32]=Oop [48]=Oop [80]=Oop }
                      ;*astore_3 {reexecute=0 rethrow=0 return_oop=0}
                      ; - java.net.URLClassLoader$1::run@61
                      ; - java.net.URLClassLoader$1::run@1
                      ; - java.security.AccessController::executePrivileged@29
                      ; - java.security.AccessController::doPrivileged@13
                      ; - java.net.URLClassLoader::findClass@13
  0x000001f915c5e9d0: 2c91 90ff 

  0x000001f915c5e9d4: ;   {other}
  0x000001f915c5e9d4: 0f1f 8400 | c487 00d8 | eb20 e913 | 0100 00e9 | aa00 0000 | 448b 5808 | 49ba 0000 | 0033 f901 
  0x000001f915c5e9f4: 0000 4d03 | d3e9 0901 | 0000 448b | 5008 49bb | 0000 0033 | f901 0000 | 4d03 dae9 | 9b03 0000 
  0x000001f915c5ea14: 448b 4008 | 49ba 0000 | 0033 f901 | 0000 4d03 | d0e9 b103 | 0000 e9c7 | 0000 00eb | 4e44 8b40 
  0x000001f915c5ea34: 0849 ba00 | 0000 33f9 | 0100 004d | 03d0 e9c0 | 0000 00e9 | be01 0000 | 448b 4008 

  0x000001f915c5ea50: ;   {metadata('java/security/PrivilegedActionException')}
  0x000001f915c5ea50: 4181 f830 | ad04 010f | 8533 0400 | 0048 8bd0 | e950 0200 | 00eb 0044 | 8b58 0849 | ba00 0000 
  0x000001f915c5ea70: 33f9 0100 | 004d 03d3 | e98a 0000 | 00eb 0044 | 8b40 0849 | ba00 0000 | 33f9 0100 | 004d 03d0 
  0x000001f915c5ea90: eb75 448b | 5008 e94a | 0100 00e9 | 6a01 0000 | 448b 5808 | 49ba 0000 | 0033 f901 | 0000 4d03 
  0x000001f915c5eab0: d3eb 54eb | 4144 8b40 | 0849 bb00 | 0000 33f9 | 0100 004d | 03d8 eb11 | 448b 5008 | 49bb 0000 
  0x000001f915c5ead0: 0033 f901 | 0000 4d03 | da4d 8b53 

  0x000001f915c5eadc: ;   {metadata('java/lang/RuntimeException')}
  0x000001f915c5eadc: 4849 b8a8 | b705 33f9 | 0100 004d | 3bd0 0f85 | 2201 0000 | eb28 eb02 | eb00 448b | 4008 49ba 
  0x000001f915c5eafc: 0000 0033 | f901 0000 | 4d03 d04d 

  0x000001f915c5eb08: ;   {metadata('java/lang/RuntimeException')}
  0x000001f915c5eb08: 8b5a 4849 | b8a8 b705 | 33f9 0100 | 004d 3bd8 | 7508 488b | d0e9 f192 | ffff 4d8b 

  0x000001f915c5eb24: ;   {metadata('java/lang/Exception')}
  0x000001f915c5eb24: 5240 49bb | 20c0 0033 | f901 0000 | 4d3b d30f | 85a8 0000 | 004c 8bd0 | 4c89 5424 | 2849 8b87 
  0x000001f915c5eb44: b801 0000 | 4c8b d049 | 83c2 284d | 3b97 c801 | 0000 0f83 | 9e02 0000 | 4d89 97b8 | 0100 0041 
  0x000001f915c5eb64: 0f0d 8ac0 | 0000 0048 | c700 0100 

  0x000001f915c5eb70: ;   {metadata('java/security/PrivilegedActionException')}
  0x000001f915c5eb70: 0000 c740 | 0830 ad04 | 0144 8960 | 0c4c 8bd0 | 4983 c210 | c5fd efc0 | 41bb 0700 | 0000 c4c1 
  0x000001f915c5eb90: 7892 fb62 | d1fe 2f7f | 0248 8be8 | 488b d54c | 8b44 2428 

  0x000001f915c5eba4: ;   {optimized virtual_call}
  0x000001f915c5eba4: c5f8 77e8 

  0x000001f915c5eba8: ; ImmutableOopMap {rbp=Oop [168]=Oop }
                      ;*invokespecial <init> {reexecute=0 rethrow=0 return_oop=0}
                      ; - java.security.AccessController::wrapException@5
                      ; - java.security.AccessController::doPrivileged@22
                      ; - java.net.URLClassLoader::findClass@13
  0x000001f915c5eba8: d402 90ff 

  0x000001f915c5ebac: ;   {other}
  0x000001f915c5ebac: 0f1f 8400 | 9c89 00d9 | 488b d590 

  0x000001f915c5ebb8: ;   {optimized virtual_call}
  0x000001f915c5ebb8: c5f8 77e8 

  0x000001f915c5ebbc: ; ImmutableOopMap {}
                      ;*invokevirtual getException {reexecute=0 rethrow=0 return_oop=1}
                      ; - java.net.URLClassLoader::findClass@25
  0x000001f915c5ebbc: c002 90ff 

  0x000001f915c5ebc0: ;   {other}
  0x000001f915c5ebc0: 0f1f 8400 | b089 00da 

  0x000001f915c5ebc8: ; implicit exception: dispatches to 0x000001f915c5e920
  0x000001f915c5ebc8: 448b 5808 

  0x000001f915c5ebcc: ;   {metadata('java/lang/ClassNotFoundException')}
  0x000001f915c5ebcc: 4181 fb88 | 9306 000f | 859c 0200 | 0048 8bd0 | e932 92ff | ff44 8b50 | 0849 bb00 | 0000 33f9 
  0x000001f915c5ebec: 0100 004d | 03da 4d8b 

  0x000001f915c5ebf4: ;   {metadata('java/security/PrivilegedActionException')}
  0x000001f915c5ebf4: 5348 49bb | 30ad 0434 | f901 0000 | 4d3b d375 | 0548 8bd0 | ebad 488b | d0e9 0192 | ffff 4d8b 
  0x000001f915c5ec14: ;   {metadata('java/lang/Exception')}
  0x000001f915c5ec14: 5340 49bb | 20c0 0033 | f901 0000 | 4d3b d30f | 8575 0100 | 004c 8bc0 | 498b 87b8 | 0100 004c 
  0x000001f915c5ec34: 8bd0 4983 | c228 4d3b | 97c8 0100 | 000f 83fe | 0100 004d | 8997 b801 | 0000 410f | 0d8a c000 
  0x000001f915c5ec54: 0000 48c7 | 0001 0000 | 004c 8bd0 | 4983 c210 

  0x000001f915c5ec64: ;   {metadata('java/security/PrivilegedActionException')}
  0x000001f915c5ec64: c740 0830 | ad04 0144 | 8960 0cc5 | fdef c041 | bb07 0000 | 00c4 c178 | 92fb 62d1 | fe2f 7f02 
  0x000001f915c5ec84: 498b e84c | 8bd0 4c89 | 5424 2049 | 8bd2 4c8b | c548 8bac | 24a8 0000 | 0066 6690 

  0x000001f915c5eca0: ;   {optimized virtual_call}
  0x000001f915c5eca0: c5f8 77e8 

  0x000001f915c5eca4: ; ImmutableOopMap {rbp=Oop [32]=Oop [40]=NarrowOop [48]=Oop [64]=Oop [80]=Oop [168]=Oop [176]=Oop }
                      ;*invokespecial <init> {reexecute=0 rethrow=0 return_oop=0}
                      ; - java.security.AccessController::wrapException@5
                      ; - java.security.AccessController::doPrivileged@22
                      ; - jdk.internal.loader.URLClassPath$JarLoader::ensureOpen@19
                      ; - jdk.internal.loader.URLClassPath$JarLoader::getResource@1
                      ; - jdk.internal.loader.URLClassPath::getResource@53
                      ; - java.net.URLClassLoader$1::run@26
                      ; - java.net.URLClassLoader$1::run@1
                      ; - java.security.AccessController::executePrivileged@29
                      ; - java.security.AccessController::doPrivileged@13
                      ; - java.net.URLClassLoader::findClass@13
  0x000001f915c5eca4: d801 90ff 

  0x000001f915c5eca8: ;   {other}
  0x000001f915c5eca8: 0f1f 8400 | 988a 00db | 488b 5424 | 2048 8bac | 24a8 0000 | 0066 6690 

  0x000001f915c5ecc0: ;   {optimized virtual_call}
  0x000001f915c5ecc0: c5f8 77e8 

  0x000001f915c5ecc4: ; ImmutableOopMap {rbp=Oop [40]=NarrowOop [48]=Oop [64]=Oop [80]=Oop [168]=Oop [176]=Oop }
                      ;*invokevirtual getException {reexecute=0 rethrow=0 return_oop=1}
                      ; - jdk.internal.loader.URLClassPath$JarLoader::ensureOpen@28
                      ; - jdk.internal.loader.URLClassPath$JarLoader::getResource@1
                      ; - jdk.internal.loader.URLClassPath::getResource@53
                      ; - java.net.URLClassLoader$1::run@26
                      ; - java.net.URLClassLoader$1::run@1
                      ; - java.security.AccessController::executePrivileged@29
                      ; - java.security.AccessController::doPrivileged@13
                      ; - java.net.URLClassLoader::findClass@13
  0x000001f915c5ecc4: b801 90ff 

  0x000001f915c5ecc8: ;   {other}
  0x000001f915c5ecc8: 0f1f 8400 | b88a 00dc | 4c8b c044 

  0x000001f915c5ecd4: ;   {metadata('java/io/FileNotFoundException')}
  0x000001f915c5ecd4: 8b58 0841 | 81fb d0aa | 0401 0f85 | be01 0000 | 498b 87b8 | 0100 004c | 8bd0 4983 | c228 4d3b 
  0x000001f915c5ecf4: 97c8 0100 | 000f 831a | 0100 004d | 8997 b801 | 0000 410f | 0d8a c000 | 0000 48c7 | 0001 0000 
  0x000001f915c5ed14: 004c 8bd0 | 4983 c210 

  0x000001f915c5ed1c: ;   {metadata('java/lang/InternalError')}
  0x000001f915c5ed1c: c740 0838 | 0701 0044 | 8960 0cc5 | fdef c041 | bb07 0000 | 00c4 c178 | 92fb 62d1 | fe2f 7f02 
  0x000001f915c5ed3c: 4c89 4424 | 384c 8bd0 | 4c89 5424 | 5048 8b6c | 2430 448b | 5424 2844 | 8954 2420 | 4c8b 5424 
  0x000001f915c5ed5c: 404c 8954 | 2428 448b | 5c24 4c44 | 895c 2424 | 488b 5424 | 504c 8b44 | 2438 4c8b | 9424 a800 
  0x000001f915c5ed7c: 0000 4c89 | 5424 3890 

  0x000001f915c5ed84: ;   {optimized virtual_call}
  0x000001f915c5ed84: c5f8 77e8 

  0x000001f915c5ed88: ; ImmutableOopMap {rbp=Oop [32]=NarrowOop [40]=Oop [56]=Oop [80]=Oop [168]=Oop [176]=Oop }
                      ;*invokespecial <init> {reexecute=0 rethrow=0 return_oop=0}
                      ; - jdk.internal.loader.URLClassPath$JarLoader::getResource@13
                      ; - jdk.internal.loader.URLClassPath::getResource@53
                      ; - java.net.URLClassLoader$1::run@26
                      ; - java.net.URLClassLoader$1::run@1
                      ; - java.security.AccessController::executePrivileged@29
                      ; - java.security.AccessController::doPrivileged@13
                      ; - java.net.URLClassLoader::findClass@13
  0x000001f915c5ed88: f400 90ff 

  0x000001f915c5ed8c: ;   {other}
  0x000001f915c5ed8c: 0f1f 8400 | 7c8b 00dd | 488b 5424 | 50e9 7590 | ffff 448b | 5008 49bb | 0000 0033 | f901 0000 
  0x000001f915c5edac: 4d03 da4d 

  0x000001f915c5edb0: ;   {metadata('java/security/PrivilegedActionException')}
  0x000001f915c5edb0: 8b53 4849 | bb30 ad04 | 34f9 0100 | 004d 3bd3 | 7508 488b | d0e9 ebfe | ffff 448b | 5808 49ba 
  0x000001f915c5edd0: 0000 0033 | f901 0000 | 4d03 d34d 

  0x000001f915c5eddc: ;   {metadata('java/io/IOException')}
  0x000001f915c5eddc: 8b52 4849 | bb58 5304 | 34f9 0100 | 004d 3bd3 | 0f85 04fd | ffff 4c8b | c0e9 eafe 

  0x000001f915c5edf8: ;   {metadata('java/security/PrivilegedActionException')}
  0x000001f915c5edf8: ffff 48ba | 30ad 0434 | f901 0000 

  0x000001f915c5ee04: ;   {runtime_call _new_instance_Java}
  0x000001f915c5ee04: c5f8 77e8 

  0x000001f915c5ee08: ; ImmutableOopMap {[40]=Oop [168]=Oop }
                      ;*new {reexecute=0 rethrow=0 return_oop=1}
                      ; - java.security.AccessController::wrapException@0
                      ; - java.security.AccessController::doPrivileged@22
                      ; - java.net.URLClassLoader::findClass@13
  0x000001f915c5ee08: 7460 95ff 

  0x000001f915c5ee0c: ;   {other}
  0x000001f915c5ee0c: 0f1f 8400 | fc8b 00de | e980 fdff | ff4c 8944 

  0x000001f915c5ee1c: ;   {metadata('java/lang/InternalError')}
  0x000001f915c5ee1c: 2438 48ba | 3807 0133 | f901 0000 | 488b ac24 | a800 0000 

  0x000001f915c5ee30: ;   {runtime_call _new_instance_Java}
  0x000001f915c5ee30: c5f8 77e8 

  0x000001f915c5ee34: ; ImmutableOopMap {rbp=Oop [40]=NarrowOop [48]=Oop [56]=Oop [64]=Oop [168]=Oop [176]=Oop }
                      ;*new {reexecute=0 rethrow=0 return_oop=1}
                      ; - jdk.internal.loader.URLClassPath$JarLoader::getResource@8
                      ; - jdk.internal.loader.URLClassPath::getResource@53
                      ; - java.net.URLClassLoader$1::run@26
                      ; - java.net.URLClassLoader$1::run@1
                      ; - java.security.AccessController::executePrivileged@29
                      ; - java.security.AccessController::doPrivileged@13
                      ; - java.net.URLClassLoader::findClass@13
  0x000001f915c5ee34: 4860 95ff 

  0x000001f915c5ee38: ;   {other}
  0x000001f915c5ee38: 0f1f 8400 | 288c 00df | e9fc feff | ff49 8be8 

  0x000001f915c5ee48: ;   {metadata('java/security/PrivilegedActionException')}
  0x000001f915c5ee48: 48ba 30ad | 0434 f901 | 0000 4c8b | 9424 a800 | 0000 4c89 | 5424 2090 

  0x000001f915c5ee60: ;   {runtime_call _new_instance_Java}
  0x000001f915c5ee60: c5f8 77e8 

  0x000001f915c5ee64: ; ImmutableOopMap {rbp=Oop [32]=Oop [40]=NarrowOop [48]=Oop [64]=Oop [80]=Oop [168]=Oop [176]=Oop }
                      ;*new {reexecute=0 rethrow=0 return_oop=1}
                      ; - java.security.AccessController::wrapException@0
                      ; - java.security.AccessController::doPrivileged@22
                      ; - jdk.internal.loader.URLClassPath$JarLoader::ensureOpen@19
                      ; - jdk.internal.loader.URLClassPath$JarLoader::getResource@1
                      ; - jdk.internal.loader.URLClassPath::getResource@53
                      ; - java.net.URLClassLoader$1::run@26
                      ; - java.net.URLClassLoader$1::run@1
                      ; - java.security.AccessController::executePrivileged@29
                      ; - java.security.AccessController::doPrivileged@13
                      ; - java.net.URLClassLoader::findClass@13
  0x000001f915c5ee64: 1860 95ff 

  0x000001f915c5ee68: ;   {other}
  0x000001f915c5ee68: 0f1f 8400 | 588c 00e0 | e912 feff | ffba deff | ffff 488b | e866 6690 

  0x000001f915c5ee80: ;   {runtime_call UncommonTrapBlob}
  0x000001f915c5ee80: c5f8 77e8 

  0x000001f915c5ee84: ; ImmutableOopMap {rbp=Oop }
                      ;*checkcast {reexecute=0 rethrow=0 return_oop=0}
                      ; - java.net.URLClassLoader::findClass@28
  0x000001f915c5ee84: 788c 90ff 

  0x000001f915c5ee88: ;   {other}
  0x000001f915c5ee88: 0f1f 8400 | 788c 00e1 | 49ba 0000 | 0033 f901 | 0000 4d03 | d0e9 39ff | ffff bade | ffff ff4c 
  0x000001f915c5eea8: 8b54 2430 | 4c89 5424 | 2044 8b54 | 244c 4489 | 5424 2c4c | 8b54 2450 | 4c89 5424 | 3848 8944 
  0x000001f915c5eec8: 2458 6690 

  0x000001f915c5eecc: ;   {runtime_call UncommonTrapBlob}
  0x000001f915c5eecc: c5f8 77e8 

  0x000001f915c5eed0: ; ImmutableOopMap {rbp=Oop [32]=Oop [40]=NarrowOop [56]=Oop [64]=Oop [88]=Oop [176]=Oop }
                      ;*checkcast {reexecute=0 rethrow=0 return_oop=0}
                      ; - jdk.internal.loader.URLClassPath$JarLoader::ensureOpen@31
                      ; - jdk.internal.loader.URLClassPath$JarLoader::getResource@1
                      ; - jdk.internal.loader.URLClassPath::getResource@53
                      ; - java.net.URLClassLoader$1::run@26
                      ; - java.net.URLClassLoader$1::run@1
                      ; - java.security.AccessController::executePrivileged@29
                      ; - java.security.AccessController::doPrivileged@13
                      ; - java.net.URLClassLoader::findClass@13
  0x000001f915c5eed0: 2c8c 90ff 

  0x000001f915c5eed4: ;   {other}
  0x000001f915c5eed4: 0f1f 8400 | c48c 00e2 | 4c8b d0e9 | dc05 0000 | 488b d8e9 | 8f03 0000 | 488b d8e9 | 8703 0000 
  0x000001f915c5eef4: e96a 0600 | 0048 8bd8 | e97a 0300 | 0048 8b6c | 2450 448b | 4424 5844 | 8944 2420 | 488b 9424 
  0x000001f915c5ef14: 8800 0000 | 4c8b c04c | 8b94 24a8 | 0000 004c | 8954 2438 | 4c8b 5424 | 684c 8954 | 2440 4c8b 
  0x000001f915c5ef34: 9424 b000 | 0000 4c89 | 5424 4890 

  0x000001f915c5ef40: ;   {optimized virtual_call}
  0x000001f915c5ef40: c5f8 77e8 

  0x000001f915c5ef44: ; ImmutableOopMap {[32]=NarrowOop [48]=Oop [56]=Oop [64]=Oop [72]=Oop [104]=Oop [136]=Oop [160]=Oop [168]=Oop [176]=Oop }
                      ;*invokevirtual addSuppressed {reexecute=0 rethrow=0 return_oop=0}
                      ; - java.util.jar.JarFile::getManifestFromReference@177
                      ; - java.util.jar.JarFile::getManifest@1
                      ; - jdk.internal.loader.URLClassPath$JarLoader$2::getManifest@22
                      ; - java.net.URLClassLoader::defineClass@34
                      ; - java.net.URLClassLoader$1::run@43
                      ; - java.net.URLClassLoader$1::run@1
                      ; - java.security.AccessController::executePrivileged@29
                      ; - java.security.AccessController::doPrivileged@13
                      ; - java.net.URLClassLoader::findClass@13
  0x000001f915c5ef44: 38ff 8fff 

  0x000001f915c5ef48: ;   {other}
  0x000001f915c5ef48: 0f1f 8400 | 388d 00e3 | e927 0500 | 0044 8b40 | 0849 ba00 | 0000 33f9 | 0100 004d | 03d0 488b 
  0x000001f915c5ef68: d0e9 0906 | 0000 e9b9 | 0400 00e9 | b404 0000 | 4889 8424 | 8800 0000 | e9af 0400 | 004c 8bd0 
  0x000001f915c5ef88: e933 0500 | 004c 8bd0 | e92b 0500 | 004c 8bd0 | e923 0500 | 004c 8bd0 | e91b 0500 | 004c 8bd0 
  0x000001f915c5efa8: e913 0500 | 004c 8bd0 | e90b 0500 | 004c 8bd0 | e903 0500 | 004c 8bd0 | e9fb 0400 | 004c 8bd0 
  0x000001f915c5efc8: e9f3 0400 | 004c 8bd0 | e9eb 0400 | 004c 8bd0 | e9e3 0400 | 004c 8bd0 | e9db 0400 | 004c 8bd0 
  0x000001f915c5efe8: e9d3 0400 | 004c 8bd0 | e9cb 0400 | 004c 8bd0 | e9c3 0400 | 004c 8bd0 | e9bb 0400 | 004c 8bd0 
  0x000001f915c5f008: e9b3 0400 | 0048 8944 | 2448 488b | 6c24 5044 | 8b5c 2458 | 4489 5c24 | 2048 8b54 | 2440 4c8b 
  0x000001f915c5f028: 9424 a800 | 0000 4c89 | 5424 404c | 8b54 2468 | 4c89 5424 | 504c 8b54 | 2460 4c89 

  0x000001f915c5f044: ;   {no_reloc}
  0x000001f915c5f044: 5424 5890 

  0x000001f915c5f048: ;   {static_call}
  0x000001f915c5f048: c5f8 77e8 

  0x000001f915c5f04c: ; ImmutableOopMap {[32]=NarrowOop [48]=Oop [56]=Oop [64]=Oop [72]=Oop [80]=Oop [88]=Oop [104]=Oop [160]=Oop [168]=Oop [176]=Oop }
                      ;*invokestatic endInit {reexecute=0 rethrow=0 return_oop=0}
                      ; - java.util.jar.JarFile::ensureInitialization@53
                      ; - java.util.jar.JavaUtilJarAccessImpl::ensureInitialization@1
                      ; - jdk.internal.loader.URLClassPath$JarLoader$2::getManifest@10
                      ; - java.net.URLClassLoader::defineClass@34
                      ; - java.net.URLClassLoader$1::run@43
                      ; - java.net.URLClassLoader$1::run@1
                      ; - java.security.AccessController::executePrivileged@29
                      ; - java.security.AccessController::doPrivileged@13
                      ; - java.net.URLClassLoader::findClass@13
  0x000001f915c5f04c: 3008 90ff 

  0x000001f915c5f050: ;   {other}
  0x000001f915c5f050: 0f1f 8400 | 408e 00e4 | 4c8b 5424 | 4849 8bda | e916 0200 | 0048 8bd8 | e90e 0200 | 00e9 f104 
  0x000001f915c5f070: 0000 e9ec | 0400 00e9 | e704 0000 | e9e2 0400 | 0044 8b40 | 0849 ba00 | 0000 33f9 | 0100 004d 
  0x000001f915c5f090: 03d0 488b | d0e9 dd04 | 0000 eb00 | 448b 5808 | 49ba 0000 | 0033 f901 | 0000 4d03 | d348 8bd0 
  0x000001f915c5f0b0: e9c2 0400 | 0044 8b58 | 0849 ba00 | 0000 33f9 | 0100 004d | 03d3 4d8b | 5a50 4c3b | dd0f 85d5 
  0x000001f915c5f0d0: 0400 0045 | 33c9 e9a4 | 0200 0048 | 8bd8 448b | 5808 49ba | 0000 0033 | f901 0000 | 4d03 d34d 
  0x000001f915c5f0f0: ;   {metadata('java/io/IOException')}
  0x000001f915c5f0f0: 8b52 4849 | bb58 5304 | 34f9 0100 | 004d 3bd3 | 0f85 7501 | 0000 4c8b | c849 8b87 | b801 0000 
  0x000001f915c5f110: 4c8b d049 | 83c2 284d | 3b97 c801 | 0000 0f83 | b804 0000 | 4d89 97b8 | 0100 004c | 8bd8 4983 
  0x000001f915c5f130: c310 48c7 | 0001 0000 | 0041 0f0d | 8ac0 0000 

  0x000001f915c5f140: ;   {metadata('java/lang/RuntimeException')}
  0x000001f915c5f140: 00c7 4008 | a8b7 0500 | 4489 600c | c5fd efc0 | 41b8 0700 | 0000 c4c1 | 7892 f862 | d1fe 2f7f 
  0x000001f915c5f160: 034c 894c | 2440 4c8b | d04c 8954 | 2448 488b | 6c24 5044 | 8b54 2458 | 4489 5424 | 2048 8b54 
  0x000001f915c5f180: 2448 4c8b | 4424 404c | 8b94 24a8 | 0000 004c | 8954 2440 | 4c8b 5424 | 684c 8954 | 2450 4c8b 
  0x000001f915c5f1a0: 9424 b000 | 0000 4c89 | 5424 5890 

  0x000001f915c5f1ac: ;   {optimized virtual_call}
  0x000001f915c5f1ac: c5f8 77e8 

  0x000001f915c5f1b0: ; ImmutableOopMap {[32]=NarrowOop [48]=Oop [56]=Oop [64]=Oop [72]=Oop [80]=Oop [88]=Oop [104]=Oop [160]=Oop [168]=Oop [176]=Oop }
                      ;*invokespecial <init> {reexecute=0 rethrow=0 return_oop=0}
                      ; - java.util.jar.JarFile::ensureInitialization@13
                      ; - java.util.jar.JavaUtilJarAccessImpl::ensureInitialization@1
                      ; - jdk.internal.loader.URLClassPath$JarLoader$2::getManifest@10
                      ; - java.net.URLClassLoader::defineClass@34
                      ; - java.net.URLClassLoader$1::run@43
                      ; - java.net.URLClassLoader$1::run@1
                      ; - java.security.AccessController::executePrivileged@29
                      ; - java.security.AccessController::doPrivileged@13
                      ; - java.net.URLClassLoader::findClass@13
  0x000001f915c5f1b0: ccfc 8fff 

  0x000001f915c5f1b4: ;   {other}
  0x000001f915c5f1b4: 0f1f 8400 | a48f 00e5 | 4c8b 5c24 | 3848 8d84 | 24f0 0000 | 0048 8338 | 000f 8479 | 0000 004d 
  0x000001f915c5f1d4: 8b13 41f6 | c202 0f84 | 6200 0000 | 4983 ba86 | 0000 0000 | 7409 49ff | 8a86 0000 | 00eb 4b49 
  0x000001f915c5f1f4: 8b82 9600 | 0000 490b | 828e 0000 | 0075 0a49 | c742 3e00 | 0000 00eb | 3d49 83ba | 9e00 0000 
  0x000001f915c5f214: 0074 2248 | 33c0 49c7 | 423e 0000 | 0000 f083 | 0424 0049 | 83ba 9e00 | 0000 0075 | 0df0 4d0f 
  0x000001f915c5f234: b17a 3e75 | 0583 c801 | eb0c a800 | eb08 4c8b | 10f0 4d0f | b113 750a | 49ff 8f50 | 0500 0045 
  0x000001f915c5f254: 33d2 0f85 | b503 0000 | 488b 6c24 | 5848 8b54 | 2448 6690 

  0x000001f915c5f268: ;   {runtime_call _rethrow_Java}
  0x000001f915c5f268: c5f8 77e8 

  0x000001f915c5f26c: ; ImmutableOopMap {rbp=Oop [48]=Oop [64]=Oop [80]=Oop [168]=Oop }
                      ;*invokevirtual defineClass {reexecute=0 rethrow=0 return_oop=1}
                      ; - java.net.URLClassLoader$1::run@43
                      ; - java.net.URLClassLoader$1::run@1
                      ; - java.security.AccessController::executePrivileged@29
                      ; - java.security.AccessController::doPrivileged@13
                      ; - java.net.URLClassLoader::findClass@13
  0x000001f915c5f26c: 10bc 95ff 

  0x000001f915c5f270: ;   {other}
  0x000001f915c5f270: 0f1f 8400 | 6090 00e6 | 488b d84c | 8b5c 2438 | 488d 8424 | f000 0000 | 4883 3800 | 0f84 7900 
  0x000001f915c5f290: 0000 4d8b | 1341 f6c2 | 020f 8462 | 0000 0049 | 83ba 8600 | 0000 0074 | 0949 ff8a | 8600 0000 
  0x000001f915c5f2b0: eb4b 498b | 8296 0000 | 0049 0b82 | 8e00 0000 | 750a 49c7 | 423e 0000 | 0000 eb3d | 4983 ba9e 
  0x000001f915c5f2d0: 0000 0000 | 7422 4833 | c049 c742 | 3e00 0000 | 00f0 8304 | 2400 4983 | ba9e 0000 | 0000 750d 
  0x000001f915c5f2f0: f04d 0fb1 | 7a3e 7505 | 83c8 01eb | 0ca8 00eb | 084c 8b10 | f04d 0fb1 | 1375 0a49 | ff8f 5005 
  0x000001f915c5f310: 0000 4533 | d20f 84a8 | 0100 0049 | 8bcb 488d | 9424 f000 | 0000 4d8b | c7c5 f877 | 49ba 40d9 
  0x000001f915c5f330: f015 fb7f | 0000 41ff 

  0x000001f915c5f338: ;   {other}
  0x000001f915c5f338: d20f 1f84 | 0000 0000 | 00e9 7d01 | 0000 4c8b | d0e9 7201 | 0000 4c8b | d0e9 6a01 | 0000 e908 
  0x000001f915c5f358: 0200 00e9 | 0302 0000 | 448b 4008 | 49ba 0000 | 0033 f901 | 0000 4d03 | d04d 8b5a | 504c 3bdd 
  0x000001f915c5f378: 7566 4c8b | 4c24 2848 | 8b94 24b0 | 0000 004c | 8b44 2438 | 488b 7c24 | 2048 8bac | 24a8 0000 
  0x000001f915c5f398: 0066 6690 

  0x000001f915c5f39c: ;   {optimized virtual_call}
  0x000001f915c5f39c: c5f8 77e8 

  0x000001f915c5f3a0: ; ImmutableOopMap {rbp=Oop [32]=Oop [48]=Oop [56]=Oop [104]=Oop [136]=NarrowOop [168]=Oop [176]=Oop }
                      ;*invokevirtual getAndVerifyPackage {reexecute=0 rethrow=0 return_oop=1}
                      ; - java.net.URLClassLoader::defineClass@97
                      ; - java.net.URLClassLoader$1::run@43
                      ; - java.net.URLClassLoader$1::run@1
                      ; - java.security.AccessController::executePrivileged@29
                      ; - java.security.AccessController::doPrivileged@13
                      ; - java.net.URLClassLoader::findClass@13
  0x000001f915c5f3a0: dcfa 8fff 

  0x000001f915c5f3a4: ;   {other}
  0x000001f915c5f3a4: 0f1f 8400 | 9491 00e7 | 4885 c00f | 8597 88ff | ffba fd00 | 0000 4c8b | 5424 304c | 8954 2420 
  0x000001f915c5f3c4: 4c8b 5424 | 384c 8954 | 2430 6690 

  0x000001f915c5f3d0: ;   {runtime_call UncommonTrapBlob}
  0x000001f915c5f3d0: c5f8 77e8 

  0x000001f915c5f3d4: ; ImmutableOopMap {rbp=Oop [32]=Oop [48]=Oop [104]=Oop [176]=Oop }
                      ;*new {reexecute=0 rethrow=0 return_oop=0}
                      ; - java.net.URLClassLoader::defineClass@103
                      ; - java.net.URLClassLoader$1::run@43
                      ; - java.net.URLClassLoader$1::run@1
                      ; - java.security.AccessController::executePrivileged@29
                      ; - java.security.AccessController::doPrivileged@13
                      ; - java.net.URLClassLoader::findClass@13
  0x000001f915c5f3d4: 2887 90ff 

  0x000001f915c5f3d8: ;   {other}
  0x000001f915c5f3d8: 0f1f 8400 | c891 00e8 | 488b d0e9 | 8f01 0000 | 4c8b d0e9 | d000 0000 | 4c8b d0e9 | c800 0000 
  0x000001f915c5f3f8: 4c8b d0e9 | c000 0000 | 4c8b d0e9 | b800 0000 | 4c8b d0e9 | b000 0000 | 4c8b d0e9 | a800 0000 
  0x000001f915c5f418: 4c8b d0e9 | a000 0000 | e93e 0100 | 00e9 3901 | 0000 eb00 | 4889 8424 | 8800 0000 | 4c8b 5424 
  0x000001f915c5f438: 204d 85d2 | 743e 498b | d248 8bac | 24a8 0000 | 004c 8b54 | 2468 4c89 | 5424 284c | 8b94 24b0 
  0x000001f915c5f458: 0000 004c | 8954 2438 | 6690 c5f8 | 7748 b8ff | ffff ffff 

  0x000001f915c5f46c: ;   {virtual_call}
  0x000001f915c5f46c: ffff ffe8 

  0x000001f915c5f470: ; ImmutableOopMap {rbp=Oop [40]=Oop [48]=Oop [56]=Oop [88]=NarrowOop [104]=Oop [136]=Oop [160]=Oop [168]=Oop [176]=Oop }
                      ;*invokevirtual close {reexecute=0 rethrow=0 return_oop=0}
                      ; - java.util.jar.JarFile::getManifestFromReference@165
                      ; - java.util.jar.JarFile::getManifest@1
                      ; - jdk.internal.loader.URLClassPath$JarLoader$2::getManifest@22
                      ; - java.net.URLClassLoader::defineClass@34
                      ; - java.net.URLClassLoader$1::run@43
                      ; - java.net.URLClassLoader$1::run@1
                      ; - java.security.AccessController::executePrivileged@29
                      ; - java.security.AccessController::doPrivileged@13
                      ; - java.net.URLClassLoader::findClass@13
  0x000001f915c5f470: 0cff 8fff 

  0x000001f915c5f474: ;   {other}
  0x000001f915c5f474: 0f1f 8400 | 6492 00e9 | 4c8b 9424 | 8800 0000 | eb3a e9d8 | 0000 00e9 | d300 0000 | e9ce 0000 
  0x000001f915c5f494: 00e9 c900 | 0000 e9c4 | 0000 00e9 | bf00 0000 | e9ba 0000 | 00e9 b500 | 0000 e9b0 | 0000 00e9 
  0x000001f915c5f4b4: ab00 0000 | e9a6 0000 | 004c 8bd0 | 498b da44 | 8b5b 0849 | ba00 0000 | 33f9 0100 | 004d 03d3 
  0x000001f915c5f4d4: 488b d3e9 | 9b00 0000 | 448b 4008 | 49ba 0000 | 0033 f901 | 0000 4d03 | d048 8bd0 | e982 0000 
  0x000001f915c5f4f4: 0044 8b40 | 0849 ba00 | 0000 33f9 | 0100 004d | 03d0 488b | d0eb 6c44 | 8b40 0849 | ba00 0000 
  0x000001f915c5f514: 33f9 0100 | 004d 03d0 | 488b d0eb | 5644 8b40 | 0849 ba00 | 0000 33f9 | 0100 004d | 03d0 488b 
  0x000001f915c5f534: d0eb 4044 | 8b40 0849 | ba00 0000 | 33f9 0100 | 004d 03d0 | 488b d0eb | 2a44 8b40 | 0849 ba00 
  0x000001f915c5f554: 0000 33f9 | 0100 004d | 03d0 488b | d0eb 1444 | 8b40 0849 | ba00 0000 | 33f9 0100 

  0x000001f915c5f570: ;   {no_reloc}
  0x000001f915c5f570: 004d 03d0 | 488b d04d 

  0x000001f915c5f578: ;   {metadata('java/io/IOException')}
  0x000001f915c5f578: 8b52 4849 | bb58 5304 | 34f9 0100 | 004d 3bd3 | 7423 4c8b | 9424 a800 | 0000 4c89 | 5424 2090 
  0x000001f915c5f598: ;   {runtime_call _rethrow_Java}
  0x000001f915c5f598: c5f8 77e8 

  0x000001f915c5f59c: ; ImmutableOopMap {[32]=Oop [48]=Oop [104]=Oop [168]=Oop [176]=Oop }
                      ;*invokevirtual defineClass {reexecute=0 rethrow=0 return_oop=1}
                      ; - java.net.URLClassLoader$1::run@43
                      ; - java.net.URLClassLoader$1::run@1
                      ; - java.security.AccessController::executePrivileged@29
                      ; - java.security.AccessController::doPrivileged@13
                      ; - java.net.URLClassLoader::findClass@13
  0x000001f915c5f59c: e0b8 95ff 

  0x000001f915c5f5a0: ;   {other}
  0x000001f915c5f5a0: 0f1f 8400 | 9093 00ea | 488b d0eb | ca48 8bea | ba2f 0000 | 004c 8b94 | 24a8 0000 | 004c 8954 
  0x000001f915c5f5c0: 2420 4c8b | 5424 304c | 8954 2428 

  0x000001f915c5f5cc: ;   {runtime_call UncommonTrapBlob}
  0x000001f915c5f5cc: c5f8 77e8 

  0x000001f915c5f5d0: ; ImmutableOopMap {rbp=Oop [32]=Oop [40]=Oop [176]=Oop }
                      ;*new {reexecute=0 rethrow=0 return_oop=0}
                      ; - java.net.URLClassLoader$1::run@48
                      ; - java.net.URLClassLoader$1::run@1
                      ; - java.security.AccessController::executePrivileged@29
                      ; - java.security.AccessController::doPrivileged@13
                      ; - java.net.URLClassLoader::findClass@13
  0x000001f915c5f5d0: 2c85 90ff 

  0x000001f915c5f5d4: ;   {other}
  0x000001f915c5f5d4: 0f1f 8400 | c493 00eb | 4c89 4c24 

  0x000001f915c5f5e0: ;   {metadata('java/lang/RuntimeException')}
  0x000001f915c5f5e0: 4048 baa8 | b705 33f9 | 0100 0048 | 8b6c 2420 | 4c8b 5424 | 684c 8954 | 2428 6690 

  0x000001f915c5f5fc: ;   {runtime_call _new_instance_Java}
  0x000001f915c5f5fc: c5f8 77e8 

  0x000001f915c5f600: ; ImmutableOopMap {rbp=Oop [40]=Oop [48]=Oop [56]=Oop [64]=Oop [72]=Oop [88]=NarrowOop [104]=Oop [160]=Oop [168]=Oop [176]=Oop }
                      ;*new {reexecute=0 rethrow=0 return_oop=1}
                      ; - java.util.jar.JarFile::ensureInitialization@8
                      ; - java.util.jar.JavaUtilJarAccessImpl::ensureInitialization@1
                      ; - jdk.internal.loader.URLClassPath$JarLoader$2::getManifest@10
                      ; - java.net.URLClassLoader::defineClass@34
                      ; - java.net.URLClassLoader$1::run@43
                      ; - java.net.URLClassLoader$1::run@1
                      ; - java.security.AccessController::executePrivileged@29
                      ; - java.security.AccessController::doPrivileged@13
                      ; - java.net.URLClassLoader::findClass@13
  0x000001f915c5f600: 7c58 95ff 

  0x000001f915c5f604: ;   {other}
  0x000001f915c5f604: 0f1f 8400 | f493 00ec | e955 fbff | ff49 8bcb | 488d 9424 | f000 0000 | 4d8b c7c5 | f877 49ba 
  0x000001f915c5f624: 40d9 f015 | fb7f 0000 

  0x000001f915c5f62c: ;   {other}
  0x000001f915c5f62c: 41ff d20f | 1f84 0000 | 0000 00e9 | 20fc ffff 

  0x000001f915c5f63c: ;   {internal_word}
  0x000001f915c5f63c: 49ba 2e7e | c515 f901 | 0000 4d89 | 9768 0400 

  0x000001f915c5f64c: ;   {runtime_call SafepointBlob}
  0x000001f915c5f64c: 00e9 2e73 

  0x000001f915c5f650: ;   {runtime_call StubRoutines (final stubs)}
  0x000001f915c5f650: 90ff e889 | 8c8e ffe9 | 8275 ffff | f4f4 f4f4 
[Stub Code]
  0x000001f915c5f660: ;   {no_reloc}
  0x000001f915c5f660: 48bb 0000 | 0000 0000 

  0x000001f915c5f668: ;   {runtime_call nmethod}
  0x000001f915c5f668: 0000 e9fb 

  0x000001f915c5f66c: ;   {static_stub}
  0x000001f915c5f66c: ffff ff48 | bb00 0000 | 0000 0000 

  0x000001f915c5f678: ;   {runtime_call nmethod}
  0x000001f915c5f678: 00e9 fbff 

  0x000001f915c5f67c: ;   {static_stub}
  0x000001f915c5f67c: ffff 48bb | 0000 0000 | 0000 0000 

  0x000001f915c5f688: ;   {runtime_call nmethod}
  0x000001f915c5f688: e9fb ffff 

  0x000001f915c5f68c: ;   {static_stub}
  0x000001f915c5f68c: ff48 bb00 | 0000 0000 

  0x000001f915c5f694: ;   {runtime_call nmethod}
  0x000001f915c5f694: 0000 00e9 | fbff ffff 

  0x000001f915c5f69c: ;   {static_stub}
  0x000001f915c5f69c: 48bb a800 | 1733 f901 

  0x000001f915c5f6a4: ;   {runtime_call I2C/C2I adapters}
  0x000001f915c5f6a4: 0000 e9b8 

  0x000001f915c5f6a8: ;   {static_stub}
  0x000001f915c5f6a8: 4790 ff48 | bb00 0000 | 0000 0000 

  0x000001f915c5f6b4: ;   {runtime_call nmethod}
  0x000001f915c5f6b4: 00e9 fbff 

  0x000001f915c5f6b8: ;   {static_stub}
  0x000001f915c5f6b8: ffff 48bb | 702c 2133 | f901 0000 

  0x000001f915c5f6c4: ;   {runtime_call I2C/C2I adapters}
  0x000001f915c5f6c4: e99a 4790 

  0x000001f915c5f6c8: ;   {static_stub}
  0x000001f915c5f6c8: ff48 bb00 | 0000 0000 

  0x000001f915c5f6d0: ;   {runtime_call nmethod}
  0x000001f915c5f6d0: 0000 00e9 | fbff ffff 

  0x000001f915c5f6d8: ;   {static_stub}
  0x000001f915c5f6d8: 48bb 0000 | 0000 0000 

  0x000001f915c5f6e0: ;   {runtime_call nmethod}
  0x000001f915c5f6e0: 0000 e9fb 

  0x000001f915c5f6e4: ;   {static_stub}
  0x000001f915c5f6e4: ffff ff48 | bb00 0000 | 0000 0000 

  0x000001f915c5f6f0: ;   {runtime_call nmethod}
  0x000001f915c5f6f0: 00e9 fbff 

  0x000001f915c5f6f4: ;   {static_stub}
  0x000001f915c5f6f4: ffff 48bb | 0000 0000 | 0000 0000 

  0x000001f915c5f700: ;   {runtime_call nmethod}
  0x000001f915c5f700: e9fb ffff 

  0x000001f915c5f704: ;   {static_stub}
  0x000001f915c5f704: ff48 bb00 | 0000 0000 

  0x000001f915c5f70c: ;   {runtime_call nmethod}
  0x000001f915c5f70c: 0000 00e9 | fbff ffff 

  0x000001f915c5f714: ;   {static_stub}
  0x000001f915c5f714: 48bb 0000 | 0000 0000 

  0x000001f915c5f71c: ;   {runtime_call nmethod}
  0x000001f915c5f71c: 0000 e9fb 

  0x000001f915c5f720: ;   {static_stub}
  0x000001f915c5f720: ffff ff48 | bb00 0000 | 0000 0000 

  0x000001f915c5f72c: ;   {runtime_call nmethod}
  0x000001f915c5f72c: 00e9 fbff 

  0x000001f915c5f730: ;   {static_stub}
  0x000001f915c5f730: ffff 48bb | 0000 0000 | 0000 0000 

  0x000001f915c5f73c: ;   {runtime_call nmethod}
  0x000001f915c5f73c: e9fb ffff 

  0x000001f915c5f740: ;   {static_stub}
  0x000001f915c5f740: ff48 bb00 | 0000 0000 

  0x000001f915c5f748: ;   {runtime_call nmethod}
  0x000001f915c5f748: 0000 00e9 | fbff ffff 

  0x000001f915c5f750: ;   {static_stub}
  0x000001f915c5f750: 48bb 0000 | 0000 0000 

  0x000001f915c5f758: ;   {runtime_call nmethod}
  0x000001f915c5f758: 0000 e9fb 

  0x000001f915c5f75c: ;   {static_stub}
  0x000001f915c5f75c: ffff ff48 | bb00 0000 | 0000 0000 

  0x000001f915c5f768: ;   {runtime_call nmethod}
  0x000001f915c5f768: 00e9 fbff 

  0x000001f915c5f76c: ;   {static_stub}
  0x000001f915c5f76c: ffff 48bb | 0000 0000 | 0000 0000 

  0x000001f915c5f778: ;   {runtime_call nmethod}
  0x000001f915c5f778: e9fb ffff 

  0x000001f915c5f77c: ;   {static_stub}
  0x000001f915c5f77c: ff48 bb00 | 0000 0000 

  0x000001f915c5f784: ;   {runtime_call nmethod}
  0x000001f915c5f784: 0000 00e9 | fbff ffff 

  0x000001f915c5f78c: ;   {static_stub}
  0x000001f915c5f78c: 48bb 0000 | 0000 0000 

  0x000001f915c5f794: ;   {runtime_call nmethod}
  0x000001f915c5f794: 0000 e9fb 

  0x000001f915c5f798: ;   {static_stub}
  0x000001f915c5f798: ffff ff48 | bb00 0000 | 0000 0000 

  0x000001f915c5f7a4: ;   {runtime_call nmethod}
  0x000001f915c5f7a4: 00e9 fbff 

  0x000001f915c5f7a8: ;   {static_stub}
  0x000001f915c5f7a8: ffff 48bb | 0000 0000 | 0000 0000 

  0x000001f915c5f7b4: ;   {runtime_call nmethod}
  0x000001f915c5f7b4: e9fb ffff 

  0x000001f915c5f7b8: ;   {static_stub}
  0x000001f915c5f7b8: ff48 bb00 | 0000 0000 

  0x000001f915c5f7c0: ;   {runtime_call nmethod}
  0x000001f915c5f7c0: 0000 00e9 | fbff ffff 

  0x000001f915c5f7c8: ;   {static_stub}
  0x000001f915c5f7c8: 48bb 0000 | 0000 0000 

  0x000001f915c5f7d0: ;   {runtime_call nmethod}
  0x000001f915c5f7d0: 0000 e9fb 

  0x000001f915c5f7d4: ;   {static_stub}
  0x000001f915c5f7d4: ffff ff48 | bb00 0000 | 0000 0000 

  0x000001f915c5f7e0: ;   {runtime_call nmethod}
  0x000001f915c5f7e0: 00e9 fbff 

  0x000001f915c5f7e4: ;   {static_stub}
  0x000001f915c5f7e4: ffff 48bb | 0000 0000 | 0000 0000 

  0x000001f915c5f7f0: ;   {runtime_call nmethod}
  0x000001f915c5f7f0: e9fb ffff 

  0x000001f915c5f7f4: ;   {static_stub}
  0x000001f915c5f7f4: ff48 bb00 | 0000 0000 

  0x000001f915c5f7fc: ;   {runtime_call nmethod}
  0x000001f915c5f7fc: 0000 00e9 | fbff ffff 

  0x000001f915c5f804: ;   {static_stub}
  0x000001f915c5f804: 48bb 0000 | 0000 0000 

  0x000001f915c5f80c: ;   {runtime_call nmethod}
  0x000001f915c5f80c: 0000 e9fb 

  0x000001f915c5f810: ;   {static_stub}
  0x000001f915c5f810: ffff ff48 | bb00 0000 | 0000 0000 

  0x000001f915c5f81c: ;   {runtime_call nmethod}
  0x000001f915c5f81c: 00e9 fbff 

  0x000001f915c5f820: ;   {static_stub}
  0x000001f915c5f820: ffff 48bb | 0000 0000 | 0000 0000 

  0x000001f915c5f82c: ;   {runtime_call nmethod}
  0x000001f915c5f82c: e9fb ffff 

  0x000001f915c5f830: ;   {static_stub}
  0x000001f915c5f830: ff48 bb00 | 0000 0000 

  0x000001f915c5f838: ;   {runtime_call nmethod}
  0x000001f915c5f838: 0000 00e9 | fbff ffff 

  0x000001f915c5f840: ;   {static_stub}
  0x000001f915c5f840: 48bb 0000 | 0000 0000 

  0x000001f915c5f848: ;   {runtime_call nmethod}
  0x000001f915c5f848: 0000 e9fb 

  0x000001f915c5f84c: ;   {static_stub}
  0x000001f915c5f84c: ffff ff48 | bb00 0000 | 0000 0000 

  0x000001f915c5f858: ;   {runtime_call nmethod}
  0x000001f915c5f858: 00e9 fbff 

  0x000001f915c5f85c: ;   {static_stub}
  0x000001f915c5f85c: ffff 48bb | d8dd 1633 | f901 0000 

  0x000001f915c5f868: ;   {runtime_call I2C/C2I adapters}
  0x000001f915c5f868: e9fa 4f90 

  0x000001f915c5f86c: ;   {static_stub}
  0x000001f915c5f86c: ff48 bb00 | 0000 0000 

  0x000001f915c5f874: ;   {runtime_call nmethod}
  0x000001f915c5f874: 0000 00e9 | fbff ffff 

  0x000001f915c5f87c: ;   {static_stub}
  0x000001f915c5f87c: 48bb 0000 | 0000 0000 

  0x000001f915c5f884: ;   {runtime_call nmethod}
  0x000001f915c5f884: 0000 e9fb 

  0x000001f915c5f888: ;   {static_stub}
  0x000001f915c5f888: ffff ff48 | bb00 0000 | 0000 0000 

  0x000001f915c5f894: ;   {runtime_call nmethod}
  0x000001f915c5f894: 00e9 fbff 

  0x000001f915c5f898: ;   {static_stub}
  0x000001f915c5f898: ffff 48bb | 0000 0000 | 0000 0000 

  0x000001f915c5f8a4: ;   {runtime_call nmethod}
  0x000001f915c5f8a4: e9fb ffff 

  0x000001f915c5f8a8: ;   {static_stub}
  0x000001f915c5f8a8: ff48 bb00 | 0000 0000 

  0x000001f915c5f8b0: ;   {runtime_call nmethod}
  0x000001f915c5f8b0: 0000 00e9 | fbff ffff 

  0x000001f915c5f8b8: ;   {static_stub}
  0x000001f915c5f8b8: 48bb 0000 | 0000 0000 

  0x000001f915c5f8c0: ;   {runtime_call nmethod}
  0x000001f915c5f8c0: 0000 e9fb 

  0x000001f915c5f8c4: ;   {static_stub}
  0x000001f915c5f8c4: ffff ff48 | bb00 0000 | 0000 0000 

  0x000001f915c5f8d0: ;   {runtime_call nmethod}
  0x000001f915c5f8d0: 00e9 fbff 

  0x000001f915c5f8d4: ;   {static_stub}
  0x000001f915c5f8d4: ffff 48bb | 0000 0000 | 0000 0000 

  0x000001f915c5f8e0: ;   {runtime_call nmethod}
  0x000001f915c5f8e0: e9fb ffff 

  0x000001f915c5f8e4: ;   {static_stub}
  0x000001f915c5f8e4: ff48 bb00 | 0000 0000 

  0x000001f915c5f8ec: ;   {runtime_call nmethod}
  0x000001f915c5f8ec: 0000 00e9 | fbff ffff 
[Exception Handler]
  0x000001f915c5f8f4: ;   {runtime_call ExceptionBlob}
  0x000001f915c5f8f4: e987 5895 | ffe8 0000 | 0000 4883 

  0x000001f915c5f900: ;   {runtime_call DeoptimizationBlob}
  0x000001f915c5f900: 2c24 05e9 | 1885 90ff 
[/MachCode]


---------------  P R O C E S S  ---------------

Threads class SMR info:
_java_thread_list=0x000001f979dfd7c0, length=33, elements={
0x000001f900228750, 0x000001f9320079e0, 0x000001f932008fb0, 0x000001f93200e6a0,
0x000001f932011110, 0x000001f932011b70, 0x000001f9320125d0, 0x000001f932013360,
0x000001f93201d4f0, 0x000001f93296a7e0, 0x000001f932996980, 0x000001f9328a31c0,
0x000001f9327f00a0, 0x000001f9789f88f0, 0x000001f932a8ba80, 0x000001f978a5f650,
0x000001f978119510, 0x000001f979637710, 0x000001f9328532c0, 0x000001f932853fe0,
0x000001f9328560b0, 0x000001f932854670, 0x000001f932854d00, 0x000001f932855390,
0x000001f932855a20, 0x000001f97b36f8e0, 0x000001f97b36ff70, 0x000001f97b370c90,
0x000001f97b371320, 0x000001f97b36ebc0, 0x000001f97b370600, 0x000001f97b36dea0,
0x000001f97b3719b0
}

Java Threads: ( => current thread )
  0x000001f900228750 JavaThread "main"                              [_thread_blocked, id=76892, stack(0x000000867aa00000,0x000000867ab00000) (1024K)]
  0x000001f9320079e0 JavaThread "Reference Handler"          daemon [_thread_blocked, id=66740, stack(0x000000867b200000,0x000000867b300000) (1024K)]
  0x000001f932008fb0 JavaThread "Finalizer"                  daemon [_thread_blocked, id=78884, stack(0x000000867b300000,0x000000867b400000) (1024K)]
  0x000001f93200e6a0 JavaThread "Signal Dispatcher"          daemon [_thread_blocked, id=76812, stack(0x000000867b400000,0x000000867b500000) (1024K)]
  0x000001f932011110 JavaThread "Attach Listener"            daemon [_thread_blocked, id=76908, stack(0x000000867b500000,0x000000867b600000) (1024K)]
  0x000001f932011b70 JavaThread "Service Thread"             daemon [_thread_blocked, id=79624, stack(0x000000867b600000,0x000000867b700000) (1024K)]
  0x000001f9320125d0 JavaThread "Monitor Deflation Thread"   daemon [_thread_blocked, id=78612, stack(0x000000867b700000,0x000000867b800000) (1024K)]
  0x000001f932013360 JavaThread "C2 CompilerThread0"         daemon [_thread_blocked, id=74308, stack(0x000000867b800000,0x000000867b900000) (1024K)]
  0x000001f93201d4f0 JavaThread "C1 CompilerThread0"         daemon [_thread_blocked, id=80448, stack(0x000000867b900000,0x000000867ba00000) (1024K)]
  0x000001f93296a7e0 JavaThread "Common-Cleaner"             daemon [_thread_blocked, id=81128, stack(0x000000867ba00000,0x000000867bb00000) (1024K)]
  0x000001f932996980 JavaThread "Notification Thread"        daemon [_thread_blocked, id=73716, stack(0x000000867bb00000,0x000000867bc00000) (1024K)]
  0x000001f9328a31c0 JavaThread "Daemon health stats"               [_thread_blocked, id=80084, stack(0x000000867c100000,0x000000867c200000) (1024K)]
  0x000001f9327f00a0 JavaThread "Incoming local TCP Connector on port 6294"        [_thread_in_native, id=14772, stack(0x000000867c200000,0x000000867c300000) (1024K)]
  0x000001f9789f88f0 JavaThread "Daemon periodic checks"            [_thread_blocked, id=1684, stack(0x000000867c300000,0x000000867c400000) (1024K)]
  0x000001f932a8ba80 JavaThread "Daemon"                            [_thread_blocked, id=77160, stack(0x000000867c400000,0x000000867c500000) (1024K)]
  0x000001f978a5f650 JavaThread "Handler for socket connection from /127.0.0.1:6294 to /127.0.0.1:6299"        [_thread_in_native, id=80600, stack(0x000000867c500000,0x000000867c600000) (1024K)]
  0x000001f978119510 JavaThread "Cancel handler"                    [_thread_blocked, id=75864, stack(0x000000867c600000,0x000000867c700000) (1024K)]
=>0x000001f979637710 JavaThread "Daemon worker"                     [_thread_in_vm, id=77648, stack(0x000000867c700000,0x000000867c800000) (1024K)]
  0x000001f9328532c0 JavaThread "Asynchronous log dispatcher for DefaultDaemonConnection: socket connection from /127.0.0.1:6294 to /127.0.0.1:6299"        [_thread_blocked, id=41432, stack(0x000000867c800000,0x000000867c900000) (1024K)]
  0x000001f932853fe0 JavaThread "Stdin handler"                     [_thread_blocked, id=79716, stack(0x000000867c900000,0x000000867ca00000) (1024K)]
  0x000001f9328560b0 JavaThread "Daemon client event forwarder"        [_thread_blocked, id=46924, stack(0x000000867ca00000,0x000000867cb00000) (1024K)]
  0x000001f932854670 JavaThread "Cache worker for journal cache (C:\Users\Lenovo\.gradle\caches\journal-1)"        [_thread_blocked, id=79180, stack(0x000000867cb00000,0x000000867cc00000) (1024K)]
  0x000001f932854d00 JavaThread "File lock request listener"        [_thread_in_native, id=81144, stack(0x000000867cc00000,0x000000867cd00000) (1024K)]
  0x000001f932855390 JavaThread "File lock release action executor"        [_thread_blocked, id=79628, stack(0x000000867cd00000,0x000000867ce00000) (1024K)]
  0x000001f932855a20 JavaThread "Cache worker for file hash cache (C:\Users\Lenovo\.gradle\caches\9.3.1\fileHashes)"        [_thread_blocked, id=68156, stack(0x000000867ce00000,0x000000867cf00000) (1024K)]
  0x000001f97b36f8e0 JavaThread "Cache worker for file hash cache (C:\Users\Lenovo\Downloads\task-assessment\mobile\flutter_application_1\android\.gradle\9.3.1\fileHashes)"        [_thread_blocked, id=83512, stack(0x000000867d000000,0x000000867d100000) (1024K)]
  0x000001f97b36ff70 JavaThread "Cache worker for Build Output Cleanup Cache (C:\Users\Lenovo\Downloads\task-assessment\mobile\flutter_application_1\android\.gradle\buildOutputCleanup)"        [_thread_blocked, id=83548, stack(0x000000867d100000,0x000000867d200000) (1024K)]
  0x000001f97b370c90 JavaThread "File watcher server"        daemon [_thread_in_native, id=83708, stack(0x000000867d200000,0x000000867d300000) (1024K)]
  0x000001f97b371320 JavaThread "File watcher consumer"      daemon [_thread_blocked, id=83712, stack(0x000000867d300000,0x000000867d400000) (1024K)]
  0x000001f97b36ebc0 JavaThread "Cache worker for checksums cache (C:\Users\Lenovo\Downloads\task-assessment\mobile\flutter_application_1\android\.gradle\9.3.1\checksums)"        [_thread_blocked, id=81640, stack(0x000000867d400000,0x000000867d500000) (1024K)]
  0x000001f97b370600 JavaThread "Cache worker for file content cache (C:\Users\Lenovo\.gradle\caches\9.3.1\fileContent)"        [_thread_blocked, id=83008, stack(0x000000867d500000,0x000000867d600000) (1024K)]
  0x000001f97b36dea0 JavaThread "Cache worker for cache directory md-supplier (C:\Users\Lenovo\.gradle\caches\9.3.1\md-supplier)"        [_thread_blocked, id=76888, stack(0x000000867d600000,0x000000867d700000) (1024K)]
  0x000001f97b3719b0 JavaThread "Cache worker for cache directory md-rule (C:\Users\Lenovo\.gradle\caches\9.3.1\md-rule)"        [_thread_blocked, id=83392, stack(0x000000867d700000,0x000000867d800000) (1024K)]
Total: 33

Other Threads:
  0x000001f931fe8440 VMThread "VM Thread"                           [id=77780, stack(0x000000867b100000,0x000000867b200000) (1024K)] _threads_hazard_ptr=0x000001f979dfd7c0
  0x000001f931fd6330 WatcherThread "VM Periodic Task Thread"        [id=77712, stack(0x000000867b000000,0x000000867b100000) (1024K)]
  0x000001f9026885a0 WorkerThread "GC Thread#0"                     [id=76896, stack(0x000000867ab00000,0x000000867ac00000) (1024K)]
  0x000001f932a23180 WorkerThread "GC Thread#1"                     [id=69560, stack(0x000000867bc00000,0x000000867bd00000) (1024K)]
  0x000001f932a23530 WorkerThread "GC Thread#2"                     [id=75896, stack(0x000000867bd00000,0x000000867be00000) (1024K)]
  0x000001f932a238e0 WorkerThread "GC Thread#3"                     [id=9552, stack(0x000000867be00000,0x000000867bf00000) (1024K)]
  0x000001f932a23c90 WorkerThread "GC Thread#4"                     [id=75024, stack(0x000000867bf00000,0x000000867c000000) (1024K)]
  0x000001f932b62320 WorkerThread "GC Thread#5"                     [id=82428, stack(0x000000867c000000,0x000000867c100000) (1024K)]
  0x000001f978e2c330 WorkerThread "GC Thread#6"                     [id=82848, stack(0x000000867a800000,0x000000867a900000) (1024K)]
  0x000001f978e2bf80 WorkerThread "GC Thread#7"                     [id=68748, stack(0x000000867a900000,0x000000867aa00000) (1024K)]
  0x000001f9026994a0 ConcurrentGCThread "G1 Main Marker"            [id=76900, stack(0x000000867ac00000,0x000000867ad00000) (1024K)]
  0x000001f90269aed0 WorkerThread "G1 Conc#0"                       [id=76904, stack(0x000000867ad00000,0x000000867ae00000) (1024K)]
  0x000001f978e2ca90 WorkerThread "G1 Conc#1"                       [id=50972, stack(0x000000867cf00000,0x000000867d000000) (1024K)]
  0x000001f931ea4eb0 ConcurrentGCThread "G1 Refine#0"               [id=76912, stack(0x000000867ae00000,0x000000867af00000) (1024K)]
  0x000001f931ea5940 ConcurrentGCThread "G1 Service"                [id=77184, stack(0x000000867af00000,0x000000867b000000) (1024K)]
Total: 15

Threads with active compile tasks:
Total: 0

VM state: synchronizing (normal execution)

VM Mutex/Monitor currently owned by a thread:  ([mutex/lock_event])
[0x00007ffb1648d530] Metaspace_lock - owner thread: 0x000001f979637710
[0x00007ffb1648f5b0] Threads_lock - owner thread: 0x000001f931fe8440

Heap address: 0x0000000600000000, size: 8192 MB, Compressed Oops mode: Zero based, Oop shift amount: 3

CDS archive(s) mapped at: [0x000001f933000000-0x000001f933ba0000-0x000001f933ba0000), size 12189696, SharedBaseAddress: 0x000001f933000000, ArchiveRelocationMode: 1.
Compressed class space mapped at: 0x000001f934000000-0x000001f974000000, reserved size: 1073741824
Narrow klass base: 0x000001f933000000, Narrow klass shift: 0, Narrow klass range: 0x100000000

GC Precious Log:
 CardTable entry size: 512
 Card Set container configuration: InlinePtr #cards 4 size 8 Array Of Cards #cards 32 size 80 Howl #buckets 8 coarsen threshold 7372 Howl Bitmap #cards 1024 size 144 coarsen threshold 921 Card regions per heap region 1 cards per card region 8192
 CPUs: 8 total, 8 available
 Memory: 16086M
 Large Page Support: Disabled
 NUMA Support: Disabled
 Compressed Oops: Enabled (Zero based)
 Heap Region Size: 4M
 Heap Min Capacity: 8M
 Heap Initial Capacity: 252M
 Heap Max Capacity: 8G
 Pre-touch: Disabled
 Parallel Workers: 8
 Concurrent Workers: 2
 Concurrent Refinement Workers: 8
 Periodic GC: Disabled

Heap:
 garbage-first heap   total 102400K, used 29532K [0x0000000600000000, 0x0000000800000000)
  region size 4096K, 3 young (12288K), 2 survivors (8192K)
 Metaspace       used 34685K, committed 36032K, reserved 1114112K
  class space    used 4982K, committed 5632K, reserved 1048576K

Heap Regions: E=young(eden), S=young(survivor), O=old, HS=humongous(starts), HC=humongous(continues), CS=collection set, F=free, TAMS=top-at-mark-start, PB=parsable bottom
|   0|0x0000000600000000, 0x0000000600400000, 0x0000000600400000|100%|HS|  |TAMS 0x0000000600000000| PB 0x0000000600000000| Complete 
|   1|0x0000000600400000, 0x0000000600800000, 0x0000000600800000|100%| O|  |TAMS 0x0000000600400000| PB 0x0000000600400000| Untracked 
|   2|0x0000000600800000, 0x0000000600c00000, 0x0000000600c00000|100%| O|  |TAMS 0x0000000600800000| PB 0x0000000600800000| Untracked 
|   3|0x0000000600c00000, 0x0000000601000000, 0x0000000601000000|100%| O|  |TAMS 0x0000000600c00000| PB 0x0000000600c00000| Untracked 
|   4|0x0000000601000000, 0x0000000601400000, 0x0000000601400000|100%| O|  |TAMS 0x0000000601000000| PB 0x0000000601000000| Untracked 
|   5|0x0000000601400000, 0x0000000601400000, 0x0000000601800000|  0%| F|  |TAMS 0x0000000601400000| PB 0x0000000601400000| Untracked 
|   6|0x0000000601800000, 0x0000000601a26ea0, 0x0000000601c00000| 53%| O|  |TAMS 0x0000000601800000| PB 0x0000000601800000| Untracked 
|   7|0x0000000601c00000, 0x0000000601c00000, 0x0000000602000000|  0%| F|  |TAMS 0x0000000601c00000| PB 0x0000000601c00000| Untracked 
|   8|0x0000000602000000, 0x0000000602000000, 0x0000000602400000|  0%| F|  |TAMS 0x0000000602000000| PB 0x0000000602000000| Untracked 
|   9|0x0000000602400000, 0x0000000602400000, 0x0000000602800000|  0%| F|  |TAMS 0x0000000602400000| PB 0x0000000602400000| Untracked 
|  10|0x0000000602800000, 0x0000000602ab04d8, 0x0000000602c00000| 67%| S|CS|TAMS 0x0000000602800000| PB 0x0000000602800000| Complete 
|  11|0x0000000602c00000, 0x0000000603000000, 0x0000000603000000|100%| S|CS|TAMS 0x0000000602c00000| PB 0x0000000602c00000| Complete 
|  12|0x0000000603000000, 0x0000000603000000, 0x0000000603400000|  0%| F|  |TAMS 0x0000000603000000| PB 0x0000000603000000| Untracked 
|  13|0x0000000603400000, 0x0000000603400000, 0x0000000603800000|  0%| F|  |TAMS 0x0000000603400000| PB 0x0000000603400000| Untracked 
|  14|0x0000000603800000, 0x0000000603800000, 0x0000000603c00000|  0%| F|  |TAMS 0x0000000603800000| PB 0x0000000603800000| Untracked 
|  15|0x0000000603c00000, 0x0000000603c00000, 0x0000000604000000|  0%| F|  |TAMS 0x0000000603c00000| PB 0x0000000603c00000| Untracked 
|  16|0x0000000604000000, 0x0000000604000000, 0x0000000604400000|  0%| F|  |TAMS 0x0000000604000000| PB 0x0000000604000000| Untracked 
|  17|0x0000000604400000, 0x0000000604400000, 0x0000000604800000|  0%| F|  |TAMS 0x0000000604400000| PB 0x0000000604400000| Untracked 
|  18|0x0000000604800000, 0x0000000604800000, 0x0000000604c00000|  0%| F|  |TAMS 0x0000000604800000| PB 0x0000000604800000| Untracked 
|  19|0x0000000604c00000, 0x0000000604c00000, 0x0000000605000000|  0%| F|  |TAMS 0x0000000604c00000| PB 0x0000000604c00000| Untracked 
|  20|0x0000000605000000, 0x0000000605000000, 0x0000000605400000|  0%| F|  |TAMS 0x0000000605000000| PB 0x0000000605000000| Untracked 
|  21|0x0000000605400000, 0x0000000605400000, 0x0000000605800000|  0%| F|  |TAMS 0x0000000605400000| PB 0x0000000605400000| Untracked 
|  22|0x0000000605800000, 0x0000000605800000, 0x0000000605c00000|  0%| F|  |TAMS 0x0000000605800000| PB 0x0000000605800000| Untracked 
|  61|0x000000060f400000, 0x000000060f400000, 0x000000060f800000|  0%| F|  |TAMS 0x000000060f400000| PB 0x000000060f400000| Untracked 
|  62|0x000000060f800000, 0x000000060f8c66e8, 0x000000060fc00000| 19%| E|  |TAMS 0x000000060f800000| PB 0x000000060f800000| Complete 

Card table byte_map: [0x000001f926d30000,0x000001f927d30000] _byte_map_base: 0x000001f923d30000

Marking Bits: (CMBitMap*) 0x000001f902688bc0
 Bits: [0x000001f927d30000, 0x000001f92fd30000)

Polling page: 0x000001f900480000

Metaspace:

Usage:
  Non-class:     29.01 MB used.
      Class:      4.87 MB used.
       Both:     33.87 MB used.

Virtual space:
  Non-class space:       64.00 MB reserved,      29.69 MB ( 46%) committed,  1 nodes.
      Class space:        1.00 GB reserved,       5.50 MB ( <1%) committed,  1 nodes.
             Both:        1.06 GB reserved,      35.19 MB (  3%) committed. 

Chunk freelists:
   Non-Class:  1.78 MB
       Class:  10.36 MB
        Both:  12.14 MB

MaxMetaspaceSize: 4.00 GB
CompressedClassSpaceSize: 1.00 GB
Initial GC threshold: 21.00 MB
Current GC threshold: 35.44 MB
CDS: on
 - commit_granule_bytes: 65536.
 - commit_granule_words: 8192.
 - virtual_space_node_default_size: 8388608.
 - enlarge_chunks_in_place: 1.
 - use_allocation_guard: 0.


Internal statistics:

num_allocs_failed_limit: 6.
num_arena_births: 2330.
num_arena_deaths: 0.
num_vsnodes_births: 2.
num_vsnodes_deaths: 0.
num_space_committed: 563.
num_space_uncommitted: 0.
num_chunks_returned_to_freelist: 6.
num_chunks_taken_from_freelist: 3989.
num_chunk_merges: 6.
num_chunk_splits: 2583.
num_chunks_enlarged: 1581.
num_inconsistent_stats: 0.

CodeHeap 'non-profiled nmethods': size=259264Kb used=2494Kb max_used=2494Kb free=256770Kb
 bounds [0x000001f915ab0000, 0x000001f915d20000, 0x000001f9257e0000]
CodeHeap 'profiled nmethods': size=259264Kb used=8266Kb max_used=8266Kb free=250997Kb
 bounds [0x000001f9057e0000, 0x000001f906000000, 0x000001f915510000]
CodeHeap 'non-nmethods': size=5760Kb used=1974Kb max_used=1992Kb free=3785Kb
 bounds [0x000001f915510000, 0x000001f915780000, 0x000001f915ab0000]
CodeCache: size=524288Kb, used=12734Kb, max_used=12752Kb, free=511552Kb
 total_blobs=4910, nmethods=4225, adapters=589, full_count=0
Compilation: enabled, stopped_count=0, restarted_count=0

Compilation events (20 events):
Event: 104.128 Thread 0x000001f932013360 4215       4       java.lang.reflect.Modifier::isAbstract (14 bytes)
Event: 104.129 Thread 0x000001f93201d4f0 4216       3       org.codehaus.groovy.util.ManagedReference::<init> (40 bytes)
Event: 104.129 Thread 0x000001f932013360 nmethod 4215 0x000001f915d1e690 code [0x000001f915d1e800, 0x000001f915d1e870]
Event: 104.129 Thread 0x000001f93201d4f0 nmethod 4216 0x000001f905ff0910 code [0x000001f905ff0ae0, 0x000001f905ff0fa0]
Event: 104.157 Thread 0x000001f93201d4f0 4217       3       org.codehaus.groovy.util.ManagedReference::<init> (14 bytes)
Event: 104.158 Thread 0x000001f93201d4f0 nmethod 4217 0x000001f905ff1110 code [0x000001f905ff12c0, 0x000001f905ff1470]
Event: 104.158 Thread 0x000001f93201d4f0 4218       3       org.codehaus.groovy.util.ReferenceManager$1::afterReferenceCreation (57 bytes)
Event: 104.158 Thread 0x000001f93201d4f0 nmethod 4218 0x000001f905ff1590 code [0x000001f905ff1780, 0x000001f905ff1bc0]
Event: 104.170 Thread 0x000001f93201d4f0 4219       3       org.codehaus.groovy.reflection.ParameterTypes::setParametersTypes (32 bytes)
Event: 104.170 Thread 0x000001f93201d4f0 nmethod 4219 0x000001f905ff1d10 code [0x000001f905ff1ec0, 0x000001f905ff20f0]
Event: 104.170 Thread 0x000001f93201d4f0 4220       3       org.codehaus.groovy.reflection.ParameterTypes::getParameterTypes (16 bytes)
Event: 104.170 Thread 0x000001f93201d4f0 nmethod 4220 0x000001f905ff2210 code [0x000001f905ff23c0, 0x000001f905ff2550]
Event: 104.170 Thread 0x000001f93201d4f0 4221       1       java.lang.ClassValue$Version::promise (5 bytes)
Event: 104.171 Thread 0x000001f93201d4f0 nmethod 4221 0x000001f915d1e990 code [0x000001f915d1eb20, 0x000001f915d1ebf0]
Event: 104.352 Thread 0x000001f932013360 4222       4       java.lang.reflect.Method::copy (84 bytes)
Event: 104.352 Thread 0x000001f93201d4f0 4223       1       org.codehaus.groovy.util.ManagedConcurrentLinkedQueue::access$000 (5 bytes)
Event: 104.352 Thread 0x000001f93201d4f0 nmethod 4223 0x000001f915d1ec90 code [0x000001f915d1ee20, 0x000001f915d1eed0]
Event: 104.352 Thread 0x000001f93201d4f0 4224       1       org.codehaus.groovy.reflection.ClassInfo::access$200 (5 bytes)
Event: 104.352 Thread 0x000001f93201d4f0 nmethod 4224 0x000001f915d1ef90 code [0x000001f915d1f120, 0x000001f915d1f1d0]
Event: 104.355 Thread 0x000001f932013360 nmethod 4222 0x000001f915d1f290 code [0x000001f915d1f420, 0x000001f915d1f758]

GC Heap History (12 events):
Event: 1.534 GC heap before
{Heap before GC invocations=0 (full 0):
 garbage-first heap   total 258048K, used 20480K [0x0000000600000000, 0x0000000800000000)
  region size 4096K, 5 young (20480K), 0 survivors (0K)
 Metaspace       used 853K, committed 1024K, reserved 1114112K
  class space    used 70K, committed 128K, reserved 1048576K
}
Event: 1.760 GC heap after
{Heap after GC invocations=1 (full 0):
 garbage-first heap   total 258048K, used 1392K [0x0000000600000000, 0x0000000800000000)
  region size 4096K, 1 young (4096K), 1 survivors (4096K)
 Metaspace       used 853K, committed 1024K, reserved 1114112K
  class space    used 70K, committed 128K, reserved 1048576K
}
Event: 7.137 GC heap before
{Heap before GC invocations=1 (full 0):
 garbage-first heap   total 258048K, used 46448K [0x0000000600000000, 0x0000000800000000)
  region size 4096K, 11 young (45056K), 1 survivors (4096K)
 Metaspace       used 4588K, committed 4864K, reserved 1114112K
  class space    used 581K, committed 704K, reserved 1048576K
}
Event: 7.143 GC heap after
{Heap after GC invocations=2 (full 0):
 garbage-first heap   total 258048K, used 11645K [0x0000000600000000, 0x0000000800000000)
  region size 4096K, 2 young (8192K), 2 survivors (8192K)
 Metaspace       used 4588K, committed 4864K, reserved 1114112K
  class space    used 581K, committed 704K, reserved 1048576K
}
Event: 72.293 GC heap before
{Heap before GC invocations=2 (full 0):
 garbage-first heap   total 258048K, used 150909K [0x0000000600000000, 0x0000000800000000)
  region size 4096K, 37 young (151552K), 2 survivors (8192K)
 Metaspace       used 20382K, committed 21056K, reserved 1114112K
  class space    used 2781K, committed 3136K, reserved 1048576K
}
Event: 72.376 GC heap after
{Heap after GC invocations=3 (full 0):
 garbage-first heap   total 258048K, used 22992K [0x0000000600000000, 0x0000000800000000)
  region size 4096K, 5 young (20480K), 5 survivors (20480K)
 Metaspace       used 20382K, committed 21056K, reserved 1114112K
  class space    used 2781K, committed 3136K, reserved 1048576K
}
Event: 75.748 GC heap before
{Heap before GC invocations=3 (full 0):
 garbage-first heap   total 258048K, used 22992K [0x0000000600000000, 0x0000000800000000)
  region size 4096K, 6 young (24576K), 5 survivors (20480K)
 Metaspace       used 20807K, committed 21504K, reserved 1114112K
  class space    used 2848K, committed 3200K, reserved 1048576K
}
Event: 75.773 GC heap after
{Heap after GC invocations=4 (full 0):
 garbage-first heap   total 258048K, used 25430K [0x0000000600000000, 0x0000000800000000)
  region size 4096K, 1 young (4096K), 1 survivors (4096K)
 Metaspace       used 20807K, committed 21504K, reserved 1114112K
  class space    used 2848K, committed 3200K, reserved 1048576K
}
Event: 97.823 GC heap before
{Heap before GC invocations=5 (full 0):
 garbage-first heap   total 98304K, used 95062K [0x0000000600000000, 0x0000000800000000)
  region size 4096K, 18 young (73728K), 1 survivors (4096K)
 Metaspace       used 29080K, committed 30208K, reserved 1114112K
  class space    used 4204K, committed 4736K, reserved 1048576K
}
Event: 97.829 GC heap after
{Heap after GC invocations=6 (full 0):
 garbage-first heap   total 102400K, used 27026K [0x0000000600000000, 0x0000000800000000)
  region size 4096K, 1 young (4096K), 1 survivors (4096K)
 Metaspace       used 29080K, committed 30208K, reserved 1114112K
  class space    used 4204K, committed 4736K, reserved 1048576K
}
Event: 104.270 GC heap before
{Heap before GC invocations=6 (full 0):
 garbage-first heap   total 102400K, used 72082K [0x0000000600000000, 0x0000000800000000)
  region size 4096K, 13 young (53248K), 1 survivors (4096K)
 Metaspace       used 34659K, committed 35968K, reserved 1114112K
  class space    used 4979K, committed 5632K, reserved 1048576K
}
Event: 104.280 GC heap after
{Heap after GC invocations=7 (full 0):
 garbage-first heap   total 102400K, used 29532K [0x0000000600000000, 0x0000000800000000)
  region size 4096K, 2 young (8192K), 2 survivors (8192K)
 Metaspace       used 34659K, committed 35968K, reserved 1114112K
  class space    used 4979K, committed 5632K, reserved 1048576K
}

Dll operation events (20 events):
Event: 0.352 Attempting to load shared library C:\Users\Lenovo\.vscode\extensions\redhat.java-1.56.0-win32-x64\jre\21.0.12.1-win32-x86_64\bin\zip.dll
Event: 0.352 Loaded shared library C:\Users\Lenovo\.vscode\extensions\redhat.java-1.56.0-win32-x64\jre\21.0.12.1-win32-x86_64\bin\zip.dll
Event: 1.807 Attempting to load shared library C:\Users\Lenovo\.vscode\extensions\redhat.java-1.56.0-win32-x64\jre\21.0.12.1-win32-x86_64\bin\jimage.dll
Event: 1.807 Loaded shared library C:\Users\Lenovo\.vscode\extensions\redhat.java-1.56.0-win32-x64\jre\21.0.12.1-win32-x86_64\bin\jimage.dll
Event: 2.593 Attempting to load shared library C:\Users\Lenovo\.vscode\extensions\redhat.java-1.56.0-win32-x64\jre\21.0.12.1-win32-x86_64\bin\verify.dll
Event: 2.594 Loaded shared library C:\Users\Lenovo\.vscode\extensions\redhat.java-1.56.0-win32-x64\jre\21.0.12.1-win32-x86_64\bin\verify.dll
Event: 3.242 Attempting to load shared library C:\Users\Lenovo\.gradle\native\660c5614fbf4a5f2a75b1949f50a0caf5cd603558e7d8a26e50b933a0cfb79d1\windows-amd64\native-platform.dll
Event: 3.349 Loading shared library C:\Users\Lenovo\.gradle\native\660c5614fbf4a5f2a75b1949f50a0caf5cd603558e7d8a26e50b933a0cfb79d1\windows-amd64\native-platform.dll failed, error code 1455
Event: 3.704 Attempting to load shared library C:\Users\Lenovo\.gradle\native\660c5614fbf4a5f2a75b1949f50a0caf5cd603558e7d8a26e50b933a0cfb79d1\windows-amd64-min\native-platform.dll
Event: 3.823 Loaded shared library C:\Users\Lenovo\.gradle\native\660c5614fbf4a5f2a75b1949f50a0caf5cd603558e7d8a26e50b933a0cfb79d1\windows-amd64-min\native-platform.dll
Event: 4.302 Attempting to load shared library C:\Users\Lenovo\.gradle\native\0.2.8\x86_64-windows-gnu\gradle-fileevents.dll
Event: 4.303 Loaded shared library C:\Users\Lenovo\.gradle\native\0.2.8\x86_64-windows-gnu\gradle-fileevents.dll
Event: 10.667 Attempting to load shared library C:\Users\Lenovo\.vscode\extensions\redhat.java-1.56.0-win32-x64\jre\21.0.12.1-win32-x86_64\bin\management.dll
Event: 10.668 Loaded shared library C:\Users\Lenovo\.vscode\extensions\redhat.java-1.56.0-win32-x64\jre\21.0.12.1-win32-x86_64\bin\management.dll
Event: 10.680 Attempting to load shared library C:\Users\Lenovo\.vscode\extensions\redhat.java-1.56.0-win32-x64\jre\21.0.12.1-win32-x86_64\bin\management_ext.dll
Event: 10.683 Loaded shared library C:\Users\Lenovo\.vscode\extensions\redhat.java-1.56.0-win32-x64\jre\21.0.12.1-win32-x86_64\bin\management_ext.dll
Event: 14.483 Attempting to load shared library C:\Users\Lenovo\.vscode\extensions\redhat.java-1.56.0-win32-x64\jre\21.0.12.1-win32-x86_64\bin\extnet.dll
Event: 14.512 Loaded shared library C:\Users\Lenovo\.vscode\extensions\redhat.java-1.56.0-win32-x64\jre\21.0.12.1-win32-x86_64\bin\extnet.dll
Event: 21.803 Attempting to load shared library C:\Users\Lenovo\.vscode\extensions\redhat.java-1.56.0-win32-x64\jre\21.0.12.1-win32-x86_64\bin\sunmscapi.dll
Event: 21.813 Loaded shared library C:\Users\Lenovo\.vscode\extensions\redhat.java-1.56.0-win32-x64\jre\21.0.12.1-win32-x86_64\bin\sunmscapi.dll

Deoptimization events (20 events):
Event: 103.935 Thread 0x000001f979637710 Uncommon trap: trap_request=0xffffff45 fr.pc=0x000001f915b6291c relative=0x000000000000057c
Event: 103.935 Thread 0x000001f979637710 Uncommon trap: reason=unstable_if action=reinterpret pc=0x000001f915b6291c method=java.util.Properties$LineReader.readLine()I @ 95 c2
Event: 103.935 Thread 0x000001f979637710 DEOPT PACKING pc=0x000001f915b6291c sp=0x000000867c7f8d60
Event: 103.935 Thread 0x000001f979637710 DEOPT UNPACKING pc=0x000001f915567ba2 sp=0x000000867c7f8d10 mode 2
Event: 104.030 Thread 0x000001f979637710 Uncommon trap: trap_request=0xffffffc6 fr.pc=0x000001f915c931c8 relative=0x0000000000000268
Event: 104.030 Thread 0x000001f979637710 Uncommon trap: reason=bimorphic_or_optimized_type_check action=maybe_recompile pc=0x000001f915c931c8 method=java.util.regex.Pattern$BmpCharProperty.match(Ljava/util/regex/Matcher;ILjava/lang/CharSequence;)Z @ 19 c2
Event: 104.030 Thread 0x000001f979637710 DEOPT PACKING pc=0x000001f915c931c8 sp=0x000000867c7f8a70
Event: 104.030 Thread 0x000001f979637710 DEOPT UNPACKING pc=0x000001f915567ba2 sp=0x000000867c7f8a08 mode 2
Event: 104.030 Thread 0x000001f979637710 Uncommon trap: trap_request=0xffffffc6 fr.pc=0x000001f915c931c8 relative=0x0000000000000268
Event: 104.030 Thread 0x000001f979637710 Uncommon trap: reason=bimorphic_or_optimized_type_check action=maybe_recompile pc=0x000001f915c931c8 method=java.util.regex.Pattern$BmpCharProperty.match(Ljava/util/regex/Matcher;ILjava/lang/CharSequence;)Z @ 19 c2
Event: 104.030 Thread 0x000001f979637710 DEOPT PACKING pc=0x000001f915c931c8 sp=0x000000867c7f8a70
Event: 104.030 Thread 0x000001f979637710 DEOPT UNPACKING pc=0x000001f915567ba2 sp=0x000000867c7f8a08 mode 2
Event: 104.030 Thread 0x000001f979637710 Uncommon trap: trap_request=0xffffffc6 fr.pc=0x000001f915c931c8 relative=0x0000000000000268
Event: 104.030 Thread 0x000001f979637710 Uncommon trap: reason=bimorphic_or_optimized_type_check action=maybe_recompile pc=0x000001f915c931c8 method=java.util.regex.Pattern$BmpCharProperty.match(Ljava/util/regex/Matcher;ILjava/lang/CharSequence;)Z @ 19 c2
Event: 104.030 Thread 0x000001f979637710 DEOPT PACKING pc=0x000001f915c931c8 sp=0x000000867c7f8a70
Event: 104.030 Thread 0x000001f979637710 DEOPT UNPACKING pc=0x000001f915567ba2 sp=0x000000867c7f8a08 mode 2
Event: 104.030 Thread 0x000001f979637710 Uncommon trap: trap_request=0xffffffc6 fr.pc=0x000001f915c931c8 relative=0x0000000000000268
Event: 104.030 Thread 0x000001f979637710 Uncommon trap: reason=bimorphic_or_optimized_type_check action=maybe_recompile pc=0x000001f915c931c8 method=java.util.regex.Pattern$BmpCharProperty.match(Ljava/util/regex/Matcher;ILjava/lang/CharSequence;)Z @ 19 c2
Event: 104.030 Thread 0x000001f979637710 DEOPT PACKING pc=0x000001f915c931c8 sp=0x000000867c7f8a70
Event: 104.030 Thread 0x000001f979637710 DEOPT UNPACKING pc=0x000001f915567ba2 sp=0x000000867c7f8a08 mode 2

Classes loaded (20 events):
Event: 103.803 Loading class java/util/function/DoublePredicate
Event: 103.803 Loading class java/util/function/DoublePredicate done
Event: 103.803 Loading class java/util/function/LongPredicate
Event: 103.804 Loading class java/util/function/LongPredicate done
Event: 103.804 Loading class java/util/function/IntPredicate
Event: 103.804 Loading class java/util/function/IntPredicate done
Event: 103.804 Loading class java/util/function/DoubleFunction
Event: 103.804 Loading class java/util/function/DoubleFunction done
Event: 103.834 Loading class java/util/concurrent/Future$State
Event: 103.834 Loading class java/util/concurrent/Future$State done
Event: 103.835 Loading class java/lang/constant/ClassDesc
Event: 103.835 Loading class java/lang/constant/ClassDesc done
Event: 103.835 Loading class java/lang/Enum$EnumDesc
Event: 103.835 Loading class java/lang/constant/DynamicConstantDesc
Event: 103.836 Loading class java/lang/constant/DynamicConstantDesc done
Event: 103.836 Loading class java/lang/Enum$EnumDesc done
Event: 103.837 Loading class java/lang/System$Logger$Level
Event: 103.837 Loading class java/lang/System$Logger$Level done
Event: 103.850 Loading class java/util/ResourceBundle$CacheKey
Event: 103.851 Loading class java/util/ResourceBundle$CacheKey done

Classes unloaded (0 events):
No events

Classes redefined (0 events):
No events

Internal exceptions (20 events):
Event: 98.916 Thread 0x000001f979637710 Exception <a 'java/lang/NoSuchMethodError'{0x00000006056bb558}: 'void java.lang.invoke.DirectMethodHandle$Holder.invokeSpecial(java.lang.Object, java.lang.Object, int)'> (0x00000006056bb558) 
thrown [s\src\hotspot\share\interpreter\linkResolver.cpp, line 773]
Event: 98.917 Thread 0x000001f979637710 Exception <a 'java/lang/NoSuchMethodError'{0x00000006056bfb78}: 'void java.lang.invoke.Invokers$Holder.invokeExact_MT(java.lang.Object, int, java.lang.Object)'> (0x00000006056bfb78) 
thrown [s\src\hotspot\share\interpreter\linkResolver.cpp, line 773]
Event: 99.094 Thread 0x000001f979637710 Exception <a 'java/lang/NoSuchMethodError'{0x0000000605210310}: 'java.lang.Object java.lang.invoke.DirectMethodHandle$Holder.newInvokeSpecial(java.lang.Object, java.lang.Object, java.lang.Object, java.lang.Object, java.lang.Object, java.lang.Object, java.lang.Object, java.lang.Object, java.lang.Object, java.lang.Object, java.lang.Object)'> (0x0000000605210310) 
thrown [s\src\hotspot\share\interpreter\linkResolver.cpp, line 773]
Event: 99.184 Thread 0x000001f979637710 Exception <a 'java/lang/NoSuchMethodError'{0x0000000604c09c10}: 'java.lang.Object java.lang.invoke.Invokers$Holder.linkToTargetMethod(java.lang.Object, java.lang.Object, java.lang.Object, java.lang.Object, java.lang.Object, java.lang.Object, java.lang.Object, java.lang.Object, java.lang.Object, java.lang.Object, java.lang.Object, java.lang.Object)'> (0x0000000604c09c10) 
thrown [s\src\hotspot\share\interpreter\linkResolver.cpp, line 773]
Event: 99.348 Thread 0x000001f979637710 Exception <a 'java/lang/NoSuchMethodError'{0x0000000604cb1010}: 'java.lang.Object java.lang.invoke.DirectMethodHandle$Holder.newInvokeSpecial(java.lang.Object, java.lang.Object, java.lang.Object, java.lang.Object, java.lang.Object, java.lang.Object, java.lang.Object, java.lang.Object, java.lang.Object, java.lang.Object, java.lang.Object, java.lang.Object, java.lang.Object, java.lang.Object, java.lang.Object)'> (0x0000000604cb1010) 
thrown [s\src\hotspot\share\interpreter\linkResolver.cpp, line 773]
Event: 99.373 Thread 0x000001f979637710 Exception <a 'java/lang/NoSuchMethodError'{0x0000000604cb74a0}: 'java.lang.Object java.lang.invoke.DirectMethodHandle$Holder.invokeSpecial(java.lang.Object, java.lang.Object, java.lang.Object, java.lang.Object, java.lang.Object, java.lang.Object, java.lang.Object, java.lang.Object, java.lang.Object, java.lang.Object, java.lang.Object, java.lang.Object, java.lang.Object, java.lang.Object, java.lang.Object, java.lang.Object)'> (0x0000000604cb74a0) 
thrown [s\src\hotspot\share\interpreter\linkResolver.cpp, li
Event: 99.374 Thread 0x000001f979637710 Exception <a 'java/lang/NoSuchMethodError'{0x0000000604cbc720}: 'java.lang.Object java.lang.invoke.DelegatingMethodHandle$Holder.reinvoke_L(java.lang.Object, java.lang.Object, java.lang.Object, java.lang.Object, java.lang.Object, java.lang.Object, java.lang.Object, java.lang.Object, java.lang.Object, java.lang.Object, java.lang.Object, java.lang.Object, java.lang.Object, java.lang.Object, java.lang.Object)'> (0x0000000604cbc720) 
thrown [s\src\hotspot\share\interpreter\linkResolver.cpp, line 773]
Event: 100.874 Thread 0x000001f979637710 Exception <a 'java/lang/NoSuchMethodError'{0x0000000604bbd670}: 'java.lang.Object java.lang.invoke.DelegatingMethodHandle$Holder.reinvoke_L(java.lang.Object, java.lang.Object, java.lang.Object, java.lang.Object, java.lang.Object, java.lang.Object, java.lang.Object, java.lang.Object, java.lang.Object, java.lang.Object, java.lang.Object, java.lang.Object, java.lang.Object, java.lang.Object, java.lang.Object, java.lang.Object, java.lang.Object, java.lang.Object, java.lang.Object, java.lang.Object, java.lang.O
Event: 100.880 Thread 0x000001f979637710 Exception <a 'java/lang/NoSuchMethodError'{0x00000006044b8500}: 'java.lang.Object java.lang.invoke.DirectMethodHandle$Holder.invokeStatic(java.lang.Object, java.lang.Object, java.lang.Object, java.lang.Object, java.lang.Object, java.lang.Object, java.lang.Object, java.lang.Object, java.lang.Object, java.lang.Object, java.lang.Object, java.lang.Object, java.lang.Object, java.lang.Object, java.lang.Object, java.lang.Object, java.lang.Object, java.lang.Object, java.lang.Object, java.lang.Object, java.lang.Obj
Event: 100.882 Thread 0x000001f979637710 Exception <a 'java/lang/NoSuchMethodError'{0x00000006044f0ce8}: 'java.lang.Object java.lang.invoke.DirectMethodHandle$Holder.invokeStatic(java.lang.Object, java.lang.Object, java.lang.Object, java.lang.Object, java.lang.Object, java.lang.Object, java.lang.Object, java.lang.Object, java.lang.Object, java.lang.Object, java.lang.Object, java.lang.Object, java.lang.Object, java.lang.Object, java.lang.Object, java.lang.Object, java.lang.Object, java.lang.Object, java.lang.Object, java.lang.Object, java.lang.Obj
Event: 100.884 Thread 0x000001f979637710 Exception <a 'java/lang/NoSuchMethodError'{0x000000060452c7e0}: 'java.lang.Object java.lang.invoke.DirectMethodHandle$Holder.invokeStatic(java.lang.Object, java.lang.Object, java.lang.Object, java.lang.Object, java.lang.Object, java.lang.Object, java.lang.Object, java.lang.Object, java.lang.Object, java.lang.Object, java.lang.Object, java.lang.Object, java.lang.Object, java.lang.Object, java.lang.Object, java.lang.Object, java.lang.Object, java.lang.Object, java.lang.Object, java.lang.Object, java.lang.Obj
Event: 100.890 Thread 0x000001f979637710 Exception <a 'java/lang/NoSuchMethodError'{0x0000000604569ee8}: 'java.lang.Object java.lang.invoke.DirectMethodHandle$Holder.invokeStatic(java.lang.Object, java.lang.Object, java.lang.Object, java.lang.Object, java.lang.Object, java.lang.Object, java.lang.Object, java.lang.Object, java.lang.Object, java.lang.Object, java.lang.Object, java.lang.Object, java.lang.Object, java.lang.Object, java.lang.Object, java.lang.Object, java.lang.Object, java.lang.Object, java.lang.Object, java.lang.Object, java.lang.Obj
Event: 101.388 Thread 0x000001f979637710 Exception <a 'java/lang/NoSuchMethodError'{0x000000060408f918}: 'java.lang.Object java.lang.invoke.DirectMethodHandle$Holder.newInvokeSpecial(java.lang.Object, java.lang.Object, java.lang.Object, java.lang.Object, java.lang.Object, java.lang.Object, java.lang.Object, java.lang.Object, java.lang.Object)'> (0x000000060408f918) 
thrown [s\src\hotspot\share\interpreter\linkResolver.cpp, line 773]
Event: 103.470 Thread 0x000001f979637710 Exception <a 'java/lang/NoSuchMethodError'{0x00000006035c6388}: 'void java.lang.invoke.DirectMethodHandle$Holder.invokeStaticInit(java.lang.Object, java.lang.Object, java.lang.Object)'> (0x00000006035c6388) 
thrown [s\src\hotspot\share\interpreter\linkResolver.cpp, line 773]
Event: 103.594 Thread 0x000001f979637710 Exception <a 'java/lang/NoSuchMethodError'{0x000000060363f5d8}: 'int java.lang.invoke.DirectMethodHandle$Holder.invokeStaticInit(java.lang.Object, java.lang.Object, java.lang.Object, java.lang.Object)'> (0x000000060363f5d8) 
thrown [s\src\hotspot\share\interpreter\linkResolver.cpp, line 773]
Event: 103.613 Thread 0x000001f979637710 Implicit null exception at 0x000001f915bf40c6 to 0x000001f915bf4604
Event: 103.613 Thread 0x000001f979637710 Implicit null exception at 0x000001f915ca2ca6 to 0x000001f915ca301c
Event: 103.613 Thread 0x000001f979637710 Implicit null exception at 0x000001f915ca44b8 to 0x000001f915ca4d8c
Event: 103.613 Thread 0x000001f979637710 Exception <a 'java/lang/NoSuchMethodError'{0x00000006036743a0}: 'java.lang.Class[] java.lang.Class.getPermittedSubclasses(java.lang.Class)'> (0x00000006036743a0) 
thrown [s\src\hotspot\share\interpreter\linkResolver.cpp, line 773]
Event: 103.647 Thread 0x000001f979637710 Exception <a 'java/lang/NoSuchMethodError'{0x00000006036aa668}: 'java.lang.reflect.Method[] java.lang.Class.getDeclaredMethods(java.lang.Class)'> (0x00000006036aa668) 
thrown [s\src\hotspot\share\interpreter\linkResolver.cpp, line 773]

ZGC Phase Switch (0 events):
No events

VM Operations (20 events):
Event: 97.822 Executing safepoint VM operation: G1CollectForAllocation (G1 Evacuation Pause)
Event: 97.829 Executing safepoint VM operation: G1CollectForAllocation (G1 Evacuation Pause) done
Event: 98.316 Executing non-safepoint VM operation: HandshakeAllThreads (Deoptimize)
Event: 98.316 Executing non-safepoint VM operation: HandshakeAllThreads (Deoptimize) done
Event: 99.317 Executing safepoint VM operation: Cleanup
Event: 99.317 Executing safepoint VM operation: Cleanup done
Event: 100.330 Executing safepoint VM operation: Cleanup
Event: 100.330 Executing safepoint VM operation: Cleanup done
Event: 101.333 Executing safepoint VM operation: Cleanup
Event: 101.379 Executing safepoint VM operation: Cleanup done
Event: 102.386 Executing safepoint VM operation: Cleanup
Event: 102.386 Executing safepoint VM operation: Cleanup done
Event: 102.897 Executing non-safepoint VM operation: HandshakeAllThreads (Deoptimize)
Event: 102.897 Executing non-safepoint VM operation: HandshakeAllThreads (Deoptimize) done
Event: 103.903 Executing safepoint VM operation: Cleanup
Event: 103.916 Executing safepoint VM operation: Cleanup done
Event: 104.097 Executing non-safepoint VM operation: HandshakeAllThreads (Deoptimize)
Event: 104.097 Executing non-safepoint VM operation: HandshakeAllThreads (Deoptimize) done
Event: 104.270 Executing safepoint VM operation: CollectForMetadataAllocation (Metadata GC Threshold)
Event: 104.280 Executing safepoint VM operation: CollectForMetadataAllocation (Metadata GC Threshold) done

Memory protections (0 events):
No events

Nmethod flushes (0 events):
No events

Events (20 events):
Event: 21.761 Thread 0x000001f900228750 Thread added: 0x000001f9789f88f0
Event: 22.011 Thread 0x000001f9327f00a0 Thread added: 0x000001f932a8ba80
Event: 22.069 Thread 0x000001f932a8ba80 Thread added: 0x000001f978a5f650
Event: 22.490 Thread 0x000001f932a8ba80 Thread added: 0x000001f978119510
Event: 24.809 Thread 0x000001f932a8ba80 Thread added: 0x000001f979637710
Event: 25.465 Thread 0x000001f979637710 Thread added: 0x000001f9328532c0
Event: 25.584 Thread 0x000001f979637710 Thread added: 0x000001f932853fe0
Event: 25.854 Thread 0x000001f979637710 Thread added: 0x000001f9328560b0
Event: 49.802 Thread 0x000001f979637710 Thread added: 0x000001f932854670
Event: 50.076 Thread 0x000001f979637710 Thread added: 0x000001f932854d00
Event: 50.856 Thread 0x000001f932854d00 Thread added: 0x000001f932855390
Event: 53.914 Thread 0x000001f979637710 Thread added: 0x000001f932855a20
Event: 88.575 Thread 0x000001f979637710 Thread added: 0x000001f97b36f8e0
Event: 88.783 Thread 0x000001f979637710 Thread added: 0x000001f97b36ff70
Event: 91.434 Thread 0x000001f979637710 Thread added: 0x000001f97b370c90
Event: 91.567 Thread 0x000001f979637710 Thread added: 0x000001f97b371320
Event: 97.159 Thread 0x000001f979637710 Thread added: 0x000001f97b36ebc0
Event: 97.401 Thread 0x000001f979637710 Thread added: 0x000001f97b370600
Event: 99.258 Thread 0x000001f979637710 Thread added: 0x000001f97b36dea0
Event: 100.368 Thread 0x000001f979637710 Thread added: 0x000001f97b3719b0


Dynamic libraries:
0x00007ff745c40000 - 0x00007ff745c4e000 	C:\Users\Lenovo\.vscode\extensions\redhat.java-1.56.0-win32-x64\jre\21.0.12.1-win32-x86_64\bin\java.exe
0x00007ffbbf700000 - 0x00007ffbbf967000 	C:\WINDOWS\SYSTEM32\ntdll.dll
0x00007ffbbe2b0000 - 0x00007ffbbe37b000 	C:\WINDOWS\System32\KERNEL32.DLL
0x00007ffbbcb20000 - 0x00007ffbbcf22000 	C:\WINDOWS\System32\KERNELBASE.dll
0x00007ffbbd210000 - 0x00007ffbbd35c000 	C:\WINDOWS\System32\ucrtbase.dll
0x00007ffb88300000 - 0x00007ffb88318000 	C:\Users\Lenovo\.vscode\extensions\redhat.java-1.56.0-win32-x64\jre\21.0.12.1-win32-x86_64\bin\jli.dll
0x00007ffbbe7a0000 - 0x00007ffbbe96f000 	C:\WINDOWS\System32\USER32.dll
0x00007ffbbc900000 - 0x00007ffbbc927000 	C:\WINDOWS\System32\win32u.dll
0x00007ffbbf100000 - 0x00007ffbbf12b000 	C:\WINDOWS\System32\GDI32.dll
0x00007ffbbc930000 - 0x00007ffbbca59000 	C:\WINDOWS\System32\gdi32full.dll
0x00007ffbbd370000 - 0x00007ffbbd413000 	C:\WINDOWS\System32\msvcp_win.dll
0x00007ffb85dc0000 - 0x00007ffb85dde000 	C:\Users\Lenovo\.vscode\extensions\redhat.java-1.56.0-win32-x64\jre\21.0.12.1-win32-x86_64\bin\VCRUNTIME140.dll
0x00007ffb9fc60000 - 0x00007ffb9fef0000 	C:\WINDOWS\WinSxS\amd64_microsoft.windows.common-controls_6595b64144ccf1df_6.0.26100.9278_none_3e0d1ba8e3303201\COMCTL32.dll
0x00007ffbbf050000 - 0x00007ffbbf0f9000 	C:\WINDOWS\System32\msvcrt.dll
0x00007ffbbe020000 - 0x00007ffbbe051000 	C:\WINDOWS\System32\IMM32.DLL
0x00007ffbb48a0000 - 0x00007ffbb48ac000 	C:\Users\Lenovo\.vscode\extensions\redhat.java-1.56.0-win32-x64\jre\21.0.12.1-win32-x86_64\bin\vcruntime140_1.dll
0x00007ffb24010000 - 0x00007ffb2409d000 	C:\Users\Lenovo\.vscode\extensions\redhat.java-1.56.0-win32-x64\jre\21.0.12.1-win32-x86_64\bin\msvcp140.dll
0x00007ffb157d0000 - 0x00007ffb16572000 	C:\Users\Lenovo\.vscode\extensions\redhat.java-1.56.0-win32-x64\jre\21.0.12.1-win32-x86_64\bin\server\jvm.dll
0x00007ffbbe080000 - 0x00007ffbbe13c000 	C:\WINDOWS\System32\ADVAPI32.dll
0x00007ffbbded0000 - 0x00007ffbbdf79000 	C:\WINDOWS\System32\sechost.dll
0x00007ffbbe980000 - 0x00007ffbbea98000 	C:\WINDOWS\System32\RPCRT4.dll
0x00007ffbbdf80000 - 0x00007ffbbe000000 	C:\WINDOWS\System32\WS2_32.dll
0x00007ffbbc760000 - 0x00007ffbbc7be000 	C:\WINDOWS\SYSTEM32\POWRPROF.dll
0x00007ffbb0f90000 - 0x00007ffbb0fc6000 	C:\WINDOWS\SYSTEM32\WINMM.dll
0x00007ffbb0bf0000 - 0x00007ffbb0bfb000 	C:\WINDOWS\SYSTEM32\VERSION.dll
0x00007ffbbc740000 - 0x00007ffbbc755000 	C:\WINDOWS\SYSTEM32\UMPDC.dll
0x00007ffbbb5d0000 - 0x00007ffbbb5eb000 	C:\WINDOWS\SYSTEM32\kernel.appcore.dll
0x00007ffb94250000 - 0x00007ffb9425a000 	C:\Users\Lenovo\.vscode\extensions\redhat.java-1.56.0-win32-x64\jre\21.0.12.1-win32-x86_64\bin\jimage.dll
0x00007ffbb9e40000 - 0x00007ffbba08c000 	C:\WINDOWS\SYSTEM32\DBGHELP.DLL
0x00007ffbbe380000 - 0x00007ffbbe705000 	C:\WINDOWS\System32\combase.dll
0x00007ffbbedc0000 - 0x00007ffbbee99000 	C:\WINDOWS\System32\OLEAUT32.dll
0x00007ffb90b80000 - 0x00007ffb90bbb000 	C:\WINDOWS\SYSTEM32\dbgcore.DLL
0x00007ffbbca60000 - 0x00007ffbbcb0c000 	C:\WINDOWS\System32\bcryptPrimitives.dll
0x00007ffb91690000 - 0x00007ffb9169f000 	C:\Users\Lenovo\.vscode\extensions\redhat.java-1.56.0-win32-x64\jre\21.0.12.1-win32-x86_64\bin\instrument.dll
0x00007ffb85cb0000 - 0x00007ffb85cd0000 	C:\Users\Lenovo\.vscode\extensions\redhat.java-1.56.0-win32-x64\jre\21.0.12.1-win32-x86_64\bin\java.dll
0x00007ffbbd720000 - 0x00007ffbbdeb8000 	C:\WINDOWS\System32\SHELL32.dll
0x00007ffbba380000 - 0x00007ffbbac2e000 	C:\WINDOWS\SYSTEM32\windows.storage.dll
0x00007ffbbf130000 - 0x00007ffbbf22b000 	C:\WINDOWS\System32\SHCORE.dll
0x00007ffbbed50000 - 0x00007ffbbedb6000 	C:\WINDOWS\System32\shlwapi.dll
0x00007ffbbc820000 - 0x00007ffbbc849000 	C:\WINDOWS\SYSTEM32\profapi.dll
0x00007ffb788d0000 - 0x00007ffb788e8000 	C:\Users\Lenovo\.vscode\extensions\redhat.java-1.56.0-win32-x64\jre\21.0.12.1-win32-x86_64\bin\zip.dll
0x00007ffb92ad0000 - 0x00007ffb92ae0000 	C:\Users\Lenovo\.vscode\extensions\redhat.java-1.56.0-win32-x64\jre\21.0.12.1-win32-x86_64\bin\net.dll
0x00007ffbb48d0000 - 0x00007ffbb49fa000 	C:\WINDOWS\SYSTEM32\WINHTTP.dll
0x00007ffbbbb90000 - 0x00007ffbbbbfc000 	C:\WINDOWS\system32\mswsock.dll
0x00007ffb4c8a0000 - 0x00007ffb4c8b6000 	C:\Users\Lenovo\.vscode\extensions\redhat.java-1.56.0-win32-x64\jre\21.0.12.1-win32-x86_64\bin\nio.dll
0x00007ffb8f3e0000 - 0x00007ffb8f3f0000 	C:\Users\Lenovo\.vscode\extensions\redhat.java-1.56.0-win32-x64\jre\21.0.12.1-win32-x86_64\bin\verify.dll
0x00007ffb916a0000 - 0x00007ffb916c7000 	C:\Users\Lenovo\.gradle\native\660c5614fbf4a5f2a75b1949f50a0caf5cd603558e7d8a26e50b933a0cfb79d1\windows-amd64-min\native-platform.dll
0x00007ffb24e50000 - 0x00007ffb24ec7000 	C:\Users\Lenovo\.gradle\native\0.2.8\x86_64-windows-gnu\gradle-fileevents.dll
0x00007ffb8e1f0000 - 0x00007ffb8e1fa000 	C:\Users\Lenovo\.vscode\extensions\redhat.java-1.56.0-win32-x64\jre\21.0.12.1-win32-x86_64\bin\management.dll
0x00007ffb8d730000 - 0x00007ffb8d73c000 	C:\Users\Lenovo\.vscode\extensions\redhat.java-1.56.0-win32-x64\jre\21.0.12.1-win32-x86_64\bin\management_ext.dll
0x00007ffbbed40000 - 0x00007ffbbed48000 	C:\WINDOWS\System32\PSAPI.DLL
0x00007ffbbb0f0000 - 0x00007ffbbb123000 	C:\WINDOWS\SYSTEM32\IPHLPAPI.DLL
0x00007ffbbe010000 - 0x00007ffbbe01a000 	C:\WINDOWS\System32\NSI.dll
0x00007ffb8ce30000 - 0x00007ffb8ce39000 	C:\Users\Lenovo\.vscode\extensions\redhat.java-1.56.0-win32-x64\jre\21.0.12.1-win32-x86_64\bin\extnet.dll
0x00007ffbbbe80000 - 0x00007ffbbbe9b000 	C:\WINDOWS\SYSTEM32\CRYPTSP.dll
0x00007ffbbb530000 - 0x00007ffbbb569000 	C:\WINDOWS\system32\rsaenh.dll
0x00007ffbbbc40000 - 0x00007ffbbbc74000 	C:\WINDOWS\SYSTEM32\USERENV.dll
0x00007ffbbc7f0000 - 0x00007ffbbc81a000 	C:\WINDOWS\SYSTEM32\bcrypt.dll
0x00007ffbbbea0000 - 0x00007ffbbbeac000 	C:\WINDOWS\SYSTEM32\CRYPTBASE.dll
0x00007ffb9f680000 - 0x00007ffb9f68e000 	C:\Users\Lenovo\.vscode\extensions\redhat.java-1.56.0-win32-x64\jre\21.0.12.1-win32-x86_64\bin\sunmscapi.dll
0x00007ffbbd080000 - 0x00007ffbbd1fe000 	C:\WINDOWS\System32\CRYPT32.dll
0x00007ffbbc0c0000 - 0x00007ffbbc0f0000 	C:\WINDOWS\SYSTEM32\ncrypt.dll
0x00007ffbbc070000 - 0x00007ffbbc0af000 	C:\WINDOWS\SYSTEM32\NTASN1.dll
0x00007ffb4a520000 - 0x00007ffb4a528000 	C:\WINDOWS\system32\wshunix.dll

JVMTI agents:
C:\Users\Lenovo\.gradle\wrapper\dists\gradle-9.3.1-all\9ot9r568e8zfvvd4mn8rbu1j0\gradle-9.3.1\lib\agents\gradle-instrumentation-agent-9.3.1.jar path:C:\Users\Lenovo\.vscode\extensions\redhat.java-1.56.0-win32-x64\jre\21.0.12.1-win32-x86_64\bin\instrument.dll, loaded, initialized, instrumentlib options:none

dbghelp: loaded successfully - version: 4.0.5 - missing functions: none
symbol engine: initialized successfully - sym options: 0x614 - pdb path: .;C:\Users\Lenovo\.vscode\extensions\redhat.java-1.56.0-win32-x64\jre\21.0.12.1-win32-x86_64\bin;C:\WINDOWS\SYSTEM32;C:\WINDOWS\WinSxS\amd64_microsoft.windows.common-controls_6595b64144ccf1df_6.0.26100.9278_none_3e0d1ba8e3303201;C:\Users\Lenovo\.vscode\extensions\redhat.java-1.56.0-win32-x64\jre\21.0.12.1-win32-x86_64\bin\server;C:\Users\Lenovo\.gradle\native\660c5614fbf4a5f2a75b1949f50a0caf5cd603558e7d8a26e50b933a0cfb79d1\windows-amd64-min;C:\Users\Lenovo\.gradle\native\0.2.8\x86_64-windows-gnu

VM Arguments:
jvm_args: --add-opens=java.base/java.lang=ALL-UNNAMED --add-opens=java.base/java.lang.invoke=ALL-UNNAMED --add-opens=java.base/java.util=ALL-UNNAMED --add-opens=java.prefs/java.util.prefs=ALL-UNNAMED --add-exports=jdk.compiler/com.sun.tools.javac.api=ALL-UNNAMED --add-exports=jdk.compiler/com.sun.tools.javac.util=ALL-UNNAMED --add-opens=java.base/java.util=ALL-UNNAMED --add-opens=java.prefs/java.util.prefs=ALL-UNNAMED --add-opens=java.base/java.nio.charset=ALL-UNNAMED --add-opens=java.base/java.net=ALL-UNNAMED --add-opens=java.base/java.util.concurrent=ALL-UNNAMED --add-opens=java.base/java.util.concurrent.atomic=ALL-UNNAMED --add-opens=java.xml/javax.xml.namespace=ALL-UNNAMED --add-opens=java.base/java.time=ALL-UNNAMED -XX:MaxMetaspaceSize=4G -XX:ReservedCodeCacheSize=512m -XX:+HeapDumpOnOutOfMemoryError -Xmx8G -Dfile.encoding=UTF-8 -Duser.country=US -Duser.language=en -Duser.variant -javaagent:C:\Users\Lenovo\.gradle\wrapper\dists\gradle-9.3.1-all\9ot9r568e8zfvvd4mn8rbu1j0\gradle-9.3.1\lib\agents\gradle-instrumentation-agent-9.3.1.jar 
java_command: org.gradle.launcher.daemon.bootstrap.GradleDaemon 9.3.1
java_class_path (initial): C:\Users\Lenovo\.gradle\wrapper\dists\gradle-9.3.1-all\9ot9r568e8zfvvd4mn8rbu1j0\gradle-9.3.1\lib\gradle-daemon-main-9.3.1.jar
Launcher Type: SUN_STANDARD

[Global flags]
     intx CICompilerCount                          = 4                                         {product} {ergonomic}
     uint ConcGCThreads                            = 2                                         {product} {ergonomic}
     uint G1ConcRefinementThreads                  = 8                                         {product} {ergonomic}
   size_t G1HeapRegionSize                         = 4194304                                   {product} {ergonomic}
    uintx GCDrainStackTargetSize                   = 64                                        {product} {ergonomic}
     bool HeapDumpOnOutOfMemoryError               = true                                   {manageable} {command line}
   size_t InitialHeapSize                          = 264241152                                 {product} {ergonomic}
   size_t MarkStackSize                            = 4194304                                   {product} {ergonomic}
   size_t MaxHeapSize                              = 8589934592                                {product} {command line}
   size_t MaxMetaspaceSize                         = 4294967296                                {product} {command line}
   size_t MaxNewSize                               = 5150605312                                {product} {ergonomic}
   size_t MinHeapDeltaBytes                        = 4194304                                   {product} {ergonomic}
   size_t MinHeapSize                              = 8388608                                   {product} {ergonomic}
    uintx NonNMethodCodeHeapSize                   = 5839372                                {pd product} {ergonomic}
    uintx NonProfiledCodeHeapSize                  = 265515770                              {pd product} {ergonomic}
    uintx ProfiledCodeHeapSize                     = 265515770                              {pd product} {ergonomic}
    uintx ReservedCodeCacheSize                    = 536870912                              {pd product} {command line}
     bool SegmentedCodeCache                       = true                                      {product} {ergonomic}
   size_t SoftMaxHeapSize                          = 8589934592                             {manageable} {ergonomic}
     bool UseCompressedOops                        = true                           {product lp64_product} {ergonomic}
     bool UseG1GC                                  = true                                      {product} {ergonomic}
     bool UseLargePagesIndividualAllocation        = false                                  {pd product} {ergonomic}

Logging:
Log output configuration:
 #0: stdout all=warning uptime,level,tags foldmultilines=false
 #1: stderr all=off uptime,level,tags foldmultilines=false

Release file:
JAVA_VERSION="21.0.12.1" 
MODULES="java.base java.compiler java.datatransfer java.xml java.prefs java.desktop java.instrument java.logging java.management java.security.sasl java.naming java.rmi java.management.rmi java.net.http java.scripting java.security.jgss java.transaction.xa java.sql java.sql.rowset java.xml.crypto java.se java.smartcardio jdk.accessibility jdk.internal.jvmstat jdk.attach jdk.charsets jdk.internal.opt jdk.zipfs jdk.compiler jdk.crypto.ec jdk.crypto.cryptoki jdk.crypto.mscapi jdk.dynalink jdk.internal.ed jdk.editpad jdk.hotspot.agent jdk.httpserver jdk.internal.le jdk.internal.vm.ci jdk.internal.vm.compiler jdk.internal.vm.compiler.management jdk.jartool jdk.javadoc jdk.jcmd jdk.management jdk.management.agent jdk.jconsole jdk.jdeps jdk.jdwp.agent jdk.jdi jdk.jfr jdk.jshell jdk.jsobject jdk.jstatd jdk.localedata jdk.management.jfr jdk.naming.dns jdk.naming.rmi jdk.net jdk.nio.mapmode jdk.random jdk.sctp jdk.security.auth jdk.security.jgss jdk.unsupported jdk.unsupported.desktop jdk.xml.dom" 

Environment Variables:
PATH=C:\Program Files (x86)\Pervasive Software\PSQL\bin\;C:\Program Files\Common Files\Oracle\Java\javapath;C:\Program Files\Python313\Scripts\;C:\Program Files\Python313\;C:\Program Files\Python310\Scripts\;C:\Program Files\Python310\;"C:\xampp\php;C:\WINDOWS\system32";C:\WINDOWS;C:\WINDOWS\System32\Wbem;C:\WINDOWS\System32\WindowsPowerShell\v1.0\;C:\WINDOWS\System32\OpenSSH\;C:\WINDOWS\system32;C:\Program Files\Git\cmd;C:\ProgramData\chocolatey\bin;C:\ngrok;C:\Program Files\nodejs\;C:\Users\Lenovo\AppData\Local\Programs\Python\Python313\Scripts\;C:\Users\Lenovo\AppData\Local\Programs\Python\Python313\;C:\Users\Lenovo\AppData\Local\Programs\Python\Launcher\;C:\Users\Lenovo\AppData\Local\Microsoft\WindowsApps;C:\Users\Lenovo\AppData\Local\Programs\Microsoft VS Code\bin;C:\Program Files\Java\jdk-24\bin;C:\Program Files\Java\jdk-24\bin;C:\Program Files\JetBrains\IntelliJ IDEA 2025.1.2\bin;;C:\Users\Lenovo\AppData\Local\Programs\Ollama;C:\Users\Lenovo\AppData\Roaming\npm;C:\Users\Lenovo\AppData\Local\Programs\Podman\;C:\Users\Lenovo\AppData\Local\Kingsoft\WPS Office\12.1.0.27458\clitool;C:\Users\Lenovo\OneDrive\Desktop\flutter\flutter\bin;
USERNAME=Lenovo
OS=Windows_NT
PROCESSOR_IDENTIFIER=Intel64 Family 6 Model 140 Stepping 1, GenuineIntel
TMP=C:\Users\Lenovo\AppData\Local\Temp
TEMP=C:\Users\Lenovo\AppData\Local\Temp




Periodic native trim disabled

---------------  S Y S T E M  ---------------

OS:
 Windows 11 , 64 bit Build 26100 (10.0.26100.9444)
OS uptime: 0 days 2:53 hours

CPU: total 8 (initial active 8) (4 cores per cpu, 2 threads per core) family 6 model 140 stepping 1 microcode 0x86, cx8, cmov, fxsr, ht, mmx, 3dnowpref, sse, sse2, sse3, ssse3, sse4.1, sse4.2, popcnt, lzcnt, tsc, tscinvbit, avx, avx2, aes, erms, clmul, bmi1, bmi2, adx, avx512f, avx512dq, avx512cd, avx512bw, avx512vl, sha, fma, vzeroupper, avx512_vpopcntdq, avx512_vpclmulqdq, avx512_vaes, avx512_vnni, clflush, clflushopt, clwb, avx512_vbmi2, avx512_vbmi, rdtscp, rdpid, fsrm, gfni, avx512_bitalg, f16c, pku, cet_ibt, cet_ss, avx512_ifma
Processor Information for the first 8 processors :
  Max Mhz: 2803, Current Mhz: 2803, Mhz Limit: 2803

Memory: 4k page, system-wide physical 16086M (886M free)
TotalPageFile size 65238M (AvailPageFile size 358M)
current process WorkingSet (physical memory assigned to process): 196M, peak: 196M
current process commit charge ("private bytes"): 273M, peak: 412M

vm_info: OpenJDK 64-Bit Server VM (21.0.12.1+1-LTS) for windows-amd64 JRE (21.0.12.1+1-LTS), built on 2026-08-18T00:00:00Z by "admin" with MS VC++ 17.12 (VS2022)

END.
