#
# There is insufficient memory for the Java Runtime Environment to continue.
# Native memory allocation (malloc) failed to allocate 262160 bytes. Error detail: Chunk::new
# Possible reasons:
#   The system is out of physical RAM or swap space
#   This process is running with CompressedOops enabled, and the Java Heap may be blocking the growth of the native heap
# Possible solutions:
#   Reduce memory load on the system
#   Increase physical memory or swap space
#   Check if swap backing store is full
#   Decrease Java heap size (-Xmx/-Xms)
#   Decrease number of Java threads
#   Decrease Java thread stack sizes (-Xss)
#   Set larger code cache with -XX:ReservedCodeCacheSize=
#   JVM is running with Unscaled Compressed Oops mode in which the Java heap is
#     placed in the first 4GB address space. The Java Heap base address is the
#     maximum limit for the native heap growth. Please use -XX:HeapBaseMinAddress
#     to set the Java Heap base and to place the Java Heap above 4GB virtual address.
# This output file may be truncated or incomplete.
#
#  Out of Memory Error (arena.cpp:168), pid=54032, tid=41712
#
# JRE version: OpenJDK Runtime Environment Temurin-21.0.12.1+1 (21.0.12.1+1) (build 21.0.12.1+1-LTS)
# Java VM: OpenJDK 64-Bit Server VM Temurin-21.0.12.1+1 (21.0.12.1+1-LTS, mixed mode, sharing, tiered, compressed oops, compressed class ptrs, parallel gc, windows-amd64)
# No core dump will be written. Minidumps are not enabled by default on client versions of Windows
#

---------------  S U M M A R Y ------------

Command Line: --add-modules=ALL-SYSTEM --add-opens=java.base/java.util=ALL-UNNAMED --add-opens=java.base/java.lang=ALL-UNNAMED --add-opens=java.base/sun.nio.fs=ALL-UNNAMED -Declipse.application=org.eclipse.jdt.ls.core.id1 -Dosgi.bundles.defaultStartLevel=4 -Declipse.product=org.eclipse.jdt.ls.core.product -Djava.import.generatesMetadataFilesAtProjectRoot=false -Dm2e.project.cache.size=50 -DDetectVMInstallationsJob.disabled=true -Dfile.encoding=utf8 -XX:+UseParallelGC -XX:GCTimeRatio=4 -XX:AdaptiveSizePolicyWeight=90 -Dsun.zip.disableMemoryMapping=true -Xmx2G -Xms100m -Xlog:disable -javaagent:c:\Users\Lenovo\.vscode\extensions\redhat.java-1.56.0-win32-x64\lombok\lombok-1.18.39-4050.jar -XX:+HeapDumpOnOutOfMemoryError -XX:HeapDumpPath=c:\Users\Lenovo\AppData\Roaming\Code\User\workspaceStorage\64b66c16ec1df0cd3892999081844d7d\redhat.java -Daether.dependencyCollector.impl=bf c:\Users\Lenovo\.vscode\extensions\redhat.java-1.56.0-win32-x64\server\plugins\org.eclipse.equinox.launcher_1.8.0.v20260804-1928.jar -configuration c:\Users\Lenovo\AppData\Roaming\Code\User\globalStorage\redhat.java\1.56.0\config_win -data c:\Users\Lenovo\AppData\Roaming\Code\User\workspaceStorage\64b66c16ec1df0cd3892999081844d7d\redhat.java\jdt_ws --stdio

Host: 11th Gen Intel(R) Core(TM) i7-1165G7 @ 2.80GHz, 8 cores, 15G,  Windows 11 , 64 bit Build 26100 (10.0.26100.9444)
Time: Sun Sep 27 05:18:08 2026 Pakistan Standard Time elapsed time: 2012.996696 seconds (0d 0h 33m 32s)

---------------  T H R E A D  ---------------

Current thread (0x000001ab1f2a8c50):  JavaThread "C2 CompilerThread0" daemon [_thread_in_native, id=41712, stack(0x00000077d4600000,0x00000077d4700000) (1024K)]


Current CompileTask:
C2:2012996 16689       4       org.eclipse.jdt.ls.core.internal.handlers.LogHandler$1::logging (72 bytes)

Stack: [0x00000077d4600000,0x00000077d4700000]
Native frames: (J=compiled Java code, j=interpreted, Vv=VM code, C=native code)
V  [jvm.dll+0x6d83e9]
V  [jvm.dll+0x8b5736]
V  [jvm.dll+0x8b7cee]
V  [jvm.dll+0x8b83d3]
V  [jvm.dll+0x284596]
V  [jvm.dll+0xc685d]
V  [jvm.dll+0xc6da1]
V  [jvm.dll+0xc6985]
V  [jvm.dll+0x6ff5d1]
V  [jvm.dll+0x39ca72]
V  [jvm.dll+0x3a4dc2]
V  [jvm.dll+0x6e80ca]
V  [jvm.dll+0x1ce4fc]
V  [jvm.dll+0x2fa7dc]
V  [jvm.dll+0x6f2873]
V  [jvm.dll+0x6ea969]
V  [jvm.dll+0x6ea069]
V  [jvm.dll+0x6e80ee]
V  [jvm.dll+0x1ce4fc]
V  [jvm.dll+0x2fa7dc]
V  [jvm.dll+0x6f2873]
V  [jvm.dll+0x6ea969]
V  [jvm.dll+0x6ea069]
V  [jvm.dll+0x6e80ee]
V  [jvm.dll+0x1ce4fc]
V  [jvm.dll+0x1ccc6e]
V  [jvm.dll+0x24d7ee]
V  [jvm.dll+0x24bbe6]
V  [jvm.dll+0x1cb4ae]
V  [jvm.dll+0x25baad]
V  [jvm.dll+0x25a03a]
V  [jvm.dll+0x3f8aae]
V  [jvm.dll+0x8600cd]
V  [jvm.dll+0x6d6c1d]
C  [ucrtbase.dll+0x2cd30]
C  [KERNEL32.DLL+0x2cd87]
C  [ntdll.dll+0xacaec]


---------------  P R O C E S S  ---------------

Threads class SMR info:
_java_thread_list=0x000001ab054d88c0, length=2168, elements={
0x000001ab06c3cf30, 0x000001ab1f298390, 0x000001ab1f29b740, 0x000001ab1f2a19d0,
0x000001ab1f2a6950, 0x000001ab1f2a73b0, 0x000001ab1f2a7e10, 0x000001ab1f2a8c50,
0x000001ab6600a3b0, 0x000001ab661f1ff0, 0x000001ab6632f880, 0x000001ab66893270,
0x000001ab668ab700, 0x000001ab66b9e8c0, 0x000001ab66b9f300, 0x000001ab6725e670,
0x000001ab66284600, 0x000001ab669aabc0, 0x000001ab671a6e50, 0x000001ab671a4d80,
0x000001ab671a67c0, 0x000001ab671a5410, 0x000001ab68de6690, 0x000001ab68de45c0,
0x000001ab68de5970, 0x000001ab68de4c50, 0x000001ab68de52e0, 0x000001ab68de6000,
0x000001ab68de3210, 0x000001ab68de6d20, 0x000001ab68de8df0, 0x000001ab68de80d0,
0x000001ab68de73b0, 0x000001ab68dea1a0, 0x000001ab68de7a40, 0x000001ab68de9480,
0x000001ab68de8760, 0x000001ab68dea830, 0x000001ab68de9b10, 0x000001ab6b847ca0,
0x000001ab6b848330, 0x000001ab6b8489c0, 0x000001ab6b849d70, 0x000001ab6b849050,
0x000001ab6b84a400, 0x000001ab6b84aa90, 0x000001ab6b847610, 0x000001ab6b84d1f0,
0x000001ab6b84c4d0, 0x000001ab6b84cb60, 0x000001ab6b84d880, 0x000001ab6b84e5a0,
0x000001ab674ece90, 0x000001ab674eb450, 0x000001ab674ea0a0, 0x000001ab674ea730,
0x000001ab674eadc0, 0x000001ab674ec800, 0x000001ab674e9a10, 0x000001ab674efc80,
0x000001ab674edbb0, 0x000001ab674ee240, 0x000001ab674f0310, 0x000001ab674f09a0,
0x000001ab6b8496e0, 0x000001ab6b84b7b0, 0x000001ab6b84df10, 0x000001ab6b7608c0,
0x000001ab6b762300, 0x000001ab6b760f50, 0x000001ab6b761c70, 0x000001ab6b7615e0,
0x000001ab6b760230, 0x000001ab6b764a60, 0x000001ab6b765780, 0x000001ab6b7643d0,
0x000001ab6b765e10, 0x000001ab6b766b30, 0x000001ab6b7636b0, 0x000001ab674ebae0,
0x000001ab674f1030, 0x000001ab674ef5f0, 0x000001ab68de38a0, 0x000001ab69997110,
0x000001ab699956d0, 0x000001ab69996a80, 0x000001ab69995d60, 0x000001ab699949b0,
0x000001ab699984c0, 0x000001ab69995040, 0x000001ab6999b940, 0x000001ab69998b50,
0x000001ab69999870, 0x000001ab699991e0, 0x000001ab6999ac20, 0x000001ab6b763d40,
0x000001ab674ec170, 0x000001ab6b84be40, 0x000001ab6b763020, 0x000001ab685ebd30,
0x000001ab685eb010, 0x000001ab685ea2f0, 0x000001ab685ea980, 0x000001ab685ec3c0,
0x000001ab685eca50, 0x000001ab685e95d0, 0x000001ab685f0560, 0x000001ab685ee490,
0x000001ab685eeb20, 0x000001ab685efed0, 0x000001ab685ede00, 0x000001ab685ef1b0,
0x000001ab685ed770, 0x000001ab685ef840, 0x000001ab6999b2b0, 0x000001ab69997e30,
0x000001ab6999bfd0, 0x000001ab6b7664a0, 0x000001ab6b7650f0, 0x000001ab6b846f80,
0x000001ab6ac12900, 0x000001ab6ac13cb0, 0x000001ab6ac149d0, 0x000001ab6ac14340,
0x000001ab6ac12f90, 0x000001ab6ac13620, 0x000001ab6ac15060, 0x000001ab6ac11be0,
0x000001ab6ac16410, 0x000001ab6ac156f0, 0x000001ab6ac16aa0, 0x000001ab6ac17130,
0x000001ab6ac177c0, 0x000001ab6ac184e0, 0x000001ab6ac17e50, 0x000001ab685eb6a0,
0x000001ab685e8f40, 0x000001ab6ac18b70, 0x000001ab6ac15d80, 0x000001ab6b84b120,
0x000001ab685e9c60, 0x000001ab6ac11550, 0x000001ab6a6b6770, 0x000001ab6a6b53c0,
0x000001ab6a6b4010, 0x000001ab6a6b5a50, 0x000001ab6a6b60e0, 0x000001ab6a6b7b20,
0x000001ab6a6b46a0, 0x000001ab6a6b4d30, 0x000001ab6a6ba910, 0x000001ab6a6b9bf0,
0x000001ab6a6b9560, 0x000001ab6a6bafa0, 0x000001ab6a6bb630, 0x000001ab6a6b8ed0,
0x000001ab69999f00, 0x000001ab6999a590, 0x000001ab6ac12270, 0x000001ab6a6ba280,
0x000001ab6a590800, 0x000001ab6a590170, 0x000001ab6a591bb0, 0x000001ab6a592f60,
0x000001ab6a5928d0, 0x000001ab6a5935f0, 0x000001ab6a593c80, 0x000001ab6a597790,
0x000001ab6a5949a0, 0x000001ab6a5984b0, 0x000001ab6a5963e0, 0x000001ab6a595030,
0x000001ab6a597e20, 0x000001ab6a5956c0, 0x000001ab6a5991d0, 0x000001ab6a595d50,
0x000001ab6a599860, 0x000001ab6a592240, 0x000001ab6a599ef0, 0x000001ab6a59b2a0,
0x000001ab6a598b40, 0x000001ab6a59a580, 0x000001ab6a59ac10, 0x000001ab6a59edb0,
0x000001ab6a59da00, 0x000001ab6a59e090, 0x000001ab6a59d370, 0x000001ab6a59b930,
0x000001ab6a59e720, 0x000001ab6a596a70, 0x000001ab6a594310, 0x000001ab6a59c650,
0x000001ab6a59cce0, 0x000001ab6a6b7490, 0x000001ab6a6b8840, 0x000001ab6b75fba0,
0x000001ab6a6b81b0, 0x000001ab6c368c20, 0x000001ab6c3692b0, 0x000001ab6c36acf0,
0x000001ab6c367870, 0x000001ab6c369940, 0x000001ab6c368590, 0x000001ab6c36a660,
0x000001ab6c36dae0, 0x000001ab6c367f00, 0x000001ab6c36c730, 0x000001ab6c36e800,
0x000001ab6c36ee90, 0x000001ab6c36ba10, 0x000001ab6c369fd0, 0x000001ab6c370240,
0x000001ab6c36f520, 0x000001ab6c373030, 0x000001ab6c36fbb0, 0x000001ab6c3729a0,
0x000001ab6c3708d0, 0x000001ab6c372310, 0x000001ab6c373d50, 0x000001ab6c36b380,
0x000001ab6c3743e0, 0x000001ab6c36d450, 0x000001ab6c3715f0, 0x000001ab6c36e170,
0x000001ab6c375100, 0x000001ab6c371c80, 0x000001ab6c375e20, 0x000001ab6c3736c0,
0x000001ab6a590e90, 0x000001ab6a597100, 0x000001ab6a59f440, 0x000001ab6ba6c4c0,
0x000001ab6ba6cb50, 0x000001ab6ba6a3f0, 0x000001ab6ba6aa80, 0x000001ab6ba6e590,
0x000001ab6ba6b110, 0x000001ab6ba6ec20, 0x000001ab6ba6b7a0, 0x000001ab6ba720a0,
0x000001ab6ba6ffd0, 0x000001ab6ba6f940, 0x000001ab6ba70cf0, 0x000001ab6ba6f2b0,
0x000001ab6ba71a10, 0x000001ab6ba73450, 0x000001ab6ba73ae0, 0x000001ab6ba74170,
0x000001ab6ba74800, 0x000001ab6ba71380, 0x000001ab6ba76240, 0x000001ab6ba75520,
0x000001ab6ba75bb0, 0x000001ab6ba72730, 0x000001ab6ba72dc0, 0x000001ab6ba76f60,
0x000001ab6ba768d0, 0x000001ab6ba789a0, 0x000001ab6ba775f0, 0x000001ab6ba77c80,
0x000001ab6ba78310, 0x000001ab6c36c0a0, 0x000001ab6c370f60, 0x000001ab6c374a70,
0x000001ab6ba6d870, 0x000001ab6ba6df00, 0x000001ab6ba74e90, 0x000001ab6a591520,
0x000001ab6a59bfc0, 0x000001ab6c3764b0, 0x000001ab6c376b40, 0x000001ab699977a0,
0x000001ab674ee8d0, 0x000001ab6a6b6e00, 0x000001ab699963f0, 0x000001ab6cdb5910,
0x000001ab6cdb5280, 0x000001ab6cdb6630, 0x000001ab6cdb3ed0, 0x000001ab6cdb5fa0,
0x000001ab6cdb4bf0, 0x000001ab6cdb6cc0, 0x000001ab6cdb3840, 0x000001ab6cdba7d0,
0x000001ab6cdb79e0, 0x000001ab6cdb8700, 0x000001ab6cdb7350, 0x000001ab6cdb8070,
0x000001ab6cdb9ab0, 0x000001ab6cdbb4f0, 0x000001ab6cdbbb80, 0x000001ab6cdba140,
0x000001ab6cdbc210, 0x000001ab6cdbc8a0, 0x000001ab6cdb9420, 0x000001ab6cdbe2e0,
0x000001ab6cdbf000, 0x000001ab6cdc03b0, 0x000001ab6cdbfd20, 0x000001ab6cdb31b0,
0x000001ab6cdbe970, 0x000001ab6cdbcf30, 0x000001ab6cdbf690, 0x000001ab6cdc0a40,
0x000001ab6cdbd5c0, 0x000001ab6cdc10d0, 0x000001ab6cdbdc50, 0x000001ab6cdc1760,
0x000001ab6cdc1df0, 0x000001ab6ba69d60, 0x000001ab6ba79030, 0x000001ab6d9d8370,
0x000001ab6d9d9db0, 0x000001ab6d9da440, 0x000001ab6d9d6fc0, 0x000001ab6d9daad0,
0x000001ab6d9d7650, 0x000001ab6d9dc510, 0x000001ab6d9dd8c0, 0x000001ab6d9dbe80,
0x000001ab6d9ddf50, 0x000001ab6d9dd230, 0x000001ab6d9dcba0, 0x000001ab6d9db7f0,
0x000001ab6d9db160, 0x000001ab6d9df300, 0x000001ab6d9df990, 0x000001ab6d9d7ce0,
0x000001ab6d9d9720, 0x000001ab6d9dec70, 0x000001ab6d9e06b0, 0x000001ab6d9e0d40,
0x000001ab6d9e13d0, 0x000001ab6d9de5e0, 0x000001ab6d9e2780, 0x000001ab6d9e1a60,
0x000001ab6d9e0020, 0x000001ab6d9e34a0, 0x000001ab6d9e5c00, 0x000001ab6d9d9090,
0x000001ab6d9e3b30, 0x000001ab6d9e41c0, 0x000001ab6d9e8360, 0x000001ab6d9e4ee0,
0x000001ab6d9e5570, 0x000001ab6d9e6290, 0x000001ab6d9e9080, 0x000001ab6d9e7cd0,
0x000001ab6d9e6fb0, 0x000001ab6d9e9710, 0x000001ab6d9e6920, 0x000001ab6d9e20f0,
0x000001ab6d9e9da0, 0x000001ab6d9e89f0, 0x000001ab6d9eaac0, 0x000001ab6d9ea430,
0x000001ab6d9e7640, 0x000001ab6d9ecb90, 0x000001ab6d9eb7e0, 0x000001ab6d9ec500,
0x000001ab6d9eb150, 0x000001ab6d9ed220, 0x000001ab6d9ebe70, 0x000001ab6d9eec60,
0x000001ab6d9edf40, 0x000001ab6d9ef980, 0x000001ab6d9ee5d0, 0x000001ab6d9ef2f0,
0x000001ab6d9f0d30, 0x000001ab6d9f0010, 0x000001ab6d9f06a0, 0x000001ab6d9f2e00,
0x000001ab6d9f41b0, 0x000001ab6d9f2770, 0x000001ab6d9f4840, 0x000001ab6d9f4ed0,
0x000001ab6d9f1a50, 0x000001ab6d9f13c0, 0x000001ab6d9f20e0, 0x000001ab6d9f5560,
0x000001ab6d9f5bf0, 0x000001ab6d9f6280, 0x000001ab6d9e2e10, 0x000001ab6cdc2480,
0x000001ab6d9f3b20, 0x000001ab6e0d20a0, 0x000001ab6e0d5520, 0x000001ab6e0d3ae0,
0x000001ab6e0d4170, 0x000001ab6e0d6240, 0x000001ab6e0d5bb0, 0x000001ab6e0d2dc0,
0x000001ab6e0d68d0, 0x000001ab6e0d3450, 0x000001ab6e0d6f60, 0x000001ab6e0d7c80,
0x000001ab6e0d4800, 0x000001ab6e0d89a0, 0x000001ab6e0da3e0, 0x000001ab6e0daa70,
0x000001ab6e0db100, 0x000001ab6e0d4e90, 0x000001ab6e0d96c0, 0x000001ab6e0d9d50,
0x000001ab6e0d8310, 0x000001ab6e0dec10, 0x000001ab6e0de580, 0x000001ab6e0dbe20,
0x000001ab6e0d9030, 0x000001ab6e0df2a0, 0x000001ab6e0df930, 0x000001ab6e0d75f0,
0x000001ab6e0dd860, 0x000001ab6e0d2730, 0x000001ab6e0dffc0, 0x000001ab6e0ddef0,
0x000001ab6e0dd1d0, 0x000001ab6e0e2720, 0x000001ab6e0e2090, 0x000001ab6e0e0650,
0x000001ab6e0e3440, 0x000001ab6e0e2db0, 0x000001ab6e0e3ad0, 0x000001ab6e0e4160,
0x000001ab6e0e0ce0, 0x000001ab6e0e47f0, 0x000001ab6e0e4e80, 0x000001ab6e0dc4b0,
0x000001ab6e0e1a00, 0x000001ab6e0e8990, 0x000001ab6e0e68c0, 0x000001ab6e0e5ba0,
0x000001ab6e0e6f50, 0x000001ab6e0e75e0, 0x000001ab6e0e6230, 0x000001ab6e0e8300,
0x000001ab6e0e7c70, 0x000001ab6e0eb0f0, 0x000001ab6e0e9d40, 0x000001ab6e0eb780,
0x000001ab6e0e9020, 0x000001ab6e0eaa60, 0x000001ab6e0ea3d0, 0x000001ab6e0ec4a0,
0x000001ab6e0ef290, 0x000001ab6e0ef920, 0x000001ab6e0effb0, 0x000001ab6e0eec00,
0x000001ab6e0ecb30, 0x000001ab6e0e96b0, 0x000001ab6e0ee570, 0x000001ab6e0ed850,
0x000001ab6e0edee0, 0x000001ab6e0f0640, 0x000001ab6e0ed1c0, 0x000001ab6e0f0cd0,
0x000001ab6e0f1360, 0x000001ab6d9e4850, 0x000001ab6d9ed8b0, 0x000001ab6cdbae60,
0x000001ab6cdb8d90, 0x000001ab6d9f3490, 0x000001ab6e0e5510, 0x000001ab6ba6d1e0,
0x000001ab6ed48c50, 0x000001ab6ed49970, 0x000001ab6ed492e0, 0x000001ab6ed4a690,
0x000001ab6ed4b3b0, 0x000001ab6ed47f30, 0x000001ab6ed4ba40, 0x000001ab6ed485c0,
0x000001ab6ed4db10, 0x000001ab6ed4c0d0, 0x000001ab6ed4fbe0, 0x000001ab6ed4eec0,
0x000001ab6ed4cdf0, 0x000001ab6ed4c760, 0x000001ab6ed50270, 0x000001ab6ed52340,
0x000001ab6ed51620, 0x000001ab6ed4d480, 0x000001ab6ed47210, 0x000001ab6ed4ad20,
0x000001ab6ed51cb0, 0x000001ab6ed50f90, 0x000001ab6ed4e1a0, 0x000001ab6ed4f550,
0x000001ab6ed536f0, 0x000001ab6ed54410, 0x000001ab6ed53d80, 0x000001ab6ed55130,
0x000001ab6ed557c0, 0x000001ab6ed529d0, 0x000001ab6ed564e0, 0x000001ab6ed53060,
0x000001ab6ed58c40, 0x000001ab6ed57890, 0x000001ab6ed57f20, 0x000001ab6ed55e50,
0x000001ab6ed59ff0, 0x000001ab6ed57200, 0x000001ab6ed585b0, 0x000001ab6ed59960,
0x000001ab6ed56b70, 0x000001ab6ed5b3a0, 0x000001ab6ed5a680, 0x000001ab6ed5e190,
0x000001ab6ed5c750, 0x000001ab6ed50900, 0x000001ab6ed592d0, 0x000001ab6ed5e820,
0x000001ab6ed5cde0, 0x000001ab6ed5d470, 0x000001ab6ed5db00, 0x000001ab6ed5eeb0,
0x000001ab6ed5f540, 0x000001ab6ed5fbd0, 0x000001ab6ed608f0, 0x000001ab6ed60260,
0x000001ab6ed63d70, 0x000001ab6ed61ca0, 0x000001ab6ed63050, 0x000001ab6ed64400,
0x000001ab6ed62330, 0x000001ab6ed636e0, 0x000001ab6ed629c0, 0x000001ab6ed61610,
0x000001ab6ed65e40, 0x000001ab6ed664d0, 0x000001ab6ed657b0, 0x000001ab6e0db790,
0x000001ab6e0e1370, 0x000001ab6ed64a90, 0x000001ab6ed65120, 0x000001ab6e0ebe10,
0x000001ab6cdb4560, 0x000001ab6d9d8a00, 0x000001ab6e788410, 0x000001ab6e789e50,
0x000001ab6e78a4e0, 0x000001ab6e7897c0, 0x000001ab6e787060, 0x000001ab6e78ab70,
0x000001ab6e7876f0, 0x000001ab6e78c5b0, 0x000001ab6e78b890, 0x000001ab6e78bf20,
0x000001ab6e78e680, 0x000001ab6e789130, 0x000001ab6e78d960, 0x000001ab6e790750,
0x000001ab6e78fa30, 0x000001ab6e7900c0, 0x000001ab6e78dff0, 0x000001ab6e78d2d0,
0x000001ab6e791470, 0x000001ab6e78ed10, 0x000001ab6e794f80, 0x000001ab6e793bd0,
0x000001ab6e795610, 0x000001ab6e792eb0, 0x000001ab6e792820, 0x000001ab6e796330,
0x000001ab6e791b00, 0x000001ab6e795ca0, 0x000001ab6e793540, 0x000001ab6e7948f0,
0x000001ab6ed54aa0, 0x000001ab6c375790, 0x000001ab6f505080, 0x000001ab6f502920,
0x000001ab6f5049f0, 0x000001ab6f503640, 0x000001ab6f503cd0, 0x000001ab6f502290,
0x000001ab6f506ac0, 0x000001ab6f509220, 0x000001ab6f507150, 0x000001ab6f5077e0,
0x000001ab6f504360, 0x000001ab6f5098b0, 0x000001ab6f507e70, 0x000001ab6f50b980,
0x000001ab6f502fb0, 0x000001ab6f509f40, 0x000001ab6f50a5d0, 0x000001ab6f50b2f0,
0x000001ab6f508500, 0x000001ab6f50ac60, 0x000001ab6f508b90, 0x000001ab6f50fb20,
0x000001ab6f50c6a0, 0x000001ab6f5101b0, 0x000001ab6f50e770, 0x000001ab6f50cd30,
0x000001ab6f50e0e0, 0x000001ab6f50ee00, 0x000001ab6f50c010, 0x000001ab6f512910,
0x000001ab6f512fa0, 0x000001ab6f510ed0, 0x000001ab6f5149e0, 0x000001ab6f513cc0,
0x000001ab6f511bf0, 0x000001ab6f512280, 0x000001ab6f511560, 0x000001ab6f515d90,
0x000001ab6f516ab0, 0x000001ab6f515070, 0x000001ab6f517140, 0x000001ab6f518b80,
0x000001ab6f519f30, 0x000001ab6f519210, 0x000001ab6f51a5c0, 0x000001ab6f51ac50,
0x000001ab6f5177d0, 0x000001ab6f51b970, 0x000001ab6f51d3b0, 0x000001ab6f51edf0,
0x000001ab6f514350, 0x000001ab6f515700, 0x000001ab6f516420, 0x000001ab6f513630,
0x000001ab6f51b2e0, 0x000001ab6f5184f0, 0x000001ab6f51c000, 0x000001ab6f51fb10,
0x000001ab6f51da40, 0x000001ab6f51f480, 0x000001ab6f51c690, 0x000001ab6f51e0d0,
0x000001ab6f5201a0, 0x000001ab6f51e760, 0x000001ab6f51cd20, 0x000001ab6f520ec0,
0x000001ab6ed4a000, 0x000001ab6ed478a0, 0x000001ab6ed5ad10, 0x000001ab6ed5ba30,
0x000001ab6ed5c0c0, 0x000001ab6ed60f80, 0x000001ab6e78b200, 0x000001ab6e78cc40,
0x000001ab6f50da50, 0x000001ab6f520830, 0x000001ab6ed4e830, 0x000001ab6c36cdc0,
0x000001ab70c63b10, 0x000001ab70c64ec0, 0x000001ab70c66270, 0x000001ab70c63480,
0x000001ab70c66900, 0x000001ab70c67620, 0x000001ab70c6a410, 0x000001ab70c67cb0,
0x000001ab70c64830, 0x000001ab70c6aaa0, 0x000001ab70c6b7c0, 0x000001ab70c6b130,
0x000001ab70c69d80, 0x000001ab70c68340, 0x000001ab70c65550, 0x000001ab70c6be50,
0x000001ab70c6c4e0, 0x000001ab70c69060, 0x000001ab70c6cb70, 0x000001ab70c696f0,
0x000001ab70c6d890, 0x000001ab70c6e5b0, 0x000001ab70c6ec40, 0x000001ab70c6f2d0,
0x000001ab70c6f960, 0x000001ab70c6fff0, 0x000001ab70c70680, 0x000001ab70c6d200,
0x000001ab70c713a0, 0x000001ab70c74190, 0x000001ab70c73b00, 0x000001ab70c70d10,
0x000001ab70c74820, 0x000001ab70c74eb0, 0x000001ab70c72750, 0x000001ab70c72de0,
0x000001ab70c71a30, 0x000001ab70c73470, 0x000001ab70c77610, 0x000001ab70c77ca0,
0x000001ab70c768f0, 0x000001ab70c78330, 0x000001ab70c76260, 0x000001ab70c789c0,
0x000001ab70c75bd0, 0x000001ab70c796e0, 0x000001ab70c7b7b0, 0x000001ab70c79050,
0x000001ab70c7c4d0, 0x000001ab70c79d70, 0x000001ab70c7b120, 0x000001ab70c7a400,
0x000001ab70c7be40, 0x000001ab70c7aa90, 0x000001ab70c641a0, 0x000001ab70c7cb60,
0x000001ab70c7f950, 0x000001ab70c7d880, 0x000001ab70c7ffe0, 0x000001ab70c80670,
0x000001ab70c80d00, 0x000001ab70c81390, 0x000001ab70c81a20, 0x000001ab70c7e5a0,
0x000001ab70c820b0, 0x000001ab70c7ec30, 0x000001ab70c82740, 0x000001ab70c7f2c0,
0x000001ab70c82dd0, 0x000001ab70c86250, 0x000001ab70c868e0, 0x000001ab70c85bc0,
0x000001ab70c83460, 0x000001ab70c86f70, 0x000001ab70c689d0, 0x000001ab70c75540,
0x000001ab70c720c0, 0x000001ab70c84180, 0x000001ab70c87c90, 0x000001ab70c84ea0,
0x000001ab70c88320, 0x000001ab70c889b0, 0x000001ab70c89040, 0x000001ab70c4a430,
0x000001ab70c4be70, 0x000001ab70c49da0, 0x000001ab70c4b150, 0x000001ab70c4c500,
0x000001ab70c49710, 0x000001ab70c4aac0, 0x000001ab70c4b7e0, 0x000001ab70c4ec60,
0x000001ab70c4e5d0, 0x000001ab70c4df40, 0x000001ab70c4cb90, 0x000001ab70c506a0,
0x000001ab70c4f2f0, 0x000001ab70c4f980, 0x000001ab70c50d30, 0x000001ab70c4d8b0,
0x000001ab70c53490, 0x000001ab70c53b20, 0x000001ab70c52e00, 0x000001ab70c54840,
0x000001ab70c513c0, 0x000001ab70c54ed0, 0x000001ab70c51a50, 0x000001ab70c55560,
0x000001ab70c520e0, 0x000001ab70c55bf0, 0x000001ab70c56910, 0x000001ab70c57630,
0x000001ab70c541b0, 0x000001ab70c57cc0, 0x000001ab70c59d90, 0x000001ab70c5a420,
0x000001ab70c5b7d0, 0x000001ab70c589e0, 0x000001ab70c58350, 0x000001ab70c5be60,
0x000001ab70c5aab0, 0x000001ab70c5c4f0, 0x000001ab70c5d210, 0x000001ab70c5f970,
0x000001ab70c5d8a0, 0x000001ab70c5cb80, 0x000001ab70c5ec50, 0x000001ab70c60d20,
0x000001ab70c56fa0, 0x000001ab70c5df30, 0x000001ab70c5e5c0, 0x000001ab70c5b140,
0x000001ab70c62760, 0x000001ab70c61a40, 0x000001ab70c613b0, 0x000001ab70c620d0,
0x000001ab70c65be0, 0x000001ab70c66f90, 0x000001ab70c6df20, 0x000001ab70c7d1f0,
0x000001ab70c62df0, 0x000001ab70c60000, 0x000001ab70c7df10, 0x000001ab70c84810,
0x000001ab70c87600, 0x000001ab70c85530, 0x000001ab6e78f3a0, 0x000001ab6e794260,
0x000001ab6e790de0, 0x000001ab6f501c00, 0x000001ab6f505710, 0x000001ab6f505da0,
0x000001ab6f506430, 0x000001ab6f5198a0, 0x000001ab6e787d80, 0x000001ab71105780,
0x000001ab711050f0, 0x000001ab71103020, 0x000001ab71104a60, 0x000001ab711043d0,
0x000001ab71103d40, 0x000001ab71108c00, 0x000001ab71107850, 0x000001ab71107ee0,
0x000001ab71109290, 0x000001ab71105e10, 0x000001ab71109920, 0x000001ab711064a0,
0x000001ab7110c080, 0x000001ab7110c710, 0x000001ab7110b360, 0x000001ab7110b9f0,
0x000001ab71108570, 0x000001ab7110d430, 0x000001ab71110220, 0x000001ab7110ee70,
0x000001ab7110fb90, 0x000001ab711108b0, 0x000001ab7110f500, 0x000001ab71110f40,
0x000001ab711115d0, 0x000001ab7110e150, 0x000001ab71106b30, 0x000001ab7110e7e0,
0x000001ab71113d30, 0x000001ab711122f0, 0x000001ab71112980, 0x000001ab711143c0,
0x000001ab711150e0, 0x000001ab711136a0, 0x000001ab71111c60, 0x000001ab71115770,
0x000001ab71117ed0, 0x000001ab71116b20, 0x000001ab71115e00, 0x000001ab71117840,
0x000001ab711036b0, 0x000001ab71116490, 0x000001ab711171b0, 0x000001ab71118560,
0x000001ab7110acd0, 0x000001ab7110dac0, 0x000001ab7111b9e0, 0x000001ab71118bf0,
0x000001ab71119910, 0x000001ab71119280, 0x000001ab71119fa0, 0x000001ab7111cd90,
0x000001ab7111c700, 0x000001ab7111a630, 0x000001ab7111b350, 0x000001ab7111fb80,
0x000001ab7111f4f0, 0x000001ab71120210, 0x000001ab711208a0, 0x000001ab7111d420,
0x000001ab71120f30, 0x000001ab7111dab0, 0x000001ab7111ee60, 0x000001ab7111e7d0,
0x000001ab71123690, 0x000001ab71123d20, 0x000001ab71122970, 0x000001ab71125760,
0x000001ab711271a0, 0x000001ab71127ec0, 0x000001ab71126480, 0x000001ab71128550,
0x000001ab71126b10, 0x000001ab71127830, 0x000001ab711250d0, 0x000001ab711222e0,
0x000001ab7112c6f0, 0x000001ab71129270, 0x000001ab7112b9d0, 0x000001ab71129f90,
0x000001ab7112a620, 0x000001ab7112cd80, 0x000001ab71129900, 0x000001ab7112e130,
0x000001ab7112daa0, 0x000001ab7112e7c0, 0x000001ab7112d410, 0x000001ab7112f4e0,
0x000001ab7112c060, 0x000001ab71131c40, 0x000001ab711315b0, 0x000001ab71130f20,
0x000001ab71130890, 0x000001ab7112ee50, 0x000001ab71132ff0, 0x000001ab71132960,
0x000001ab71133680, 0x000001ab71130200, 0x000001ab71136b00, 0x000001ab71121c50,
0x000001ab7112acb0, 0x000001ab7112fb70, 0x000001ab71133d10, 0x000001ab71136470,
0x000001ab711343a0, 0x000001ab71134a30, 0x000001ab711350c0, 0x000001ab711398f0,
0x000001ab7113aca0, 0x000001ab71139f80, 0x000001ab71139260, 0x000001ab7113b9c0,
0x000001ab71138540, 0x000001ab7113c050, 0x000001ab7113fb60, 0x000001ab71138bd0,
0x000001ab7113e120, 0x000001ab7113cd70, 0x000001ab71140880, 0x000001ab71141c30,
0x000001ab711401f0, 0x000001ab7113f4d0, 0x000001ab711422c0, 0x000001ab71114a50,
0x000001ab7111c070, 0x000001ab71140f10, 0x000001ab70c59070, 0x000001ab70c4d220,
0x000001ab70c56280, 0x000001ab71137eb0, 0x000001ab7113b330, 0x000001ab7113d400,
0x000001ab7110cda0, 0x000001ab7110a640, 0x000001ab711322d0, 0x000001ab7113c6e0,
0x000001ab7113da90, 0x000001ab71142950, 0x000001ab70c50010, 0x000001ab70c5f2e0,
0x000001ab70c83af0, 0x000001ab71135de0, 0x000001ab7111acc0, 0x000001ab6f510840,
0x000001ab6f50d3c0, 0x000001ab70c896d0, 0x000001ab6e788aa0, 0x000001ab71123000,
0x000001ab70c52770, 0x000001ab77ad30a0, 0x000001ab77ad4450, 0x000001ab77ad4ae0,
0x000001ab77ad3730, 0x000001ab77ad7f60, 0x000001ab77ad6520, 0x000001ab77ad6bb0,
0x000001ab77ad8c80, 0x000001ab77ad85f0, 0x000001ab77ad5800, 0x000001ab77ada6c0,
0x000001ab77adad50, 0x000001ab77adc100, 0x000001ab77adb3e0, 0x000001ab77ad9310,
0x000001ab77adba70, 0x000001ab77ad99a0, 0x000001ab77ad7240, 0x000001ab77adce20,
0x000001ab77ada030, 0x000001ab77add4b0, 0x000001ab77ae02a0, 0x000001ab77adc790,
0x000001ab77adfc10, 0x000001ab77ae0930, 0x000001ab77adf580, 0x000001ab77ae1ce0,
0x000001ab77adeef0, 0x000001ab77ade1d0, 0x000001ab77ade860, 0x000001ab77ae2370,
0x000001ab77ae2a00, 0x000001ab77ae4ad0, 0x000001ab77ae5160, 0x000001ab77ae57f0,
0x000001ab77ae3720, 0x000001ab77ae6510, 0x000001ab77ae5e80, 0x000001ab77ae3db0,
0x000001ab77ae3090, 0x000001ab77ae6ba0, 0x000001ab77aea020, 0x000001ab77aea6b0,
0x000001ab77ae7f50, 0x000001ab77ae85e0, 0x000001ab77ae7230, 0x000001ab77aeb3d0,
0x000001ab77aec0f0, 0x000001ab77aec780, 0x000001ab77aef570, 0x000001ab77aece10,
0x000001ab77aee850, 0x000001ab77ae9300, 0x000001ab77aeeee0, 0x000001ab77af0290,
0x000001ab77af0920, 0x000001ab77aed4a0, 0x000001ab77af0fb0, 0x000001ab77aedb30,
0x000001ab77aee1c0, 0x000001ab77af2360, 0x000001ab77af3da0, 0x000001ab77af4430,
0x000001ab77af1cd0, 0x000001ab77af4ac0, 0x000001ab77af29f0, 0x000001ab77addb40,
0x000001ab77aeba60, 0x000001ab77af6b90, 0x000001ab77af7220, 0x000001ab77af78b0,
0x000001ab77af5e70, 0x000001ab77ad5170, 0x000001ab77ae78c0, 0x000001ab77ae4440,
0x000001ab77af6500, 0x000001ab77af3710, 0x000001ab77af85d0, 0x000001ab77af7f40,
0x000001ab77af8c60, 0x000001ab77af57e0, 0x000001ab77afa010, 0x000001ab77afad30,
0x000001ab77af92f0, 0x000001ab77ad3dc0, 0x000001ab77ae9990, 0x000001ab77af3080,
0x000001ab77aefc00, 0x000001ab77afc0e0, 0x000001ab77afb3c0, 0x000001ab77ad5e90,
0x000001ab77ae0fc0, 0x000001ab77afba50, 0x000001ab77af9980, 0x000001ab77afd490,
0x000001ab77afdb20, 0x000001ab77afeed0, 0x000001ab77affbf0, 0x000001ab77afe840,
0x000001ab77b00280, 0x000001ab77aff560, 0x000001ab77afce00, 0x000001ab77b01630,
0x000001ab77afe1b0, 0x000001ab77b04ab0, 0x000001ab77b05140, 0x000001ab77b029e0,
0x000001ab77b01cc0, 0x000001ab77b03700, 0x000001ab77b03d90, 0x000001ab77b04420,
0x000001ab77b057d0, 0x000001ab77b00fa0, 0x000001ab77b05e60, 0x000001ab77b07210,
0x000001ab77b08c50, 0x000001ab77b0a000, 0x000001ab77b078a0, 0x000001ab77b092e0,
0x000001ab77b0a690, 0x000001ab77b0ad20, 0x000001ab77b0b3b0, 0x000001ab77b0ba40,
0x000001ab77b0e1a0, 0x000001ab77b085c0, 0x000001ab77b07f30, 0x000001ab77af5150,
0x000001ab77afa6a0, 0x000001ab77b06b80, 0x000001ab77b0cdf0, 0x000001ab77b09970,
0x000001ab77b0fbe0, 0x000001ab77b0d480, 0x000001ab77b10270, 0x000001ab77b10f90,
0x000001ab77b0db10, 0x000001ab77b11620, 0x000001ab77b10900, 0x000001ab77b0e830,
0x000001ab77b12340, 0x000001ab77b0eec0, 0x000001ab77b129d0, 0x000001ab77b136f0,
0x000001ab77b13060, 0x000001ab71137190, 0x000001ab71109fb0, 0x000001ab77b11cb0,
0x000001ab77ad78d0, 0x000001ab70c59700, 0x000001ab70c76f80, 0x000001ab793cc540,
0x000001ab793cbeb0, 0x000001ab793ccbd0, 0x000001ab793cb190, 0x000001ab793cd8f0,
0x000001ab793ca470, 0x000001ab793d06e0, 0x000001ab793d0050, 0x000001ab793cf330,
0x000001ab793cf9c0, 0x000001ab793d0d70, 0x000001ab793d1400, 0x000001ab793ce610,
0x000001ab793ceca0, 0x000001ab793d34d0, 0x000001ab793d2e40, 0x000001ab793d2120,
0x000001ab793d4880, 0x000001ab793d4f10, 0x000001ab793d1a90, 0x000001ab793d55a0,
0x000001ab793d5c30, 0x000001ab793d27b0, 0x000001ab793d6950, 0x000001ab793d62c0,
0x000001ab793cb820, 0x000001ab793d9740, 0x000001ab793d7670, 0x000001ab793d8a20,
0x000001ab793db180, 0x000001ab793d7d00, 0x000001ab793d90b0, 0x000001ab793d6fe0,
0x000001ab793dd250, 0x000001ab793daaf0, 0x000001ab793dd8e0, 0x000001ab793cdf80,
0x000001ab793dc530, 0x000001ab793db810, 0x000001ab793da460, 0x000001ab793dec90,
0x000001ab793de600, 0x000001ab793df320, 0x000001ab793ddf70, 0x000001ab793e27a0,
0x000001ab793e1a80, 0x000001ab793e0d60, 0x000001ab793df9b0, 0x000001ab793e13f0,
0x000001ab793e3b50, 0x000001ab793e34c0, 0x000001ab793e6940, 0x000001ab793e62b0,
0x000001ab793e5590, 0x000001ab793e7cf0, 0x000001ab793e6fd0, 0x000001ab793e5c20,
0x000001ab793e2e30, 0x000001ab793e4870, 0x000001ab793e8380, 0x000001ab793e4f00,
0x000001ab793e8a10, 0x000001ab793e90a0, 0x000001ab793e9dc0, 0x000001ab793eaae0,
0x000001ab793ea450, 0x000001ab793edf60, 0x000001ab793e7660, 0x000001ab793ee5f0,
0x000001ab793ed8d0, 0x000001ab793eec80, 0x000001ab793ed240, 0x000001ab793eb800,
0x000001ab793ef310, 0x000001ab793ebe90, 0x000001ab793ef9a0, 0x000001ab793f0030,
0x000001ab793b34f0, 0x000001ab793b1420, 0x000001ab793b2140, 0x000001ab793b0700,
0x000001ab793b1ab0, 0x000001ab793ecbb0, 0x000001ab793e06d0, 0x000001ab793e41e0,
0x000001ab793e9730, 0x000001ab793f06c0, 0x000001ab793b2e60, 0x000001ab793b0070,
0x000001ab793b0d90, 0x000001ab793b5c50, 0x000001ab793b27d0, 0x000001ab793b4f30,
0x000001ab793b62e0, 0x000001ab793b7690, 0x000001ab793b9df0, 0x000001ab793b7d20,
0x000001ab793b3b80, 0x000001ab793ba480, 0x000001ab793bab10, 0x000001ab793b83b0,
0x000001ab793b4210, 0x000001ab793b48a0, 0x000001ab793b8a40, 0x000001ab793b9760,
0x000001ab793bdf90, 0x000001ab793be620, 0x000001ab793becb0, 0x000001ab793bc550,
0x000001ab793bf340, 0x000001ab793c0060, 0x000001ab793c06f0, 0x000001ab793bd270,
0x000001ab793c2e50, 0x000001ab793c1aa0, 0x000001ab793c0d80, 0x000001ab793bd900,
0x000001ab793c2130, 0x000001ab793c34e0, 0x000001ab793bb1a0, 0x000001ab793bb830,
0x000001ab793c3b70, 0x000001ab793c4890, 0x000001ab793c1410, 0x000001ab793c4f20,
0x000001ab793c5c40, 0x000001ab793c55b0, 0x000001ab793c62d0, 0x000001ab793c6ff0,
0x000001ab793c7680, 0x000001ab793c9750, 0x000001ab793c4200, 0x000001ab793c7d10,
0x000001ab793c9de0, 0x000001ab793c83a0, 0x000001ab793c8a30, 0x000001ab793c90c0,
0x000001ab793eb170, 0x000001ab77af1640, 0x000001ab77afc770, 0x000001ab77ae1650,
0x000001ab711215c0, 0x000001ab71135750, 0x000001ab71137820, 0x000001ab793c6960,
0x000001ab7aef34d0, 0x000001ab7aef4880, 0x000001ab7aef5c30, 0x000001ab7aef7670,
0x000001ab7aef41f0, 0x000001ab7aef6950, 0x000001ab7aef9dd0, 0x000001ab7aef8390,
0x000001ab7aef90b0, 0x000001ab7aefa460, 0x000001ab7aefaaf0, 0x000001ab7aefb180,
0x000001ab7aef9740, 0x000001ab7aefdf70, 0x000001ab7aefe600, 0x000001ab7aef55a0,
0x000001ab7aefd250, 0x000001ab7aefcbc0, 0x000001ab7aefec90, 0x000001ab7aefb810,
0x000001ab7af02110, 0x000001ab7af006d0, 0x000001ab7aef62c0, 0x000001ab7aeff320,
0x000001ab7aefc530, 0x000001ab7aefbea0, 0x000001ab7af00d60, 0x000001ab7af02e30,
0x000001ab7aeff9b0, 0x000001ab7aefd8e0, 0x000001ab7af04870, 0x000001ab7af034c0,
0x000001ab7af027a0, 0x000001ab7af03b50, 0x000001ab7af041e0, 0x000001ab7af013f0,
0x000001ab7af05c20, 0x000001ab7af06940, 0x000001ab7af05590, 0x000001ab7af062b0,
0x000001ab7af04f00, 0x000001ab7af08a10, 0x000001ab7af09730, 0x000001ab7af090a0,
0x000001ab7af07660, 0x000001ab7af09dc0, 0x000001ab7af0b170, 0x000001ab7af07cf0,
0x000001ab7af08380, 0x000001ab7af0a450, 0x000001ab7af0b800, 0x000001ab7af0aae0,
0x000001ab7af0be90, 0x000001ab7af0c520, 0x000001ab7af0cbb0, 0x000001ab7af0d240,
0x000001ab7af0ec80, 0x000001ab7af0f310, 0x000001ab7af0f9a0, 0x000001ab7af0df60,
0x000001ab7af10030, 0x000001ab7af106c0, 0x000001ab7af11a70, 0x000001ab7af0e5f0,
0x000001ab7af12790, 0x000001ab7af12100, 0x000001ab7af141d0, 0x000001ab7af12e20,
0x000001ab7af162a0, 0x000001ab7af15c10, 0x000001ab7af134b0, 0x000001ab7af14ef0,
0x000001ab7af16930, 0x000001ab7af16fc0, 0x000001ab7af17ce0, 0x000001ab7af18370,
0x000001ab7af15580, 0x000001ab7af18a00, 0x000001ab7af19090, 0x000001ab7af19720,
0x000001ab7af17650, 0x000001ab7aed9760, 0x000001ab7aedb830, 0x000001ab7aedbec0,
0x000001ab7aedc550, 0x000001ab7aed90d0, 0x000001ab7aedcbe0, 0x000001ab7aedd270,
0x000001ab7aed9df0, 0x000001ab7aedd900, 0x000001ab7aede620, 0x000001ab7aeddf90,
0x000001ab7aedb1a0, 0x000001ab7aee34e0, 0x000001ab7aee2e50, 0x000001ab7aee3b70,
0x000001ab7aee06f0, 0x000001ab7aee4890, 0x000001ab7aee4200, 0x000001ab7aee27c0,
0x000001ab7aee55b0, 0x000001ab7aee2130, 0x000001ab7aee6960, 0x000001ab7aee6ff0,
0x000001ab7aee7680, 0x000001ab7aee0d80, 0x000001ab7aee1aa0, 0x000001ab7aee5c40,
0x000001ab7aee9750, 0x000001ab7aee62d0, 0x000001ab7aee7d10, 0x000001ab7aeeab00,
0x000001ab7aedf9d0, 0x000001ab7aeeb190, 0x000001ab7aeeb820, 0x000001ab7aee90c0,
0x000001ab7aee83a0, 0x000001ab7aee8a30, 0x000001ab7aeea470, 0x000001ab7aeec540,
0x000001ab7aeeeca0, 0x000001ab7aeef330, 0x000001ab7aeed260, 0x000001ab7aeef9c0,
0x000001ab7aef1400, 0x000001ab7aef1a90, 0x000001ab7aef2120, 0x000001ab7aef27b0,
0x000001ab7aef2e40, 0x000001ab7af06fd0, 0x000001ab77ae8c70, 0x000001ab77b02350,
0x000001ab77b0f550, 0x000001ab77b0c760, 0x000001ab793d3b60, 0x000001ab793b7000,
0x000001ab793dbea0, 0x000001ab793b6970, 0x000001ab7ba7bbd0, 0x000001ab7ba79470,
0x000001ab7ba7a190, 0x000001ab7ba7c8f0, 0x000001ab7ba7c260, 0x000001ab7ba7aeb0,
0x000001ab7ba79b00, 0x000001ab7ba7e9c0, 0x000001ab7ba7b540, 0x000001ab7ba7e330,
0x000001ab7ba80400, 0x000001ab7ba7d610, 0x000001ab7ba7fd70, 0x000001ab7ba80a90,
0x000001ab7ba81120, 0x000001ab7ba817b0, 0x000001ab7ba7dca0, 0x000001ab7ba81e40,
0x000001ab7ba7f6e0, 0x000001ab7ba83880, 0x000001ab7ba83f10, 0x000001ab7ba85950,
0x000001ab7ba845a0, 0x000001ab7ba824d0, 0x000001ab7ba7f050, 0x000001ab7ba831f0,
0x000001ab7ba89af0, 0x000001ab7ba87a20, 0x000001ab7ba88740, 0x000001ab7ba82b60,
0x000001ab7ba87390, 0x000001ab7ba8a180, 0x000001ab7ba86d00, 0x000001ab7ba8c250,
0x000001ab7ba8b530, 0x000001ab7ba8dc90, 0x000001ab7ba8cf70, 0x000001ab7ba8d600,
0x000001ab7ba8bbc0, 0x000001ab7ba8f6d0, 0x000001ab7ba917a0, 0x000001ab7ba85fe0,
0x000001ab7ba8f040, 0x000001ab7ba91110, 0x000001ab7ba91e30, 0x000001ab7ba8e320,
0x000001ab7ba924c0, 0x000001ab7ba8e9b0, 0x000001ab7ba92b50, 0x000001ab7ba931e0,
0x000001ab7ba96cf0, 0x000001ab7ba93f00, 0x000001ab7ba97a10, 0x000001ab7ba94c20,
0x000001ab7ba97380, 0x000001ab7ba952b0, 0x000001ab7ba84c30, 0x000001ab7ba852c0,
0x000001ab7ba98730, 0x000001ab7ba980a0, 0x000001ab7ba98dc0, 0x000001ab7ba95fd0,
0x000001ab7ba9b520, 0x000001ab7ba903f0, 0x000001ab7ba8a810, 0x000001ab7ba99ae0,
0x000001ab7ba8aea0, 0x000001ab7ba9ae90, 0x000001ab7ba9bbb0, 0x000001ab7ba99450,
0x000001ab7ba95940, 0x000001ab7ba9a170, 0x000001ab7ba9c240, 0x000001ab7ba9a800,
0x000001ab7ba9dc80, 0x000001ab7ba9e310, 0x000001ab7ba9f030, 0x000001ab7ba5f700,
0x000001ab7ba617d0, 0x000001ab7ba5fd90, 0x000001ab7ba61140, 0x000001ab7ba60ab0,
0x000001ab7ba5f070, 0x000001ab7ba9e9a0, 0x000001ab7ba624f0, 0x000001ab7ba63210,
0x000001ab7ba62b80, 0x000001ab7ba638a0, 0x000001ab7ba66d20, 0x000001ab7ba65970,
0x000001ab7ba673b0, 0x000001ab7ba66690, 0x000001ab7ba66000, 0x000001ab7ba67a40,
0x000001ab7ba68760, 0x000001ab7ba645c0, 0x000001ab7ba680d0, 0x000001ab7ba6bbe0,
0x000001ab7ba6c270, 0x000001ab7ba64c50, 0x000001ab7ba69480, 0x000001ab7ba6c900,
0x000001ab7ba6aec0, 0x000001ab7ba6cf90, 0x000001ab7ba6dcb0, 0x000001ab7ba6a1a0,
0x000001ab7ba6e340, 0x000001ab7ba6a830, 0x000001ab7ba6f060, 0x000001ab7ba652e0,
0x000001ab7ba724e0, 0x000001ab7ba72b70, 0x000001ab7ba6f6f0, 0x000001ab7ba6fd80,
0x000001ab7ba717c0, 0x000001ab7ba71e50, 0x000001ab7ba71130, 0x000001ab7ba73890,
0x000001ab7ba70aa0, 0x000001ab7ba73f20, 0x000001ab7ba75960, 0x000001ab7ba74c40,
0x000001ab7ba752d0, 0x000001ab7ba76680, 0x000001ab7ba73200, 0x000001ab7ba78de0,
0x000001ab7ba76d10, 0x000001ab7ba773a0, 0x000001ab7ba78750, 0x000001ab7ba6d620,
0x000001ab7ba7a820, 0x000001ab7ba6b550, 0x000001ab7ba89460, 0x000001ab7ba93870,
0x000001ab7aee1410, 0x000001ab7aedecb0, 0x000001ab7aeedf80, 0x000001ab7aef06e0,
0x000001ab7aeecbd0, 0x000001ab7aef0d70, 0x000001ab7aef7d00, 0x000001ab7af14860,
0x000001ab793d9dd0, 0x000001ab7113e7b0, 0x000001ab711243b0, 0x000001ab71113010,
0x000001ab71124a40, 0x000001ab7aee9de0, 0x000001ab7af01a80, 0x000001ab7af0d8d0,
0x000001ab77b00910, 0x000001ab793e0040, 0x000001ab793d41f0, 0x000001ab671a74e0,
0x000001ab671a4060, 0x000001ab6e792190, 0x000001ab674eef60, 0x000001ab7af113e0,
0x000001ab6f50f490, 0x000001ab6b762990, 0x000001ab70c49080, 0x000001ab7f92a280,
0x000001ab7f92a910, 0x000001ab7f928ed0, 0x000001ab7f92bcc0, 0x000001ab7f92c9e0,
0x000001ab7f929560, 0x000001ab7f92d070, 0x000001ab7f92dd90, 0x000001ab7f929bf0,
0x000001ab7f92c350, 0x000001ab7f92eab0, 0x000001ab7f92fe60, 0x000001ab7f931210,
0x000001ab7f9304f0, 0x000001ab7f92e420, 0x000001ab7f9353b0, 0x000001ab7f934000,
0x000001ab7f92b630, 0x000001ab7f931f30, 0x000001ab7f935a40, 0x000001ab7f932c50,
0x000001ab7f938830, 0x000001ab7f9360d0, 0x000001ab7f936760, 0x000001ab7f933970,
0x000001ab7f937b10, 0x000001ab7f936df0, 0x000001ab7f934d20, 0x000001ab7f93a270,
0x000001ab7f938ec0, 0x000001ab7f93c340, 0x000001ab7f93a900, 0x000001ab7f93bcb0,
0x000001ab7f92d700, 0x000001ab7f9332e0, 0x000001ab7f939550, 0x000001ab7f93d060,
0x000001ab7f93c9d0, 0x000001ab7f93af90, 0x000001ab7f9381a0, 0x000001ab7f93eaa0,
0x000001ab7f93dd80, 0x000001ab7f93b620, 0x000001ab7f93f7c0, 0x000001ab7f941200,
0x000001ab7f93fe50, 0x000001ab7f9425b0, 0x000001ab7f9404e0, 0x000001ab7f92f7d0,
0x000001ab7f934690, 0x000001ab7f941890, 0x000001ab7f93e410, 0x000001ab7f940b70,
0x000001ab7f93f130, 0x000001ab7f942c40, 0x000001ab7f930b80, 0x000001ab7f9318a0,
0x000001ab7f943ff0, 0x000001ab7f944d10, 0x000001ab7f946750, 0x000001ab7f944680,
0x000001ab7f9432d0, 0x000001ab7f946de0, 0x000001ab7f943960, 0x000001ab7f939be0,
0x000001ab7f947470, 0x000001ab7f945a30, 0x000001ab7f947b00, 0x000001ab7f948820,
0x000001ab7f9453a0, 0x000001ab7f94bca0, 0x000001ab7f937480, 0x000001ab7f94af80,
0x000001ab7f948190, 0x000001ab7f94c330, 0x000001ab7f94c9c0, 0x000001ab7f94d050,
0x000001ab7f949540, 0x000001ab7f94b610, 0x000001ab7f948eb0, 0x000001ab7f94a260,
0x000001ab7f94f7b0, 0x000001ab7f94e400, 0x000001ab7f94fe40, 0x000001ab7f94f120,
0x000001ab7f949bd0, 0x000001ab7f94d6e0, 0x000001ab7f9504d0, 0x000001ab7f94a8f0,
0x000001ab7f950b60, 0x000001ab7f951880, 0x000001ab7f951f10, 0x000001ab7f94dd70,
0x000001ab7f94ea90, 0x000001ab7f954670, 0x000001ab7f953950, 0x000001ab7f9460c0,
0x000001ab7f9511f0, 0x000001ab7f9532c0, 0x000001ab7f952c30, 0x000001ab7f9560b0,
0x000001ab7f957460, 0x000001ab7f957af0, 0x000001ab7f953fe0, 0x000001ab7f956740,
0x000001ab7f958ea0, 0x000001ab7f956dd0, 0x000001ab7f95bc90, 0x000001ab7f95a250,
0x000001ab7f95a8e0, 0x000001ab7f959530, 0x000001ab7f954d00, 0x000001ab7f95c320,
0x000001ab7f959bc0, 0x000001ab7f95d6d0, 0x000001ab7f95f7a0, 0x000001ab7f95fe30,
0x000001ab7f95dd60, 0x000001ab7f960b50, 0x000001ab7f95c9b0, 0x000001ab7f9611e0,
0x000001ab7f961870, 0x000001ab7f95e3f0, 0x000001ab7f961f00, 0x000001ab7f962590,
0x000001ab7f955390, 0x000001ab7f958810, 0x000001ab7f9632b0, 0x000001ab7f9660a0,
0x000001ab7f964cf0, 0x000001ab7f9604c0, 0x000001ab7f966730, 0x000001ab7f966dc0,
0x000001ab7f963940, 0x000001ab7f95f110, 0x000001ab7f967450, 0x000001ab7f964660,
0x000001ab7f967ae0, 0x000001ab7f968170, 0x000001ab7f941f20, 0x000001ab7f968800,
0x000001ab7ba9f6c0, 0x000001ab7ba9d5f0, 0x000001ab7ba86670, 0x000001ab7ba90a80,
0x000001ab793b90d0, 0x000001ab793bcbe0, 0x000001ab793e2110, 0x000001ab7f958180,
0x000001ab7f965a10, 0x000001ab7f963fd0, 0x000001ab7112b340, 0x000001ab711071c0,
0x000001ab7aeee610, 0x000001ab7aedab10, 0x000001ab7ba69b10, 0x000001ab7ba60420,
0x000001ab7f965380, 0x000001ab77b064f0, 0x000001ab77b03070, 0x000001ab793ec520,
0x000001ab6b7671c0, 0x000001ab7f95d040, 0x000001ab7ba96660, 0x000001ab7113ee40,
0x000001ab6ba70660, 0x000001ab7aef6fe0, 0x000001ab70c60690, 0x000001ab01b66500,
0x000001ab01b67220, 0x000001ab01b65e70, 0x000001ab01b657e0, 0x000001ab01b69980,
0x000001ab01b6b3c0, 0x000001ab01b6ba50, 0x000001ab01b685d0, 0x000001ab01b6c0e0,
0x000001ab01b67f40, 0x000001ab01b6a010, 0x000001ab01b6a6a0, 0x000001ab01b6ad30,
0x000001ab01b68c60, 0x000001ab01b6e840, 0x000001ab01b70910, 0x000001ab01b692f0,
0x000001ab01b6eed0, 0x000001ab01b6d490, 0x000001ab01b70fa0, 0x000001ab01b70280,
0x000001ab01b74420, 0x000001ab01b71630, 0x000001ab01b66b90, 0x000001ab01b72350,
0x000001ab01b757d0, 0x000001ab01b73d90, 0x000001ab01b75e60, 0x000001ab01b729e0,
0x000001ab01b73070, 0x000001ab01b778a0, 0x000001ab01b78c50, 0x000001ab01b79970,
0x000001ab01b77210, 0x000001ab01b792e0, 0x000001ab01b7a000, 0x000001ab01b73700,
0x000001ab01b7b3b0, 0x000001ab01b7a690, 0x000001ab01b77f30, 0x000001ab01b7ba40,
0x000001ab01b785c0, 0x000001ab01b7c760, 0x000001ab01b764f0, 0x000001ab01b7ad20,
0x000001ab01b7c0d0, 0x000001ab01b7cdf0, 0x000001ab01b7d480, 0x000001ab01b7db10,
0x000001ab01b82340, 0x000001ab01b80900, 0x000001ab01b6ce00, 0x000001ab01b7e830,
0x000001ab01b7eec0, 0x000001ab01b6fbf0, 0x000001ab01b6f560, 0x000001ab01b81620,
0x000001ab01b7fbe0, 0x000001ab01b829d0, 0x000001ab01b81cb0, 0x000001ab01b6e1b0,
0x000001ab01b75140, 0x000001ab01b836f0, 0x000001ab01b80270, 0x000001ab01b7f550,
0x000001ab01b84410, 0x000001ab01b83d80, 0x000001ab01b83060, 0x000001ab01b80f90,
0x000001ab01b84aa0, 0x000001ab01b885b0, 0x000001ab01b88c40, 0x000001ab01b857c0,
0x000001ab01b892d0, 0x000001ab01b864e0, 0x000001ab01b86b70, 0x000001ab01b87890,
0x000001ab01b85e50, 0x000001ab01b8a680, 0x000001ab01b89960, 0x000001ab01b87200,
0x000001ab01b8ad10, 0x000001ab01b8cde0, 0x000001ab01b89ff0, 0x000001ab01b85130,
0x000001ab01b8eeb0, 0x000001ab01b8db00, 0x000001ab01b8ba30, 0x000001ab01b8f540,
0x000001ab01b8e820, 0x000001ab01b8c0c0, 0x000001ab01b8e190, 0x000001ab01b8b3a0,
0x000001ab01b90260, 0x000001ab01b91ca0, 0x000001ab01b929c0, 0x000001ab01b94400,
0x000001ab01b92330, 0x000001ab01b8fbd0, 0x000001ab01b91610, 0x000001ab01b964d0,
0x000001ab01b96b60, 0x000001ab01b936e0, 0x000001ab01b95e40, 0x000001ab01b93050,
0x000001ab01b908f0, 0x000001ab01b97880, 0x000001ab01b8d470, 0x000001ab01b957b0,
0x000001ab01b971f0, 0x000001ab01b992c0, 0x000001ab01b95120, 0x000001ab01b94a90,
0x000001ab01b9c740, 0x000001ab01b9ba20, 0x000001ab01b9b390, 0x000001ab01b9c0b0,
0x000001ab01b97f10, 0x000001ab01b9cdd0, 0x000001ab01b9daf0, 0x000001ab01ba0f70,
0x000001ab01b9e180, 0x000001ab01ba1600, 0x000001ab01b9ad00, 0x000001ab01ba08e0,
0x000001ab01b99950, 0x000001ab01b99fe0, 0x000001ab01b9fbc0, 0x000001ab01ba29b0,
0x000001ab01ba0250, 0x000001ab01b9f530, 0x000001ab01ba36d0, 0x000001ab01ba43f0,
0x000001ab01b9eea0, 0x000001ab01ba4a80, 0x000001ab01ba3d60, 0x000001ab01b71cc0,
0x000001ab01b678b0, 0x000001ab01b74ab0, 0x000001ab01b76b80, 0x000001ab7ba61e60,
0x000001ab7ba6e9d0, 0x000001ab7ba780c0, 0x000001ab7ba880b0, 0x000001ab7ba7cf80,
0x000001ab7f955a20, 0x000001ab7f9525a0, 0x000001ab7f962c20, 0x000001ab7f9325c0,
0x000001ab7f95af70, 0x000001ab01b9e810, 0x000001ab01b9d460, 0x000001ab01b9a670,
0x000001ab01ba3040, 0x000001ab01b7e1a0, 0x000001ab01b98c30, 0x000001ab01ba5110,
0x000001ab01ba57a0, 0x000001ab7aef8a20, 0x000001ab7af00040, 0x000001ab7aedf340,
0x000001ab7af10d50, 0x000001ab7aeebeb0, 0x000001ab7aee4f20, 0x000001ab7ba77a30,
0x000001ab7ba9c8d0, 0x000001ab793cab00, 0x000001ab793d8390, 0x000001ab793dcbc0,
0x000001ab793b55c0, 0x000001ab7f92f140, 0x000001ab7f95b600, 0x000001ab7f93d6f0,
0x000001ab7ba94590, 0x000001ab671a46f0, 0x000001ab671a6130, 0x000001ab7ba9cf60,
0x000001ab77aead40, 0x000001ab685ed0e0, 0x000001ab7aef0050, 0x000001ab711415a0,
0x000001ab7ba70410, 0x000001ab04ac14f0, 0x000001ab04ac0140, 0x000001ab04ac07d0,
0x000001ab04abf420, 0x000001ab04abe700, 0x000001ab04abe070, 0x000001ab04abfab0,
0x000001ab04abed90, 0x000001ab04ac3c50, 0x000001ab04ac4970, 0x000001ab04ac42e0,
0x000001ab04ac63b0, 0x000001ab04ac5000, 0x000001ab04ac2210, 0x000001ab04ac0e60,
0x000001ab04ac6a40, 0x000001ab04ac5690, 0x000001ab04ac35c0, 0x000001ab04aca550,
0x000001ab04ac8480, 0x000001ab04ac7760, 0x000001ab04ac2f30, 0x000001ab04ac70d0,
0x000001ab04acc620, 0x000001ab04ac8b10, 0x000001ab04acccb0, 0x000001ab04ace060,
0x000001ab04acb270, 0x000001ab04acbf90, 0x000001ab04aced80, 0x000001ab04acfaa0,
0x000001ab04ac7df0, 0x000001ab04ac91a0, 0x000001ab04ad0130, 0x000001ab04ad07c0,
0x000001ab04acabe0, 0x000001ab04ace6f0, 0x000001ab04ad1b70, 0x000001ab04ad14e0,
0x000001ab04ad2200, 0x000001ab04ad35b0, 0x000001ab04ad4ff0, 0x000001ab04acb900,
0x000001ab04ad2890, 0x000001ab04acf410, 0x000001ab04ad2f20, 0x000001ab04ad6a30,
0x000001ab04ac1b80, 0x000001ab04ad5d10, 0x000001ab04ad0e50, 0x000001ab04ac5d20,
0x000001ab04ad70c0, 0x000001ab04ad7750, 0x000001ab04ad42d0, 0x000001ab04ad5680,
0x000001ab04ad63a0, 0x000001ab04ad9820, 0x000001ab04acd9d0, 0x000001ab04ada540,
0x000001ab04ad9eb0, 0x000001ab04ad9190, 0x000001ab04ad8470, 0x000001ab04adc610,
0x000001ab04ade050, 0x000001ab04aded70, 0x000001ab04adbf80, 0x000001ab04ad8b00,
0x000001ab04adcca0, 0x000001ab04add330, 0x000001ab04add9c0, 0x000001ab04ade6e0,
0x000001ab04ae2880, 0x000001ab04adb260, 0x000001ab04adb8f0, 0x000001ab04ae07b0,
0x000001ab04ae2f10, 0x000001ab04ae0e40, 0x000001ab04ae21f0, 0x000001ab04ae14d0,
0x000001ab04adfa90, 0x000001ab04adf400, 0x000001ab04adabd0, 0x000001ab04ae5670,
0x000001ab04ae6a20, 0x000001ab04ae4950, 0x000001ab04ae42c0, 0x000001ab04ae3c30,
0x000001ab04ae7dd0, 0x000001ab04ae35a0, 0x000001ab04ae8af0, 0x000001ab04ae9810,
0x000001ab04ae9180, 0x000001ab04ae6390, 0x000001ab04ae5d00, 0x000001ab04aeb8e0,
0x000001ab04ae4fe0, 0x000001ab04aeb250, 0x000001ab04aeabc0, 0x000001ab04aed320,
0x000001ab04aebf70, 0x000001ab04ae9ea0, 0x000001ab04aee040, 0x000001ab04aeed60,
0x000001ab04aea530, 0x000001ab04ae8460, 0x000001ab04af07a0, 0x000001ab04af14c0,
0x000001ab04af0e30, 0x000001ab04aed9b0, 0x000001ab04af1b50, 0x000001ab04af5660,
0x000001ab04ae70b0, 0x000001ab04ae7740, 0x000001ab04aef3f0, 0x000001ab04af21e0,
0x000001ab04af3590, 0x000001ab04af4fd0, 0x000001ab04af3c20, 0x000001ab04af4940,
0x000001ab04aefa80, 0x000001ab04aec600, 0x000001ab04af2870, 0x000001ab04af42b0,
0x000001ab04af2f00, 0x000001ab04af70a0, 0x000001ab04af6a10, 0x000001ab04af7dc0,
0x000001ab04af7730, 0x000001ab04af6380, 0x000001ab04af9170, 0x000001ab04af9e90,
0x000001ab04af9800, 0x000001ab04afb8d0, 0x000001ab04afabb0, 0x000001ab04af0110,
0x000001ab04afa520, 0x000001ab04af8450, 0x000001ab04afd310, 0x000001ab04afe6c0,
0x000001ab04afe030, 0x000001ab04ad3c40, 0x000001ab04ac9830, 0x000001ab04ad7de0,
0x000001ab04ae1b60, 0x000001ab04afbf60, 0x000001ab04ac28a0, 0x000001ab04ae0120,
0x000001ab04aecc90, 0x000001ab04aee6d0, 0x000001ab01b65150, 0x000001ab01b87f20,
0x000001ab01b93d70, 0x000001ab01b985a0, 0x000001ab01ba1c90, 0x000001ab04af5cf0,
0x000001ab04afcc80, 0x000001ab04afb240, 0x000001ab04afd9a0, 0x000001ab7ba63f30,
0x000001ab71128be0, 0x000001ab7111e140, 0x000001ab01ba2320, 0x000001ab793c27c0,
0x000001ab793bbec0, 0x000001ab793cd260, 0x000001ab7aef4f10, 0x000001ab04af8ae0,
0x000001ab7ba745b0, 0x000001ab7ba75ff0, 0x000001ab7113a610, 0x000001ab01b90f80,
0x000001ab01b6c770, 0x000001ab7aee0060, 0x000001ab04afc5f0, 0x000001ab04ad4960,
0x000001ab7ba88dd0, 0x000001ab6f517e60, 0x000001ab04acd340, 0x000001ab7f95ea80,
0x000001ab71125df0, 0x000001ab68de3f30, 0x000001ab7b4c1200, 0x000001ab7b4c1f20,
0x000001ab7b4c1890, 0x000001ab7b4c32d0, 0x000001ab7b4c25b0, 0x000001ab7b4c0b70,
0x000001ab7b4c60c0, 0x000001ab7b4c4680, 0x000001ab7b4c6de0, 0x000001ab7b4c3960,
0x000001ab7b4c53a0, 0x000001ab7b4c7470, 0x000001ab7b4c5a30, 0x000001ab7b4c2c40,
0x000001ab7b4c7b00, 0x000001ab7b4c8eb0, 0x000001ab7b4c6750, 0x000001ab7b4c9540,
0x000001ab7b4c4d10, 0x000001ab7b4c9bd0, 0x000001ab7b4cdd70, 0x000001ab7b4ce400,
0x000001ab7b4cea90, 0x000001ab7b4cf120, 0x000001ab7b4cf7b0, 0x000001ab7b4cfe40,
0x000001ab7b4cd6e0, 0x000001ab7b4cc9c0, 0x000001ab7b4d04d0, 0x000001ab7b4cd050,
0x000001ab7b4ca8f0, 0x000001ab7b4d3950, 0x000001ab7b4d11f0, 0x000001ab7b4c3ff0,
0x000001ab7b4cbca0, 0x000001ab7b4c8190, 0x000001ab7b4caf80, 0x000001ab7b4c8820,
0x000001ab7b4ca260, 0x000001ab7b4cb610, 0x000001ab7b4d25a0, 0x000001ab7b4d1880,
0x000001ab7b4d2c30, 0x000001ab7b4d3fe0, 0x000001ab7b4d4670, 0x000001ab7b4d4d00,
0x000001ab7b4d0b60, 0x000001ab7b4d5390, 0x000001ab7b4d6dd0, 0x000001ab7b4d5a20,
0x000001ab7b4cc330, 0x000001ab7b4d32c0, 0x000001ab7b4d9530, 0x000001ab7b4d9bc0,
0x000001ab7b4da250, 0x000001ab7b4d8ea0, 0x000001ab7b4da8e0, 0x000001ab7b4d8180,
0x000001ab7b4dd040, 0x000001ab7b4dbc90, 0x000001ab7b4de3f0, 0x000001ab7b4dc320,
0x000001ab7b4dc9b0, 0x000001ab7b4daf70, 0x000001ab7b4d7460, 0x000001ab7b4dd6d0,
0x000001ab7b4d7af0, 0x000001ab7b4d8810, 0x000001ab7b4df7a0, 0x000001ab7b4dfe30,
0x000001ab7ba8fd60, 0x000001ab7ba68df0, 0x000001ab7b4dea80, 0x000001ab7b4df110,
0x000001ab01b6db20, 0x000001ab01b8c750, 0x000001ab6ba6be30, 0x000001ab04ac9ec0,
0x000001ab793bf9d0, 0x000001ab7aeed8f0, 0x000001ab77b0c0d0, 0x000001ab7aeda480,
0x000001ab7f92afa0, 0x000001ab801359a0, 0x000001ab80133240, 0x000001ab80134c80,
0x000001ab80132520, 0x000001ab80133f60, 0x000001ab80132bb0, 0x000001ab801345f0
}

Java Threads: ( => current thread )
  0x000001ab06c3cf30 JavaThread "main"                              [_thread_blocked, id=53268, stack(0x00000077d3c00000,0x00000077d3d00000) (1024K)]
  0x000001ab1f298390 JavaThread "Reference Handler"          daemon [_thread_blocked, id=37820, stack(0x00000077d4000000,0x00000077d4100000) (1024K)]
  0x000001ab1f29b740 JavaThread "Finalizer"                  daemon [_thread_blocked, id=46476, stack(0x00000077d4100000,0x00000077d4200000) (1024K)]
  0x000001ab1f2a19d0 JavaThread "Signal Dispatcher"          daemon [_thread_blocked, id=30264, stack(0x00000077d4200000,0x00000077d4300000) (1024K)]
  0x000001ab1f2a6950 JavaThread "Attach Listener"            daemon [_thread_blocked, id=24304, stack(0x00000077d4300000,0x00000077d4400000) (1024K)]
  0x000001ab1f2a73b0 JavaThread "Service Thread"             daemon [_thread_blocked, id=27652, stack(0x00000077d4400000,0x00000077d4500000) (1024K)]
  0x000001ab1f2a7e10 JavaThread "Monitor Deflation Thread"   daemon [_thread_blocked, id=44956, stack(0x00000077d4500000,0x00000077d4600000) (1024K)]
=>0x000001ab1f2a8c50 JavaThread "C2 CompilerThread0"         daemon [_thread_in_native, id=41712, stack(0x00000077d4600000,0x00000077d4700000) (1024K)]
  0x000001ab6600a3b0 JavaThread "C1 CompilerThread0"         daemon [_thread_blocked, id=53760, stack(0x00000077d4700000,0x00000077d4800000) (1024K)]
  0x000001ab661f1ff0 JavaThread "Common-Cleaner"             daemon [_thread_blocked, id=43660, stack(0x00000077d4800000,0x00000077d4900000) (1024K)]
  0x000001ab6632f880 JavaThread "Notification Thread"        daemon [_thread_blocked, id=28216, stack(0x00000077d4900000,0x00000077d4a00000) (1024K)]
  0x000001ab66893270 JavaThread "Active Thread: Equinox Container: b70a941a-d299-4f34-a049-e113a25607f9"        [_thread_blocked, id=49712, stack(0x00000077d5000000,0x00000077d5100000) (1024K)]
  0x000001ab668ab700 JavaThread "Refresh Thread: Equinox Container: b70a941a-d299-4f34-a049-e113a25607f9" daemon [_thread_blocked, id=52520, stack(0x00000077d5200000,0x00000077d5300000) (1024K)]
  0x000001ab66b9e8c0 JavaThread "Framework Event Dispatcher: Equinox Container: b70a941a-d299-4f34-a049-e113a25607f9" daemon [_thread_blocked, id=16748, stack(0x00000077d5300000,0x00000077d5400000) (1024K)]
  0x000001ab66b9f300 JavaThread "Start Level: Equinox Container: b70a941a-d299-4f34-a049-e113a25607f9" daemon [_thread_blocked, id=53936, stack(0x00000077d5400000,0x00000077d5500000) (1024K)]
  0x000001ab6725e670 JavaThread "Bundle File Closer"         daemon [_thread_blocked, id=50512, stack(0x00000077d5500000,0x00000077d5600000) (1024K)]
  0x000001ab66284600 JavaThread "SCR Component Actor"        daemon [_thread_blocked, id=41728, stack(0x00000077d5600000,0x00000077d5700000) (1024K)]
  0x000001ab669aabc0 JavaThread "Worker-JM"                         [_thread_blocked, id=52564, stack(0x00000077d5700000,0x00000077d5800000) (1024K)]
  0x000001ab671a6e50 JavaThread "JNA Cleaner"                daemon [_thread_blocked, id=43256, stack(0x00000077d5800000,0x00000077d5900000) (1024K)]
  0x000001ab671a4d80 JavaThread "Worker-2: Initialize workspace"        [_thread_blocked, id=46052, stack(0x00000077d5b00000,0x00000077d5c00000) (1024K)]
  0x000001ab671a67c0 JavaThread "Java indexing"              daemon [_thread_blocked, id=53944, stack(0x00000077d5d00000,0x00000077d5e00000) (1024K)]
  0x000001ab671a5410 JavaThread "Worker-5: Initialize workspace"        [_thread_blocked, id=27448, stack(0x00000077d5f00000,0x00000077d6000000) (1024K)]
  0x000001ab68de6690 JavaThread "pool-2-thread-1"                   [_thread_blocked, id=52688, stack(0x00000077d6300000,0x00000077d6400000) (1024K)]
  0x000001ab68de45c0 JavaThread "Timer-0"                           [_thread_blocked, id=35312, stack(0x00000077d6400000,0x00000077d6500000) (1024K)]
  0x000001ab68de5970 JavaThread "Timer-1"                           [_thread_blocked, id=46020, stack(0x00000077d6500000,0x00000077d6600000) (1024K)]
  0x000001ab68de4c50 JavaThread "WorkspaceEventsHandler"            [_thread_blocked, id=6172, stack(0x00000077d6600000,0x00000077d6700000) (1024K)]
  0x000001ab68de52e0 JavaThread "pool-1-thread-1"                   [_thread_blocked, id=52412, stack(0x00000077d6700000,0x00000077d6800000) (1024K)]
  0x000001ab68de6000 JavaThread "Timer-2"                           [_thread_blocked, id=22296, stack(0x00000077d5e00000,0x00000077d5f00000) (1024K)]
  0x000001ab68de3210 JavaThread "Timer-3"                           [_thread_blocked, id=53232, stack(0x00000077d6800000,0x00000077d6900000) (1024K)]
  0x000001ab68de6d20 JavaThread "Timer-4"                           [_thread_blocked, id=12968, stack(0x00000077d6900000,0x00000077d6a00000) (1024K)]
  0x000001ab68de8df0 JavaThread "Exec process"                      [_thread_in_native, id=32972, stack(0x00000077d6b00000,0x00000077d6c00000) (1024K)]
  0x000001ab68de80d0 JavaThread "Exec process Thread 2"             [_thread_in_native, id=35752, stack(0x00000077d6c00000,0x00000077d6d00000) (1024K)]
  0x000001ab68de73b0 JavaThread "Exec process Thread 3"             [_thread_in_native, id=29228, stack(0x00000077d6d00000,0x00000077d6e00000) (1024K)]
  0x000001ab68dea1a0 JavaThread "Timer-5"                           [_thread_blocked, id=25328, stack(0x00000077d6e00000,0x00000077d6f00000) (1024K)]
  0x000001ab68de7a40 JavaThread "Timer-6"                           [_thread_blocked, id=34700, stack(0x00000077d6a00000,0x00000077d6b00000) (1024K)]
  0x000001ab68de9480 JavaThread "Timer-7"                           [_thread_blocked, id=34640, stack(0x00000077d6f00000,0x00000077d7000000) (1024K)]
  0x000001ab68de8760 JavaThread "Timer-8"                           [_thread_blocked, id=30412, stack(0x00000077d7000000,0x00000077d7100000) (1024K)]
  0x000001ab68dea830 JavaThread "Timer-9"                           [_thread_blocked, id=41196, stack(0x00000077d7100000,0x00000077d7200000) (1024K)]
  0x000001ab68de9b10 JavaThread "Timer-10"                          [_thread_blocked, id=36964, stack(0x00000077d7200000,0x00000077d7300000) (1024K)]
  0x000001ab6b847ca0 JavaThread "Timer-11"                          [_thread_blocked, id=4104, stack(0x00000077d7400000,0x00000077d7500000) (1024K)]
  0x000001ab6b848330 JavaThread "Timer-12"                          [_thread_blocked, id=45104, stack(0x00000077d7500000,0x00000077d7600000) (1024K)]
  0x000001ab6b8489c0 JavaThread "Timer-13"                          [_thread_blocked, id=37428, stack(0x00000077d7600000,0x00000077d7700000) (1024K)]
  0x000001ab6b849d70 JavaThread "Timer-14"                          [_thread_blocked, id=36104, stack(0x00000077d7700000,0x00000077d7800000) (1024K)]
  0x000001ab6b849050 JavaThread "Timer-15"                          [_thread_blocked, id=37124, stack(0x00000077d3a00000,0x00000077d3b00000) (1024K)]
  0x000001ab6b84a400 JavaThread "Timer-16"                          [_thread_blocked, id=40700, stack(0x00000077d7900000,0x00000077d7a00000) (1024K)]
  0x000001ab6b84aa90 JavaThread "Timer-17"                          [_thread_blocked, id=37844, stack(0x00000077d7b00000,0x00000077d7c00000) (1024K)]
  0x000001ab6b847610 JavaThread "Timer-18"                          [_thread_blocked, id=35948, stack(0x00000077d7c00000,0x00000077d7d00000) (1024K)]
  0x000001ab6b84d1f0 JavaThread "Timer-19"                          [_thread_blocked, id=29436, stack(0x00000077d7d00000,0x00000077d7e00000) (1024K)]
  0x000001ab6b84c4d0 JavaThread "Timer-20"                          [_thread_blocked, id=42064, stack(0x00000077d7e00000,0x00000077d7f00000) (1024K)]
  0x000001ab6b84cb60 JavaThread "Timer-21"                          [_thread_blocked, id=36360, stack(0x00000077d7a00000,0x00000077d7b00000) (1024K)]
  0x000001ab6b84d880 JavaThread "Timer-22"                          [_thread_blocked, id=30812, stack(0x00000077d7f00000,0x00000077d8000000) (1024K)]
  0x000001ab6b84e5a0 JavaThread "Timer-23"                          [_thread_blocked, id=36616, stack(0x00000077d8400000,0x00000077d8500000) (1024K)]
  0x000001ab674ece90 JavaThread "Timer-24"                          [_thread_blocked, id=36860, stack(0x00000077d8600000,0x00000077d8700000) (1024K)]
  0x000001ab674eb450 JavaThread "Timer-25"                          [_thread_blocked, id=6464, stack(0x00000077d8700000,0x00000077d8800000) (1024K)]
  0x000001ab674ea0a0 JavaThread "Timer-26"                          [_thread_blocked, id=26920, stack(0x00000077d8900000,0x00000077d8a00000) (1024K)]
  0x000001ab674ea730 JavaThread "Timer-27"                          [_thread_blocked, id=44816, stack(0x00000077d8800000,0x00000077d8900000) (1024K)]
  0x000001ab674eadc0 JavaThread "Timer-28"                          [_thread_blocked, id=47712, stack(0x00000077d8a00000,0x00000077d8b00000) (1024K)]
  0x000001ab674ec800 JavaThread "Timer-29"                          [_thread_blocked, id=46480, stack(0x00000077d8e00000,0x00000077d8f00000) (1024K)]
  0x000001ab674e9a10 JavaThread "Timer-30"                          [_thread_blocked, id=28340, stack(0x00000077d8f00000,0x00000077d9000000) (1024K)]
  0x000001ab674efc80 JavaThread "Timer-31"                          [_thread_blocked, id=32780, stack(0x00000077d9000000,0x00000077d9100000) (1024K)]
  0x000001ab674edbb0 JavaThread "Timer-32"                          [_thread_blocked, id=35804, stack(0x00000077d9100000,0x00000077d9200000) (1024K)]
  0x000001ab674ee240 JavaThread "Timer-33"                          [_thread_blocked, id=44888, stack(0x00000077d8300000,0x00000077d8400000) (1024K)]
  0x000001ab674f0310 JavaThread "Timer-34"                          [_thread_blocked, id=43468, stack(0x00000077d9200000,0x00000077d9300000) (1024K)]
  0x000001ab674f09a0 JavaThread "Timer-35"                          [_thread_blocked, id=47324, stack(0x00000077d9300000,0x00000077d9400000) (1024K)]
  0x000001ab6b8496e0 JavaThread "Timer-36"                          [_thread_blocked, id=47876, stack(0x00000077d9400000,0x00000077d9500000) (1024K)]
  0x000001ab6b84b7b0 JavaThread "Timer-37"                          [_thread_blocked, id=19484, stack(0x00000077d9500000,0x00000077d9600000) (1024K)]
  0x000001ab6b84df10 JavaThread "Timer-38"                          [_thread_blocked, id=22088, stack(0x00000077d9700000,0x00000077d9800000) (1024K)]
  0x000001ab6b7608c0 JavaThread "Timer-39"                          [_thread_blocked, id=26888, stack(0x00000077d8100000,0x00000077d8200000) (1024K)]
  0x000001ab6b762300 JavaThread "Timer-40"                          [_thread_blocked, id=33568, stack(0x00000077d9800000,0x00000077d9900000) (1024K)]
  0x000001ab6b760f50 JavaThread "Timer-41"                          [_thread_blocked, id=51896, stack(0x00000077d9b00000,0x00000077d9c00000) (1024K)]
  0x000001ab6b761c70 JavaThread "Timer-42"                          [_thread_blocked, id=51344, stack(0x00000077d9c00000,0x00000077d9d00000) (1024K)]
  0x000001ab6b7615e0 JavaThread "Timer-43"                          [_thread_blocked, id=50988, stack(0x00000077d9d00000,0x00000077d9e00000) (1024K)]
  0x000001ab6b760230 JavaThread "Timer-44"                          [_thread_blocked, id=52548, stack(0x00000077d9f00000,0x00000077da000000) (1024K)]
  0x000001ab6b764a60 JavaThread "Timer-45"                          [_thread_blocked, id=13308, stack(0x00000077d9e00000,0x00000077d9f00000) (1024K)]
  0x000001ab6b765780 JavaThread "Timer-46"                          [_thread_blocked, id=51540, stack(0x00000077da000000,0x00000077da100000) (1024K)]
  0x000001ab6b7643d0 JavaThread "Timer-47"                          [_thread_blocked, id=23544, stack(0x00000077da400000,0x00000077da500000) (1024K)]
  0x000001ab6b765e10 JavaThread "Timer-48"                          [_thread_blocked, id=52720, stack(0x00000077da600000,0x00000077da700000) (1024K)]
  0x000001ab6b766b30 JavaThread "Timer-49"                          [_thread_blocked, id=46448, stack(0x00000077da700000,0x00000077da800000) (1024K)]
  0x000001ab6b7636b0 JavaThread "Timer-50"                          [_thread_blocked, id=40288, stack(0x00000077da900000,0x00000077daa00000) (1024K)]
  0x000001ab674ebae0 JavaThread "Timer-51"                          [_thread_blocked, id=35716, stack(0x00000077d8200000,0x00000077d8300000) (1024K)]
  0x000001ab674f1030 JavaThread "Timer-52"                          [_thread_blocked, id=48932, stack(0x00000077da800000,0x00000077da900000) (1024K)]
  0x000001ab674ef5f0 JavaThread "Timer-53"                          [_thread_blocked, id=43052, stack(0x00000077dab00000,0x00000077dac00000) (1024K)]
  0x000001ab68de38a0 JavaThread "Timer-54"                          [_thread_blocked, id=4388, stack(0x00000077dac00000,0x00000077dad00000) (1024K)]
  0x000001ab69997110 JavaThread "Timer-55"                          [_thread_blocked, id=25072, stack(0x00000077dad00000,0x00000077dae00000) (1024K)]
  0x000001ab699956d0 JavaThread "Timer-56"                          [_thread_blocked, id=39740, stack(0x00000077daf00000,0x00000077db000000) (1024K)]
  0x000001ab69996a80 JavaThread "Worker-9: Initialize workspace"        [_thread_blocked, id=10868, stack(0x00000077db200000,0x00000077db300000) (1024K)]
  0x000001ab69995d60 JavaThread "Timer-57"                          [_thread_blocked, id=54064, stack(0x00000077dae00000,0x00000077daf00000) (1024K)]
  0x000001ab699949b0 JavaThread "Timer-58"                          [_thread_blocked, id=51112, stack(0x00000077db000000,0x00000077db100000) (1024K)]
  0x000001ab699984c0 JavaThread "Timer-59"                          [_thread_blocked, id=28140, stack(0x00000077db400000,0x00000077db500000) (1024K)]
  0x000001ab69995040 JavaThread "Timer-60"                          [_thread_blocked, id=32124, stack(0x00000077db500000,0x00000077db600000) (1024K)]
  0x000001ab6999b940 JavaThread "Timer-61"                          [_thread_blocked, id=50644, stack(0x00000077db600000,0x00000077db700000) (1024K)]
  0x000001ab69998b50 JavaThread "Timer-62"                          [_thread_blocked, id=46896, stack(0x00000077db800000,0x00000077db900000) (1024K)]
  0x000001ab69999870 JavaThread "Timer-63"                          [_thread_blocked, id=49352, stack(0x00000077db900000,0x00000077dba00000) (1024K)]
  0x000001ab699991e0 JavaThread "Timer-64"                          [_thread_blocked, id=53564, stack(0x00000077d8b00000,0x00000077d8c00000) (1024K)]
  0x000001ab6999ac20 JavaThread "Timer-65"                          [_thread_blocked, id=34224, stack(0x00000077dbb00000,0x00000077dbc00000) (1024K)]
  0x000001ab6b763d40 JavaThread "Timer-66"                          [_thread_blocked, id=22472, stack(0x00000077dbd00000,0x00000077dbe00000) (1024K)]
  0x000001ab674ec170 JavaThread "Timer-67"                          [_thread_blocked, id=28968, stack(0x00000077dbe00000,0x00000077dbf00000) (1024K)]
  0x000001ab6b84be40 JavaThread "Timer-68"                          [_thread_blocked, id=53544, stack(0x00000077dbf00000,0x00000077dc000000) (1024K)]
  0x000001ab6b763020 JavaThread "Timer-69"                          [_thread_blocked, id=19848, stack(0x00000077da100000,0x00000077da200000) (1024K)]
  0x000001ab685ebd30 JavaThread "Timer-70"                          [_thread_blocked, id=39908, stack(0x00000077dc000000,0x00000077dc100000) (1024K)]
  0x000001ab685eb010 JavaThread "Timer-71"                          [_thread_blocked, id=14924, stack(0x00000077dba00000,0x00000077dbb00000) (1024K)]
  0x000001ab685ea2f0 JavaThread "Timer-72"                          [_thread_blocked, id=46360, stack(0x00000077dc100000,0x00000077dc200000) (1024K)]
  0x000001ab685ea980 JavaThread "Timer-73"                          [_thread_blocked, id=21500, stack(0x00000077dc200000,0x00000077dc300000) (1024K)]
  0x000001ab685ec3c0 JavaThread "Timer-74"                          [_thread_blocked, id=32016, stack(0x00000077dc300000,0x00000077dc400000) (1024K)]
  0x000001ab685eca50 JavaThread "Timer-75"                          [_thread_blocked, id=34384, stack(0x00000077d3b00000,0x00000077d3c00000) (1024K)]
  0x000001ab685e95d0 JavaThread "Timer-76"                          [_thread_blocked, id=50888, stack(0x00000077d7800000,0x00000077d7900000) (1024K)]
  0x000001ab685f0560 JavaThread "Timer-77"                          [_thread_blocked, id=7064, stack(0x00000077da200000,0x00000077da300000) (1024K)]
  0x000001ab685ee490 JavaThread "Timer-78"                          [_thread_blocked, id=35684, stack(0x00000077da500000,0x00000077da600000) (1024K)]
  0x000001ab685eeb20 JavaThread "Timer-79"                          [_thread_blocked, id=46932, stack(0x00000077dc400000,0x00000077dc500000) (1024K)]
  0x000001ab685efed0 JavaThread "Timer-80"                          [_thread_blocked, id=49540, stack(0x00000077dc700000,0x00000077dc800000) (1024K)]
  0x000001ab685ede00 JavaThread "Timer-81"                          [_thread_blocked, id=45072, stack(0x00000077dc600000,0x00000077dc700000) (1024K)]
  0x000001ab685ef1b0 JavaThread "Timer-82"                          [_thread_blocked, id=45828, stack(0x00000077dc800000,0x00000077dc900000) (1024K)]
  0x000001ab685ed770 JavaThread "Worker-11: Initialize workspace"        [_thread_blocked, id=49308, stack(0x00000077db700000,0x00000077db800000) (1024K)]
  0x000001ab685ef840 JavaThread "Timer-83"                          [_thread_blocked, id=29776, stack(0x00000077dca00000,0x00000077dcb00000) (1024K)]
  0x000001ab6999b2b0 JavaThread "Timer-84"                          [_thread_blocked, id=51384, stack(0x00000077dcb00000,0x00000077dcc00000) (1024K)]
  0x000001ab69997e30 JavaThread "Timer-85"                          [_thread_blocked, id=21784, stack(0x00000077dcc00000,0x00000077dcd00000) (1024K)]
  0x000001ab6999bfd0 JavaThread "Timer-86"                          [_thread_blocked, id=51184, stack(0x00000077dcd00000,0x00000077dce00000) (1024K)]
  0x000001ab6b7664a0 JavaThread "Timer-87"                          [_thread_blocked, id=38448, stack(0x00000077dce00000,0x00000077dcf00000) (1024K)]
  0x000001ab6b7650f0 JavaThread "Timer-88"                          [_thread_blocked, id=32656, stack(0x00000077dcf00000,0x00000077dd000000) (1024K)]
  0x000001ab6b846f80 JavaThread "Timer-89"                          [_thread_blocked, id=50204, stack(0x00000077d6000000,0x00000077d6100000) (1024K)]
  0x000001ab6ac12900 JavaThread "Timer-90"                          [_thread_blocked, id=50940, stack(0x00000077dd000000,0x00000077dd100000) (1024K)]
  0x000001ab6ac13cb0 JavaThread "Timer-91"                          [_thread_blocked, id=50944, stack(0x00000077dd100000,0x00000077dd200000) (1024K)]
  0x000001ab6ac149d0 JavaThread "Timer-92"                          [_thread_blocked, id=23912, stack(0x00000077dd200000,0x00000077dd300000) (1024K)]
  0x000001ab6ac14340 JavaThread "Timer-93"                          [_thread_blocked, id=24356, stack(0x00000077db300000,0x00000077db400000) (1024K)]
  0x000001ab6ac12f90 JavaThread "Timer-94"                          [_thread_blocked, id=30384, stack(0x00000077d7300000,0x00000077d7400000) (1024K)]
  0x000001ab6ac13620 JavaThread "Timer-95"                          [_thread_blocked, id=52456, stack(0x00000077d8d00000,0x00000077d8e00000) (1024K)]
  0x000001ab6ac15060 JavaThread "Timer-96"                          [_thread_blocked, id=37048, stack(0x00000077dd500000,0x00000077dd600000) (1024K)]
  0x000001ab6ac11be0 JavaThread "Timer-97"                          [_thread_blocked, id=42216, stack(0x00000077dd400000,0x00000077dd500000) (1024K)]
  0x000001ab6ac16410 JavaThread "Timer-98"                          [_thread_blocked, id=24092, stack(0x00000077dd600000,0x00000077dd700000) (1024K)]
  0x000001ab6ac156f0 JavaThread "Timer-99"                          [_thread_blocked, id=44860, stack(0x00000077db100000,0x00000077db200000) (1024K)]
  0x000001ab6ac16aa0 JavaThread "Timer-100"                         [_thread_blocked, id=32596, stack(0x00000077dbc00000,0x00000077dbd00000) (1024K)]
  0x000001ab6ac17130 JavaThread "Timer-101"                         [_thread_blocked, id=28932, stack(0x00000077dd800000,0x00000077dd900000) (1024K)]
  0x000001ab6ac177c0 JavaThread "Timer-102"                         [_thread_blocked, id=40040, stack(0x00000077dd900000,0x00000077dda00000) (1024K)]
  0x000001ab6ac184e0 JavaThread "Timer-103"                         [_thread_blocked, id=35260, stack(0x00000077dda00000,0x00000077ddb00000) (1024K)]
  0x000001ab6ac17e50 JavaThread "Timer-104"                         [_thread_blocked, id=19380, stack(0x00000077ddb00000,0x00000077ddc00000) (1024K)]
  0x000001ab685eb6a0 JavaThread "Timer-105"                         [_thread_blocked, id=37056, stack(0x00000077ddc00000,0x00000077ddd00000) (1024K)]
  0x000001ab685e8f40 JavaThread "Timer-106"                         [_thread_blocked, id=22268, stack(0x00000077ddd00000,0x00000077dde00000) (1024K)]
  0x000001ab6ac18b70 JavaThread "Timer-107"                         [_thread_blocked, id=32072, stack(0x00000077ddf00000,0x00000077de000000) (1024K)]
  0x000001ab6ac15d80 JavaThread "Timer-108"                         [_thread_blocked, id=27824, stack(0x00000077de000000,0x00000077de100000) (1024K)]
  0x000001ab6b84b120 JavaThread "Timer-109"                         [_thread_blocked, id=10692, stack(0x00000077de100000,0x00000077de200000) (1024K)]
  0x000001ab685e9c60 JavaThread "Timer-110"                         [_thread_blocked, id=9840, stack(0x00000077de300000,0x00000077de400000) (1024K)]
  0x000001ab6ac11550 JavaThread "Timer-111"                         [_thread_blocked, id=52392, stack(0x00000077dd300000,0x00000077dd400000) (1024K)]
  0x000001ab6a6b6770 JavaThread "Timer-112"                         [_thread_blocked, id=9488, stack(0x00000077de200000,0x00000077de300000) (1024K)]
  0x000001ab6a6b53c0 JavaThread "Timer-113"                         [_thread_blocked, id=27312, stack(0x00000077dd700000,0x00000077dd800000) (1024K)]
  0x000001ab6a6b4010 JavaThread "Timer-114"                         [_thread_blocked, id=52164, stack(0x00000077de400000,0x00000077de500000) (1024K)]
  0x000001ab6a6b5a50 JavaThread "Timer-115"                         [_thread_blocked, id=29356, stack(0x00000077de500000,0x00000077de600000) (1024K)]
  0x000001ab6a6b60e0 JavaThread "Timer-116"                         [_thread_blocked, id=34712, stack(0x00000077de700000,0x00000077de800000) (1024K)]
  0x000001ab6a6b7b20 JavaThread "Timer-117"                         [_thread_blocked, id=48268, stack(0x00000077de600000,0x00000077de700000) (1024K)]
  0x000001ab6a6b46a0 JavaThread "Timer-118"                         [_thread_blocked, id=48688, stack(0x00000077de800000,0x00000077de900000) (1024K)]
  0x000001ab6a6b4d30 JavaThread "Timer-119"                         [_thread_blocked, id=24248, stack(0x00000077dea00000,0x00000077deb00000) (1024K)]
  0x000001ab6a6ba910 JavaThread "Timer-120"                         [_thread_blocked, id=31336, stack(0x00000077deb00000,0x00000077dec00000) (1024K)]
  0x000001ab6a6b9bf0 JavaThread "Timer-121"                         [_thread_blocked, id=33368, stack(0x00000077dec00000,0x00000077ded00000) (1024K)]
  0x000001ab6a6b9560 JavaThread "Timer-122"                         [_thread_blocked, id=44896, stack(0x00000077ded00000,0x00000077dee00000) (1024K)]
  0x000001ab6a6bafa0 JavaThread "Timer-123"                         [_thread_blocked, id=52504, stack(0x00000077dee00000,0x00000077def00000) (1024K)]
  0x000001ab6a6bb630 JavaThread "Timer-124"                         [_thread_blocked, id=37292, stack(0x00000077def00000,0x00000077df000000) (1024K)]
  0x000001ab6a6b8ed0 JavaThread "Timer-125"                         [_thread_blocked, id=44712, stack(0x00000077df100000,0x00000077df200000) (1024K)]
  0x000001ab69999f00 JavaThread "Timer-126"                         [_thread_blocked, id=43572, stack(0x00000077df200000,0x00000077df300000) (1024K)]
  0x000001ab6999a590 JavaThread "Timer-127"                         [_thread_blocked, id=6496, stack(0x00000077df300000,0x00000077df400000) (1024K)]
  0x000001ab6ac12270 JavaThread "Timer-128"                         [_thread_blocked, id=44792, stack(0x00000077df400000,0x00000077df500000) (1024K)]
  0x000001ab6a6ba280 JavaThread "Timer-129"                         [_thread_blocked, id=23540, stack(0x00000077df500000,0x00000077df600000) (1024K)]
  0x000001ab6a590800 JavaThread "Timer-130"                         [_thread_blocked, id=30108, stack(0x00000077df600000,0x00000077df700000) (1024K)]
  0x000001ab6a590170 JavaThread "Timer-131"                         [_thread_blocked, id=32228, stack(0x00000077df700000,0x00000077df800000) (1024K)]
  0x000001ab6a591bb0 JavaThread "Timer-132"                         [_thread_blocked, id=30220, stack(0x00000077df800000,0x00000077df900000) (1024K)]
  0x000001ab6a592f60 JavaThread "Timer-133"                         [_thread_blocked, id=35652, stack(0x00000077df900000,0x00000077dfa00000) (1024K)]
  0x000001ab6a5928d0 JavaThread "Timer-134"                         [_thread_blocked, id=30860, stack(0x00000077dfa00000,0x00000077dfb00000) (1024K)]
  0x000001ab6a5935f0 JavaThread "Timer-135"                         [_thread_blocked, id=52364, stack(0x00000077dfb00000,0x00000077dfc00000) (1024K)]
  0x000001ab6a593c80 JavaThread "Timer-136"                         [_thread_blocked, id=52648, stack(0x00000077dfc00000,0x00000077dfd00000) (1024K)]
  0x000001ab6a597790 JavaThread "Timer-137"                         [_thread_blocked, id=36232, stack(0x00000077dff00000,0x00000077e0000000) (1024K)]
  0x000001ab6a5949a0 JavaThread "Timer-138"                         [_thread_blocked, id=40988, stack(0x00000077e0100000,0x00000077e0200000) (1024K)]
  0x000001ab6a5984b0 JavaThread "Timer-139"                         [_thread_blocked, id=38084, stack(0x00000077e0200000,0x00000077e0300000) (1024K)]
  0x000001ab6a5963e0 JavaThread "Timer-140"                         [_thread_blocked, id=40576, stack(0x00000077e0300000,0x00000077e0400000) (1024K)]
  0x000001ab6a595030 JavaThread "Timer-141"                         [_thread_blocked, id=15816, stack(0x00000077d9900000,0x00000077d9a00000) (1024K)]
  0x000001ab6a597e20 JavaThread "Timer-142"                         [_thread_blocked, id=32624, stack(0x00000077dde00000,0x00000077ddf00000) (1024K)]
  0x000001ab6a5956c0 JavaThread "Timer-143"                         [_thread_blocked, id=50648, stack(0x00000077e0500000,0x00000077e0600000) (1024K)]
  0x000001ab6a5991d0 JavaThread "Timer-144"                         [_thread_blocked, id=52460, stack(0x00000077de900000,0x00000077dea00000) (1024K)]
  0x000001ab6a595d50 JavaThread "Timer-145"                         [_thread_blocked, id=48896, stack(0x00000077e0600000,0x00000077e0700000) (1024K)]
  0x000001ab6a599860 JavaThread "Timer-146"                         [_thread_blocked, id=34444, stack(0x00000077e0800000,0x00000077e0900000) (1024K)]
  0x000001ab6a592240 JavaThread "Timer-147"                         [_thread_blocked, id=21740, stack(0x00000077dc900000,0x00000077dca00000) (1024K)]
  0x000001ab6a599ef0 JavaThread "Timer-148"                         [_thread_blocked, id=17476, stack(0x00000077e0700000,0x00000077e0800000) (1024K)]
  0x000001ab6a59b2a0 JavaThread "Timer-149"                         [_thread_blocked, id=47880, stack(0x00000077e0900000,0x00000077e0a00000) (1024K)]
  0x000001ab6a598b40 JavaThread "Timer-150"                         [_thread_blocked, id=43380, stack(0x00000077e0a00000,0x00000077e0b00000) (1024K)]
  0x000001ab6a59a580 JavaThread "Timer-151"                         [_thread_blocked, id=20832, stack(0x00000077e0b00000,0x00000077e0c00000) (1024K)]
  0x000001ab6a59ac10 JavaThread "Timer-152"                         [_thread_blocked, id=35892, stack(0x00000077e0c00000,0x00000077e0d00000) (1024K)]
  0x000001ab6a59edb0 JavaThread "Timer-153"                         [_thread_blocked, id=33664, stack(0x00000077e0d00000,0x00000077e0e00000) (1024K)]
  0x000001ab6a59da00 JavaThread "Timer-154"                         [_thread_blocked, id=20052, stack(0x00000077e0e00000,0x00000077e0f00000) (1024K)]
  0x000001ab6a59e090 JavaThread "Timer-155"                         [_thread_blocked, id=36952, stack(0x00000077e1000000,0x00000077e1100000) (1024K)]
  0x000001ab6a59d370 JavaThread "Timer-156"                         [_thread_blocked, id=50424, stack(0x00000077e1100000,0x00000077e1200000) (1024K)]
  0x000001ab6a59b930 JavaThread "Timer-157"                         [_thread_blocked, id=3160, stack(0x00000077e1200000,0x00000077e1300000) (1024K)]
  0x000001ab6a59e720 JavaThread "Timer-158"                         [_thread_blocked, id=50992, stack(0x00000077e1300000,0x00000077e1400000) (1024K)]
  0x000001ab6a596a70 JavaThread "Timer-159"                         [_thread_blocked, id=22592, stack(0x00000077dfd00000,0x00000077dfe00000) (1024K)]
  0x000001ab6a594310 JavaThread "Timer-160"                         [_thread_blocked, id=22332, stack(0x00000077e0400000,0x00000077e0500000) (1024K)]
  0x000001ab6a59c650 JavaThread "Timer-161"                         [_thread_blocked, id=40320, stack(0x00000077e1500000,0x00000077e1600000) (1024K)]
  0x000001ab6a59cce0 JavaThread "Timer-162"                         [_thread_blocked, id=40772, stack(0x00000077e1600000,0x00000077e1700000) (1024K)]
  0x000001ab6a6b7490 JavaThread "Timer-163"                         [_thread_blocked, id=21084, stack(0x00000077e1700000,0x00000077e1800000) (1024K)]
  0x000001ab6a6b8840 JavaThread "Timer-164"                         [_thread_blocked, id=31176, stack(0x00000077e1800000,0x00000077e1900000) (1024K)]
  0x000001ab6b75fba0 JavaThread "Timer-165"                         [_thread_blocked, id=25776, stack(0x00000077e1900000,0x00000077e1a00000) (1024K)]
  0x000001ab6a6b81b0 JavaThread "Timer-166"                         [_thread_blocked, id=21880, stack(0x00000077e1a00000,0x00000077e1b00000) (1024K)]
  0x000001ab6c368c20 JavaThread "Timer-167"                         [_thread_blocked, id=41844, stack(0x00000077e1c00000,0x00000077e1d00000) (1024K)]
  0x000001ab6c3692b0 JavaThread "Timer-168"                         [_thread_blocked, id=26216, stack(0x00000077e1d00000,0x00000077e1e00000) (1024K)]
  0x000001ab6c36acf0 JavaThread "Timer-169"                         [_thread_blocked, id=34060, stack(0x00000077e1e00000,0x00000077e1f00000) (1024K)]
  0x000001ab6c367870 JavaThread "Timer-170"                         [_thread_blocked, id=44764, stack(0x00000077e1f00000,0x00000077e2000000) (1024K)]
  0x000001ab6c369940 JavaThread "Timer-171"                         [_thread_blocked, id=13408, stack(0x00000077e2000000,0x00000077e2100000) (1024K)]
  0x000001ab6c368590 JavaThread "Timer-172"                         [_thread_blocked, id=27520, stack(0x00000077e2100000,0x00000077e2200000) (1024K)]
  0x000001ab6c36a660 JavaThread "Timer-173"                         [_thread_blocked, id=25180, stack(0x00000077e2200000,0x00000077e2300000) (1024K)]
  0x000001ab6c36dae0 JavaThread "Timer-174"                         [_thread_blocked, id=48560, stack(0x00000077e2400000,0x00000077e2500000) (1024K)]
  0x000001ab6c367f00 JavaThread "Timer-175"                         [_thread_blocked, id=48580, stack(0x00000077e2300000,0x00000077e2400000) (1024K)]
  0x000001ab6c36c730 JavaThread "Timer-176"                         [_thread_blocked, id=6484, stack(0x00000077e2500000,0x00000077e2600000) (1024K)]
  0x000001ab6c36e800 JavaThread "Timer-177"                         [_thread_blocked, id=23848, stack(0x00000077dfe00000,0x00000077dff00000) (1024K)]
  0x000001ab6c36ee90 JavaThread "Timer-178"                         [_thread_blocked, id=39148, stack(0x00000077e0000000,0x00000077e0100000) (1024K)]
  0x000001ab6c36ba10 JavaThread "Timer-179"                         [_thread_blocked, id=15056, stack(0x00000077e2800000,0x00000077e2900000) (1024K)]
  0x000001ab6c369fd0 JavaThread "Timer-180"                         [_thread_blocked, id=23784, stack(0x00000077e2a00000,0x00000077e2b00000) (1024K)]
  0x000001ab6c370240 JavaThread "Timer-181"                         [_thread_blocked, id=40400, stack(0x00000077e2b00000,0x00000077e2c00000) (1024K)]
  0x000001ab6c36f520 JavaThread "Timer-182"                         [_thread_blocked, id=396, stack(0x00000077e2d00000,0x00000077e2e00000) (1024K)]
  0x000001ab6c373030 JavaThread "Timer-183"                         [_thread_blocked, id=29524, stack(0x00000077e2c00000,0x00000077e2d00000) (1024K)]
  0x000001ab6c36fbb0 JavaThread "Timer-184"                         [_thread_blocked, id=32136, stack(0x00000077e2e00000,0x00000077e2f00000) (1024K)]
  0x000001ab6c3729a0 JavaThread "Timer-185"                         [_thread_blocked, id=44852, stack(0x00000077e2f00000,0x00000077e3000000) (1024K)]
  0x000001ab6c3708d0 JavaThread "Timer-186"                         [_thread_blocked, id=28620, stack(0x00000077e3000000,0x00000077e3100000) (1024K)]
  0x000001ab6c372310 JavaThread "Timer-187"                         [_thread_blocked, id=28540, stack(0x00000077e3100000,0x00000077e3200000) (1024K)]
  0x000001ab6c373d50 JavaThread "Timer-188"                         [_thread_blocked, id=24300, stack(0x00000077e3300000,0x00000077e3400000) (1024K)]
  0x000001ab6c36b380 JavaThread "Timer-189"                         [_thread_blocked, id=43488, stack(0x00000077e0f00000,0x00000077e1000000) (1024K)]
  0x000001ab6c3743e0 JavaThread "Timer-190"                         [_thread_blocked, id=3524, stack(0x00000077e3200000,0x00000077e3300000) (1024K)]
  0x000001ab6c36d450 JavaThread "Timer-191"                         [_thread_blocked, id=3128, stack(0x00000077e2700000,0x00000077e2800000) (1024K)]
  0x000001ab6c3715f0 JavaThread "Timer-192"                         [_thread_blocked, id=42756, stack(0x00000077e2900000,0x00000077e2a00000) (1024K)]
  0x000001ab6c36e170 JavaThread "Timer-193"                         [_thread_blocked, id=39584, stack(0x00000077d6100000,0x00000077d6200000) (1024K)]
  0x000001ab6c375100 JavaThread "Timer-194"                         [_thread_blocked, id=51876, stack(0x00000077e3500000,0x00000077e3600000) (1024K)]
  0x000001ab6c371c80 JavaThread "Timer-195"                         [_thread_blocked, id=41280, stack(0x00000077e3600000,0x00000077e3700000) (1024K)]
  0x000001ab6c375e20 JavaThread "Timer-196"                         [_thread_blocked, id=48456, stack(0x00000077e3700000,0x00000077e3800000) (1024K)]
  0x000001ab6c3736c0 JavaThread "Timer-197"                         [_thread_blocked, id=36776, stack(0x00000077e3c00000,0x00000077e3d00000) (1024K)]
  0x000001ab6a590e90 JavaThread "Timer-198"                         [_thread_blocked, id=42480, stack(0x00000077e3e00000,0x00000077e3f00000) (1024K)]
  0x000001ab6a597100 JavaThread "Timer-199"                         [_thread_blocked, id=40316, stack(0x00000077e3f00000,0x00000077e4000000) (1024K)]
  0x000001ab6a59f440 JavaThread "Timer-200"                         [_thread_blocked, id=23004, stack(0x00000077e4100000,0x00000077e4200000) (1024K)]
  0x000001ab6ba6c4c0 JavaThread "Timer-201"                         [_thread_blocked, id=25140, stack(0x00000077e4000000,0x00000077e4100000) (1024K)]
  0x000001ab6ba6cb50 JavaThread "Timer-202"                         [_thread_blocked, id=41784, stack(0x00000077e4200000,0x00000077e4300000) (1024K)]
  0x000001ab6ba6a3f0 JavaThread "Timer-203"                         [_thread_blocked, id=42400, stack(0x00000077e4600000,0x00000077e4700000) (1024K)]
  0x000001ab6ba6aa80 JavaThread "Timer-204"                         [_thread_blocked, id=53316, stack(0x00000077e4800000,0x00000077e4900000) (1024K)]
  0x000001ab6ba6e590 JavaThread "Timer-205"                         [_thread_blocked, id=53996, stack(0x00000077e4900000,0x00000077e4a00000) (1024K)]
  0x000001ab6ba6b110 JavaThread "Timer-206"                         [_thread_blocked, id=25616, stack(0x00000077e4b00000,0x00000077e4c00000) (1024K)]
  0x000001ab6ba6ec20 JavaThread "Timer-207"                         [_thread_blocked, id=13704, stack(0x00000077e1400000,0x00000077e1500000) (1024K)]
  0x000001ab6ba6b7a0 JavaThread "Timer-208"                         [_thread_blocked, id=29196, stack(0x00000077e4a00000,0x00000077e4b00000) (1024K)]
  0x000001ab6ba720a0 JavaThread "Timer-209"                         [_thread_blocked, id=40856, stack(0x00000077e4c00000,0x00000077e4d00000) (1024K)]
  0x000001ab6ba6ffd0 JavaThread "Timer-210"                         [_thread_blocked, id=41968, stack(0x00000077e4e00000,0x00000077e4f00000) (1024K)]
  0x000001ab6ba6f940 JavaThread "Timer-211"                         [_thread_blocked, id=22788, stack(0x00000077e4f00000,0x00000077e5000000) (1024K)]
  0x000001ab6ba70cf0 JavaThread "Timer-212"                         [_thread_blocked, id=39280, stack(0x00000077e5100000,0x00000077e5200000) (1024K)]
  0x000001ab6ba6f2b0 JavaThread "Timer-213"                         [_thread_blocked, id=48048, stack(0x00000077e5000000,0x00000077e5100000) (1024K)]
  0x000001ab6ba71a10 JavaThread "Timer-214"                         [_thread_blocked, id=47252, stack(0x00000077e5200000,0x00000077e5300000) (1024K)]
  0x000001ab6ba73450 JavaThread "Timer-215"                         [_thread_blocked, id=20212, stack(0x00000077e5300000,0x00000077e5400000) (1024K)]
  0x000001ab6ba73ae0 JavaThread "Timer-216"                         [_thread_blocked, id=42516, stack(0x00000077e5400000,0x00000077e5500000) (1024K)]
  0x000001ab6ba74170 JavaThread "Timer-217"                         [_thread_blocked, id=34772, stack(0x00000077e5500000,0x00000077e5600000) (1024K)]
  0x000001ab6ba74800 JavaThread "Timer-218"                         [_thread_blocked, id=28232, stack(0x00000077e5700000,0x00000077e5800000) (1024K)]
  0x000001ab6ba71380 JavaThread "Timer-219"                         [_thread_blocked, id=15204, stack(0x00000077e5600000,0x00000077e5700000) (1024K)]
  0x000001ab6ba76240 JavaThread "Timer-220"                         [_thread_blocked, id=28796, stack(0x00000077e5800000,0x00000077e5900000) (1024K)]
  0x000001ab6ba75520 JavaThread "Timer-221"                         [_thread_blocked, id=47448, stack(0x00000077e1b00000,0x00000077e1c00000) (1024K)]
  0x000001ab6ba75bb0 JavaThread "Timer-222"                         [_thread_blocked, id=47664, stack(0x00000077e4400000,0x00000077e4500000) (1024K)]
  0x000001ab6ba72730 JavaThread "Timer-223"                         [_thread_blocked, id=36568, stack(0x00000077e5900000,0x00000077e5a00000) (1024K)]
  0x000001ab6ba72dc0 JavaThread "Timer-224"                         [_thread_blocked, id=4480, stack(0x00000077e5a00000,0x00000077e5b00000) (1024K)]
  0x000001ab6ba76f60 JavaThread "Timer-225"                         [_thread_blocked, id=23068, stack(0x00000077df000000,0x00000077df100000) (1024K)]
  0x000001ab6ba768d0 JavaThread "Timer-226"                         [_thread_blocked, id=35448, stack(0x00000077e5b00000,0x00000077e5c00000) (1024K)]
  0x000001ab6ba789a0 JavaThread "Timer-227"                         [_thread_blocked, id=35404, stack(0x00000077e3900000,0x00000077e3a00000) (1024K)]
  0x000001ab6ba775f0 JavaThread "Timer-228"                         [_thread_blocked, id=38668, stack(0x00000077e3d00000,0x00000077e3e00000) (1024K)]
  0x000001ab6ba77c80 JavaThread "Timer-229"                         [_thread_blocked, id=38676, stack(0x00000077e5c00000,0x00000077e5d00000) (1024K)]
  0x000001ab6ba78310 JavaThread "Timer-230"                         [_thread_blocked, id=38732, stack(0x00000077e5d00000,0x00000077e5e00000) (1024K)]
  0x000001ab6c36c0a0 JavaThread "Timer-231"                         [_thread_blocked, id=40696, stack(0x00000077e5e00000,0x00000077e5f00000) (1024K)]
  0x000001ab6c370f60 JavaThread "Timer-232"                         [_thread_blocked, id=39792, stack(0x00000077e4500000,0x00000077e4600000) (1024K)]
  0x000001ab6c374a70 JavaThread "Timer-233"                         [_thread_blocked, id=40356, stack(0x00000077e5f00000,0x00000077e6000000) (1024K)]
  0x000001ab6ba6d870 JavaThread "Timer-234"                         [_thread_blocked, id=35720, stack(0x00000077e6000000,0x00000077e6100000) (1024K)]
  0x000001ab6ba6df00 JavaThread "Timer-235"                         [_thread_blocked, id=39900, stack(0x00000077e6100000,0x00000077e6200000) (1024K)]
  0x000001ab6ba74e90 JavaThread "Timer-236"                         [_thread_blocked, id=21144, stack(0x00000077e6300000,0x00000077e6400000) (1024K)]
  0x000001ab6a591520 JavaThread "Timer-237"                         [_thread_blocked, id=37076, stack(0x00000077d8500000,0x00000077d8600000) (1024K)]
  0x000001ab6a59bfc0 JavaThread "Timer-238"                         [_thread_blocked, id=21052, stack(0x00000077e6200000,0x00000077e6300000) (1024K)]
  0x000001ab6c3764b0 JavaThread "Timer-239"                         [_thread_blocked, id=39404, stack(0x00000077e6400000,0x00000077e6500000) (1024K)]
  0x000001ab6c376b40 JavaThread "Timer-240"                         [_thread_blocked, id=35548, stack(0x00000077e6500000,0x00000077e6600000) (1024K)]
  0x000001ab699977a0 JavaThread "Timer-241"                         [_thread_blocked, id=46032, stack(0x00000077e6600000,0x00000077e6700000) (1024K)]
  0x000001ab674ee8d0 JavaThread "Timer-242"                         [_thread_blocked, id=13620, stack(0x00000077e6900000,0x00000077e6a00000) (1024K)]
  0x000001ab6a6b6e00 JavaThread "Timer-243"                         [_thread_blocked, id=40636, stack(0x00000077d9600000,0x00000077d9700000) (1024K)]
  0x000001ab699963f0 JavaThread "Timer-244"                         [_thread_blocked, id=5008, stack(0x00000077e6700000,0x00000077e6800000) (1024K)]
  0x000001ab6cdb5910 JavaThread "Timer-245"                         [_thread_blocked, id=50892, stack(0x00000077e6a00000,0x00000077e6b00000) (1024K)]
  0x000001ab6cdb5280 JavaThread "Timer-246"                         [_thread_blocked, id=52328, stack(0x00000077e6b00000,0x00000077e6c00000) (1024K)]
  0x000001ab6cdb6630 JavaThread "Timer-247"                         [_thread_blocked, id=36480, stack(0x00000077e6c00000,0x00000077e6d00000) (1024K)]
  0x000001ab6cdb3ed0 JavaThread "Timer-248"                         [_thread_blocked, id=31024, stack(0x00000077e6d00000,0x00000077e6e00000) (1024K)]
  0x000001ab6cdb5fa0 JavaThread "Timer-249"                         [_thread_blocked, id=44260, stack(0x00000077e6e00000,0x00000077e6f00000) (1024K)]
  0x000001ab6cdb4bf0 JavaThread "Timer-250"                         [_thread_blocked, id=29892, stack(0x00000077e6f00000,0x00000077e7000000) (1024K)]
  0x000001ab6cdb6cc0 JavaThread "Timer-251"                         [_thread_blocked, id=22712, stack(0x00000077e7100000,0x00000077e7200000) (1024K)]
  0x000001ab6cdb3840 JavaThread "Timer-252"                         [_thread_blocked, id=44512, stack(0x00000077e7200000,0x00000077e7300000) (1024K)]
  0x000001ab6cdba7d0 JavaThread "Timer-253"                         [_thread_blocked, id=25220, stack(0x00000077e7300000,0x00000077e7400000) (1024K)]
  0x000001ab6cdb79e0 JavaThread "Timer-254"                         [_thread_blocked, id=36772, stack(0x00000077e7400000,0x00000077e7500000) (1024K)]
  0x000001ab6cdb8700 JavaThread "Timer-255"                         [_thread_blocked, id=46284, stack(0x00000077e7500000,0x00000077e7600000) (1024K)]
  0x000001ab6cdb7350 JavaThread "Timer-256"                         [_thread_blocked, id=41720, stack(0x00000077daa00000,0x00000077dab00000) (1024K)]
  0x000001ab6cdb8070 JavaThread "Timer-257"                         [_thread_blocked, id=50672, stack(0x00000077e7600000,0x00000077e7700000) (1024K)]
  0x000001ab6cdb9ab0 JavaThread "Timer-258"                         [_thread_blocked, id=51816, stack(0x00000077e7700000,0x00000077e7800000) (1024K)]
  0x000001ab6cdbb4f0 JavaThread "Timer-259"                         [_thread_blocked, id=52296, stack(0x00000077e7800000,0x00000077e7900000) (1024K)]
  0x000001ab6cdbbb80 JavaThread "Timer-260"                         [_thread_blocked, id=42448, stack(0x00000077e7a00000,0x00000077e7b00000) (1024K)]
  0x000001ab6cdba140 JavaThread "Timer-261"                         [_thread_blocked, id=22392, stack(0x00000077e7900000,0x00000077e7a00000) (1024K)]
  0x000001ab6cdbc210 JavaThread "Timer-262"                         [_thread_blocked, id=46392, stack(0x00000077e7b00000,0x00000077e7c00000) (1024K)]
  0x000001ab6cdbc8a0 JavaThread "Timer-263"                         [_thread_blocked, id=29428, stack(0x00000077e7d00000,0x00000077e7e00000) (1024K)]
  0x000001ab6cdb9420 JavaThread "Timer-264"                         [_thread_blocked, id=25100, stack(0x00000077e7e00000,0x00000077e7f00000) (1024K)]
  0x000001ab6cdbe2e0 JavaThread "Timer-265"                         [_thread_blocked, id=48520, stack(0x00000077e7f00000,0x00000077e8000000) (1024K)]
  0x000001ab6cdbf000 JavaThread "Timer-266"                         [_thread_blocked, id=31328, stack(0x00000077e8000000,0x00000077e8100000) (1024K)]
  0x000001ab6cdc03b0 JavaThread "Timer-267"                         [_thread_blocked, id=22208, stack(0x00000077e8100000,0x00000077e8200000) (1024K)]
  0x000001ab6cdbfd20 JavaThread "Timer-268"                         [_thread_blocked, id=27272, stack(0x00000077e8200000,0x00000077e8300000) (1024K)]
  0x000001ab6cdb31b0 JavaThread "Timer-269"                         [_thread_blocked, id=29016, stack(0x00000077e6800000,0x00000077e6900000) (1024K)]
  0x000001ab6cdbe970 JavaThread "Timer-270"                         [_thread_blocked, id=42752, stack(0x00000077e8300000,0x00000077e8400000) (1024K)]
  0x000001ab6cdbcf30 JavaThread "Timer-271"                         [_thread_blocked, id=53508, stack(0x00000077e8400000,0x00000077e8500000) (1024K)]
  0x000001ab6cdbf690 JavaThread "Timer-272"                         [_thread_blocked, id=37960, stack(0x00000077e8600000,0x00000077e8700000) (1024K)]
  0x000001ab6cdc0a40 JavaThread "Timer-273"                         [_thread_blocked, id=36376, stack(0x00000077e8500000,0x00000077e8600000) (1024K)]
  0x000001ab6cdbd5c0 JavaThread "Timer-274"                         [_thread_blocked, id=29468, stack(0x00000077e8800000,0x00000077e8900000) (1024K)]
  0x000001ab6cdc10d0 JavaThread "Timer-275"                         [_thread_blocked, id=29796, stack(0x00000077e8700000,0x00000077e8800000) (1024K)]
  0x000001ab6cdbdc50 JavaThread "Timer-276"                         [_thread_blocked, id=30504, stack(0x00000077e8900000,0x00000077e8a00000) (1024K)]
  0x000001ab6cdc1760 JavaThread "Timer-277"                         [_thread_blocked, id=50564, stack(0x00000077e8a00000,0x00000077e8b00000) (1024K)]
  0x000001ab6cdc1df0 JavaThread "Timer-278"                         [_thread_blocked, id=40476, stack(0x00000077e8b00000,0x00000077e8c00000) (1024K)]
  0x000001ab6ba69d60 JavaThread "Timer-279"                         [_thread_blocked, id=23956, stack(0x00000077e8c00000,0x00000077e8d00000) (1024K)]
  0x000001ab6ba79030 JavaThread "Timer-280"                         [_thread_blocked, id=4724, stack(0x00000077e8d00000,0x00000077e8e00000) (1024K)]
  0x000001ab6d9d8370 JavaThread "Timer-281"                         [_thread_blocked, id=5264, stack(0x00000077e8f00000,0x00000077e9000000) (1024K)]
  0x000001ab6d9d9db0 JavaThread "Timer-282"                         [_thread_blocked, id=46160, stack(0x00000077e9000000,0x00000077e9100000) (1024K)]
  0x000001ab6d9da440 JavaThread "Timer-283"                         [_thread_blocked, id=4544, stack(0x00000077e9100000,0x00000077e9200000) (1024K)]
  0x000001ab6d9d6fc0 JavaThread "Timer-284"                         [_thread_blocked, id=48772, stack(0x00000077e9300000,0x00000077e9400000) (1024K)]
  0x000001ab6d9daad0 JavaThread "Timer-285"                         [_thread_blocked, id=32144, stack(0x00000077e9200000,0x00000077e9300000) (1024K)]
  0x000001ab6d9d7650 JavaThread "Timer-286"                         [_thread_blocked, id=27920, stack(0x00000077e9400000,0x00000077e9500000) (1024K)]
  0x000001ab6d9dc510 JavaThread "Timer-287"                         [_thread_blocked, id=25236, stack(0x00000077e9700000,0x00000077e9800000) (1024K)]
  0x000001ab6d9dd8c0 JavaThread "Timer-288"                         [_thread_blocked, id=32800, stack(0x00000077e9a00000,0x00000077e9b00000) (1024K)]
  0x000001ab6d9dbe80 JavaThread "Timer-289"                         [_thread_blocked, id=20940, stack(0x00000077e9900000,0x00000077e9a00000) (1024K)]
  0x000001ab6d9ddf50 JavaThread "Timer-290"                         [_thread_blocked, id=30200, stack(0x00000077e9c00000,0x00000077e9d00000) (1024K)]
  0x000001ab6d9dd230 JavaThread "Timer-291"                         [_thread_blocked, id=38404, stack(0x00000077e7000000,0x00000077e7100000) (1024K)]
  0x000001ab6d9dcba0 JavaThread "Timer-292"                         [_thread_blocked, id=51512, stack(0x00000077e9b00000,0x00000077e9c00000) (1024K)]
  0x000001ab6d9db7f0 JavaThread "Timer-293"                         [_thread_blocked, id=46428, stack(0x00000077e9d00000,0x00000077e9e00000) (1024K)]
  0x000001ab6d9db160 JavaThread "Timer-294"                         [_thread_blocked, id=9320, stack(0x00000077e9e00000,0x00000077e9f00000) (1024K)]
  0x000001ab6d9df300 JavaThread "Timer-295"                         [_thread_blocked, id=49204, stack(0x00000077e9f00000,0x00000077ea000000) (1024K)]
  0x000001ab6d9df990 JavaThread "Timer-296"                         [_thread_blocked, id=46200, stack(0x00000077ea100000,0x00000077ea200000) (1024K)]
  0x000001ab6d9d7ce0 JavaThread "Timer-297"                         [_thread_blocked, id=41208, stack(0x00000077e3400000,0x00000077e3500000) (1024K)]
  0x000001ab6d9d9720 JavaThread "Timer-298"                         [_thread_blocked, id=32152, stack(0x00000077e9600000,0x00000077e9700000) (1024K)]
  0x000001ab6d9dec70 JavaThread "Timer-299"                         [_thread_blocked, id=34916, stack(0x00000077ea000000,0x00000077ea100000) (1024K)]
  0x000001ab6d9e06b0 JavaThread "Timer-300"                         [_thread_blocked, id=26856, stack(0x00000077ea200000,0x00000077ea300000) (1024K)]
  0x000001ab6d9e0d40 JavaThread "Timer-301"                         [_thread_blocked, id=38532, stack(0x00000077ea300000,0x00000077ea400000) (1024K)]
  0x000001ab6d9e13d0 JavaThread "Timer-302"                         [_thread_blocked, id=42660, stack(0x00000077ea500000,0x00000077ea600000) (1024K)]
  0x000001ab6d9de5e0 JavaThread "Timer-303"                         [_thread_blocked, id=27872, stack(0x00000077e4700000,0x00000077e4800000) (1024K)]
  0x000001ab6d9e2780 JavaThread "Timer-304"                         [_thread_blocked, id=28548, stack(0x00000077ea400000,0x00000077ea500000) (1024K)]
  0x000001ab6d9e1a60 JavaThread "Timer-305"                         [_thread_blocked, id=40628, stack(0x00000077e9500000,0x00000077e9600000) (1024K)]
  0x000001ab6d9e0020 JavaThread "Timer-306"                         [_thread_blocked, id=17472, stack(0x00000077ea700000,0x00000077ea800000) (1024K)]
  0x000001ab6d9e34a0 JavaThread "Timer-307"                         [_thread_blocked, id=26020, stack(0x00000077ea800000,0x00000077ea900000) (1024K)]
  0x000001ab6d9e5c00 JavaThread "Timer-308"                         [_thread_blocked, id=29368, stack(0x00000077eaa00000,0x00000077eab00000) (1024K)]
  0x000001ab6d9d9090 JavaThread "Timer-309"                         [_thread_blocked, id=9540, stack(0x00000077e7c00000,0x00000077e7d00000) (1024K)]
  0x000001ab6d9e3b30 JavaThread "Timer-310"                         [_thread_blocked, id=940, stack(0x00000077ea900000,0x00000077eaa00000) (1024K)]
  0x000001ab6d9e41c0 JavaThread "Timer-311"                         [_thread_blocked, id=4976, stack(0x00000077eac00000,0x00000077ead00000) (1024K)]
  0x000001ab6d9e8360 JavaThread "Timer-312"                         [_thread_blocked, id=29304, stack(0x00000077ead00000,0x00000077eae00000) (1024K)]
  0x000001ab6d9e4ee0 JavaThread "Timer-313"                         [_thread_blocked, id=25000, stack(0x00000077eae00000,0x00000077eaf00000) (1024K)]
  0x000001ab6d9e5570 JavaThread "Timer-314"                         [_thread_blocked, id=24872, stack(0x00000077eb100000,0x00000077eb200000) (1024K)]
  0x000001ab6d9e6290 JavaThread "Timer-315"                         [_thread_blocked, id=23344, stack(0x00000077eaf00000,0x00000077eb000000) (1024K)]
  0x000001ab6d9e9080 JavaThread "Timer-316"                         [_thread_blocked, id=30056, stack(0x00000077eb000000,0x00000077eb100000) (1024K)]
  0x000001ab6d9e7cd0 JavaThread "Timer-317"                         [_thread_blocked, id=30844, stack(0x00000077eb300000,0x00000077eb400000) (1024K)]
  0x000001ab6d9e6fb0 JavaThread "Timer-318"                         [_thread_blocked, id=27048, stack(0x00000077eb400000,0x00000077eb500000) (1024K)]
  0x000001ab6d9e9710 JavaThread "Timer-319"                         [_thread_blocked, id=5940, stack(0x00000077eb500000,0x00000077eb600000) (1024K)]
  0x000001ab6d9e6920 JavaThread "Timer-320"                         [_thread_blocked, id=4744, stack(0x00000077eb600000,0x00000077eb700000) (1024K)]
  0x000001ab6d9e20f0 JavaThread "Timer-321"                         [_thread_blocked, id=18592, stack(0x00000077e9800000,0x00000077e9900000) (1024K)]
  0x000001ab6d9e9da0 JavaThread "Timer-322"                         [_thread_blocked, id=26356, stack(0x00000077eb700000,0x00000077eb800000) (1024K)]
  0x000001ab6d9e89f0 JavaThread "Timer-323"                         [_thread_blocked, id=54264, stack(0x00000077eb200000,0x00000077eb300000) (1024K)]
  0x000001ab6d9eaac0 JavaThread "Timer-324"                         [_thread_blocked, id=44108, stack(0x00000077eb800000,0x00000077eb900000) (1024K)]
  0x000001ab6d9ea430 JavaThread "Timer-325"                         [_thread_blocked, id=37072, stack(0x00000077eb900000,0x00000077eba00000) (1024K)]
  0x000001ab6d9e7640 JavaThread "Timer-326"                         [_thread_blocked, id=53280, stack(0x00000077eba00000,0x00000077ebb00000) (1024K)]
  0x000001ab6d9ecb90 JavaThread "Timer-327"                         [_thread_blocked, id=30136, stack(0x00000077ebb00000,0x00000077ebc00000) (1024K)]
  0x000001ab6d9eb7e0 JavaThread "Timer-328"                         [_thread_blocked, id=28712, stack(0x00000077ebc00000,0x00000077ebd00000) (1024K)]
  0x000001ab6d9ec500 JavaThread "Timer-329"                         [_thread_blocked, id=26100, stack(0x00000077ebe00000,0x00000077ebf00000) (1024K)]
  0x000001ab6d9eb150 JavaThread "Timer-330"                         [_thread_blocked, id=47832, stack(0x00000077ebf00000,0x00000077ec000000) (1024K)]
  0x000001ab6d9ed220 JavaThread "Timer-331"                         [_thread_blocked, id=22828, stack(0x00000077ec000000,0x00000077ec100000) (1024K)]
  0x000001ab6d9ebe70 JavaThread "Timer-332"                         [_thread_blocked, id=25020, stack(0x00000077ec200000,0x00000077ec300000) (1024K)]
  0x000001ab6d9eec60 JavaThread "Timer-333"                         [_thread_blocked, id=41740, stack(0x00000077ec100000,0x00000077ec200000) (1024K)]
  0x000001ab6d9edf40 JavaThread "Timer-334"                         [_thread_blocked, id=42532, stack(0x00000077ec300000,0x00000077ec400000) (1024K)]
  0x000001ab6d9ef980 JavaThread "Timer-335"                         [_thread_blocked, id=27576, stack(0x00000077ebd00000,0x00000077ebe00000) (1024K)]
  0x000001ab6d9ee5d0 JavaThread "Timer-336"                         [_thread_blocked, id=25296, stack(0x00000077ec400000,0x00000077ec500000) (1024K)]
  0x000001ab6d9ef2f0 JavaThread "Timer-337"                         [_thread_blocked, id=38560, stack(0x00000077ec500000,0x00000077ec600000) (1024K)]
  0x000001ab6d9f0d30 JavaThread "Timer-338"                         [_thread_blocked, id=19548, stack(0x00000077ec600000,0x00000077ec700000) (1024K)]
  0x000001ab6d9f0010 JavaThread "Timer-339"                         [_thread_blocked, id=32340, stack(0x00000077ec700000,0x00000077ec800000) (1024K)]
  0x000001ab6d9f06a0 JavaThread "Timer-340"                         [_thread_blocked, id=27680, stack(0x00000077ec800000,0x00000077ec900000) (1024K)]
  0x000001ab6d9f2e00 JavaThread "Timer-341"                         [_thread_blocked, id=27440, stack(0x00000077ecb00000,0x00000077ecc00000) (1024K)]
  0x000001ab6d9f41b0 JavaThread "Timer-342"                         [_thread_blocked, id=17128, stack(0x00000077eab00000,0x00000077eac00000) (1024K)]
  0x000001ab6d9f2770 JavaThread "Timer-343"                         [_thread_blocked, id=32424, stack(0x00000077ecc00000,0x00000077ecd00000) (1024K)]
  0x000001ab6d9f4840 JavaThread "Timer-344"                         [_thread_blocked, id=31968, stack(0x00000077ece00000,0x00000077ecf00000) (1024K)]
  0x000001ab6d9f4ed0 JavaThread "Timer-345"                         [_thread_blocked, id=36408, stack(0x00000077ecd00000,0x00000077ece00000) (1024K)]
  0x000001ab6d9f1a50 JavaThread "Timer-346"                         [_thread_blocked, id=29716, stack(0x00000077ecf00000,0x00000077ed000000) (1024K)]
  0x000001ab6d9f13c0 JavaThread "Timer-347"                         [_thread_blocked, id=29632, stack(0x00000077ed200000,0x00000077ed300000) (1024K)]
  0x000001ab6d9f20e0 JavaThread "Timer-348"                         [_thread_blocked, id=40716, stack(0x00000077ed500000,0x00000077ed600000) (1024K)]
  0x000001ab6d9f5560 JavaThread "Timer-349"                         [_thread_blocked, id=39744, stack(0x00000077ed400000,0x00000077ed500000) (1024K)]
  0x000001ab6d9f5bf0 JavaThread "Timer-350"                         [_thread_blocked, id=41900, stack(0x00000077ed600000,0x00000077ed700000) (1024K)]
  0x000001ab6d9f6280 JavaThread "Timer-351"                         [_thread_blocked, id=34428, stack(0x00000077ed700000,0x00000077ed800000) (1024K)]
  0x000001ab6d9e2e10 JavaThread "Timer-352"                         [_thread_blocked, id=10408, stack(0x00000077ed800000,0x00000077ed900000) (1024K)]
  0x000001ab6cdc2480 JavaThread "Timer-353"                         [_thread_blocked, id=2856, stack(0x00000077edb00000,0x00000077edc00000) (1024K)]
  0x000001ab6d9f3b20 JavaThread "Timer-354"                         [_thread_blocked, id=13896, stack(0x00000077edd00000,0x00000077ede00000) (1024K)]
  0x000001ab6e0d20a0 JavaThread "Timer-355"                         [_thread_blocked, id=42308, stack(0x00000077ede00000,0x00000077edf00000) (1024K)]
  0x000001ab6e0d5520 JavaThread "Timer-356"                         [_thread_blocked, id=48324, stack(0x00000077ee000000,0x00000077ee100000) (1024K)]
  0x000001ab6e0d3ae0 JavaThread "Timer-357"                         [_thread_blocked, id=39388, stack(0x00000077edf00000,0x00000077ee000000) (1024K)]
  0x000001ab6e0d4170 JavaThread "Timer-358"                         [_thread_blocked, id=40112, stack(0x00000077ee100000,0x00000077ee200000) (1024K)]
  0x000001ab6e0d6240 JavaThread "Timer-359"                         [_thread_blocked, id=29192, stack(0x00000077ee200000,0x00000077ee300000) (1024K)]
  0x000001ab6e0d5bb0 JavaThread "Timer-360"                         [_thread_blocked, id=52860, stack(0x00000077ee400000,0x00000077ee500000) (1024K)]
  0x000001ab6e0d2dc0 JavaThread "Timer-361"                         [_thread_blocked, id=39796, stack(0x00000077ee300000,0x00000077ee400000) (1024K)]
  0x000001ab6e0d68d0 JavaThread "Timer-362"                         [_thread_blocked, id=47736, stack(0x00000077ee600000,0x00000077ee700000) (1024K)]
  0x000001ab6e0d3450 JavaThread "Timer-363"                         [_thread_blocked, id=42052, stack(0x00000077e2600000,0x00000077e2700000) (1024K)]
  0x000001ab6e0d6f60 JavaThread "Timer-364"                         [_thread_blocked, id=32872, stack(0x00000077ee500000,0x00000077ee600000) (1024K)]
  0x000001ab6e0d7c80 JavaThread "Timer-365"                         [_thread_blocked, id=21708, stack(0x00000077ec900000,0x00000077eca00000) (1024K)]
  0x000001ab6e0d4800 JavaThread "Timer-366"                         [_thread_blocked, id=18692, stack(0x00000077eca00000,0x00000077ecb00000) (1024K)]
  0x000001ab6e0d89a0 JavaThread "Timer-367"                         [_thread_blocked, id=35292, stack(0x00000077eda00000,0x00000077edb00000) (1024K)]
  0x000001ab6e0da3e0 JavaThread "Timer-368"                         [_thread_blocked, id=9856, stack(0x00000077edc00000,0x00000077edd00000) (1024K)]
  0x000001ab6e0daa70 JavaThread "Timer-369"                         [_thread_blocked, id=31032, stack(0x00000077ee800000,0x00000077ee900000) (1024K)]
  0x000001ab6e0db100 JavaThread "Timer-370"                         [_thread_blocked, id=15528, stack(0x00000077ee900000,0x00000077eea00000) (1024K)]
  0x000001ab6e0d4e90 JavaThread "Timer-371"                         [_thread_blocked, id=32552, stack(0x00000077ea600000,0x00000077ea700000) (1024K)]
  0x000001ab6e0d96c0 JavaThread "Timer-372"                         [_thread_blocked, id=22968, stack(0x00000077eeb00000,0x00000077eec00000) (1024K)]
  0x000001ab6e0d9d50 JavaThread "Timer-373"                         [_thread_blocked, id=15996, stack(0x00000077eec00000,0x00000077eed00000) (1024K)]
  0x000001ab6e0d8310 JavaThread "Timer-374"                         [_thread_blocked, id=27880, stack(0x00000077eee00000,0x00000077eef00000) (1024K)]
  0x000001ab6e0dec10 JavaThread "Timer-375"                         [_thread_blocked, id=33220, stack(0x00000077eed00000,0x00000077eee00000) (1024K)]
  0x000001ab6e0de580 JavaThread "Timer-376"                         [_thread_blocked, id=7556, stack(0x00000077eef00000,0x00000077ef000000) (1024K)]
  0x000001ab6e0dbe20 JavaThread "Timer-377"                         [_thread_blocked, id=43908, stack(0x00000077ef100000,0x00000077ef200000) (1024K)]
  0x000001ab6e0d9030 JavaThread "Timer-378"                         [_thread_blocked, id=540, stack(0x00000077ef200000,0x00000077ef300000) (1024K)]
  0x000001ab6e0df2a0 JavaThread "Timer-379"                         [_thread_blocked, id=14196, stack(0x00000077ef300000,0x00000077ef400000) (1024K)]
  0x000001ab6e0df930 JavaThread "Timer-380"                         [_thread_blocked, id=52916, stack(0x00000077ef500000,0x00000077ef600000) (1024K)]
  0x000001ab6e0d75f0 JavaThread "Timer-381"                         [_thread_blocked, id=44016, stack(0x00000077ee700000,0x00000077ee800000) (1024K)]
  0x000001ab6e0dd860 JavaThread "Timer-382"                         [_thread_blocked, id=22400, stack(0x00000077ef400000,0x00000077ef500000) (1024K)]
  0x000001ab6e0d2730 JavaThread "Timer-383"                         [_thread_blocked, id=34624, stack(0x00000077ed900000,0x00000077eda00000) (1024K)]
  0x000001ab6e0dffc0 JavaThread "Timer-384"                         [_thread_blocked, id=13592, stack(0x00000077ef700000,0x00000077ef800000) (1024K)]
  0x000001ab6e0ddef0 JavaThread "Timer-385"                         [_thread_blocked, id=37284, stack(0x00000077ef600000,0x00000077ef700000) (1024K)]
  0x000001ab6e0dd1d0 JavaThread "Timer-386"                         [_thread_blocked, id=33016, stack(0x00000077ef900000,0x00000077efa00000) (1024K)]
  0x000001ab6e0e2720 JavaThread "Timer-387"                         [_thread_blocked, id=34844, stack(0x00000077ef800000,0x00000077ef900000) (1024K)]
  0x000001ab6e0e2090 JavaThread "Timer-388"                         [_thread_blocked, id=22784, stack(0x00000077efa00000,0x00000077efb00000) (1024K)]
  0x000001ab6e0e0650 JavaThread "Timer-389"                         [_thread_blocked, id=52988, stack(0x00000077efb00000,0x00000077efc00000) (1024K)]
  0x000001ab6e0e3440 JavaThread "Timer-390"                         [_thread_blocked, id=40004, stack(0x00000077efd00000,0x00000077efe00000) (1024K)]
  0x000001ab6e0e2db0 JavaThread "Timer-391"                         [_thread_blocked, id=25056, stack(0x00000077efc00000,0x00000077efd00000) (1024K)]
  0x000001ab6e0e3ad0 JavaThread "Timer-392"                         [_thread_blocked, id=28044, stack(0x00000077eff00000,0x00000077f0000000) (1024K)]
  0x000001ab6e0e4160 JavaThread "Timer-393"                         [_thread_blocked, id=41812, stack(0x00000077efe00000,0x00000077eff00000) (1024K)]
  0x000001ab6e0e0ce0 JavaThread "Timer-394"                         [_thread_blocked, id=20476, stack(0x00000077f0000000,0x00000077f0100000) (1024K)]
  0x000001ab6e0e47f0 JavaThread "Timer-395"                         [_thread_blocked, id=21724, stack(0x00000077f0200000,0x00000077f0300000) (1024K)]
  0x000001ab6e0e4e80 JavaThread "Timer-396"                         [_thread_blocked, id=47932, stack(0x00000077f0300000,0x00000077f0400000) (1024K)]
  0x000001ab6e0dc4b0 JavaThread "Timer-397"                         [_thread_blocked, id=31644, stack(0x00000077e3800000,0x00000077e3900000) (1024K)]
  0x000001ab6e0e1a00 JavaThread "Timer-398"                         [_thread_blocked, id=48020, stack(0x00000077f0500000,0x00000077f0600000) (1024K)]
  0x000001ab6e0e8990 JavaThread "Timer-399"                         [_thread_blocked, id=27492, stack(0x00000077f0400000,0x00000077f0500000) (1024K)]
  0x000001ab6e0e68c0 JavaThread "Timer-400"                         [_thread_blocked, id=49700, stack(0x00000077f0600000,0x00000077f0700000) (1024K)]
  0x000001ab6e0e5ba0 JavaThread "Timer-401"                         [_thread_blocked, id=11408, stack(0x00000077f0800000,0x00000077f0900000) (1024K)]
  0x000001ab6e0e6f50 JavaThread "Timer-402"                         [_thread_blocked, id=28060, stack(0x00000077f0900000,0x00000077f0a00000) (1024K)]
  0x000001ab6e0e75e0 JavaThread "Timer-403"                         [_thread_blocked, id=50664, stack(0x00000077f0a00000,0x00000077f0b00000) (1024K)]
  0x000001ab6e0e6230 JavaThread "Timer-404"                         [_thread_blocked, id=15812, stack(0x00000077f0c00000,0x00000077f0d00000) (1024K)]
  0x000001ab6e0e8300 JavaThread "Timer-405"                         [_thread_blocked, id=48036, stack(0x00000077ef000000,0x00000077ef100000) (1024K)]
  0x000001ab6e0e7c70 JavaThread "Timer-406"                         [_thread_blocked, id=2712, stack(0x00000077f0b00000,0x00000077f0c00000) (1024K)]
  0x000001ab6e0eb0f0 JavaThread "Timer-407"                         [_thread_blocked, id=45940, stack(0x00000077f0e00000,0x00000077f0f00000) (1024K)]
  0x000001ab6e0e9d40 JavaThread "Timer-408"                         [_thread_blocked, id=34800, stack(0x00000077f0f00000,0x00000077f1000000) (1024K)]
  0x000001ab6e0eb780 JavaThread "Timer-409"                         [_thread_blocked, id=22260, stack(0x00000077f1000000,0x00000077f1100000) (1024K)]
  0x000001ab6e0e9020 JavaThread "Timer-410"                         [_thread_blocked, id=34252, stack(0x00000077f1100000,0x00000077f1200000) (1024K)]
  0x000001ab6e0eaa60 JavaThread "Timer-411"                         [_thread_blocked, id=28072, stack(0x00000077f1200000,0x00000077f1300000) (1024K)]
  0x000001ab6e0ea3d0 JavaThread "Timer-412"                         [_thread_blocked, id=37836, stack(0x00000077f1300000,0x00000077f1400000) (1024K)]
  0x000001ab6e0ec4a0 JavaThread "Timer-413"                         [_thread_blocked, id=10892, stack(0x00000077f1500000,0x00000077f1600000) (1024K)]
  0x000001ab6e0ef290 JavaThread "Timer-414"                         [_thread_blocked, id=15376, stack(0x00000077f1700000,0x00000077f1800000) (1024K)]
  0x000001ab6e0ef920 JavaThread "Timer-415"                         [_thread_blocked, id=20680, stack(0x00000077f0100000,0x00000077f0200000) (1024K)]
  0x000001ab6e0effb0 JavaThread "Timer-416"                         [_thread_blocked, id=32852, stack(0x00000077f1800000,0x00000077f1900000) (1024K)]
  0x000001ab6e0eec00 JavaThread "Timer-417"                         [_thread_blocked, id=27060, stack(0x00000077f1600000,0x00000077f1700000) (1024K)]
  0x000001ab6e0ecb30 JavaThread "Timer-418"                         [_thread_blocked, id=52168, stack(0x00000077f1900000,0x00000077f1a00000) (1024K)]
  0x000001ab6e0e96b0 JavaThread "Timer-419"                         [_thread_blocked, id=31924, stack(0x00000077f1a00000,0x00000077f1b00000) (1024K)]
  0x000001ab6e0ee570 JavaThread "Timer-420"                         [_thread_blocked, id=36688, stack(0x00000077f1b00000,0x00000077f1c00000) (1024K)]
  0x000001ab6e0ed850 JavaThread "Timer-421"                         [_thread_blocked, id=3096, stack(0x00000077f1c00000,0x00000077f1d00000) (1024K)]
  0x000001ab6e0edee0 JavaThread "Timer-422"                         [_thread_blocked, id=31412, stack(0x00000077f1f00000,0x00000077f2000000) (1024K)]
  0x000001ab6e0f0640 JavaThread "Timer-423"                         [_thread_blocked, id=880, stack(0x00000077f1d00000,0x00000077f1e00000) (1024K)]
  0x000001ab6e0ed1c0 JavaThread "Timer-424"                         [_thread_blocked, id=40824, stack(0x00000077f1e00000,0x00000077f1f00000) (1024K)]
  0x000001ab6e0f0cd0 JavaThread "Timer-425"                         [_thread_blocked, id=47184, stack(0x00000077f2000000,0x00000077f2100000) (1024K)]
  0x000001ab6e0f1360 JavaThread "Timer-426"                         [_thread_blocked, id=39672, stack(0x00000077f2100000,0x00000077f2200000) (1024K)]
  0x000001ab6d9e4850 JavaThread "Timer-427"                         [_thread_blocked, id=5572, stack(0x00000077f2200000,0x00000077f2300000) (1024K)]
  0x000001ab6d9ed8b0 JavaThread "Timer-428"                         [_thread_blocked, id=40912, stack(0x00000077f2300000,0x00000077f2400000) (1024K)]
  0x000001ab6cdbae60 JavaThread "Timer-429"                         [_thread_blocked, id=27984, stack(0x00000077f2400000,0x00000077f2500000) (1024K)]
  0x000001ab6cdb8d90 JavaThread "Timer-430"                         [_thread_blocked, id=33384, stack(0x00000077f2500000,0x00000077f2600000) (1024K)]
  0x000001ab6d9f3490 JavaThread "Timer-431"                         [_thread_blocked, id=44872, stack(0x00000077f2700000,0x00000077f2800000) (1024K)]
  0x000001ab6e0e5510 JavaThread "Timer-432"                         [_thread_blocked, id=49884, stack(0x00000077f2800000,0x00000077f2900000) (1024K)]
  0x000001ab6ba6d1e0 JavaThread "Timer-433"                         [_thread_blocked, id=9356, stack(0x00000077f2900000,0x00000077f2a00000) (1024K)]
  0x000001ab6ed48c50 JavaThread "Timer-434"                         [_thread_blocked, id=53048, stack(0x00000077f2b00000,0x00000077f2c00000) (1024K)]
  0x000001ab6ed49970 JavaThread "Timer-435"                         [_thread_blocked, id=49644, stack(0x00000077f2a00000,0x00000077f2b00000) (1024K)]
  0x000001ab6ed492e0 JavaThread "Timer-436"                         [_thread_blocked, id=37308, stack(0x00000077f2c00000,0x00000077f2d00000) (1024K)]
  0x000001ab6ed4a690 JavaThread "Timer-437"                         [_thread_blocked, id=23200, stack(0x00000077f2f00000,0x00000077f3000000) (1024K)]
  0x000001ab6ed4b3b0 JavaThread "Timer-438"                         [_thread_blocked, id=42588, stack(0x00000077f3100000,0x00000077f3200000) (1024K)]
  0x000001ab6ed47f30 JavaThread "Timer-439"                         [_thread_blocked, id=1948, stack(0x00000077f3200000,0x00000077f3300000) (1024K)]
  0x000001ab6ed4ba40 JavaThread "Timer-440"                         [_thread_blocked, id=5108, stack(0x00000077f3400000,0x00000077f3500000) (1024K)]
  0x000001ab6ed485c0 JavaThread "Timer-441"                         [_thread_blocked, id=43940, stack(0x00000077f3300000,0x00000077f3400000) (1024K)]
  0x000001ab6ed4db10 JavaThread "Timer-442"                         [_thread_blocked, id=33080, stack(0x00000077f3500000,0x00000077f3600000) (1024K)]
  0x000001ab6ed4c0d0 JavaThread "Timer-443"                         [_thread_blocked, id=29032, stack(0x00000077f3800000,0x00000077f3900000) (1024K)]
  0x000001ab6ed4fbe0 JavaThread "Timer-444"                         [_thread_blocked, id=23104, stack(0x00000077f3a00000,0x00000077f3b00000) (1024K)]
  0x000001ab6ed4eec0 JavaThread "Timer-445"                         [_thread_blocked, id=36336, stack(0x00000077f3b00000,0x00000077f3c00000) (1024K)]
  0x000001ab6ed4cdf0 JavaThread "Timer-446"                         [_thread_blocked, id=10056, stack(0x00000077f3f00000,0x00000077f4000000) (1024K)]
  0x000001ab6ed4c760 JavaThread "Timer-447"                         [_thread_blocked, id=27064, stack(0x00000077f3e00000,0x00000077f3f00000) (1024K)]
  0x000001ab6ed50270 JavaThread "Timer-448"                         [_thread_blocked, id=36268, stack(0x00000077f4000000,0x00000077f4100000) (1024K)]
  0x000001ab6ed52340 JavaThread "Timer-449"                         [_thread_blocked, id=39336, stack(0x00000077f4200000,0x00000077f4300000) (1024K)]
  0x000001ab6ed51620 JavaThread "Timer-450"                         [_thread_blocked, id=47024, stack(0x00000077f4400000,0x00000077f4500000) (1024K)]
  0x000001ab6ed4d480 JavaThread "Timer-451"                         [_thread_blocked, id=30552, stack(0x00000077f3700000,0x00000077f3800000) (1024K)]
  0x000001ab6ed47210 JavaThread "Timer-452"                         [_thread_blocked, id=45336, stack(0x00000077f2e00000,0x00000077f2f00000) (1024K)]
  0x000001ab6ed4ad20 JavaThread "Timer-453"                         [_thread_blocked, id=25804, stack(0x00000077f3000000,0x00000077f3100000) (1024K)]
  0x000001ab6ed51cb0 JavaThread "Timer-454"                         [_thread_blocked, id=25240, stack(0x00000077f3900000,0x00000077f3a00000) (1024K)]
  0x000001ab6ed50f90 JavaThread "Timer-455"                         [_thread_blocked, id=16420, stack(0x00000077eea00000,0x00000077eeb00000) (1024K)]
  0x000001ab6ed4e1a0 JavaThread "Timer-456"                         [_thread_blocked, id=53116, stack(0x00000077f4300000,0x00000077f4400000) (1024K)]
  0x000001ab6ed4f550 JavaThread "Timer-457"                         [_thread_blocked, id=40104, stack(0x00000077ed000000,0x00000077ed100000) (1024K)]
  0x000001ab6ed536f0 JavaThread "Timer-458"                         [_thread_blocked, id=23348, stack(0x00000077f4600000,0x00000077f4700000) (1024K)]
  0x000001ab6ed54410 JavaThread "Timer-459"                         [_thread_blocked, id=37436, stack(0x00000077f1400000,0x00000077f1500000) (1024K)]
  0x000001ab6ed53d80 JavaThread "Timer-460"                         [_thread_blocked, id=38956, stack(0x00000077f4500000,0x00000077f4600000) (1024K)]
  0x000001ab6ed55130 JavaThread "Timer-461"                         [_thread_blocked, id=23448, stack(0x00000077f0d00000,0x00000077f0e00000) (1024K)]
  0x000001ab6ed557c0 JavaThread "Timer-462"                         [_thread_blocked, id=3720, stack(0x00000077f4700000,0x00000077f4800000) (1024K)]
  0x000001ab6ed529d0 JavaThread "Timer-463"                         [_thread_blocked, id=39676, stack(0x00000077f4800000,0x00000077f4900000) (1024K)]
  0x000001ab6ed564e0 JavaThread "Timer-464"                         [_thread_blocked, id=48240, stack(0x00000077f4a00000,0x00000077f4b00000) (1024K)]
  0x000001ab6ed53060 JavaThread "Timer-465"                         [_thread_blocked, id=15940, stack(0x00000077f4900000,0x00000077f4a00000) (1024K)]
  0x000001ab6ed58c40 JavaThread "Timer-466"                         [_thread_blocked, id=49556, stack(0x00000077f4b00000,0x00000077f4c00000) (1024K)]
  0x000001ab6ed57890 JavaThread "Timer-467"                         [_thread_blocked, id=33676, stack(0x00000077f4c00000,0x00000077f4d00000) (1024K)]
  0x000001ab6ed57f20 JavaThread "Timer-468"                         [_thread_blocked, id=19352, stack(0x00000077f4f00000,0x00000077f5000000) (1024K)]
  0x000001ab6ed55e50 JavaThread "Timer-469"                         [_thread_blocked, id=2832, stack(0x00000077f4d00000,0x00000077f4e00000) (1024K)]
  0x000001ab6ed59ff0 JavaThread "Timer-470"                         [_thread_blocked, id=32584, stack(0x00000077f5000000,0x00000077f5100000) (1024K)]
  0x000001ab6ed57200 JavaThread "Timer-471"                         [_thread_blocked, id=8580, stack(0x00000077f4e00000,0x00000077f4f00000) (1024K)]
  0x000001ab6ed585b0 JavaThread "Timer-472"                         [_thread_blocked, id=13272, stack(0x00000077f5100000,0x00000077f5200000) (1024K)]
  0x000001ab6ed59960 JavaThread "Timer-473"                         [_thread_blocked, id=46684, stack(0x00000077f5200000,0x00000077f5300000) (1024K)]
  0x000001ab6ed56b70 JavaThread "Timer-474"                         [_thread_blocked, id=8840, stack(0x00000077f5300000,0x00000077f5400000) (1024K)]
  0x000001ab6ed5b3a0 JavaThread "Timer-475"                         [_thread_blocked, id=9740, stack(0x00000077f5400000,0x00000077f5500000) (1024K)]
  0x000001ab6ed5a680 JavaThread "Timer-476"                         [_thread_blocked, id=49340, stack(0x00000077f5600000,0x00000077f5700000) (1024K)]
  0x000001ab6ed5e190 JavaThread "Timer-477"                         [_thread_blocked, id=34564, stack(0x00000077f5500000,0x00000077f5600000) (1024K)]
  0x000001ab6ed5c750 JavaThread "Timer-478"                         [_thread_blocked, id=41468, stack(0x00000077f5700000,0x00000077f5800000) (1024K)]
  0x000001ab6ed50900 JavaThread "Timer-479"                         [_thread_blocked, id=46468, stack(0x00000077e8e00000,0x00000077e8f00000) (1024K)]
  0x000001ab6ed592d0 JavaThread "Timer-480"                         [_thread_blocked, id=47796, stack(0x00000077f5a00000,0x00000077f5b00000) (1024K)]
  0x000001ab6ed5e820 JavaThread "Timer-481"                         [_thread_blocked, id=45416, stack(0x00000077f5900000,0x00000077f5a00000) (1024K)]
  0x000001ab6ed5cde0 JavaThread "Timer-482"                         [_thread_blocked, id=22812, stack(0x00000077f5c00000,0x00000077f5d00000) (1024K)]
  0x000001ab6ed5d470 JavaThread "Timer-483"                         [_thread_blocked, id=49380, stack(0x00000077f5b00000,0x00000077f5c00000) (1024K)]
  0x000001ab6ed5db00 JavaThread "Timer-484"                         [_thread_blocked, id=51656, stack(0x00000077f5d00000,0x00000077f5e00000) (1024K)]
  0x000001ab6ed5eeb0 JavaThread "Timer-485"                         [_thread_blocked, id=16248, stack(0x00000077f5f00000,0x00000077f6000000) (1024K)]
  0x000001ab6ed5f540 JavaThread "Timer-486"                         [_thread_blocked, id=26776, stack(0x00000077f6000000,0x00000077f6100000) (1024K)]
  0x000001ab6ed5fbd0 JavaThread "Timer-487"                         [_thread_blocked, id=45312, stack(0x00000077f6100000,0x00000077f6200000) (1024K)]
  0x000001ab6ed608f0 JavaThread "Timer-488"                         [_thread_blocked, id=46652, stack(0x00000077f6300000,0x00000077f6400000) (1024K)]
  0x000001ab6ed60260 JavaThread "Timer-489"                         [_thread_blocked, id=36612, stack(0x00000077f6200000,0x00000077f6300000) (1024K)]
  0x000001ab6ed63d70 JavaThread "Timer-490"                         [_thread_blocked, id=28064, stack(0x00000077f6400000,0x00000077f6500000) (1024K)]
  0x000001ab6ed61ca0 JavaThread "Timer-491"                         [_thread_blocked, id=37480, stack(0x00000077f6600000,0x00000077f6700000) (1024K)]
  0x000001ab6ed63050 JavaThread "Timer-492"                         [_thread_blocked, id=49936, stack(0x00000077f6700000,0x00000077f6800000) (1024K)]
  0x000001ab6ed64400 JavaThread "Timer-493"                         [_thread_blocked, id=47476, stack(0x00000077f6800000,0x00000077f6900000) (1024K)]
  0x000001ab6ed62330 JavaThread "Timer-494"                         [_thread_blocked, id=29668, stack(0x00000077f6a00000,0x00000077f6b00000) (1024K)]
  0x000001ab6ed636e0 JavaThread "Timer-495"                         [_thread_blocked, id=50320, stack(0x00000077f6900000,0x00000077f6a00000) (1024K)]
  0x000001ab6ed629c0 JavaThread "Timer-496"                         [_thread_blocked, id=21240, stack(0x00000077f6b00000,0x00000077f6c00000) (1024K)]
  0x000001ab6ed61610 JavaThread "Timer-497"                         [_thread_blocked, id=35612, stack(0x00000077f6d00000,0x00000077f6e00000) (1024K)]
  0x000001ab6ed65e40 JavaThread "Timer-498"                         [_thread_blocked, id=51144, stack(0x00000077f6e00000,0x00000077f6f00000) (1024K)]
  0x000001ab6ed664d0 JavaThread "Timer-499"                         [_thread_blocked, id=22924, stack(0x00000077f6f00000,0x00000077f7000000) (1024K)]
  0x000001ab6ed657b0 JavaThread "Timer-500"                         [_thread_blocked, id=25148, stack(0x00000077f7100000,0x00000077f7200000) (1024K)]
  0x000001ab6e0db790 JavaThread "Timer-501"                         [_thread_blocked, id=37252, stack(0x00000077f7000000,0x00000077f7100000) (1024K)]
  0x000001ab6e0e1370 JavaThread "Timer-502"                         [_thread_blocked, id=45492, stack(0x00000077f7200000,0x00000077f7300000) (1024K)]
  0x000001ab6ed64a90 JavaThread "Timer-503"                         [_thread_blocked, id=43244, stack(0x00000077f7400000,0x00000077f7500000) (1024K)]
  0x000001ab6ed65120 JavaThread "Timer-504"                         [_thread_blocked, id=17312, stack(0x00000077f7500000,0x00000077f7600000) (1024K)]
  0x000001ab6e0ebe10 JavaThread "Timer-505"                         [_thread_blocked, id=53980, stack(0x00000077f7600000,0x00000077f7700000) (1024K)]
  0x000001ab6cdb4560 JavaThread "Timer-506"                         [_thread_blocked, id=51000, stack(0x00000077f7800000,0x00000077f7900000) (1024K)]
  0x000001ab6d9d8a00 JavaThread "Timer-507"                         [_thread_blocked, id=36396, stack(0x00000077f7700000,0x00000077f7800000) (1024K)]
  0x000001ab6e788410 JavaThread "Timer-508"                         [_thread_blocked, id=40796, stack(0x00000077f7900000,0x00000077f7a00000) (1024K)]
  0x000001ab6e789e50 JavaThread "Timer-509"                         [_thread_blocked, id=13060, stack(0x00000077f7a00000,0x00000077f7b00000) (1024K)]
  0x000001ab6e78a4e0 JavaThread "Timer-510"                         [_thread_blocked, id=40448, stack(0x00000077f7b00000,0x00000077f7c00000) (1024K)]
  0x000001ab6e7897c0 JavaThread "Timer-511"                         [_thread_blocked, id=35128, stack(0x00000077f7c00000,0x00000077f7d00000) (1024K)]
  0x000001ab6e787060 JavaThread "Timer-512"                         [_thread_blocked, id=26040, stack(0x00000077f7e00000,0x00000077f7f00000) (1024K)]
  0x000001ab6e78ab70 JavaThread "Timer-513"                         [_thread_blocked, id=21424, stack(0x00000077f7d00000,0x00000077f7e00000) (1024K)]
  0x000001ab6e7876f0 JavaThread "Timer-514"                         [_thread_blocked, id=24056, stack(0x00000077f7f00000,0x00000077f8000000) (1024K)]
  0x000001ab6e78c5b0 JavaThread "Timer-515"                         [_thread_blocked, id=33928, stack(0x00000077f8000000,0x00000077f8100000) (1024K)]
  0x000001ab6e78b890 JavaThread "Timer-516"                         [_thread_blocked, id=41156, stack(0x00000077f8100000,0x00000077f8200000) (1024K)]
  0x000001ab6e78bf20 JavaThread "Timer-517"                         [_thread_blocked, id=39464, stack(0x00000077f8200000,0x00000077f8300000) (1024K)]
  0x000001ab6e78e680 JavaThread "Timer-518"                         [_thread_blocked, id=28688, stack(0x00000077f8500000,0x00000077f8600000) (1024K)]
  0x000001ab6e789130 JavaThread "Timer-519"                         [_thread_blocked, id=40896, stack(0x00000077f8300000,0x00000077f8400000) (1024K)]
  0x000001ab6e78d960 JavaThread "Timer-520"                         [_thread_blocked, id=6272, stack(0x00000077f8400000,0x00000077f8500000) (1024K)]
  0x000001ab6e790750 JavaThread "Timer-521"                         [_thread_blocked, id=43816, stack(0x00000077f8800000,0x00000077f8900000) (1024K)]
  0x000001ab6e78fa30 JavaThread "Timer-522"                         [_thread_blocked, id=7036, stack(0x00000077f8a00000,0x00000077f8b00000) (1024K)]
  0x000001ab6e7900c0 JavaThread "Timer-523"                         [_thread_blocked, id=39260, stack(0x00000077f8b00000,0x00000077f8c00000) (1024K)]
  0x000001ab6e78dff0 JavaThread "Timer-524"                         [_thread_blocked, id=35656, stack(0x00000077f8d00000,0x00000077f8e00000) (1024K)]
  0x000001ab6e78d2d0 JavaThread "Timer-525"                         [_thread_blocked, id=32756, stack(0x00000077f8c00000,0x00000077f8d00000) (1024K)]
  0x000001ab6e791470 JavaThread "Timer-526"                         [_thread_blocked, id=27332, stack(0x00000077f8e00000,0x00000077f8f00000) (1024K)]
  0x000001ab6e78ed10 JavaThread "Timer-527"                         [_thread_blocked, id=27212, stack(0x00000077f9100000,0x00000077f9200000) (1024K)]
  0x000001ab6e794f80 JavaThread "Timer-528"                         [_thread_blocked, id=12104, stack(0x00000077f9400000,0x00000077f9500000) (1024K)]
  0x000001ab6e793bd0 JavaThread "Timer-529"                         [_thread_blocked, id=39144, stack(0x00000077f9300000,0x00000077f9400000) (1024K)]
  0x000001ab6e795610 JavaThread "Timer-530"                         [_thread_blocked, id=46128, stack(0x00000077f9600000,0x00000077f9700000) (1024K)]
  0x000001ab6e792eb0 JavaThread "Timer-531"                         [_thread_blocked, id=38348, stack(0x00000077f9500000,0x00000077f9600000) (1024K)]
  0x000001ab6e792820 JavaThread "Worker-14: Initialize workspace"        [_thread_blocked, id=38476, stack(0x00000077f9700000,0x00000077f9800000) (1024K)]
  0x000001ab6e796330 JavaThread "Timer-532"                         [_thread_blocked, id=46772, stack(0x00000077f9800000,0x00000077f9900000) (1024K)]
  0x000001ab6e791b00 JavaThread "Timer-533"                         [_thread_blocked, id=12012, stack(0x00000077f9000000,0x00000077f9100000) (1024K)]
  0x000001ab6e795ca0 JavaThread "Timer-534"                         [_thread_blocked, id=45148, stack(0x00000077f9900000,0x00000077f9a00000) (1024K)]
  0x000001ab6e793540 JavaThread "Timer-535"                         [_thread_blocked, id=25156, stack(0x00000077f9a00000,0x00000077f9b00000) (1024K)]
  0x000001ab6e7948f0 JavaThread "Timer-536"                         [_thread_blocked, id=44452, stack(0x00000077f9c00000,0x00000077f9d00000) (1024K)]
  0x000001ab6ed54aa0 JavaThread "Timer-537"                         [_thread_blocked, id=24408, stack(0x00000077f9b00000,0x00000077f9c00000) (1024K)]
  0x000001ab6c375790 JavaThread "Worker-15: Initialize workspace"        [_thread_blocked, id=46108, stack(0x00000077f9e00000,0x00000077f9f00000) (1024K)]
  0x000001ab6f505080 JavaThread "Worker-16: Initialize workspace"        [_thread_blocked, id=23732, stack(0x00000077f9f00000,0x00000077fa000000) (1024K)]
  0x000001ab6f502920 JavaThread "Timer-538"                         [_thread_blocked, id=22448, stack(0x00000077f9d00000,0x00000077f9e00000) (1024K)]
  0x000001ab6f5049f0 JavaThread "Timer-539"                         [_thread_blocked, id=49280, stack(0x00000077f6500000,0x00000077f6600000) (1024K)]
  0x000001ab6f503640 JavaThread "Timer-540"                         [_thread_blocked, id=36752, stack(0x00000077fa200000,0x00000077fa300000) (1024K)]
  0x000001ab6f503cd0 JavaThread "Timer-541"                         [_thread_blocked, id=11908, stack(0x00000077fa400000,0x00000077fa500000) (1024K)]
  0x000001ab6f502290 JavaThread "Timer-542"                         [_thread_blocked, id=46028, stack(0x00000077fa600000,0x00000077fa700000) (1024K)]
  0x000001ab6f506ac0 JavaThread "Timer-543"                         [_thread_blocked, id=28428, stack(0x00000077fa500000,0x00000077fa600000) (1024K)]
  0x000001ab6f509220 JavaThread "Timer-544"                         [_thread_blocked, id=33336, stack(0x00000077fa700000,0x00000077fa800000) (1024K)]
  0x000001ab6f507150 JavaThread "Timer-545"                         [_thread_blocked, id=10008, stack(0x00000077f9200000,0x00000077f9300000) (1024K)]
  0x000001ab6f5077e0 JavaThread "Timer-546"                         [_thread_blocked, id=35600, stack(0x00000077fa000000,0x00000077fa100000) (1024K)]
  0x000001ab6f504360 JavaThread "Timer-547"                         [_thread_blocked, id=30800, stack(0x00000077fa800000,0x00000077fa900000) (1024K)]
  0x000001ab6f5098b0 JavaThread "Timer-548"                         [_thread_blocked, id=42864, stack(0x00000077faa00000,0x00000077fab00000) (1024K)]
  0x000001ab6f507e70 JavaThread "Timer-549"                         [_thread_blocked, id=41360, stack(0x00000077fa900000,0x00000077faa00000) (1024K)]
  0x000001ab6f50b980 JavaThread "Timer-550"                         [_thread_blocked, id=19316, stack(0x00000077fab00000,0x00000077fac00000) (1024K)]
  0x000001ab6f502fb0 JavaThread "Timer-551"                         [_thread_blocked, id=38352, stack(0x00000077fa100000,0x00000077fa200000) (1024K)]
  0x000001ab6f509f40 JavaThread "Timer-552"                         [_thread_blocked, id=26140, stack(0x00000077fa300000,0x00000077fa400000) (1024K)]
  0x000001ab6f50a5d0 JavaThread "Timer-553"                         [_thread_blocked, id=2284, stack(0x00000077fac00000,0x00000077fad00000) (1024K)]
  0x000001ab6f50b2f0 JavaThread "Timer-554"                         [_thread_blocked, id=28820, stack(0x00000077fae00000,0x00000077faf00000) (1024K)]
  0x000001ab6f508500 JavaThread "Timer-555"                         [_thread_blocked, id=50056, stack(0x00000077fad00000,0x00000077fae00000) (1024K)]
  0x000001ab6f50ac60 JavaThread "Timer-556"                         [_thread_blocked, id=51392, stack(0x00000077faf00000,0x00000077fb000000) (1024K)]
  0x000001ab6f508b90 JavaThread "Timer-557"                         [_thread_blocked, id=30340, stack(0x00000077fb000000,0x00000077fb100000) (1024K)]
  0x000001ab6f50fb20 JavaThread "Timer-558"                         [_thread_blocked, id=50092, stack(0x00000077fb100000,0x00000077fb200000) (1024K)]
  0x000001ab6f50c6a0 JavaThread "Timer-559"                         [_thread_blocked, id=10252, stack(0x00000077fb200000,0x00000077fb300000) (1024K)]
  0x000001ab6f5101b0 JavaThread "Timer-560"                         [_thread_blocked, id=25560, stack(0x00000077fb400000,0x00000077fb500000) (1024K)]
  0x000001ab6f50e770 JavaThread "Timer-561"                         [_thread_blocked, id=42696, stack(0x00000077fb300000,0x00000077fb400000) (1024K)]
  0x000001ab6f50cd30 JavaThread "Timer-562"                         [_thread_blocked, id=38420, stack(0x00000077fb500000,0x00000077fb600000) (1024K)]
  0x000001ab6f50e0e0 JavaThread "Timer-563"                         [_thread_blocked, id=22144, stack(0x00000077fb700000,0x00000077fb800000) (1024K)]
  0x000001ab6f50ee00 JavaThread "Timer-564"                         [_thread_blocked, id=29144, stack(0x00000077fb800000,0x00000077fb900000) (1024K)]
  0x000001ab6f50c010 JavaThread "Timer-565"                         [_thread_blocked, id=15460, stack(0x00000077fb900000,0x00000077fba00000) (1024K)]
  0x000001ab6f512910 JavaThread "Timer-566"                         [_thread_blocked, id=37508, stack(0x00000077fbb00000,0x00000077fbc00000) (1024K)]
  0x000001ab6f512fa0 JavaThread "Timer-567"                         [_thread_blocked, id=47616, stack(0x00000077fba00000,0x00000077fbb00000) (1024K)]
  0x000001ab6f510ed0 JavaThread "Timer-568"                         [_thread_blocked, id=5800, stack(0x00000077fbc00000,0x00000077fbd00000) (1024K)]
  0x000001ab6f5149e0 JavaThread "Timer-569"                         [_thread_blocked, id=36648, stack(0x00000077fbf00000,0x00000077fc000000) (1024K)]
  0x000001ab6f513cc0 JavaThread "Timer-570"                         [_thread_blocked, id=38396, stack(0x00000077fc100000,0x00000077fc200000) (1024K)]
  0x000001ab6f511bf0 JavaThread "Timer-571"                         [_thread_blocked, id=51748, stack(0x00000077fc200000,0x00000077fc300000) (1024K)]
  0x000001ab6f512280 JavaThread "Timer-572"                         [_thread_blocked, id=25248, stack(0x00000077fc300000,0x00000077fc400000) (1024K)]
  0x000001ab6f511560 JavaThread "Timer-573"                         [_thread_blocked, id=37280, stack(0x00000077fc400000,0x00000077fc500000) (1024K)]
  0x000001ab6f515d90 JavaThread "Timer-574"                         [_thread_blocked, id=23800, stack(0x00000077fc500000,0x00000077fc600000) (1024K)]
  0x000001ab6f516ab0 JavaThread "Timer-575"                         [_thread_blocked, id=38416, stack(0x00000077fc900000,0x00000077fca00000) (1024K)]
  0x000001ab6f515070 JavaThread "Timer-576"                         [_thread_blocked, id=18632, stack(0x00000077fca00000,0x00000077fcb00000) (1024K)]
  0x000001ab6f517140 JavaThread "Timer-577"                         [_thread_blocked, id=46548, stack(0x00000077fcb00000,0x00000077fcc00000) (1024K)]
  0x000001ab6f518b80 JavaThread "Timer-578"                         [_thread_blocked, id=36748, stack(0x00000077fcc00000,0x00000077fcd00000) (1024K)]
  0x000001ab6f519f30 JavaThread "Timer-579"                         [_thread_blocked, id=51520, stack(0x00000077f3600000,0x00000077f3700000) (1024K)]
  0x000001ab6f519210 JavaThread "Timer-580"                         [_thread_blocked, id=44960, stack(0x00000077f6c00000,0x00000077f6d00000) (1024K)]
  0x000001ab6f51a5c0 JavaThread "Timer-581"                         [_thread_blocked, id=36512, stack(0x00000077fcf00000,0x00000077fd000000) (1024K)]
  0x000001ab6f51ac50 JavaThread "Timer-582"                         [_thread_blocked, id=16424, stack(0x00000077fd000000,0x00000077fd100000) (1024K)]
  0x000001ab6f5177d0 JavaThread "Timer-583"                         [_thread_blocked, id=44704, stack(0x00000077fd100000,0x00000077fd200000) (1024K)]
  0x000001ab6f51b970 JavaThread "Timer-584"                         [_thread_blocked, id=36372, stack(0x00000077fd200000,0x00000077fd300000) (1024K)]
  0x000001ab6f51d3b0 JavaThread "Timer-585"                         [_thread_blocked, id=44820, stack(0x00000077ed300000,0x00000077ed400000) (1024K)]
  0x000001ab6f51edf0 JavaThread "Timer-586"                         [_thread_blocked, id=23008, stack(0x00000077f5e00000,0x00000077f5f00000) (1024K)]
  0x000001ab6f514350 JavaThread "Timer-587"                         [_thread_blocked, id=19356, stack(0x00000077fbe00000,0x00000077fbf00000) (1024K)]
  0x000001ab6f515700 JavaThread "Timer-588"                         [_thread_blocked, id=34536, stack(0x00000077fc000000,0x00000077fc100000) (1024K)]
  0x000001ab6f516420 JavaThread "Timer-589"                         [_thread_blocked, id=43992, stack(0x00000077fc700000,0x00000077fc800000) (1024K)]
  0x000001ab6f513630 JavaThread "Timer-590"                         [_thread_blocked, id=35472, stack(0x00000077fcd00000,0x00000077fce00000) (1024K)]
  0x000001ab6f51b2e0 JavaThread "Timer-591"                         [_thread_blocked, id=32028, stack(0x00000077fce00000,0x00000077fcf00000) (1024K)]
  0x000001ab6f5184f0 JavaThread "Timer-592"                         [_thread_blocked, id=39124, stack(0x00000077fd300000,0x00000077fd400000) (1024K)]
  0x000001ab6f51c000 JavaThread "Timer-593"                         [_thread_blocked, id=5832, stack(0x00000077fd400000,0x00000077fd500000) (1024K)]
  0x000001ab6f51fb10 JavaThread "Timer-594"                         [_thread_blocked, id=31376, stack(0x00000077fd500000,0x00000077fd600000) (1024K)]
  0x000001ab6f51da40 JavaThread "Timer-595"                         [_thread_blocked, id=28404, stack(0x00000077fd600000,0x00000077fd700000) (1024K)]
  0x000001ab6f51f480 JavaThread "Timer-596"                         [_thread_blocked, id=10396, stack(0x00000077fd700000,0x00000077fd800000) (1024K)]
  0x000001ab6f51c690 JavaThread "Timer-597"                         [_thread_blocked, id=44856, stack(0x00000077f2600000,0x00000077f2700000) (1024K)]
  0x000001ab6f51e0d0 JavaThread "Timer-598"                         [_thread_blocked, id=15200, stack(0x00000077fd800000,0x00000077fd900000) (1024K)]
  0x000001ab6f5201a0 JavaThread "Timer-599"                         [_thread_blocked, id=31284, stack(0x00000077fda00000,0x00000077fdb00000) (1024K)]
  0x000001ab6f51e760 JavaThread "Timer-600"                         [_thread_blocked, id=38700, stack(0x00000077fdb00000,0x00000077fdc00000) (1024K)]
  0x000001ab6f51cd20 JavaThread "Timer-601"                         [_thread_blocked, id=30204, stack(0x00000077fdc00000,0x00000077fdd00000) (1024K)]
  0x000001ab6f520ec0 JavaThread "Timer-602"                         [_thread_blocked, id=31900, stack(0x00000077fdd00000,0x00000077fde00000) (1024K)]
  0x000001ab6ed4a000 JavaThread "Timer-603"                         [_thread_blocked, id=45972, stack(0x00000077fde00000,0x00000077fdf00000) (1024K)]
  0x000001ab6ed478a0 JavaThread "Timer-604"                         [_thread_blocked, id=40652, stack(0x00000077fdf00000,0x00000077fe000000) (1024K)]
  0x000001ab6ed5ad10 JavaThread "Timer-605"                         [_thread_blocked, id=51612, stack(0x00000077fe000000,0x00000077fe100000) (1024K)]
  0x000001ab6ed5ba30 JavaThread "Timer-606"                         [_thread_blocked, id=42304, stack(0x00000077fe100000,0x00000077fe200000) (1024K)]
  0x000001ab6ed5c0c0 JavaThread "Timer-607"                         [_thread_blocked, id=20112, stack(0x00000077fe200000,0x00000077fe300000) (1024K)]
  0x000001ab6ed60f80 JavaThread "Timer-608"                         [_thread_blocked, id=43504, stack(0x00000077fe400000,0x00000077fe500000) (1024K)]
  0x000001ab6e78b200 JavaThread "Timer-609"                         [_thread_blocked, id=8720, stack(0x00000077fe300000,0x00000077fe400000) (1024K)]
  0x000001ab6e78cc40 JavaThread "Timer-610"                         [_thread_blocked, id=28928, stack(0x00000077fe500000,0x00000077fe600000) (1024K)]
  0x000001ab6f50da50 JavaThread "Timer-611"                         [_thread_blocked, id=21344, stack(0x00000077fe700000,0x00000077fe800000) (1024K)]
  0x000001ab6f520830 JavaThread "Timer-612"                         [_thread_blocked, id=45296, stack(0x00000077fe800000,0x00000077fe900000) (1024K)]
  0x000001ab6ed4e830 JavaThread "Timer-613"                         [_thread_blocked, id=50148, stack(0x00000077fe900000,0x00000077fea00000) (1024K)]
  0x000001ab6c36cdc0 JavaThread "Timer-614"                         [_thread_blocked, id=28032, stack(0x00000077fea00000,0x00000077feb00000) (1024K)]
  0x000001ab70c63b10 JavaThread "Timer-615"                         [_thread_blocked, id=43944, stack(0x00000077feb00000,0x00000077fec00000) (1024K)]
  0x000001ab70c64ec0 JavaThread "Timer-616"                         [_thread_blocked, id=28260, stack(0x00000077fc600000,0x00000077fc700000) (1024K)]
  0x000001ab70c66270 JavaThread "Timer-617"                         [_thread_blocked, id=15652, stack(0x00000077fee00000,0x00000077fef00000) (1024K)]
  0x000001ab70c63480 JavaThread "Timer-618"                         [_thread_blocked, id=344, stack(0x00000077fef00000,0x00000077ff000000) (1024K)]
  0x000001ab70c66900 JavaThread "Timer-619"                         [_thread_blocked, id=48596, stack(0x00000077ff000000,0x00000077ff100000) (1024K)]
  0x000001ab70c67620 JavaThread "Timer-620"                         [_thread_blocked, id=32980, stack(0x00000077ff300000,0x00000077ff400000) (1024K)]
  0x000001ab70c6a410 JavaThread "Timer-621"                         [_thread_blocked, id=51096, stack(0x00000077f0700000,0x00000077f0800000) (1024K)]
  0x000001ab70c67cb0 JavaThread "Timer-622"                         [_thread_blocked, id=29712, stack(0x00000077f7300000,0x00000077f7400000) (1024K)]
  0x000001ab70c64830 JavaThread "Timer-623"                         [_thread_blocked, id=43788, stack(0x00000077ff100000,0x00000077ff200000) (1024K)]
  0x000001ab70c6aaa0 JavaThread "Timer-624"                         [_thread_blocked, id=41492, stack(0x00000077ff200000,0x00000077ff300000) (1024K)]
  0x000001ab70c6b7c0 JavaThread "Timer-625"                         [_thread_blocked, id=39940, stack(0x00000077ff400000,0x00000077ff500000) (1024K)]
  0x000001ab70c6b130 JavaThread "Timer-626"                         [_thread_blocked, id=37152, stack(0x00000077ff500000,0x00000077ff600000) (1024K)]
  0x000001ab70c69d80 JavaThread "Timer-627"                         [_thread_blocked, id=28996, stack(0x00000077ff600000,0x00000077ff700000) (1024K)]
  0x000001ab70c68340 JavaThread "Timer-628"                         [_thread_blocked, id=7824, stack(0x00000077ff700000,0x00000077ff800000) (1024K)]
  0x000001ab70c65550 JavaThread "Timer-629"                         [_thread_blocked, id=42456, stack(0x00000077fed00000,0x00000077fee00000) (1024K)]
  0x000001ab70c6be50 JavaThread "Timer-630"                         [_thread_blocked, id=21584, stack(0x00000077ff800000,0x00000077ff900000) (1024K)]
  0x000001ab70c6c4e0 JavaThread "Timer-631"                         [_thread_blocked, id=31940, stack(0x00000077ff900000,0x00000077ffa00000) (1024K)]
  0x000001ab70c69060 JavaThread "Timer-632"                         [_thread_blocked, id=29048, stack(0x00000077ffb00000,0x00000077ffc00000) (1024K)]
  0x000001ab70c6cb70 JavaThread "Timer-633"                         [_thread_blocked, id=17724, stack(0x00000077ffa00000,0x00000077ffb00000) (1024K)]
  0x000001ab70c696f0 JavaThread "Timer-634"                         [_thread_blocked, id=30332, stack(0x00000077ffc00000,0x00000077ffd00000) (1024K)]
  0x000001ab70c6d890 JavaThread "Timer-635"                         [_thread_blocked, id=32520, stack(0x00000077ffe00000,0x00000077fff00000) (1024K)]
  0x000001ab70c6e5b0 JavaThread "Timer-636"                         [_thread_blocked, id=32236, stack(0x00000077fff00000,0x0000007800000000) (1024K)]
  0x000001ab70c6ec40 JavaThread "Timer-637"                         [_thread_blocked, id=15364, stack(0x0000007780000000,0x0000007780100000) (1024K)]
  0x000001ab70c6f2d0 JavaThread "Timer-638"                         [_thread_blocked, id=22156, stack(0x0000007780200000,0x0000007780300000) (1024K)]
  0x000001ab70c6f960 JavaThread "Timer-639"                         [_thread_blocked, id=43872, stack(0x0000007780100000,0x0000007780200000) (1024K)]
  0x000001ab70c6fff0 JavaThread "Timer-640"                         [_thread_blocked, id=45888, stack(0x0000007780300000,0x0000007780400000) (1024K)]
  0x000001ab70c70680 JavaThread "Timer-641"                         [_thread_blocked, id=46972, stack(0x0000007780600000,0x0000007780700000) (1024K)]
  0x000001ab70c6d200 JavaThread "Timer-642"                         [_thread_blocked, id=4668, stack(0x0000007780700000,0x0000007780800000) (1024K)]
  0x000001ab70c713a0 JavaThread "Timer-643"                         [_thread_blocked, id=43948, stack(0x0000007780800000,0x0000007780900000) (1024K)]
  0x000001ab70c74190 JavaThread "Timer-644"                         [_thread_blocked, id=36856, stack(0x0000007780900000,0x0000007780a00000) (1024K)]
  0x000001ab70c73b00 JavaThread "Timer-645"                         [_thread_blocked, id=41152, stack(0x0000007780a00000,0x0000007780b00000) (1024K)]
  0x000001ab70c70d10 JavaThread "Timer-646"                         [_thread_blocked, id=48404, stack(0x0000007780b00000,0x0000007780c00000) (1024K)]
  0x000001ab70c74820 JavaThread "Timer-647"                         [_thread_blocked, id=11644, stack(0x0000007780d00000,0x0000007780e00000) (1024K)]
  0x000001ab70c74eb0 JavaThread "Timer-648"                         [_thread_blocked, id=47196, stack(0x0000007780e00000,0x0000007780f00000) (1024K)]
  0x000001ab70c72750 JavaThread "Timer-649"                         [_thread_blocked, id=40828, stack(0x0000007780f00000,0x0000007781000000) (1024K)]
  0x000001ab70c72de0 JavaThread "Timer-650"                         [_thread_blocked, id=49244, stack(0x0000007781000000,0x0000007781100000) (1024K)]
  0x000001ab70c71a30 JavaThread "Timer-651"                         [_thread_blocked, id=48416, stack(0x0000007781100000,0x0000007781200000) (1024K)]
  0x000001ab70c73470 JavaThread "Timer-652"                         [_thread_blocked, id=38852, stack(0x0000007781200000,0x0000007781300000) (1024K)]
  0x000001ab70c77610 JavaThread "Timer-653"                         [_thread_blocked, id=43664, stack(0x0000007781400000,0x0000007781500000) (1024K)]
  0x000001ab70c77ca0 JavaThread "Timer-654"                         [_thread_blocked, id=24500, stack(0x0000007781500000,0x0000007781600000) (1024K)]
  0x000001ab70c768f0 JavaThread "Timer-655"                         [_thread_blocked, id=53332, stack(0x0000007781600000,0x0000007781700000) (1024K)]
  0x000001ab70c78330 JavaThread "Timer-656"                         [_thread_blocked, id=9056, stack(0x0000007781800000,0x0000007781900000) (1024K)]
  0x000001ab70c76260 JavaThread "Timer-657"                         [_thread_blocked, id=41572, stack(0x0000007781700000,0x0000007781800000) (1024K)]
  0x000001ab70c789c0 JavaThread "Timer-658"                         [_thread_blocked, id=46856, stack(0x0000007781900000,0x0000007781a00000) (1024K)]
  0x000001ab70c75bd0 JavaThread "Timer-659"                         [_thread_blocked, id=46780, stack(0x0000007781b00000,0x0000007781c00000) (1024K)]
  0x000001ab70c796e0 JavaThread "Timer-660"                         [_thread_blocked, id=43356, stack(0x0000007781c00000,0x0000007781d00000) (1024K)]
  0x000001ab70c7b7b0 JavaThread "Timer-661"                         [_thread_blocked, id=41600, stack(0x0000007781d00000,0x0000007781e00000) (1024K)]
  0x000001ab70c79050 JavaThread "Timer-662"                         [_thread_blocked, id=24648, stack(0x0000007781f00000,0x0000007782000000) (1024K)]
  0x000001ab70c7c4d0 JavaThread "Timer-663"                         [_thread_blocked, id=26984, stack(0x0000007781e00000,0x0000007781f00000) (1024K)]
  0x000001ab70c79d70 JavaThread "Timer-664"                         [_thread_blocked, id=37664, stack(0x0000007782000000,0x0000007782100000) (1024K)]
  0x000001ab70c7b120 JavaThread "Timer-665"                         [_thread_blocked, id=19840, stack(0x0000007782200000,0x0000007782300000) (1024K)]
  0x000001ab70c7a400 JavaThread "Timer-666"                         [_thread_blocked, id=33872, stack(0x0000007782300000,0x0000007782400000) (1024K)]
  0x000001ab70c7be40 JavaThread "Timer-667"                         [_thread_blocked, id=4600, stack(0x0000007782400000,0x0000007782500000) (1024K)]
  0x000001ab70c7aa90 JavaThread "Timer-668"                         [_thread_blocked, id=1668, stack(0x0000007782600000,0x0000007782700000) (1024K)]
  0x000001ab70c641a0 JavaThread "Timer-669"                         [_thread_blocked, id=38304, stack(0x0000007782500000,0x0000007782600000) (1024K)]
  0x000001ab70c7cb60 JavaThread "Timer-670"                         [_thread_blocked, id=34556, stack(0x0000007782700000,0x0000007782800000) (1024K)]
  0x000001ab70c7f950 JavaThread "Timer-671"                         [_thread_blocked, id=49572, stack(0x0000007782900000,0x0000007782a00000) (1024K)]
  0x000001ab70c7d880 JavaThread "Timer-672"                         [_thread_blocked, id=50852, stack(0x0000007782a00000,0x0000007782b00000) (1024K)]
  0x000001ab70c7ffe0 JavaThread "Timer-673"                         [_thread_blocked, id=16848, stack(0x0000007782b00000,0x0000007782c00000) (1024K)]
  0x000001ab70c80670 JavaThread "Timer-674"                         [_thread_blocked, id=34004, stack(0x0000007782d00000,0x0000007782e00000) (1024K)]
  0x000001ab70c80d00 JavaThread "Timer-675"                         [_thread_blocked, id=41636, stack(0x0000007782c00000,0x0000007782d00000) (1024K)]
  0x000001ab70c81390 JavaThread "Timer-676"                         [_thread_blocked, id=30396, stack(0x0000007782e00000,0x0000007782f00000) (1024K)]
  0x000001ab70c81a20 JavaThread "Timer-677"                         [_thread_blocked, id=31828, stack(0x0000007783000000,0x0000007783100000) (1024K)]
  0x000001ab70c7e5a0 JavaThread "Timer-678"                         [_thread_blocked, id=50908, stack(0x0000007783100000,0x0000007783200000) (1024K)]
  0x000001ab70c820b0 JavaThread "Timer-679"                         [_thread_blocked, id=52144, stack(0x0000007783200000,0x0000007783300000) (1024K)]
  0x000001ab70c7ec30 JavaThread "Timer-680"                         [_thread_blocked, id=3364, stack(0x0000007783400000,0x0000007783500000) (1024K)]
  0x000001ab70c82740 JavaThread "Timer-681"                         [_thread_blocked, id=27364, stack(0x0000007783300000,0x0000007783400000) (1024K)]
  0x000001ab70c7f2c0 JavaThread "Timer-682"                         [_thread_blocked, id=33068, stack(0x0000007783500000,0x0000007783600000) (1024K)]
  0x000001ab70c82dd0 JavaThread "Timer-683"                         [_thread_blocked, id=26740, stack(0x0000007783700000,0x0000007783800000) (1024K)]
  0x000001ab70c86250 JavaThread "Timer-684"                         [_thread_blocked, id=49872, stack(0x0000007783800000,0x0000007783900000) (1024K)]
  0x000001ab70c868e0 JavaThread "Timer-685"                         [_thread_blocked, id=41988, stack(0x0000007783900000,0x0000007783a00000) (1024K)]
  0x000001ab70c85bc0 JavaThread "Timer-686"                         [_thread_blocked, id=35476, stack(0x0000007783b00000,0x0000007783c00000) (1024K)]
  0x000001ab70c83460 JavaThread "Timer-687"                         [_thread_blocked, id=34588, stack(0x0000007783a00000,0x0000007783b00000) (1024K)]
  0x000001ab70c86f70 JavaThread "Timer-688"                         [_thread_blocked, id=38904, stack(0x0000007783d00000,0x0000007783e00000) (1024K)]
  0x000001ab70c689d0 JavaThread "Timer-689"                         [_thread_blocked, id=47968, stack(0x0000007782f00000,0x0000007783000000) (1024K)]
  0x000001ab70c75540 JavaThread "Timer-690"                         [_thread_blocked, id=40860, stack(0x0000007783e00000,0x0000007783f00000) (1024K)]
  0x000001ab70c720c0 JavaThread "Timer-691"                         [_thread_blocked, id=34088, stack(0x0000007784000000,0x0000007784100000) (1024K)]
  0x000001ab70c84180 JavaThread "Timer-692"                         [_thread_blocked, id=3776, stack(0x0000007784200000,0x0000007784300000) (1024K)]
  0x000001ab70c87c90 JavaThread "Timer-693"                         [_thread_blocked, id=6132, stack(0x0000007780400000,0x0000007780500000) (1024K)]
  0x000001ab70c84ea0 JavaThread "Timer-694"                         [_thread_blocked, id=36240, stack(0x0000007784100000,0x0000007784200000) (1024K)]
  0x000001ab70c88320 JavaThread "Timer-695"                         [_thread_blocked, id=28304, stack(0x0000007784400000,0x0000007784500000) (1024K)]
  0x000001ab70c889b0 JavaThread "Timer-696"                         [_thread_blocked, id=30824, stack(0x0000007784500000,0x0000007784600000) (1024K)]
  0x000001ab70c89040 JavaThread "Timer-697"                         [_thread_blocked, id=43392, stack(0x0000007784800000,0x0000007784900000) (1024K)]
  0x000001ab70c4a430 JavaThread "Timer-698"                         [_thread_blocked, id=42208, stack(0x0000007784900000,0x0000007784a00000) (1024K)]
  0x000001ab70c4be70 JavaThread "Timer-699"                         [_thread_blocked, id=3936, stack(0x0000007782100000,0x0000007782200000) (1024K)]
  0x000001ab70c49da0 JavaThread "Timer-700"                         [_thread_blocked, id=38188, stack(0x0000007784a00000,0x0000007784b00000) (1024K)]
  0x000001ab70c4b150 JavaThread "Timer-701"                         [_thread_blocked, id=37328, stack(0x0000007784c00000,0x0000007784d00000) (1024K)]
  0x000001ab70c4c500 JavaThread "Timer-702"                         [_thread_blocked, id=40620, stack(0x0000007784d00000,0x0000007784e00000) (1024K)]
  0x000001ab70c49710 JavaThread "Timer-703"                         [_thread_blocked, id=40748, stack(0x0000007784e00000,0x0000007784f00000) (1024K)]
  0x000001ab70c4aac0 JavaThread "Timer-704"                         [_thread_blocked, id=37756, stack(0x0000007785000000,0x0000007785100000) (1024K)]
  0x000001ab70c4b7e0 JavaThread "Timer-705"                         [_thread_blocked, id=37320, stack(0x0000007783c00000,0x0000007783d00000) (1024K)]
  0x000001ab70c4ec60 JavaThread "Timer-706"                         [_thread_blocked, id=31272, stack(0x0000007783f00000,0x0000007784000000) (1024K)]
  0x000001ab70c4e5d0 JavaThread "Timer-707"                         [_thread_blocked, id=39752, stack(0x0000007785100000,0x0000007785200000) (1024K)]
  0x000001ab70c4df40 JavaThread "Timer-708"                         [_thread_blocked, id=44788, stack(0x0000007785200000,0x0000007785300000) (1024K)]
  0x000001ab70c4cb90 JavaThread "Timer-709"                         [_thread_blocked, id=43464, stack(0x0000007785300000,0x0000007785400000) (1024K)]
  0x000001ab70c506a0 JavaThread "Timer-710"                         [_thread_blocked, id=42128, stack(0x0000007785500000,0x0000007785600000) (1024K)]
  0x000001ab70c4f2f0 JavaThread "Timer-711"                         [_thread_blocked, id=52840, stack(0x0000007780500000,0x0000007780600000) (1024K)]
  0x000001ab70c4f980 JavaThread "Timer-712"                         [_thread_blocked, id=51812, stack(0x0000007785400000,0x0000007785500000) (1024K)]
  0x000001ab70c50d30 JavaThread "Timer-713"                         [_thread_blocked, id=39968, stack(0x0000007785700000,0x0000007785800000) (1024K)]
  0x000001ab70c4d8b0 JavaThread "Timer-714"                         [_thread_blocked, id=10924, stack(0x0000007785800000,0x0000007785900000) (1024K)]
  0x000001ab70c53490 JavaThread "Timer-715"                         [_thread_blocked, id=47120, stack(0x0000007785900000,0x0000007785a00000) (1024K)]
  0x000001ab70c53b20 JavaThread "Timer-716"                         [_thread_blocked, id=46252, stack(0x0000007785b00000,0x0000007785c00000) (1024K)]
  0x000001ab70c52e00 JavaThread "Timer-717"                         [_thread_blocked, id=22568, stack(0x0000007785a00000,0x0000007785b00000) (1024K)]
  0x000001ab70c54840 JavaThread "Timer-718"                         [_thread_blocked, id=34868, stack(0x0000007785c00000,0x0000007785d00000) (1024K)]
  0x000001ab70c513c0 JavaThread "Timer-719"                         [_thread_blocked, id=20816, stack(0x0000007785e00000,0x0000007785f00000) (1024K)]
  0x000001ab70c54ed0 JavaThread "Timer-720"                         [_thread_blocked, id=43612, stack(0x0000007785f00000,0x0000007786000000) (1024K)]
  0x000001ab70c51a50 JavaThread "Timer-721"                         [_thread_blocked, id=48480, stack(0x0000007786000000,0x0000007786100000) (1024K)]
  0x000001ab70c55560 JavaThread "Timer-722"                         [_thread_blocked, id=52100, stack(0x0000007786200000,0x0000007786300000) (1024K)]
  0x000001ab70c520e0 JavaThread "Timer-723"                         [_thread_blocked, id=49100, stack(0x0000007786100000,0x0000007786200000) (1024K)]
  0x000001ab70c55bf0 JavaThread "Timer-724"                         [_thread_blocked, id=49116, stack(0x0000007786300000,0x0000007786400000) (1024K)]
  0x000001ab70c56910 JavaThread "Timer-725"                         [_thread_blocked, id=41364, stack(0x0000007786500000,0x0000007786600000) (1024K)]
  0x000001ab70c57630 JavaThread "Timer-726"                         [_thread_blocked, id=12444, stack(0x0000007786700000,0x0000007786800000) (1024K)]
  0x000001ab70c541b0 JavaThread "Timer-727"                         [_thread_blocked, id=50868, stack(0x0000007786600000,0x0000007786700000) (1024K)]
  0x000001ab70c57cc0 JavaThread "Timer-728"                         [_thread_blocked, id=9536, stack(0x0000007786900000,0x0000007786a00000) (1024K)]
  0x000001ab70c59d90 JavaThread "Timer-729"                         [_thread_blocked, id=45272, stack(0x0000007786800000,0x0000007786900000) (1024K)]
  0x000001ab70c5a420 JavaThread "Timer-730"                         [_thread_blocked, id=23184, stack(0x0000007786a00000,0x0000007786b00000) (1024K)]
  0x000001ab70c5b7d0 JavaThread "Timer-731"                         [_thread_blocked, id=51488, stack(0x0000007786d00000,0x0000007786e00000) (1024K)]
  0x000001ab70c589e0 JavaThread "Timer-732"                         [_thread_blocked, id=26000, stack(0x0000007786f00000,0x0000007787000000) (1024K)]
  0x000001ab70c58350 JavaThread "Timer-733"                         [_thread_blocked, id=23276, stack(0x0000007787000000,0x0000007787100000) (1024K)]
  0x000001ab70c5be60 JavaThread "Timer-734"                         [_thread_blocked, id=47980, stack(0x0000007787100000,0x0000007787200000) (1024K)]
  0x000001ab70c5aab0 JavaThread "Timer-735"                         [_thread_blocked, id=38464, stack(0x0000007787200000,0x0000007787300000) (1024K)]
  0x000001ab70c5c4f0 JavaThread "Timer-736"                         [_thread_blocked, id=28108, stack(0x0000007787300000,0x0000007787400000) (1024K)]
  0x000001ab70c5d210 JavaThread "Timer-737"                         [_thread_blocked, id=34512, stack(0x0000007787600000,0x0000007787700000) (1024K)]
  0x000001ab70c5f970 JavaThread "Timer-738"                         [_thread_blocked, id=37352, stack(0x0000007787800000,0x0000007787900000) (1024K)]
  0x000001ab70c5d8a0 JavaThread "Timer-739"                         [_thread_blocked, id=26944, stack(0x0000007787900000,0x0000007787a00000) (1024K)]
  0x000001ab70c5cb80 JavaThread "Timer-740"                         [_thread_blocked, id=9844, stack(0x0000007787b00000,0x0000007787c00000) (1024K)]
  0x000001ab70c5ec50 JavaThread "Timer-741"                         [_thread_blocked, id=22960, stack(0x0000007787c00000,0x0000007787d00000) (1024K)]
  0x000001ab70c60d20 JavaThread "Timer-742"                         [_thread_blocked, id=23040, stack(0x0000007787d00000,0x0000007787e00000) (1024K)]
  0x000001ab70c56fa0 JavaThread "Timer-743"                         [_thread_blocked, id=32636, stack(0x0000007786c00000,0x0000007786d00000) (1024K)]
  0x000001ab70c5df30 JavaThread "Timer-744"                         [_thread_blocked, id=47568, stack(0x0000007787e00000,0x0000007787f00000) (1024K)]
  0x000001ab70c5e5c0 JavaThread "Timer-745"                         [_thread_blocked, id=10220, stack(0x0000007786e00000,0x0000007786f00000) (1024K)]
  0x000001ab70c5b140 JavaThread "Timer-746"                         [_thread_blocked, id=10480, stack(0x0000007788000000,0x0000007788100000) (1024K)]
  0x000001ab70c62760 JavaThread "Timer-747"                         [_thread_blocked, id=52236, stack(0x0000007787f00000,0x0000007788000000) (1024K)]
  0x000001ab70c61a40 JavaThread "Timer-748"                         [_thread_blocked, id=42880, stack(0x0000007788100000,0x0000007788200000) (1024K)]
  0x000001ab70c613b0 JavaThread "Timer-749"                         [_thread_blocked, id=17428, stack(0x0000007788200000,0x0000007788300000) (1024K)]
  0x000001ab70c620d0 JavaThread "Timer-750"                         [_thread_blocked, id=31168, stack(0x0000007788300000,0x0000007788400000) (1024K)]
  0x000001ab70c65be0 JavaThread "Timer-751"                         [_thread_blocked, id=49260, stack(0x0000007788400000,0x0000007788500000) (1024K)]
  0x000001ab70c66f90 JavaThread "Timer-752"                         [_thread_blocked, id=35284, stack(0x0000007788600000,0x0000007788700000) (1024K)]
  0x000001ab70c6df20 JavaThread "Timer-753"                         [_thread_blocked, id=10860, stack(0x0000007780c00000,0x0000007780d00000) (1024K)]
  0x000001ab70c7d1f0 JavaThread "Timer-754"                         [_thread_blocked, id=44628, stack(0x0000007781a00000,0x0000007781b00000) (1024K)]
  0x000001ab70c62df0 JavaThread "Timer-755"                         [_thread_blocked, id=5280, stack(0x0000007787500000,0x0000007787600000) (1024K)]
  0x000001ab70c60000 JavaThread "Timer-756"                         [_thread_blocked, id=46672, stack(0x0000007787700000,0x0000007787800000) (1024K)]
  0x000001ab70c7df10 JavaThread "Timer-757"                         [_thread_blocked, id=18648, stack(0x0000007788500000,0x0000007788600000) (1024K)]
  0x000001ab70c84810 JavaThread "Timer-758"                         [_thread_blocked, id=30248, stack(0x0000007788800000,0x0000007788900000) (1024K)]
  0x000001ab70c87600 JavaThread "Timer-759"                         [_thread_blocked, id=32104, stack(0x0000007784300000,0x0000007784400000) (1024K)]
  0x000001ab70c85530 JavaThread "Timer-760"                         [_thread_blocked, id=44596, stack(0x0000007788700000,0x0000007788800000) (1024K)]
  0x000001ab6e78f3a0 JavaThread "Timer-761"                         [_thread_blocked, id=11220, stack(0x0000007788a00000,0x0000007788b00000) (1024K)]
  0x000001ab6e794260 JavaThread "Timer-762"                         [_thread_blocked, id=40792, stack(0x0000007788b00000,0x0000007788c00000) (1024K)]
  0x000001ab6e790de0 JavaThread "Timer-763"                         [_thread_blocked, id=27740, stack(0x0000007788c00000,0x0000007788d00000) (1024K)]
  0x000001ab6f501c00 JavaThread "Timer-764"                         [_thread_blocked, id=22696, stack(0x0000007788d00000,0x0000007788e00000) (1024K)]
  0x000001ab6f505710 JavaThread "Timer-765"                         [_thread_blocked, id=16252, stack(0x0000007788e00000,0x0000007788f00000) (1024K)]
  0x000001ab6f505da0 JavaThread "Timer-766"                         [_thread_blocked, id=31256, stack(0x0000007788f00000,0x0000007789000000) (1024K)]
  0x000001ab6f506430 JavaThread "Timer-767"                         [_thread_blocked, id=47724, stack(0x0000007789100000,0x0000007789200000) (1024K)]
  0x000001ab6f5198a0 JavaThread "Timer-768"                         [_thread_blocked, id=4380, stack(0x0000007789200000,0x0000007789300000) (1024K)]
  0x000001ab6e787d80 JavaThread "Timer-769"                         [_thread_blocked, id=32036, stack(0x0000007789300000,0x0000007789400000) (1024K)]
  0x000001ab71105780 JavaThread "Timer-770"                         [_thread_blocked, id=42504, stack(0x0000007789600000,0x0000007789700000) (1024K)]
  0x000001ab711050f0 JavaThread "Timer-771"                         [_thread_blocked, id=48124, stack(0x0000007789400000,0x0000007789500000) (1024K)]
  0x000001ab71103020 JavaThread "Timer-772"                         [_thread_blocked, id=33084, stack(0x0000007789500000,0x0000007789600000) (1024K)]
  0x000001ab71104a60 JavaThread "Timer-773"                         [_thread_blocked, id=45496, stack(0x0000007789800000,0x0000007789900000) (1024K)]
  0x000001ab711043d0 JavaThread "Timer-774"                         [_thread_blocked, id=30560, stack(0x0000007789900000,0x0000007789a00000) (1024K)]
  0x000001ab71103d40 JavaThread "Timer-775"                         [_thread_blocked, id=34584, stack(0x0000007789a00000,0x0000007789b00000) (1024K)]
  0x000001ab71108c00 JavaThread "Timer-776"                         [_thread_blocked, id=35536, stack(0x0000007789b00000,0x0000007789c00000) (1024K)]
  0x000001ab71107850 JavaThread "Timer-777"                         [_thread_blocked, id=43432, stack(0x0000007789c00000,0x0000007789d00000) (1024K)]
  0x000001ab71107ee0 JavaThread "Timer-778"                         [_thread_blocked, id=26832, stack(0x0000007789d00000,0x0000007789e00000) (1024K)]
  0x000001ab71109290 JavaThread "Timer-779"                         [_thread_blocked, id=47700, stack(0x0000007789f00000,0x000000778a000000) (1024K)]
  0x000001ab71105e10 JavaThread "Timer-780"                         [_thread_blocked, id=53020, stack(0x000000778a000000,0x000000778a100000) (1024K)]
  0x000001ab71109920 JavaThread "Timer-781"                         [_thread_blocked, id=7332, stack(0x000000778a100000,0x000000778a200000) (1024K)]
  0x000001ab711064a0 JavaThread "Timer-782"                         [_thread_blocked, id=24548, stack(0x000000778a200000,0x000000778a300000) (1024K)]
  0x000001ab7110c080 JavaThread "Timer-783"                         [_thread_blocked, id=41044, stack(0x000000778a300000,0x000000778a400000) (1024K)]
  0x000001ab7110c710 JavaThread "Timer-784"                         [_thread_blocked, id=29996, stack(0x000000778a400000,0x000000778a500000) (1024K)]
  0x000001ab7110b360 JavaThread "Timer-785"                         [_thread_blocked, id=4292, stack(0x0000007782800000,0x0000007782900000) (1024K)]
  0x000001ab7110b9f0 JavaThread "Timer-786"                         [_thread_blocked, id=22096, stack(0x000000778a800000,0x000000778a900000) (1024K)]
  0x000001ab71108570 JavaThread "Timer-787"                         [_thread_blocked, id=51224, stack(0x000000778aa00000,0x000000778ab00000) (1024K)]
  0x000001ab7110d430 JavaThread "Timer-788"                         [_thread_blocked, id=32048, stack(0x000000778ac00000,0x000000778ad00000) (1024K)]
  0x000001ab71110220 JavaThread "Timer-789"                         [_thread_blocked, id=35380, stack(0x000000778ab00000,0x000000778ac00000) (1024K)]
  0x000001ab7110ee70 JavaThread "Timer-790"                         [_thread_blocked, id=50580, stack(0x000000778ad00000,0x000000778ae00000) (1024K)]
  0x000001ab7110fb90 JavaThread "Timer-791"                         [_thread_blocked, id=27172, stack(0x000000778af00000,0x000000778b000000) (1024K)]
  0x000001ab711108b0 JavaThread "Timer-792"                         [_thread_blocked, id=26056, stack(0x000000778b000000,0x000000778b100000) (1024K)]
  0x000001ab7110f500 JavaThread "Timer-793"                         [_thread_blocked, id=45256, stack(0x000000778b100000,0x000000778b200000) (1024K)]
  0x000001ab71110f40 JavaThread "Timer-794"                         [_thread_blocked, id=47416, stack(0x000000778b200000,0x000000778b300000) (1024K)]
  0x000001ab711115d0 JavaThread "Timer-795"                         [_thread_blocked, id=41380, stack(0x000000778b300000,0x000000778b400000) (1024K)]
  0x000001ab7110e150 JavaThread "Timer-796"                         [_thread_blocked, id=13556, stack(0x000000778b400000,0x000000778b500000) (1024K)]
  0x000001ab71106b30 JavaThread "Timer-797"                         [_thread_blocked, id=53480, stack(0x0000007789000000,0x0000007789100000) (1024K)]
  0x000001ab7110e7e0 JavaThread "Timer-798"                         [_thread_blocked, id=31128, stack(0x000000778b500000,0x000000778b600000) (1024K)]
  0x000001ab71113d30 JavaThread "Timer-799"                         [_thread_blocked, id=32484, stack(0x000000778b600000,0x000000778b700000) (1024K)]
  0x000001ab711122f0 JavaThread "Timer-800"                         [_thread_blocked, id=48532, stack(0x000000778b800000,0x000000778b900000) (1024K)]
  0x000001ab71112980 JavaThread "Timer-801"                         [_thread_blocked, id=34476, stack(0x000000778b700000,0x000000778b800000) (1024K)]
  0x000001ab711143c0 JavaThread "Timer-802"                         [_thread_blocked, id=34064, stack(0x000000778b900000,0x000000778ba00000) (1024K)]
  0x000001ab711150e0 JavaThread "Timer-803"                         [_thread_blocked, id=2364, stack(0x0000007788900000,0x0000007788a00000) (1024K)]
  0x000001ab711136a0 JavaThread "Timer-804"                         [_thread_blocked, id=35480, stack(0x000000778bb00000,0x000000778bc00000) (1024K)]
  0x000001ab71111c60 JavaThread "Timer-805"                         [_thread_blocked, id=6888, stack(0x000000778bc00000,0x000000778bd00000) (1024K)]
  0x000001ab71115770 JavaThread "Timer-806"                         [_thread_blocked, id=10080, stack(0x000000778be00000,0x000000778bf00000) (1024K)]
  0x000001ab71117ed0 JavaThread "Timer-807"                         [_thread_blocked, id=30420, stack(0x000000778bd00000,0x000000778be00000) (1024K)]
  0x000001ab71116b20 JavaThread "Timer-808"                         [_thread_blocked, id=44136, stack(0x000000778bf00000,0x000000778c000000) (1024K)]
  0x000001ab71115e00 JavaThread "Timer-809"                         [_thread_blocked, id=11812, stack(0x000000778c000000,0x000000778c100000) (1024K)]
  0x000001ab71117840 JavaThread "Timer-810"                         [_thread_blocked, id=22760, stack(0x000000778c100000,0x000000778c200000) (1024K)]
  0x000001ab711036b0 JavaThread "Timer-811"                         [_thread_blocked, id=38604, stack(0x0000007789700000,0x0000007789800000) (1024K)]
  0x000001ab71116490 JavaThread "Timer-812"                         [_thread_blocked, id=29704, stack(0x000000778c200000,0x000000778c300000) (1024K)]
  0x000001ab711171b0 JavaThread "Timer-813"                         [_thread_blocked, id=1536, stack(0x000000778c300000,0x000000778c400000) (1024K)]
  0x000001ab71118560 JavaThread "Timer-814"                         [_thread_blocked, id=8016, stack(0x000000778c400000,0x000000778c500000) (1024K)]
  0x000001ab7110acd0 JavaThread "Timer-815"                         [_thread_blocked, id=2012, stack(0x000000778a700000,0x000000778a800000) (1024K)]
  0x000001ab7110dac0 JavaThread "Timer-816"                         [_thread_blocked, id=46060, stack(0x000000778a900000,0x000000778aa00000) (1024K)]
  0x000001ab7111b9e0 JavaThread "Timer-817"                         [_thread_blocked, id=38648, stack(0x000000778c600000,0x000000778c700000) (1024K)]
  0x000001ab71118bf0 JavaThread "Timer-818"                         [_thread_blocked, id=22424, stack(0x000000778c800000,0x000000778c900000) (1024K)]
  0x000001ab71119910 JavaThread "Timer-819"                         [_thread_blocked, id=21728, stack(0x000000778c700000,0x000000778c800000) (1024K)]
  0x000001ab71119280 JavaThread "Timer-820"                         [_thread_blocked, id=9104, stack(0x000000778c900000,0x000000778ca00000) (1024K)]
  0x000001ab71119fa0 JavaThread "Timer-821"                         [_thread_blocked, id=51156, stack(0x000000778cb00000,0x000000778cc00000) (1024K)]
  0x000001ab7111cd90 JavaThread "Timer-822"                         [_thread_blocked, id=28052, stack(0x000000778cc00000,0x000000778cd00000) (1024K)]
  0x000001ab7111c700 JavaThread "Timer-823"                         [_thread_blocked, id=14836, stack(0x000000778cd00000,0x000000778ce00000) (1024K)]
  0x000001ab7111a630 JavaThread "Timer-824"                         [_thread_blocked, id=46140, stack(0x000000778cf00000,0x000000778d000000) (1024K)]
  0x000001ab7111b350 JavaThread "Timer-825"                         [_thread_blocked, id=36348, stack(0x000000778ce00000,0x000000778cf00000) (1024K)]
  0x000001ab7111fb80 JavaThread "Timer-826"                         [_thread_blocked, id=22580, stack(0x000000778d000000,0x000000778d100000) (1024K)]
  0x000001ab7111f4f0 JavaThread "Timer-827"                         [_thread_blocked, id=46676, stack(0x000000778d200000,0x000000778d300000) (1024K)]
  0x000001ab71120210 JavaThread "Timer-828"                         [_thread_blocked, id=50164, stack(0x000000778d300000,0x000000778d400000) (1024K)]
  0x000001ab711208a0 JavaThread "Timer-829"                         [_thread_blocked, id=40632, stack(0x000000778d400000,0x000000778d500000) (1024K)]
  0x000001ab7111d420 JavaThread "Timer-830"                         [_thread_blocked, id=35092, stack(0x000000778d500000,0x000000778d600000) (1024K)]
  0x000001ab71120f30 JavaThread "Timer-831"                         [_thread_blocked, id=53112, stack(0x000000778d600000,0x000000778d700000) (1024K)]
  0x000001ab7111dab0 JavaThread "Timer-832"                         [_thread_blocked, id=23408, stack(0x000000778d700000,0x000000778d800000) (1024K)]
  0x000001ab7111ee60 JavaThread "Timer-833"                         [_thread_blocked, id=49444, stack(0x000000778da00000,0x000000778db00000) (1024K)]
  0x000001ab7111e7d0 JavaThread "Timer-834"                         [_thread_blocked, id=16256, stack(0x000000778dd00000,0x000000778de00000) (1024K)]
  0x000001ab71123690 JavaThread "Timer-835"                         [_thread_blocked, id=44312, stack(0x000000778dc00000,0x000000778dd00000) (1024K)]
  0x000001ab71123d20 JavaThread "Timer-836"                         [_thread_blocked, id=8316, stack(0x000000778df00000,0x000000778e000000) (1024K)]
  0x000001ab71122970 JavaThread "Timer-837"                         [_thread_blocked, id=53988, stack(0x000000778de00000,0x000000778df00000) (1024K)]
  0x000001ab71125760 JavaThread "Timer-838"                         [_thread_blocked, id=41308, stack(0x000000778e000000,0x000000778e100000) (1024K)]
  0x000001ab711271a0 JavaThread "Timer-839"                         [_thread_blocked, id=35704, stack(0x000000778e400000,0x000000778e500000) (1024K)]
  0x000001ab71127ec0 JavaThread "Timer-840"                         [_thread_blocked, id=48288, stack(0x000000778e600000,0x000000778e700000) (1024K)]
  0x000001ab71126480 JavaThread "Timer-841"                         [_thread_blocked, id=53168, stack(0x000000778e700000,0x000000778e800000) (1024K)]
  0x000001ab71128550 JavaThread "Timer-842"                         [_thread_blocked, id=2604, stack(0x000000778e900000,0x000000778ea00000) (1024K)]
  0x000001ab71126b10 JavaThread "Timer-843"                         [_thread_blocked, id=5552, stack(0x000000778e800000,0x000000778e900000) (1024K)]
  0x000001ab71127830 JavaThread "Timer-844"                         [_thread_blocked, id=35064, stack(0x000000778ea00000,0x000000778eb00000) (1024K)]
  0x000001ab711250d0 JavaThread "Connection worker"                 [_thread_in_native, id=23052, stack(0x000000778d900000,0x000000778da00000) (1024K)]
  0x000001ab711222e0 JavaThread "Timer-845"                         [_thread_blocked, id=40504, stack(0x000000778ec00000,0x000000778ed00000) (1024K)]
  0x000001ab7112c6f0 JavaThread "Timer-846"                         [_thread_blocked, id=50788, stack(0x000000778ed00000,0x000000778ee00000) (1024K)]
  0x000001ab71129270 JavaThread "Timer-847"                         [_thread_blocked, id=23428, stack(0x000000778ee00000,0x000000778ef00000) (1024K)]
  0x000001ab7112b9d0 JavaThread "Timer-848"                         [_thread_blocked, id=30260, stack(0x000000778ef00000,0x000000778f000000) (1024K)]
  0x000001ab71129f90 JavaThread "Timer-849"                         [_thread_blocked, id=43040, stack(0x0000007786400000,0x0000007786500000) (1024K)]
  0x000001ab7112a620 JavaThread "Timer-850"                         [_thread_blocked, id=36832, stack(0x000000778f000000,0x000000778f100000) (1024K)]
  0x000001ab7112cd80 JavaThread "Timer-851"                         [_thread_blocked, id=52052, stack(0x000000778f100000,0x000000778f200000) (1024K)]
  0x000001ab71129900 JavaThread "Timer-852"                         [_thread_blocked, id=42652, stack(0x000000778f300000,0x000000778f400000) (1024K)]
  0x000001ab7112e130 JavaThread "Timer-853"                         [_thread_blocked, id=28984, stack(0x000000778f400000,0x000000778f500000) (1024K)]
  0x000001ab7112daa0 JavaThread "Timer-854"                         [_thread_blocked, id=37760, stack(0x000000778f600000,0x000000778f700000) (1024K)]
  0x000001ab7112e7c0 JavaThread "Timer-855"                         [_thread_blocked, id=53644, stack(0x000000778c500000,0x000000778c600000) (1024K)]
  0x000001ab7112d410 JavaThread "Timer-856"                         [_thread_blocked, id=53648, stack(0x000000778f500000,0x000000778f600000) (1024K)]
  0x000001ab7112f4e0 JavaThread "Timer-857"                         [_thread_blocked, id=50332, stack(0x000000778f900000,0x000000778fa00000) (1024K)]
  0x000001ab7112c060 JavaThread "Timer-858"                         [_thread_blocked, id=50296, stack(0x000000778fa00000,0x000000778fb00000) (1024K)]
  0x000001ab71131c40 JavaThread "Timer-859"                         [_thread_blocked, id=52976, stack(0x000000778fb00000,0x000000778fc00000) (1024K)]
  0x000001ab711315b0 JavaThread "Timer-860"                         [_thread_blocked, id=29052, stack(0x000000778fc00000,0x000000778fd00000) (1024K)]
  0x000001ab71130f20 JavaThread "Timer-861"                         [_thread_blocked, id=53340, stack(0x000000778ca00000,0x000000778cb00000) (1024K)]
  0x000001ab71130890 JavaThread "Timer-862"                         [_thread_blocked, id=49984, stack(0x000000778fd00000,0x000000778fe00000) (1024K)]
  0x000001ab7112ee50 JavaThread "Timer-863"                         [_thread_blocked, id=35004, stack(0x000000778ff00000,0x0000007790000000) (1024K)]
  0x000001ab71132ff0 JavaThread "Timer-864"                         [_thread_blocked, id=29572, stack(0x0000007790000000,0x0000007790100000) (1024K)]
  0x000001ab71132960 JavaThread "Timer-865"                         [_thread_blocked, id=9244, stack(0x0000007790100000,0x0000007790200000) (1024K)]
  0x000001ab71133680 JavaThread "Timer-866"                         [_thread_blocked, id=52240, stack(0x0000007790200000,0x0000007790300000) (1024K)]
  0x000001ab71130200 JavaThread "Timer-867"                         [_thread_blocked, id=39896, stack(0x0000007790300000,0x0000007790400000) (1024K)]
  0x000001ab71136b00 JavaThread "Timer-868"                         [_thread_blocked, id=26808, stack(0x0000007790400000,0x0000007790500000) (1024K)]
  0x000001ab71121c50 JavaThread "Timer-869"                         [_thread_blocked, id=53912, stack(0x000000778e500000,0x000000778e600000) (1024K)]
  0x000001ab7112acb0 JavaThread "Timer-870"                         [_thread_blocked, id=42200, stack(0x000000778fe00000,0x000000778ff00000) (1024K)]
  0x000001ab7112fb70 JavaThread "Timer-871"                         [_thread_blocked, id=31216, stack(0x000000778f200000,0x000000778f300000) (1024K)]
  0x000001ab71133d10 JavaThread "Timer-872"                         [_thread_blocked, id=34496, stack(0x0000007790600000,0x0000007790700000) (1024K)]
  0x000001ab71136470 JavaThread "Timer-873"                         [_thread_blocked, id=42648, stack(0x0000007790500000,0x0000007790600000) (1024K)]
  0x000001ab711343a0 JavaThread "Timer-874"                         [_thread_blocked, id=3692, stack(0x0000007790700000,0x0000007790800000) (1024K)]
  0x000001ab71134a30 JavaThread "Timer-875"                         [_thread_blocked, id=48752, stack(0x0000007790a00000,0x0000007790b00000) (1024K)]
  0x000001ab711350c0 JavaThread "Timer-876"                         [_thread_blocked, id=39512, stack(0x0000007790c00000,0x0000007790d00000) (1024K)]
  0x000001ab711398f0 JavaThread "Timer-877"                         [_thread_blocked, id=37276, stack(0x0000007790d00000,0x0000007790e00000) (1024K)]
  0x000001ab7113aca0 JavaThread "Timer-878"                         [_thread_blocked, id=33408, stack(0x0000007790e00000,0x0000007790f00000) (1024K)]
  0x000001ab71139f80 JavaThread "Timer-879"                         [_thread_blocked, id=4112, stack(0x0000007790f00000,0x0000007791000000) (1024K)]
  0x000001ab71139260 JavaThread "Timer-880"                         [_thread_blocked, id=52704, stack(0x0000007791000000,0x0000007791100000) (1024K)]
  0x000001ab7113b9c0 JavaThread "Timer-881"                         [_thread_blocked, id=1292, stack(0x0000007791800000,0x0000007791900000) (1024K)]
  0x000001ab71138540 JavaThread "Timer-882"                         [_thread_blocked, id=27756, stack(0x0000007791a00000,0x0000007791b00000) (1024K)]
  0x000001ab7113c050 JavaThread "Timer-883"                         [_thread_blocked, id=40268, stack(0x0000007791b00000,0x0000007791c00000) (1024K)]
  0x000001ab7113fb60 JavaThread "Timer-884"                         [_thread_blocked, id=25168, stack(0x0000007791d00000,0x0000007791e00000) (1024K)]
  0x000001ab71138bd0 JavaThread "Timer-885"                         [_thread_blocked, id=11132, stack(0x0000007791c00000,0x0000007791d00000) (1024K)]
  0x000001ab7113e120 JavaThread "Timer-886"                         [_thread_blocked, id=38236, stack(0x0000007791e00000,0x0000007791f00000) (1024K)]
  0x000001ab7113cd70 JavaThread "Timer-887"                         [_thread_blocked, id=52712, stack(0x0000007792100000,0x0000007792200000) (1024K)]
  0x000001ab71140880 JavaThread "Timer-888"                         [_thread_blocked, id=36416, stack(0x0000007792300000,0x0000007792400000) (1024K)]
  0x000001ab71141c30 JavaThread "Timer-889"                         [_thread_blocked, id=26996, stack(0x0000007792400000,0x0000007792500000) (1024K)]
  0x000001ab711401f0 JavaThread "Timer-890"                         [_thread_blocked, id=12972, stack(0x0000007792700000,0x0000007792800000) (1024K)]
  0x000001ab7113f4d0 JavaThread "Timer-891"                         [_thread_blocked, id=39600, stack(0x0000007792500000,0x0000007792600000) (1024K)]
  0x000001ab711422c0 JavaThread "Timer-892"                         [_thread_blocked, id=38076, stack(0x0000007792600000,0x0000007792700000) (1024K)]
  0x000001ab71114a50 JavaThread "Timer-893"                         [_thread_blocked, id=17840, stack(0x000000778ba00000,0x000000778bb00000) (1024K)]
  0x000001ab7111c070 JavaThread "Timer-894"                         [_thread_blocked, id=18024, stack(0x0000007792c00000,0x0000007792d00000) (1024K)]
  0x000001ab71140f10 JavaThread "Timer-895"                         [_thread_blocked, id=27560, stack(0x0000007792e00000,0x0000007792f00000) (1024K)]
  0x000001ab70c59070 JavaThread "Timer-896"                         [_thread_blocked, id=9560, stack(0x0000007793000000,0x0000007793100000) (1024K)]
  0x000001ab70c4d220 JavaThread "Timer-897"                         [_thread_blocked, id=47248, stack(0x000000778f800000,0x000000778f900000) (1024K)]
  0x000001ab70c56280 JavaThread "Timer-898"                         [_thread_blocked, id=49136, stack(0x0000007791700000,0x0000007791800000) (1024K)]
  0x000001ab71137eb0 JavaThread "Timer-899"                         [_thread_blocked, id=36944, stack(0x0000007790900000,0x0000007790a00000) (1024K)]
  0x000001ab7113b330 JavaThread "Timer-900"                         [_thread_blocked, id=6376, stack(0x0000007790b00000,0x0000007790c00000) (1024K)]
  0x000001ab7113d400 JavaThread "Timer-901"                         [_thread_blocked, id=34752, stack(0x0000007791900000,0x0000007791a00000) (1024K)]
  0x000001ab7110cda0 JavaThread "Timer-902"                         [_thread_blocked, id=45552, stack(0x0000007792f00000,0x0000007793000000) (1024K)]
  0x000001ab7110a640 JavaThread "Timer-903"                         [_thread_blocked, id=26976, stack(0x0000007784f00000,0x0000007785000000) (1024K)]
  0x000001ab711322d0 JavaThread "Timer-904"                         [_thread_blocked, id=50592, stack(0x0000007783600000,0x0000007783700000) (1024K)]
  0x000001ab7113c6e0 JavaThread "Timer-905"                         [_thread_blocked, id=2748, stack(0x0000007792000000,0x0000007792100000) (1024K)]
  0x000001ab7113da90 JavaThread "Timer-906"                         [_thread_blocked, id=25548, stack(0x0000007792200000,0x0000007792300000) (1024K)]
  0x000001ab71142950 JavaThread "Timer-907"                         [_thread_blocked, id=52508, stack(0x0000007792a00000,0x0000007792b00000) (1024K)]
  0x000001ab70c50010 JavaThread "Timer-908"                         [_thread_blocked, id=12708, stack(0x0000007792d00000,0x0000007792e00000) (1024K)]
  0x000001ab70c5f2e0 JavaThread "Timer-909"                         [_thread_blocked, id=1724, stack(0x000000778d800000,0x000000778d900000) (1024K)]
  0x000001ab70c83af0 JavaThread "Timer-910"                         [_thread_blocked, id=20748, stack(0x0000007792b00000,0x0000007792c00000) (1024K)]
  0x000001ab71135de0 JavaThread "Timer-911"                         [_thread_blocked, id=20812, stack(0x000000778a600000,0x000000778a700000) (1024K)]
  0x000001ab7111acc0 JavaThread "Timer-912"                         [_thread_blocked, id=30760, stack(0x0000007793200000,0x0000007793300000) (1024K)]
  0x000001ab6f510840 JavaThread "Timer-913"                         [_thread_blocked, id=42680, stack(0x0000007793100000,0x0000007793200000) (1024K)]
  0x000001ab6f50d3c0 JavaThread "Timer-914"                         [_thread_blocked, id=31836, stack(0x0000007793300000,0x0000007793400000) (1024K)]
  0x000001ab70c896d0 JavaThread "Timer-915"                         [_thread_blocked, id=28456, stack(0x0000007793400000,0x0000007793500000) (1024K)]
  0x000001ab6e788aa0 JavaThread "Timer-916"                         [_thread_blocked, id=48712, stack(0x0000007793500000,0x0000007793600000) (1024K)]
  0x000001ab71123000 JavaThread "Timer-917"                         [_thread_blocked, id=49484, stack(0x0000007785d00000,0x0000007785e00000) (1024K)]
  0x000001ab70c52770 JavaThread "Timer-918"                         [_thread_blocked, id=38804, stack(0x000000778db00000,0x000000778dc00000) (1024K)]
  0x000001ab77ad30a0 JavaThread "Timer-919"                         [_thread_blocked, id=40420, stack(0x0000007793600000,0x0000007793700000) (1024K)]
  0x000001ab77ad4450 JavaThread "Timer-920"                         [_thread_blocked, id=25820, stack(0x0000007793800000,0x0000007793900000) (1024K)]
  0x000001ab77ad4ae0 JavaThread "Timer-921"                         [_thread_blocked, id=53904, stack(0x0000007787400000,0x0000007787500000) (1024K)]
  0x000001ab77ad3730 JavaThread "Timer-922"                         [_thread_blocked, id=34952, stack(0x0000007793700000,0x0000007793800000) (1024K)]
  0x000001ab77ad7f60 JavaThread "Timer-923"                         [_thread_blocked, id=10488, stack(0x0000007793c00000,0x0000007793d00000) (1024K)]
  0x000001ab77ad6520 JavaThread "Timer-924"                         [_thread_blocked, id=41120, stack(0x0000007793e00000,0x0000007793f00000) (1024K)]
  0x000001ab77ad6bb0 JavaThread "Timer-925"                         [_thread_blocked, id=11848, stack(0x0000007793d00000,0x0000007793e00000) (1024K)]
  0x000001ab77ad8c80 JavaThread "Timer-926"                         [_thread_blocked, id=3176, stack(0x0000007794000000,0x0000007794100000) (1024K)]
  0x000001ab77ad85f0 JavaThread "Timer-927"                         [_thread_blocked, id=26244, stack(0x0000007793f00000,0x0000007794000000) (1024K)]
  0x000001ab77ad5800 JavaThread "Timer-928"                         [_thread_blocked, id=30336, stack(0x0000007794100000,0x0000007794200000) (1024K)]
  0x000001ab77ada6c0 JavaThread "Timer-929"                         [_thread_blocked, id=25884, stack(0x0000007794300000,0x0000007794400000) (1024K)]
  0x000001ab77adad50 JavaThread "Timer-930"                         [_thread_blocked, id=21632, stack(0x0000007794400000,0x0000007794500000) (1024K)]
  0x000001ab77adc100 JavaThread "Timer-931"                         [_thread_blocked, id=20716, stack(0x0000007794500000,0x0000007794600000) (1024K)]
  0x000001ab77adb3e0 JavaThread "Timer-932"                         [_thread_blocked, id=30496, stack(0x0000007794600000,0x0000007794700000) (1024K)]
  0x000001ab77ad9310 JavaThread "Timer-933"                         [_thread_blocked, id=26708, stack(0x0000007794700000,0x0000007794800000) (1024K)]
  0x000001ab77adba70 JavaThread "Timer-934"                         [_thread_blocked, id=48488, stack(0x0000007794800000,0x0000007794900000) (1024K)]
  0x000001ab77ad99a0 JavaThread "Timer-935"                         [_thread_blocked, id=18240, stack(0x0000007785600000,0x0000007785700000) (1024K)]
  0x000001ab77ad7240 JavaThread "Timer-936"                         [_thread_blocked, id=38344, stack(0x0000007794900000,0x0000007794a00000) (1024K)]
  0x000001ab77adce20 JavaThread "Timer-937"                         [_thread_blocked, id=28608, stack(0x0000007794a00000,0x0000007794b00000) (1024K)]
  0x000001ab77ada030 JavaThread "Timer-938"                         [_thread_blocked, id=45708, stack(0x0000007794f00000,0x0000007795000000) (1024K)]
  0x000001ab77add4b0 JavaThread "Timer-939"                         [_thread_blocked, id=53304, stack(0x0000007794b00000,0x0000007794c00000) (1024K)]
  0x000001ab77ae02a0 JavaThread "Timer-940"                         [_thread_blocked, id=38256, stack(0x0000007794e00000,0x0000007794f00000) (1024K)]
  0x000001ab77adc790 JavaThread "Timer-941"                         [_thread_blocked, id=45592, stack(0x0000007795000000,0x0000007795100000) (1024K)]
  0x000001ab77adfc10 JavaThread "Timer-942"                         [_thread_blocked, id=47848, stack(0x0000007795200000,0x0000007795300000) (1024K)]
  0x000001ab77ae0930 JavaThread "Timer-943"                         [_thread_blocked, id=36852, stack(0x0000007795100000,0x0000007795200000) (1024K)]
  0x000001ab77adf580 JavaThread "Timer-944"                         [_thread_blocked, id=52268, stack(0x0000007795400000,0x0000007795500000) (1024K)]
  0x000001ab77ae1ce0 JavaThread "Timer-945"                         [_thread_blocked, id=28372, stack(0x0000007795300000,0x0000007795400000) (1024K)]
  0x000001ab77adeef0 JavaThread "Timer-946"                         [_thread_blocked, id=23604, stack(0x0000007795500000,0x0000007795600000) (1024K)]
  0x000001ab77ade1d0 JavaThread "Timer-947"                         [_thread_blocked, id=24764, stack(0x0000007795700000,0x0000007795800000) (1024K)]
  0x000001ab77ade860 JavaThread "Timer-948"                         [_thread_blocked, id=45532, stack(0x0000007795800000,0x0000007795900000) (1024K)]
  0x000001ab77ae2370 JavaThread "Timer-949"                         [_thread_blocked, id=32000, stack(0x0000007795900000,0x0000007795a00000) (1024K)]
  0x000001ab77ae2a00 JavaThread "Timer-950"                         [_thread_blocked, id=45064, stack(0x0000007795b00000,0x0000007795c00000) (1024K)]
  0x000001ab77ae4ad0 JavaThread "Timer-951"                         [_thread_blocked, id=34964, stack(0x0000007795a00000,0x0000007795b00000) (1024K)]
  0x000001ab77ae5160 JavaThread "Timer-952"                         [_thread_blocked, id=11860, stack(0x0000007795c00000,0x0000007795d00000) (1024K)]
  0x000001ab77ae57f0 JavaThread "Timer-953"                         [_thread_blocked, id=38868, stack(0x0000007795e00000,0x0000007795f00000) (1024K)]
  0x000001ab77ae3720 JavaThread "Timer-954"                         [_thread_blocked, id=22132, stack(0x0000007795f00000,0x0000007796000000) (1024K)]
  0x000001ab77ae6510 JavaThread "Timer-955"                         [_thread_blocked, id=53064, stack(0x0000007796000000,0x0000007796100000) (1024K)]
  0x000001ab77ae5e80 JavaThread "Timer-956"                         [_thread_blocked, id=53196, stack(0x0000007796200000,0x0000007796300000) (1024K)]
  0x000001ab77ae3db0 JavaThread "Timer-957"                         [_thread_blocked, id=38108, stack(0x0000007796100000,0x0000007796200000) (1024K)]
  0x000001ab77ae3090 JavaThread "Timer-958"                         [_thread_blocked, id=43076, stack(0x0000007796300000,0x0000007796400000) (1024K)]
  0x000001ab77ae6ba0 JavaThread "Timer-959"                         [_thread_blocked, id=32976, stack(0x0000007796600000,0x0000007796700000) (1024K)]
  0x000001ab77aea020 JavaThread "Timer-960"                         [_thread_blocked, id=35904, stack(0x0000007796900000,0x0000007796a00000) (1024K)]
  0x000001ab77aea6b0 JavaThread "Timer-961"                         [_thread_blocked, id=42792, stack(0x0000007796800000,0x0000007796900000) (1024K)]
  0x000001ab77ae7f50 JavaThread "Timer-962"                         [_thread_blocked, id=34600, stack(0x0000007796a00000,0x0000007796b00000) (1024K)]
  0x000001ab77ae85e0 JavaThread "Timer-963"                         [_thread_blocked, id=22484, stack(0x0000007796b00000,0x0000007796c00000) (1024K)]
  0x000001ab77ae7230 JavaThread "Timer-964"                         [_thread_blocked, id=50020, stack(0x0000007796c00000,0x0000007796d00000) (1024K)]
  0x000001ab77aeb3d0 JavaThread "Timer-965"                         [_thread_blocked, id=9992, stack(0x0000007796f00000,0x0000007797000000) (1024K)]
  0x000001ab77aec0f0 JavaThread "Timer-966"                         [_thread_blocked, id=51192, stack(0x0000007797200000,0x0000007797300000) (1024K)]
  0x000001ab77aec780 JavaThread "Timer-967"                         [_thread_blocked, id=25724, stack(0x0000007797100000,0x0000007797200000) (1024K)]
  0x000001ab77aef570 JavaThread "Timer-968"                         [_thread_blocked, id=44976, stack(0x0000007797400000,0x0000007797500000) (1024K)]
  0x000001ab77aece10 JavaThread "Timer-969"                         [_thread_blocked, id=53796, stack(0x0000007797300000,0x0000007797400000) (1024K)]
  0x000001ab77aee850 JavaThread "Timer-970"                         [_thread_blocked, id=29264, stack(0x0000007797500000,0x0000007797600000) (1024K)]
  0x000001ab77ae9300 JavaThread "Timer-971"                         [_thread_blocked, id=51848, stack(0x0000007796500000,0x0000007796600000) (1024K)]
  0x000001ab77aeeee0 JavaThread "Timer-972"                         [_thread_blocked, id=42684, stack(0x0000007797800000,0x0000007797900000) (1024K)]
  0x000001ab77af0290 JavaThread "Timer-973"                         [_thread_blocked, id=5728, stack(0x0000007797900000,0x0000007797a00000) (1024K)]
  0x000001ab77af0920 JavaThread "Timer-974"                         [_thread_blocked, id=34380, stack(0x0000007797b00000,0x0000007797c00000) (1024K)]
  0x000001ab77aed4a0 JavaThread "Timer-975"                         [_thread_blocked, id=44604, stack(0x0000007797a00000,0x0000007797b00000) (1024K)]
  0x000001ab77af0fb0 JavaThread "Timer-976"                         [_thread_blocked, id=47652, stack(0x0000007797c00000,0x0000007797d00000) (1024K)]
  0x000001ab77aedb30 JavaThread "Connection worker"                 [_thread_in_native, id=33828, stack(0x0000007791300000,0x0000007791400000) (1024K)]
  0x000001ab77aee1c0 JavaThread "Timer-977"                         [_thread_blocked, id=21924, stack(0x0000007791500000,0x0000007791600000) (1024K)]
  0x000001ab77af2360 JavaThread "Timer-978"                         [_thread_blocked, id=35228, stack(0x0000007791600000,0x0000007791700000) (1024K)]
  0x000001ab77af3da0 JavaThread "Timer-979"                         [_thread_blocked, id=44496, stack(0x0000007797000000,0x0000007797100000) (1024K)]
  0x000001ab77af4430 JavaThread "Timer-980"                         [_thread_blocked, id=7612, stack(0x0000007797e00000,0x0000007797f00000) (1024K)]
  0x000001ab77af1cd0 JavaThread "Timer-981"                         [_thread_blocked, id=46556, stack(0x0000007797d00000,0x0000007797e00000) (1024K)]
  0x000001ab77af4ac0 JavaThread "Timer-982"                         [_thread_blocked, id=27724, stack(0x0000007797f00000,0x0000007798000000) (1024K)]
  0x000001ab77af29f0 JavaThread "Connection worker"                 [_thread_in_native, id=10476, stack(0x0000007791400000,0x0000007791500000) (1024K)]
  0x000001ab77addb40 JavaThread "Timer-983"                         [_thread_blocked, id=50328, stack(0x0000007793900000,0x0000007793a00000) (1024K)]
  0x000001ab77aeba60 JavaThread "Timer-984"                         [_thread_blocked, id=29152, stack(0x0000007798200000,0x0000007798300000) (1024K)]
  0x000001ab77af6b90 JavaThread "Timer-985"                         [_thread_blocked, id=24860, stack(0x0000007798300000,0x0000007798400000) (1024K)]
  0x000001ab77af7220 JavaThread "Timer-986"                         [_thread_blocked, id=34664, stack(0x0000007798500000,0x0000007798600000) (1024K)]
  0x000001ab77af78b0 JavaThread "Timer-987"                         [_thread_blocked, id=51604, stack(0x0000007798400000,0x0000007798500000) (1024K)]
  0x000001ab77af5e70 JavaThread "Timer-988"                         [_thread_blocked, id=47132, stack(0x0000007798600000,0x0000007798700000) (1024K)]
  0x000001ab77ad5170 JavaThread "Timer-989"                         [_thread_blocked, id=54024, stack(0x0000007789e00000,0x0000007789f00000) (1024K)]
  0x000001ab77ae78c0 JavaThread "Timer-990"                         [_thread_blocked, id=26268, stack(0x0000007797600000,0x0000007797700000) (1024K)]
  0x000001ab77ae4440 JavaThread "Timer-991"                         [_thread_blocked, id=49112, stack(0x0000007798000000,0x0000007798100000) (1024K)]
  0x000001ab77af6500 JavaThread "Timer-992"                         [_thread_blocked, id=31668, stack(0x0000007798700000,0x0000007798800000) (1024K)]
  0x000001ab77af3710 JavaThread "Timer-993"                         [_thread_blocked, id=22920, stack(0x0000007798100000,0x0000007798200000) (1024K)]
  0x000001ab77af85d0 JavaThread "Timer-994"                         [_thread_blocked, id=23764, stack(0x0000007798800000,0x0000007798900000) (1024K)]
  0x000001ab77af7f40 JavaThread "Timer-995"                         [_thread_blocked, id=41188, stack(0x0000007798a00000,0x0000007798b00000) (1024K)]
  0x000001ab77af8c60 JavaThread "Timer-996"                         [_thread_blocked, id=25768, stack(0x0000007798b00000,0x0000007798c00000) (1024K)]
  0x000001ab77af57e0 JavaThread "Timer-997"                         [_thread_blocked, id=20856, stack(0x0000007798c00000,0x0000007798d00000) (1024K)]
  0x000001ab77afa010 JavaThread "Timer-998"                         [_thread_blocked, id=42060, stack(0x0000007798e00000,0x0000007798f00000) (1024K)]
  0x000001ab77afad30 JavaThread "Timer-999"                         [_thread_blocked, id=32692, stack(0x0000007781300000,0x0000007781400000) (1024K)]
  0x000001ab77af92f0 JavaThread "Timer-1000"                        [_thread_blocked, id=24232, stack(0x0000007793a00000,0x0000007793b00000) (1024K)]
  0x000001ab77ad3dc0 JavaThread "Timer-1001"                        [_thread_blocked, id=52348, stack(0x0000007796700000,0x0000007796800000) (1024K)]
  0x000001ab77ae9990 JavaThread "Timer-1002"                        [_thread_blocked, id=38456, stack(0x0000007798f00000,0x0000007799000000) (1024K)]
  0x000001ab77af3080 JavaThread "Timer-1003"                        [_thread_blocked, id=32804, stack(0x0000007795600000,0x0000007795700000) (1024K)]
  0x000001ab77aefc00 JavaThread "Timer-1004"                        [_thread_blocked, id=53632, stack(0x0000007799000000,0x0000007799100000) (1024K)]
  0x000001ab77afc0e0 JavaThread "Timer-1005"                        [_thread_blocked, id=45144, stack(0x0000007797700000,0x0000007797800000) (1024K)]
  0x000001ab77afb3c0 JavaThread "Timer-1006"                        [_thread_blocked, id=36940, stack(0x0000007799100000,0x0000007799200000) (1024K)]
  0x000001ab77ad5e90 JavaThread "Timer-1007"                        [_thread_blocked, id=41400, stack(0x0000007794200000,0x0000007794300000) (1024K)]
  0x000001ab77ae0fc0 JavaThread "Timer-1008"                        [_thread_blocked, id=34908, stack(0x0000007799300000,0x0000007799400000) (1024K)]
  0x000001ab77afba50 JavaThread "Timer-1009"                        [_thread_blocked, id=46832, stack(0x0000007799400000,0x0000007799500000) (1024K)]
  0x000001ab77af9980 JavaThread "Timer-1010"                        [_thread_blocked, id=53008, stack(0x0000007799500000,0x0000007799600000) (1024K)]
  0x000001ab77afd490 JavaThread "Timer-1011"                        [_thread_blocked, id=53468, stack(0x0000007799600000,0x0000007799700000) (1024K)]
  0x000001ab77afdb20 JavaThread "Timer-1012"                        [_thread_blocked, id=48464, stack(0x0000007799700000,0x0000007799800000) (1024K)]
  0x000001ab77afeed0 JavaThread "Timer-1013"                        [_thread_blocked, id=43196, stack(0x0000007799800000,0x0000007799900000) (1024K)]
  0x000001ab77affbf0 JavaThread "Timer-1014"                        [_thread_blocked, id=1176, stack(0x0000007799900000,0x0000007799a00000) (1024K)]
  0x000001ab77afe840 JavaThread "Timer-1015"                        [_thread_blocked, id=21480, stack(0x0000007799a00000,0x0000007799b00000) (1024K)]
  0x000001ab77b00280 JavaThread "Timer-1016"                        [_thread_blocked, id=51948, stack(0x0000007799c00000,0x0000007799d00000) (1024K)]
  0x000001ab77aff560 JavaThread "Timer-1017"                        [_thread_blocked, id=47840, stack(0x0000007799b00000,0x0000007799c00000) (1024K)]
  0x000001ab77afce00 JavaThread "Timer-1018"                        [_thread_blocked, id=39392, stack(0x0000007799d00000,0x0000007799e00000) (1024K)]
  0x000001ab77b01630 JavaThread "Timer-1019"                        [_thread_blocked, id=41840, stack(0x0000007799f00000,0x000000779a000000) (1024K)]
  0x000001ab77afe1b0 JavaThread "Timer-1020"                        [_thread_blocked, id=41064, stack(0x000000779a000000,0x000000779a100000) (1024K)]
  0x000001ab77b04ab0 JavaThread "Timer-1021"                        [_thread_blocked, id=30968, stack(0x000000779a100000,0x000000779a200000) (1024K)]
  0x000001ab77b05140 JavaThread "Timer-1022"                        [_thread_blocked, id=34304, stack(0x000000779a300000,0x000000779a400000) (1024K)]
  0x000001ab77b029e0 JavaThread "Timer-1023"                        [_thread_blocked, id=51524, stack(0x000000779a200000,0x000000779a300000) (1024K)]
  0x000001ab77b01cc0 JavaThread "Timer-1024"                        [_thread_blocked, id=48212, stack(0x000000779a400000,0x000000779a500000) (1024K)]
  0x000001ab77b03700 JavaThread "Timer-1025"                        [_thread_blocked, id=43184, stack(0x000000779a500000,0x000000779a600000) (1024K)]
  0x000001ab77b03d90 JavaThread "Timer-1026"                        [_thread_blocked, id=35768, stack(0x000000779a600000,0x000000779a700000) (1024K)]
  0x000001ab77b04420 JavaThread "Timer-1027"                        [_thread_blocked, id=42368, stack(0x000000779a700000,0x000000779a800000) (1024K)]
  0x000001ab77b057d0 JavaThread "Timer-1028"                        [_thread_blocked, id=25460, stack(0x000000779a900000,0x000000779aa00000) (1024K)]
  0x000001ab77b00fa0 JavaThread "Timer-1029"                        [_thread_blocked, id=28444, stack(0x000000779a800000,0x000000779a900000) (1024K)]
  0x000001ab77b05e60 JavaThread "Timer-1030"                        [_thread_blocked, id=26112, stack(0x000000779aa00000,0x000000779ab00000) (1024K)]
  0x000001ab77b07210 JavaThread "Timer-1031"                        [_thread_blocked, id=37424, stack(0x000000779ad00000,0x000000779ae00000) (1024K)]
  0x000001ab77b08c50 JavaThread "Timer-1032"                        [_thread_blocked, id=23212, stack(0x000000779af00000,0x000000779b000000) (1024K)]
  0x000001ab77b0a000 JavaThread "Timer-1033"                        [_thread_blocked, id=39712, stack(0x000000779b000000,0x000000779b100000) (1024K)]
  0x000001ab77b078a0 JavaThread "Timer-1034"                        [_thread_blocked, id=1816, stack(0x000000779b200000,0x000000779b300000) (1024K)]
  0x000001ab77b092e0 JavaThread "Timer-1035"                        [_thread_blocked, id=32200, stack(0x000000779b100000,0x000000779b200000) (1024K)]
  0x000001ab77b0a690 JavaThread "Timer-1036"                        [_thread_blocked, id=48524, stack(0x000000779b300000,0x000000779b400000) (1024K)]
  0x000001ab77b0ad20 JavaThread "Timer-1037"                        [_thread_blocked, id=36468, stack(0x000000779b500000,0x000000779b600000) (1024K)]
  0x000001ab77b0b3b0 JavaThread "Timer-1038"                        [_thread_blocked, id=41664, stack(0x000000779b700000,0x000000779b800000) (1024K)]
  0x000001ab77b0ba40 JavaThread "Timer-1039"                        [_thread_blocked, id=47268, stack(0x000000779b800000,0x000000779b900000) (1024K)]
  0x000001ab77b0e1a0 JavaThread "Timer-1040"                        [_thread_blocked, id=26656, stack(0x000000779ba00000,0x000000779bb00000) (1024K)]
  0x000001ab77b085c0 JavaThread "Timer-1041"                        [_thread_blocked, id=40640, stack(0x000000779b900000,0x000000779ba00000) (1024K)]
  0x000001ab77b07f30 JavaThread "Timer-1042"                        [_thread_blocked, id=37268, stack(0x000000779ac00000,0x000000779ad00000) (1024K)]
  0x000001ab77af5150 JavaThread "Timer-1043"                        [_thread_blocked, id=18976, stack(0x000000778f700000,0x000000778f800000) (1024K)]
  0x000001ab77afa6a0 JavaThread "Timer-1044"                        [_thread_blocked, id=39000, stack(0x0000007798900000,0x0000007798a00000) (1024K)]
  0x000001ab77b06b80 JavaThread "Timer-1045"                        [_thread_blocked, id=33588, stack(0x000000779b400000,0x000000779b500000) (1024K)]
  0x000001ab77b0cdf0 JavaThread "Timer-1046"                        [_thread_blocked, id=47472, stack(0x000000779bb00000,0x000000779bc00000) (1024K)]
  0x000001ab77b09970 JavaThread "Timer-1047"                        [_thread_blocked, id=40024, stack(0x000000779bc00000,0x000000779bd00000) (1024K)]
  0x000001ab77b0fbe0 JavaThread "Timer-1048"                        [_thread_blocked, id=13360, stack(0x000000779b600000,0x000000779b700000) (1024K)]
  0x000001ab77b0d480 JavaThread "Timer-1049"                        [_thread_blocked, id=33520, stack(0x000000779be00000,0x000000779bf00000) (1024K)]
  0x000001ab77b10270 JavaThread "Timer-1050"                        [_thread_blocked, id=42420, stack(0x000000779bf00000,0x000000779c000000) (1024K)]
  0x000001ab77b10f90 JavaThread "Timer-1051"                        [_thread_blocked, id=26756, stack(0x000000779c000000,0x000000779c100000) (1024K)]
  0x000001ab77b0db10 JavaThread "Timer-1052"                        [_thread_blocked, id=27544, stack(0x000000779c200000,0x000000779c300000) (1024K)]
  0x000001ab77b11620 JavaThread "Timer-1053"                        [_thread_blocked, id=18504, stack(0x000000779c100000,0x000000779c200000) (1024K)]
  0x000001ab77b10900 JavaThread "Timer-1054"                        [_thread_blocked, id=24088, stack(0x000000779c300000,0x000000779c400000) (1024K)]
  0x000001ab77b0e830 JavaThread "Timer-1055"                        [_thread_blocked, id=23812, stack(0x000000779c500000,0x000000779c600000) (1024K)]
  0x000001ab77b12340 JavaThread "Timer-1056"                        [_thread_blocked, id=30024, stack(0x000000779c600000,0x000000779c700000) (1024K)]
  0x000001ab77b0eec0 JavaThread "Timer-1057"                        [_thread_blocked, id=38644, stack(0x000000779c700000,0x000000779c800000) (1024K)]
  0x000001ab77b129d0 JavaThread "Timer-1058"                        [_thread_blocked, id=32648, stack(0x000000779c900000,0x000000779ca00000) (1024K)]
  0x000001ab77b136f0 JavaThread "Timer-1059"                        [_thread_blocked, id=19876, stack(0x000000779c800000,0x000000779c900000) (1024K)]
  0x000001ab77b13060 JavaThread "Timer-1060"                        [_thread_blocked, id=27056, stack(0x000000779ca00000,0x000000779cb00000) (1024K)]
  0x000001ab71137190 JavaThread "Timer-1061"                        [_thread_blocked, id=40956, stack(0x000000779cb00000,0x000000779cc00000) (1024K)]
  0x000001ab71109fb0 JavaThread "Timer-1062"                        [_thread_blocked, id=52308, stack(0x000000779cc00000,0x000000779cd00000) (1024K)]
  0x000001ab77b11cb0 JavaThread "Timer-1063"                        [_thread_blocked, id=10224, stack(0x000000779cd00000,0x000000779ce00000) (1024K)]
  0x000001ab77ad78d0 JavaThread "Timer-1064"                        [_thread_blocked, id=22764, stack(0x000000779cf00000,0x000000779d000000) (1024K)]
  0x000001ab70c59700 JavaThread "Timer-1065"                        [_thread_blocked, id=33160, stack(0x000000779ce00000,0x000000779cf00000) (1024K)]
  0x000001ab70c76f80 JavaThread "Timer-1066"                        [_thread_blocked, id=43616, stack(0x000000779d000000,0x000000779d100000) (1024K)]
  0x000001ab793cc540 JavaThread "Timer-1067"                        [_thread_blocked, id=34692, stack(0x000000779d300000,0x000000779d400000) (1024K)]
  0x000001ab793cbeb0 JavaThread "Timer-1068"                        [_thread_blocked, id=48924, stack(0x000000779d500000,0x000000779d600000) (1024K)]
  0x000001ab793ccbd0 JavaThread "Timer-1069"                        [_thread_blocked, id=44120, stack(0x000000779d600000,0x000000779d700000) (1024K)]
  0x000001ab793cb190 JavaThread "Timer-1070"                        [_thread_blocked, id=17628, stack(0x000000779d800000,0x000000779d900000) (1024K)]
  0x000001ab793cd8f0 JavaThread "Timer-1071"                        [_thread_blocked, id=35728, stack(0x000000779d700000,0x000000779d800000) (1024K)]
  0x000001ab793ca470 JavaThread "Timer-1072"                        [_thread_blocked, id=24916, stack(0x000000779d900000,0x000000779da00000) (1024K)]
  0x000001ab793d06e0 JavaThread "Timer-1073"                        [_thread_blocked, id=33172, stack(0x000000779db00000,0x000000779dc00000) (1024K)]
  0x000001ab793d0050 JavaThread "Timer-1074"                        [_thread_blocked, id=33188, stack(0x000000779dd00000,0x000000779de00000) (1024K)]
  0x000001ab793cf330 JavaThread "Timer-1075"                        [_thread_blocked, id=39292, stack(0x000000779bd00000,0x000000779be00000) (1024K)]
  0x000001ab793cf9c0 JavaThread "Timer-1076"                        [_thread_blocked, id=47660, stack(0x000000779dc00000,0x000000779dd00000) (1024K)]
  0x000001ab793d0d70 JavaThread "Timer-1077"                        [_thread_blocked, id=27656, stack(0x000000779de00000,0x000000779df00000) (1024K)]
  0x000001ab793d1400 JavaThread "Timer-1078"                        [_thread_blocked, id=52660, stack(0x000000779df00000,0x000000779e000000) (1024K)]
  0x000001ab793ce610 JavaThread "Timer-1079"                        [_thread_blocked, id=41132, stack(0x000000779e100000,0x000000779e200000) (1024K)]
  0x000001ab793ceca0 JavaThread "Timer-1080"                        [_thread_blocked, id=31028, stack(0x000000779e300000,0x000000779e400000) (1024K)]
  0x000001ab793d34d0 JavaThread "Timer-1081"                        [_thread_blocked, id=28224, stack(0x000000779e200000,0x000000779e300000) (1024K)]
  0x000001ab793d2e40 JavaThread "Timer-1082"                        [_thread_blocked, id=49760, stack(0x000000779e500000,0x000000779e600000) (1024K)]
  0x000001ab793d2120 JavaThread "Timer-1083"                        [_thread_blocked, id=46500, stack(0x0000007796e00000,0x0000007796f00000) (1024K)]
  0x000001ab793d4880 JavaThread "Timer-1084"                        [_thread_blocked, id=23252, stack(0x000000779e400000,0x000000779e500000) (1024K)]
  0x000001ab793d4f10 JavaThread "Timer-1085"                        [_thread_blocked, id=52604, stack(0x000000779e700000,0x000000779e800000) (1024K)]
  0x000001ab793d1a90 JavaThread "Timer-1086"                        [_thread_blocked, id=36924, stack(0x000000779e800000,0x000000779e900000) (1024K)]
  0x000001ab793d55a0 JavaThread "Timer-1087"                        [_thread_blocked, id=47016, stack(0x000000779e900000,0x000000779ea00000) (1024K)]
  0x000001ab793d5c30 JavaThread "Timer-1088"                        [_thread_blocked, id=37464, stack(0x000000779eb00000,0x000000779ec00000) (1024K)]
  0x000001ab793d27b0 JavaThread "Timer-1089"                        [_thread_blocked, id=52368, stack(0x000000779ea00000,0x000000779eb00000) (1024K)]
  0x000001ab793d6950 JavaThread "Timer-1090"                        [_thread_blocked, id=46380, stack(0x000000779ec00000,0x000000779ed00000) (1024K)]
  0x000001ab793d62c0 JavaThread "Connection worker"                 [_thread_in_native, id=28168, stack(0x000000779e600000,0x000000779e700000) (1024K)]
  0x000001ab793cb820 JavaThread "Timer-1091"                        [_thread_blocked, id=28632, stack(0x000000779d200000,0x000000779d300000) (1024K)]
  0x000001ab793d9740 JavaThread "Timer-1092"                        [_thread_blocked, id=50500, stack(0x000000779d400000,0x000000779d500000) (1024K)]
  0x000001ab793d7670 JavaThread "Timer-1093"                        [_thread_blocked, id=48080, stack(0x000000779f000000,0x000000779f100000) (1024K)]
  0x000001ab793d8a20 JavaThread "Timer-1094"                        [_thread_blocked, id=48812, stack(0x000000779f200000,0x000000779f300000) (1024K)]
  0x000001ab793db180 JavaThread "Timer-1095"                        [_thread_blocked, id=46868, stack(0x000000779f100000,0x000000779f200000) (1024K)]
  0x000001ab793d7d00 JavaThread "Timer-1096"                        [_thread_blocked, id=34704, stack(0x000000779f300000,0x000000779f400000) (1024K)]
  0x000001ab793d90b0 JavaThread "Timer-1097"                        [_thread_blocked, id=9484, stack(0x000000779ed00000,0x000000779ee00000) (1024K)]
  0x000001ab793d6fe0 JavaThread "Timer-1098"                        [_thread_blocked, id=25176, stack(0x000000779f600000,0x000000779f700000) (1024K)]
  0x000001ab793dd250 JavaThread "Timer-1099"                        [_thread_blocked, id=29540, stack(0x000000779f700000,0x000000779f800000) (1024K)]
  0x000001ab793daaf0 JavaThread "Timer-1100"                        [_thread_blocked, id=20776, stack(0x000000779fa00000,0x000000779fb00000) (1024K)]
  0x000001ab793dd8e0 JavaThread "Worker-29: Initialize workspace"        [_thread_blocked, id=40788, stack(0x000000779fd00000,0x000000779fe00000) (1024K)]
  0x000001ab793cdf80 JavaThread "Timer-1101"                        [_thread_blocked, id=46748, stack(0x000000778d100000,0x000000778d200000) (1024K)]
  0x000001ab793dc530 JavaThread "Timer-1102"                        [_thread_blocked, id=41804, stack(0x000000779f800000,0x000000779f900000) (1024K)]
  0x000001ab793db810 JavaThread "Timer-1103"                        [_thread_blocked, id=33624, stack(0x000000779f500000,0x000000779f600000) (1024K)]
  0x000001ab793da460 JavaThread "Timer-1104"                        [_thread_blocked, id=27908, stack(0x000000779f900000,0x000000779fa00000) (1024K)]
  0x000001ab793dec90 JavaThread "Timer-1105"                        [_thread_blocked, id=24176, stack(0x000000779fb00000,0x000000779fc00000) (1024K)]
  0x000001ab793de600 JavaThread "Timer-1106"                        [_thread_blocked, id=33940, stack(0x000000779ff00000,0x00000077a0000000) (1024K)]
  0x000001ab793df320 JavaThread "Timer-1107"                        [_thread_blocked, id=38940, stack(0x000000779fe00000,0x000000779ff00000) (1024K)]
  0x000001ab793ddf70 JavaThread "Timer-1108"                        [_thread_blocked, id=33656, stack(0x00000077a0000000,0x00000077a0100000) (1024K)]
  0x000001ab793e27a0 JavaThread "Timer-1109"                        [_thread_blocked, id=46356, stack(0x00000077a0400000,0x00000077a0500000) (1024K)]
  0x000001ab793e1a80 JavaThread "Timer-1110"                        [_thread_blocked, id=36768, stack(0x00000077a0600000,0x00000077a0700000) (1024K)]
  0x000001ab793e0d60 JavaThread "Timer-1111"                        [_thread_blocked, id=36400, stack(0x00000077a0500000,0x00000077a0600000) (1024K)]
  0x000001ab793df9b0 JavaThread "Timer-1112"                        [_thread_blocked, id=48016, stack(0x00000077a0800000,0x00000077a0900000) (1024K)]
  0x000001ab793e13f0 JavaThread "Timer-1113"                        [_thread_blocked, id=33968, stack(0x00000077a0700000,0x00000077a0800000) (1024K)]
  0x000001ab793e3b50 JavaThread "Timer-1114"                        [_thread_blocked, id=35412, stack(0x00000077a0900000,0x00000077a0a00000) (1024K)]
  0x000001ab793e34c0 JavaThread "Timer-1115"                        [_thread_blocked, id=25936, stack(0x00000077a0d00000,0x00000077a0e00000) (1024K)]
  0x000001ab793e6940 JavaThread "Timer-1116"                        [_thread_blocked, id=38152, stack(0x00000077a0f00000,0x00000077a1000000) (1024K)]
  0x000001ab793e62b0 JavaThread "Timer-1117"                        [_thread_blocked, id=41980, stack(0x00000077a1000000,0x00000077a1100000) (1024K)]
  0x000001ab793e5590 JavaThread "Timer-1118"                        [_thread_blocked, id=52864, stack(0x00000077a1200000,0x00000077a1300000) (1024K)]
  0x000001ab793e7cf0 JavaThread "Worker-31: Initialize workspace"        [_thread_blocked, id=38280, stack(0x00000077a1400000,0x00000077a1500000) (1024K)]
  0x000001ab793e6fd0 JavaThread "Timer-1119"                        [_thread_blocked, id=14012, stack(0x00000077a1100000,0x00000077a1200000) (1024K)]
  0x000001ab793e5c20 JavaThread "Timer-1120"                        [_thread_blocked, id=20604, stack(0x00000077a1300000,0x00000077a1400000) (1024K)]
  0x000001ab793e2e30 JavaThread "Timer-1121"                        [_thread_blocked, id=31796, stack(0x00000077a0c00000,0x00000077a0d00000) (1024K)]
  0x000001ab793e4870 JavaThread "Timer-1122"                        [_thread_blocked, id=30536, stack(0x00000077a1500000,0x00000077a1600000) (1024K)]
  0x000001ab793e8380 JavaThread "Timer-1123"                        [_thread_blocked, id=41692, stack(0x00000077a0e00000,0x00000077a0f00000) (1024K)]
  0x000001ab793e4f00 JavaThread "Timer-1124"                        [_thread_blocked, id=28352, stack(0x00000077a1700000,0x00000077a1800000) (1024K)]
  0x000001ab793e8a10 JavaThread "Timer-1125"                        [_thread_blocked, id=31244, stack(0x00000077a1600000,0x00000077a1700000) (1024K)]
  0x000001ab793e90a0 JavaThread "Timer-1126"                        [_thread_blocked, id=26576, stack(0x00000077a1800000,0x00000077a1900000) (1024K)]
  0x000001ab793e9dc0 JavaThread "Timer-1127"                        [_thread_blocked, id=39624, stack(0x0000007791200000,0x0000007791300000) (1024K)]
  0x000001ab793eaae0 JavaThread "Timer-1128"                        [_thread_blocked, id=46928, stack(0x00000077a1a00000,0x00000077a1b00000) (1024K)]
  0x000001ab793ea450 JavaThread "Timer-1129"                        [_thread_blocked, id=41872, stack(0x00000077a1b00000,0x00000077a1c00000) (1024K)]
  0x000001ab793edf60 JavaThread "Timer-1130"                        [_thread_blocked, id=43764, stack(0x00000077a1d00000,0x00000077a1e00000) (1024K)]
  0x000001ab793e7660 JavaThread "Timer-1131"                        [_thread_blocked, id=21776, stack(0x00000077a1c00000,0x00000077a1d00000) (1024K)]
  0x000001ab793ee5f0 JavaThread "Timer-1132"                        [_thread_blocked, id=39268, stack(0x00000077a1e00000,0x00000077a1f00000) (1024K)]
  0x000001ab793ed8d0 JavaThread "Worker-32: Initialize workspace"        [_thread_blocked, id=49084, stack(0x00000077a2100000,0x00000077a2200000) (1024K)]
  0x000001ab793eec80 JavaThread "Timer-1133"                        [_thread_blocked, id=46496, stack(0x00000077a2000000,0x00000077a2100000) (1024K)]
  0x000001ab793ed240 JavaThread "Timer-1134"                        [_thread_blocked, id=22612, stack(0x00000077a2200000,0x00000077a2300000) (1024K)]
  0x000001ab793eb800 JavaThread "Timer-1135"                        [_thread_blocked, id=25580, stack(0x00000077a2300000,0x00000077a2400000) (1024K)]
  0x000001ab793ef310 JavaThread "Timer-1136"                        [_thread_blocked, id=10264, stack(0x00000077a2500000,0x00000077a2600000) (1024K)]
  0x000001ab793ebe90 JavaThread "Timer-1137"                        [_thread_blocked, id=32412, stack(0x00000077a2400000,0x00000077a2500000) (1024K)]
  0x000001ab793ef9a0 JavaThread "Timer-1138"                        [_thread_blocked, id=47240, stack(0x00000077a2600000,0x00000077a2700000) (1024K)]
  0x000001ab793f0030 JavaThread "Timer-1139"                        [_thread_blocked, id=27076, stack(0x00000077a2900000,0x00000077a2a00000) (1024K)]
  0x000001ab793b34f0 JavaThread "Timer-1140"                        [_thread_blocked, id=29460, stack(0x00000077a2b00000,0x00000077a2c00000) (1024K)]
  0x000001ab793b1420 JavaThread "Timer-1141"                        [_thread_blocked, id=38880, stack(0x00000077a2c00000,0x00000077a2d00000) (1024K)]
  0x000001ab793b2140 JavaThread "Timer-1142"                        [_thread_blocked, id=17140, stack(0x00000077a2e00000,0x00000077a2f00000) (1024K)]
  0x000001ab793b0700 JavaThread "Timer-1143"                        [_thread_blocked, id=45348, stack(0x000000779ab00000,0x000000779ac00000) (1024K)]
  0x000001ab793b1ab0 JavaThread "Timer-1144"                        [_thread_blocked, id=41800, stack(0x00000077a2d00000,0x00000077a2e00000) (1024K)]
  0x000001ab793ecbb0 JavaThread "Connection worker"                 [_thread_in_native, id=1648, stack(0x00000077a2700000,0x00000077a2800000) (1024K)]
  0x000001ab793e06d0 JavaThread "Timer-1145"                        [_thread_blocked, id=44480, stack(0x00000077a0300000,0x00000077a0400000) (1024K)]
  0x000001ab793e41e0 JavaThread "Timer-1146"                        [_thread_blocked, id=24704, stack(0x00000077a0a00000,0x00000077a0b00000) (1024K)]
  0x000001ab793e9730 JavaThread "Timer-1147"                        [_thread_blocked, id=41536, stack(0x00000077a2800000,0x00000077a2900000) (1024K)]
  0x000001ab793f06c0 JavaThread "Timer-1148"                        [_thread_blocked, id=16692, stack(0x00000077a2a00000,0x00000077a2b00000) (1024K)]
  0x000001ab793b2e60 JavaThread "Timer-1149"                        [_thread_blocked, id=16008, stack(0x00000077a3000000,0x00000077a3100000) (1024K)]
  0x000001ab793b0070 JavaThread "Timer-1150"                        [_thread_blocked, id=35236, stack(0x00000077a3100000,0x00000077a3200000) (1024K)]
  0x000001ab793b0d90 JavaThread "Worker-33: Initialize workspace"        [_thread_blocked, id=4728, stack(0x00000077a3400000,0x00000077a3500000) (1024K)]
  0x000001ab793b5c50 JavaThread "Connection worker"                 [_thread_in_native, id=49324, stack(0x00000077a2f00000,0x00000077a3000000) (1024K)]
  0x000001ab793b27d0 JavaThread "Timer-1151"                        [_thread_blocked, id=19640, stack(0x00000077a3500000,0x00000077a3600000) (1024K)]
  0x000001ab793b4f30 JavaThread "Timer-1152"                        [_thread_blocked, id=6452, stack(0x00000077a3800000,0x00000077a3900000) (1024K)]
  0x000001ab793b62e0 JavaThread "Timer-1153"                        [_thread_blocked, id=49516, stack(0x00000077a3700000,0x00000077a3800000) (1024K)]
  0x000001ab793b7690 JavaThread "Timer-1154"                        [_thread_blocked, id=52400, stack(0x00000077a3a00000,0x00000077a3b00000) (1024K)]
  0x000001ab793b9df0 JavaThread "Timer-1155"                        [_thread_blocked, id=30884, stack(0x00000077a3900000,0x00000077a3a00000) (1024K)]
  0x000001ab793b7d20 JavaThread "Timer-1156"                        [_thread_blocked, id=43232, stack(0x00000077a3b00000,0x00000077a3c00000) (1024K)]
  0x000001ab793b3b80 JavaThread "Timer-1157"                        [_thread_blocked, id=30852, stack(0x000000778e300000,0x000000778e400000) (1024K)]
  0x000001ab793ba480 JavaThread "Timer-1158"                        [_thread_blocked, id=39560, stack(0x00000077a3e00000,0x00000077a3f00000) (1024K)]
  0x000001ab793bab10 JavaThread "Timer-1159"                        [_thread_blocked, id=46180, stack(0x00000077a3f00000,0x00000077a4000000) (1024K)]
  0x000001ab793b83b0 JavaThread "Timer-1160"                        [_thread_blocked, id=31252, stack(0x00000077a4100000,0x00000077a4200000) (1024K)]
  0x000001ab793b4210 JavaThread "Timer-1161"                        [_thread_blocked, id=50492, stack(0x00000077a3300000,0x00000077a3400000) (1024K)]
  0x000001ab793b48a0 JavaThread "Timer-1162"                        [_thread_blocked, id=36728, stack(0x00000077a3600000,0x00000077a3700000) (1024K)]
  0x000001ab793b8a40 JavaThread "Timer-1163"                        [_thread_blocked, id=2572, stack(0x00000077a4300000,0x00000077a4400000) (1024K)]
  0x000001ab793b9760 JavaThread "Timer-1164"                        [_thread_blocked, id=41948, stack(0x00000077a4500000,0x00000077a4600000) (1024K)]
  0x000001ab793bdf90 JavaThread "Timer-1165"                        [_thread_blocked, id=51664, stack(0x00000077a4600000,0x00000077a4700000) (1024K)]
  0x000001ab793be620 JavaThread "Timer-1166"                        [_thread_blocked, id=41556, stack(0x00000077a4800000,0x00000077a4900000) (1024K)]
  0x000001ab793becb0 JavaThread "Timer-1167"                        [_thread_blocked, id=28824, stack(0x00000077a4700000,0x00000077a4800000) (1024K)]
  0x000001ab793bc550 JavaThread "Timer-1168"                        [_thread_blocked, id=12160, stack(0x00000077a4900000,0x00000077a4a00000) (1024K)]
  0x000001ab793bf340 JavaThread "Timer-1169"                        [_thread_blocked, id=41076, stack(0x00000077a4b00000,0x00000077a4c00000) (1024K)]
  0x000001ab793c0060 JavaThread "Timer-1170"                        [_thread_blocked, id=3068, stack(0x00000077a5100000,0x00000077a5200000) (1024K)]
  0x000001ab793c06f0 JavaThread "Timer-1171"                        [_thread_blocked, id=52672, stack(0x00000077a5000000,0x00000077a5100000) (1024K)]
  0x000001ab793bd270 JavaThread "Timer-1172"                        [_thread_blocked, id=34856, stack(0x00000077a5300000,0x00000077a5400000) (1024K)]
  0x000001ab793c2e50 JavaThread "Timer-1173"                        [_thread_blocked, id=42440, stack(0x00000077a5200000,0x00000077a5300000) (1024K)]
  0x000001ab793c1aa0 JavaThread "Timer-1174"                        [_thread_blocked, id=16268, stack(0x00000077a5400000,0x00000077a5500000) (1024K)]
  0x000001ab793c0d80 JavaThread "Timer-1175"                        [_thread_blocked, id=35072, stack(0x00000077a1900000,0x00000077a1a00000) (1024K)]
  0x000001ab793bd900 JavaThread "Timer-1176"                        [_thread_blocked, id=44036, stack(0x00000077a4200000,0x00000077a4300000) (1024K)]
  0x000001ab793c2130 JavaThread "Timer-1177"                        [_thread_blocked, id=51268, stack(0x00000077a4400000,0x00000077a4500000) (1024K)]
  0x000001ab793c34e0 JavaThread "Timer-1178"                        [_thread_blocked, id=2532, stack(0x00000077a4a00000,0x00000077a4b00000) (1024K)]
  0x000001ab793bb1a0 JavaThread "Timer-1179"                        [_thread_blocked, id=27396, stack(0x0000007790800000,0x0000007790900000) (1024K)]
  0x000001ab793bb830 JavaThread "Timer-1180"                        [_thread_blocked, id=32336, stack(0x00000077a4d00000,0x00000077a4e00000) (1024K)]
  0x000001ab793c3b70 JavaThread "Timer-1181"                        [_thread_blocked, id=34820, stack(0x00000077a5600000,0x00000077a5700000) (1024K)]
  0x000001ab793c4890 JavaThread "Timer-1182"                        [_thread_blocked, id=50960, stack(0x00000077a5700000,0x00000077a5800000) (1024K)]
  0x000001ab793c1410 JavaThread "Timer-1183"                        [_thread_blocked, id=35964, stack(0x00000077a5800000,0x00000077a5900000) (1024K)]
  0x000001ab793c4f20 JavaThread "Timer-1184"                        [_thread_blocked, id=44688, stack(0x00000077a5a00000,0x00000077a5b00000) (1024K)]
  0x000001ab793c5c40 JavaThread "Timer-1185"                        [_thread_blocked, id=36460, stack(0x00000077a5900000,0x00000077a5a00000) (1024K)]
  0x000001ab793c55b0 JavaThread "Timer-1186"                        [_thread_blocked, id=3408, stack(0x00000077a5b00000,0x00000077a5c00000) (1024K)]
  0x000001ab793c62d0 JavaThread "Timer-1187"                        [_thread_blocked, id=47564, stack(0x00000077a5d00000,0x00000077a5e00000) (1024K)]
  0x000001ab793c6ff0 JavaThread "Timer-1188"                        [_thread_blocked, id=24756, stack(0x00000077a5e00000,0x00000077a5f00000) (1024K)]
  0x000001ab793c7680 JavaThread "Timer-1189"                        [_thread_blocked, id=23056, stack(0x00000077a5f00000,0x00000077a6000000) (1024K)]
  0x000001ab793c9750 JavaThread "Timer-1190"                        [_thread_blocked, id=33004, stack(0x00000077a6100000,0x00000077a6200000) (1024K)]
  0x000001ab793c4200 JavaThread "Timer-1191"                        [_thread_blocked, id=49076, stack(0x00000077a6000000,0x00000077a6100000) (1024K)]
  0x000001ab793c7d10 JavaThread "Timer-1192"                        [_thread_blocked, id=52612, stack(0x00000077a6200000,0x00000077a6300000) (1024K)]
  0x000001ab793c9de0 JavaThread "Connection worker"                 [_thread_in_native, id=41912, stack(0x00000077a5c00000,0x00000077a5d00000) (1024K)]
  0x000001ab793c83a0 JavaThread "Timer-1193"                        [_thread_blocked, id=11692, stack(0x00000077a6400000,0x00000077a6500000) (1024K)]
  0x000001ab793c8a30 JavaThread "Timer-1194"                        [_thread_blocked, id=33028, stack(0x00000077a6500000,0x00000077a6600000) (1024K)]
  0x000001ab793c90c0 JavaThread "Timer-1195"                        [_thread_blocked, id=38024, stack(0x00000077a6600000,0x00000077a6700000) (1024K)]
  0x000001ab793eb170 JavaThread "Timer-1196"                        [_thread_blocked, id=52040, stack(0x00000077a6800000,0x00000077a6900000) (1024K)]
  0x000001ab77af1640 JavaThread "Timer-1197"                        [_thread_blocked, id=29872, stack(0x00000077a6700000,0x00000077a6800000) (1024K)]
  0x000001ab77afc770 JavaThread "Timer-1198"                        [_thread_blocked, id=30380, stack(0x00000077a6900000,0x00000077a6a00000) (1024K)]
  0x000001ab77ae1650 JavaThread "Worker-36: Initialize workspace"        [_thread_blocked, id=49952, stack(0x00000077a6c00000,0x00000077a6d00000) (1024K)]
  0x000001ab711215c0 JavaThread "Timer-1199"                        [_thread_blocked, id=44804, stack(0x00000077a6d00000,0x00000077a6e00000) (1024K)]
  0x000001ab71135750 JavaThread "Timer-1200"                        [_thread_blocked, id=44728, stack(0x00000077a7000000,0x00000077a7100000) (1024K)]
  0x000001ab71137820 JavaThread "Timer-1201"                        [_thread_blocked, id=21980, stack(0x00000077a6f00000,0x00000077a7000000) (1024K)]
  0x000001ab793c6960 JavaThread "Timer-1202"                        [_thread_blocked, id=21844, stack(0x00000077a7200000,0x00000077a7300000) (1024K)]
  0x000001ab7aef34d0 JavaThread "Timer-1203"                        [_thread_blocked, id=45236, stack(0x00000077a7100000,0x00000077a7200000) (1024K)]
  0x000001ab7aef4880 JavaThread "Timer-1204"                        [_thread_blocked, id=49496, stack(0x00000077a7300000,0x00000077a7400000) (1024K)]
  0x000001ab7aef5c30 JavaThread "Timer-1205"                        [_thread_blocked, id=53548, stack(0x00000077a7700000,0x00000077a7800000) (1024K)]
  0x000001ab7aef7670 JavaThread "Timer-1206"                        [_thread_blocked, id=23924, stack(0x00000077a7a00000,0x00000077a7b00000) (1024K)]
  0x000001ab7aef41f0 JavaThread "Timer-1207"                        [_thread_blocked, id=29360, stack(0x00000077a7900000,0x00000077a7a00000) (1024K)]
  0x000001ab7aef6950 JavaThread "Timer-1208"                        [_thread_blocked, id=27368, stack(0x00000077a7c00000,0x00000077a7d00000) (1024K)]
  0x000001ab7aef9dd0 JavaThread "Timer-1209"                        [_thread_blocked, id=31820, stack(0x00000077a7b00000,0x00000077a7c00000) (1024K)]
  0x000001ab7aef8390 JavaThread "Timer-1210"                        [_thread_blocked, id=28524, stack(0x00000077a7d00000,0x00000077a7e00000) (1024K)]
  0x000001ab7aef90b0 JavaThread "Timer-1211"                        [_thread_blocked, id=29672, stack(0x00000077a7e00000,0x00000077a7f00000) (1024K)]
  0x000001ab7aefa460 JavaThread "Timer-1212"                        [_thread_blocked, id=53776, stack(0x00000077a8100000,0x00000077a8200000) (1024K)]
  0x000001ab7aefaaf0 JavaThread "Timer-1213"                        [_thread_blocked, id=8672, stack(0x00000077a8200000,0x00000077a8300000) (1024K)]
  0x000001ab7aefb180 JavaThread "Timer-1214"                        [_thread_blocked, id=25004, stack(0x00000077a8400000,0x00000077a8500000) (1024K)]
  0x000001ab7aef9740 JavaThread "Worker-39: Initialize workspace"        [_thread_blocked, id=46348, stack(0x00000077a8600000,0x00000077a8700000) (1024K)]
  0x000001ab7aefdf70 JavaThread "Timer-1215"                        [_thread_blocked, id=39524, stack(0x00000077a8300000,0x00000077a8400000) (1024K)]
  0x000001ab7aefe600 JavaThread "Timer-1216"                        [_thread_blocked, id=36140, stack(0x00000077a8500000,0x00000077a8600000) (1024K)]
  0x000001ab7aef55a0 JavaThread "Connection worker"                 [_thread_in_native, id=8596, stack(0x00000077a6e00000,0x00000077a6f00000) (1024K)]
  0x000001ab7aefd250 JavaThread "Timer-1217"                        [_thread_blocked, id=40292, stack(0x0000007784b00000,0x0000007784c00000) (1024K)]
  0x000001ab7aefcbc0 JavaThread "Timer-1218"                        [_thread_blocked, id=39040, stack(0x00000077a8700000,0x00000077a8800000) (1024K)]
  0x000001ab7aefec90 JavaThread "Timer-1219"                        [_thread_blocked, id=50184, stack(0x00000077a8900000,0x00000077a8a00000) (1024K)]
  0x000001ab7aefb810 JavaThread "Timer-1220"                        [_thread_blocked, id=39720, stack(0x00000077a8b00000,0x00000077a8c00000) (1024K)]
  0x000001ab7af02110 JavaThread "Timer-1221"                        [_thread_blocked, id=34168, stack(0x00000077a8a00000,0x00000077a8b00000) (1024K)]
  0x000001ab7af006d0 JavaThread "Timer-1222"                        [_thread_blocked, id=42796, stack(0x00000077a8c00000,0x00000077a8d00000) (1024K)]
  0x000001ab7aef62c0 JavaThread "Connection worker"                 [_thread_in_native, id=29748, stack(0x00000077a3200000,0x00000077a3300000) (1024K)]
  0x000001ab7aeff320 JavaThread "Timer-1223"                        [_thread_blocked, id=19944, stack(0x00000077a8d00000,0x00000077a8e00000) (1024K)]
  0x000001ab7aefc530 JavaThread "Timer-1224"                        [_thread_blocked, id=37032, stack(0x00000077a7500000,0x00000077a7600000) (1024K)]
  0x000001ab7aefbea0 JavaThread "Timer-1225"                        [_thread_blocked, id=33472, stack(0x00000077a8000000,0x00000077a8100000) (1024K)]
  0x000001ab7af00d60 JavaThread "Timer-1226"                        [_thread_blocked, id=49140, stack(0x00000077a8f00000,0x00000077a9000000) (1024K)]
  0x000001ab7af02e30 JavaThread "Timer-1227"                        [_thread_blocked, id=12192, stack(0x00000077a8e00000,0x00000077a8f00000) (1024K)]
  0x000001ab7aeff9b0 JavaThread "Timer-1228"                        [_thread_blocked, id=26516, stack(0x00000077a9000000,0x00000077a9100000) (1024K)]
  0x000001ab7aefd8e0 JavaThread "Timer-1229"                        [_thread_blocked, id=27900, stack(0x00000077a8800000,0x00000077a8900000) (1024K)]
  0x000001ab7af04870 JavaThread "Timer-1230"                        [_thread_blocked, id=51276, stack(0x00000077a9100000,0x00000077a9200000) (1024K)]
  0x000001ab7af034c0 JavaThread "Timer-1231"                        [_thread_blocked, id=44436, stack(0x00000077a9200000,0x00000077a9300000) (1024K)]
  0x000001ab7af027a0 JavaThread "Timer-1232"                        [_thread_blocked, id=40056, stack(0x00000077a9300000,0x00000077a9400000) (1024K)]
  0x000001ab7af03b50 JavaThread "Timer-1233"                        [_thread_blocked, id=35188, stack(0x00000077a9400000,0x00000077a9500000) (1024K)]
  0x000001ab7af041e0 JavaThread "Timer-1234"                        [_thread_blocked, id=8548, stack(0x00000077a9500000,0x00000077a9600000) (1024K)]
  0x000001ab7af013f0 JavaThread "Connection worker"                 [_thread_in_native, id=39284, stack(0x00000077a7800000,0x00000077a7900000) (1024K)]
  0x000001ab7af05c20 JavaThread "Timer-1235"                        [_thread_blocked, id=47152, stack(0x00000077a9800000,0x00000077a9900000) (1024K)]
  0x000001ab7af06940 JavaThread "Timer-1236"                        [_thread_blocked, id=46240, stack(0x00000077a9b00000,0x00000077a9c00000) (1024K)]
  0x000001ab7af05590 JavaThread "Timer-1237"                        [_thread_blocked, id=49480, stack(0x00000077a9a00000,0x00000077a9b00000) (1024K)]
  0x000001ab7af062b0 JavaThread "Timer-1238"                        [_thread_blocked, id=46124, stack(0x00000077a9d00000,0x00000077a9e00000) (1024K)]
  0x000001ab7af04f00 JavaThread "Worker-40: Initialize workspace"        [_thread_blocked, id=28008, stack(0x00000077a9f00000,0x00000077aa000000) (1024K)]
  0x000001ab7af08a10 JavaThread "Timer-1239"                        [_thread_blocked, id=36596, stack(0x00000077a9e00000,0x00000077a9f00000) (1024K)]
  0x000001ab7af09730 JavaThread "Timer-1240"                        [_thread_blocked, id=48536, stack(0x00000077a9c00000,0x00000077a9d00000) (1024K)]
  0x000001ab7af090a0 JavaThread "Timer-1241"                        [_thread_blocked, id=28024, stack(0x0000007799200000,0x0000007799300000) (1024K)]
  0x000001ab7af07660 JavaThread "Timer-1242"                        [_thread_blocked, id=42236, stack(0x00000077aa400000,0x00000077aa500000) (1024K)]
  0x000001ab7af09dc0 JavaThread "Timer-1243"                        [_thread_blocked, id=26036, stack(0x00000077aa200000,0x00000077aa300000) (1024K)]
  0x000001ab7af0b170 JavaThread "Timer-1244"                        [_thread_blocked, id=45864, stack(0x00000077aa600000,0x00000077aa700000) (1024K)]
  0x000001ab7af07cf0 JavaThread "Timer-1245"                        [_thread_blocked, id=13004, stack(0x00000077a9900000,0x00000077a9a00000) (1024K)]
  0x000001ab7af08380 JavaThread "Timer-1246"                        [_thread_blocked, id=54060, stack(0x000000779f400000,0x000000779f500000) (1024K)]
  0x000001ab7af0a450 JavaThread "Connection worker"                 [_thread_in_native, id=45052, stack(0x0000007793b00000,0x0000007793c00000) (1024K)]
  0x000001ab7af0b800 JavaThread "Timer-1247"                        [_thread_blocked, id=42168, stack(0x00000077aa100000,0x00000077aa200000) (1024K)]
  0x000001ab7af0aae0 JavaThread "Timer-1248"                        [_thread_blocked, id=36920, stack(0x00000077aa500000,0x00000077aa600000) (1024K)]
  0x000001ab7af0be90 JavaThread "Timer-1249"                        [_thread_blocked, id=51752, stack(0x00000077aa300000,0x00000077aa400000) (1024K)]
  0x000001ab7af0c520 JavaThread "Timer-1250"                        [_thread_blocked, id=52288, stack(0x00000077aa800000,0x00000077aa900000) (1024K)]
  0x000001ab7af0cbb0 JavaThread "Timer-1251"                        [_thread_blocked, id=28648, stack(0x00000077aa700000,0x00000077aa800000) (1024K)]
  0x000001ab7af0d240 JavaThread "Timer-1252"                        [_thread_blocked, id=24512, stack(0x00000077aa900000,0x00000077aaa00000) (1024K)]
  0x000001ab7af0ec80 JavaThread "Timer-1253"                        [_thread_blocked, id=33840, stack(0x00000077aab00000,0x00000077aac00000) (1024K)]
  0x000001ab7af0f310 JavaThread "Timer-1254"                        [_thread_blocked, id=16240, stack(0x00000077aac00000,0x00000077aad00000) (1024K)]
  0x000001ab7af0f9a0 JavaThread "Timer-1255"                        [_thread_blocked, id=39152, stack(0x00000077aad00000,0x00000077aae00000) (1024K)]
  0x000001ab7af0df60 JavaThread "Timer-1256"                        [_thread_blocked, id=51776, stack(0x00000077aaf00000,0x00000077ab000000) (1024K)]
  0x000001ab7af10030 JavaThread "Timer-1257"                        [_thread_blocked, id=3328, stack(0x00000077aae00000,0x00000077aaf00000) (1024K)]
  0x000001ab7af106c0 JavaThread "Timer-1258"                        [_thread_blocked, id=20916, stack(0x00000077ab000000,0x00000077ab100000) (1024K)]
  0x000001ab7af11a70 JavaThread "Timer-1259"                        [_thread_blocked, id=22516, stack(0x00000077ab300000,0x00000077ab400000) (1024K)]
  0x000001ab7af0e5f0 JavaThread "Timer-1260"                        [_thread_blocked, id=38468, stack(0x00000077ab400000,0x00000077ab500000) (1024K)]
  0x000001ab7af12790 JavaThread "Timer-1261"                        [_thread_blocked, id=34992, stack(0x00000077ab500000,0x00000077ab600000) (1024K)]
  0x000001ab7af12100 JavaThread "Timer-1262"                        [_thread_blocked, id=37868, stack(0x000000779ae00000,0x000000779af00000) (1024K)]
  0x000001ab7af141d0 JavaThread "Timer-1263"                        [_thread_blocked, id=48800, stack(0x00000077ab600000,0x00000077ab700000) (1024K)]
  0x000001ab7af12e20 JavaThread "Timer-1264"                        [_thread_blocked, id=15276, stack(0x00000077ab700000,0x00000077ab800000) (1024K)]
  0x000001ab7af162a0 JavaThread "Timer-1265"                        [_thread_blocked, id=2088, stack(0x00000077ab900000,0x00000077aba00000) (1024K)]
  0x000001ab7af15c10 JavaThread "Timer-1266"                        [_thread_blocked, id=41656, stack(0x00000077aba00000,0x00000077abb00000) (1024K)]
  0x000001ab7af134b0 JavaThread "Timer-1267"                        [_thread_blocked, id=21448, stack(0x00000077abb00000,0x00000077abc00000) (1024K)]
  0x000001ab7af14ef0 JavaThread "Timer-1268"                        [_thread_blocked, id=51548, stack(0x00000077abd00000,0x00000077abe00000) (1024K)]
  0x000001ab7af16930 JavaThread "Timer-1269"                        [_thread_blocked, id=10756, stack(0x0000007796400000,0x0000007796500000) (1024K)]
  0x000001ab7af16fc0 JavaThread "Timer-1270"                        [_thread_blocked, id=27808, stack(0x00000077abc00000,0x00000077abd00000) (1024K)]
  0x000001ab7af17ce0 JavaThread "Timer-1271"                        [_thread_blocked, id=51104, stack(0x00000077abf00000,0x00000077ac000000) (1024K)]
  0x000001ab7af18370 JavaThread "Timer-1272"                        [_thread_blocked, id=42740, stack(0x00000077ac000000,0x00000077ac100000) (1024K)]
  0x000001ab7af15580 JavaThread "Timer-1273"                        [_thread_blocked, id=37372, stack(0x00000077ac100000,0x00000077ac200000) (1024K)]
  0x000001ab7af18a00 JavaThread "Timer-1274"                        [_thread_blocked, id=20380, stack(0x00000077ac300000,0x00000077ac400000) (1024K)]
  0x000001ab7af19090 JavaThread "Timer-1275"                        [_thread_blocked, id=40756, stack(0x00000077ac200000,0x00000077ac300000) (1024K)]
  0x000001ab7af19720 JavaThread "Timer-1276"                        [_thread_blocked, id=25744, stack(0x00000077ac400000,0x00000077ac500000) (1024K)]
  0x000001ab7af17650 JavaThread "Connection worker"                 [_thread_in_native, id=42468, stack(0x00000077abe00000,0x00000077abf00000) (1024K)]
  0x000001ab7aed9760 JavaThread "Timer-1277"                        [_thread_blocked, id=30140, stack(0x00000077ac600000,0x00000077ac700000) (1024K)]
  0x000001ab7aedb830 JavaThread "Timer-1278"                        [_thread_blocked, id=32572, stack(0x00000077ac800000,0x00000077ac900000) (1024K)]
  0x000001ab7aedbec0 JavaThread "Timer-1279"                        [_thread_blocked, id=26392, stack(0x00000077ac700000,0x00000077ac800000) (1024K)]
  0x000001ab7aedc550 JavaThread "Timer-1280"                        [_thread_blocked, id=27696, stack(0x00000077aca00000,0x00000077acb00000) (1024K)]
  0x000001ab7aed90d0 JavaThread "Timer-1281"                        [_thread_blocked, id=20516, stack(0x00000077ac900000,0x00000077aca00000) (1024K)]
  0x000001ab7aedcbe0 JavaThread "Timer-1282"                        [_thread_blocked, id=33324, stack(0x00000077acb00000,0x00000077acc00000) (1024K)]
  0x000001ab7aedd270 JavaThread "Timer-1283"                        [_thread_blocked, id=45544, stack(0x00000077acd00000,0x00000077ace00000) (1024K)]
  0x000001ab7aed9df0 JavaThread "Timer-1284"                        [_thread_blocked, id=37908, stack(0x00000077ace00000,0x00000077acf00000) (1024K)]
  0x000001ab7aedd900 JavaThread "Timer-1285"                        [_thread_blocked, id=26644, stack(0x00000077acf00000,0x00000077ad000000) (1024K)]
  0x000001ab7aede620 JavaThread "Timer-1286"                        [_thread_blocked, id=47480, stack(0x00000077ad000000,0x00000077ad100000) (1024K)]
  0x000001ab7aeddf90 JavaThread "Timer-1287"                        [_thread_blocked, id=47860, stack(0x00000077ab200000,0x00000077ab300000) (1024K)]
  0x000001ab7aedb1a0 JavaThread "Timer-1288"                        [_thread_blocked, id=52140, stack(0x00000077ab800000,0x00000077ab900000) (1024K)]
  0x000001ab7aee34e0 JavaThread "Timer-1289"                        [_thread_blocked, id=30908, stack(0x00000077ad600000,0x00000077ad700000) (1024K)]
  0x000001ab7aee2e50 JavaThread "Timer-1290"                        [_thread_blocked, id=876, stack(0x00000077ad900000,0x00000077ada00000) (1024K)]
  0x000001ab7aee3b70 JavaThread "Timer-1291"                        [_thread_blocked, id=36656, stack(0x00000077ada00000,0x00000077adb00000) (1024K)]
  0x000001ab7aee06f0 JavaThread "Timer-1292"                        [_thread_blocked, id=45912, stack(0x00000077adc00000,0x00000077add00000) (1024K)]
  0x000001ab7aee4890 JavaThread "Timer-1293"                        [_thread_blocked, id=43400, stack(0x00000077aa000000,0x00000077aa100000) (1024K)]
  0x000001ab7aee4200 JavaThread "Timer-1294"                        [_thread_blocked, id=51044, stack(0x00000077adb00000,0x00000077adc00000) (1024K)]
  0x000001ab7aee27c0 JavaThread "Timer-1295"                        [_thread_blocked, id=53832, stack(0x00000077ade00000,0x00000077adf00000) (1024K)]
  0x000001ab7aee55b0 JavaThread "Timer-1296"                        [_thread_blocked, id=33800, stack(0x00000077adf00000,0x00000077ae000000) (1024K)]
  0x000001ab7aee2130 JavaThread "Timer-1297"                        [_thread_blocked, id=51052, stack(0x00000077ae000000,0x00000077ae100000) (1024K)]
  0x000001ab7aee6960 JavaThread "Timer-1298"                        [_thread_blocked, id=14952, stack(0x00000077ae200000,0x00000077ae300000) (1024K)]
  0x000001ab7aee6ff0 JavaThread "Timer-1299"                        [_thread_blocked, id=34332, stack(0x00000077a3c00000,0x00000077a3d00000) (1024K)]
  0x000001ab7aee7680 JavaThread "Timer-1300"                        [_thread_blocked, id=43984, stack(0x00000077ae100000,0x00000077ae200000) (1024K)]
  0x000001ab7aee0d80 JavaThread "Connection worker"                 [_thread_in_native, id=39648, stack(0x00000077ad400000,0x00000077ad500000) (1024K)]
  0x000001ab7aee1aa0 JavaThread "Timer-1301"                        [_thread_blocked, id=31280, stack(0x00000077add00000,0x00000077ade00000) (1024K)]
  0x000001ab7aee5c40 JavaThread "Timer-1302"                        [_thread_blocked, id=43044, stack(0x00000077ae300000,0x00000077ae400000) (1024K)]
  0x000001ab7aee9750 JavaThread "Timer-1303"                        [_thread_blocked, id=32720, stack(0x00000077ae400000,0x00000077ae500000) (1024K)]
  0x000001ab7aee62d0 JavaThread "Timer-1304"                        [_thread_blocked, id=31864, stack(0x00000077ae600000,0x00000077ae700000) (1024K)]
  0x000001ab7aee7d10 JavaThread "Timer-1305"                        [_thread_blocked, id=51360, stack(0x00000077ae500000,0x00000077ae600000) (1024K)]
  0x000001ab7aeeab00 JavaThread "Timer-1306"                        [_thread_blocked, id=51984, stack(0x00000077ae700000,0x00000077ae800000) (1024K)]
  0x000001ab7aedf9d0 JavaThread "Timer-1307"                        [_thread_blocked, id=44668, stack(0x00000077ad800000,0x00000077ad900000) (1024K)]
  0x000001ab7aeeb190 JavaThread "Timer-1308"                        [_thread_blocked, id=48136, stack(0x00000077ae900000,0x00000077aea00000) (1024K)]
  0x000001ab7aeeb820 JavaThread "Timer-1309"                        [_thread_blocked, id=30152, stack(0x00000077aec00000,0x00000077aed00000) (1024K)]
  0x000001ab7aee90c0 JavaThread "Timer-1310"                        [_thread_blocked, id=28488, stack(0x00000077aed00000,0x00000077aee00000) (1024K)]
  0x000001ab7aee83a0 JavaThread "Timer-1311"                        [_thread_blocked, id=40580, stack(0x00000077aee00000,0x00000077aef00000) (1024K)]
  0x000001ab7aee8a30 JavaThread "Timer-1312"                        [_thread_blocked, id=45208, stack(0x00000077aef00000,0x00000077af000000) (1024K)]
  0x000001ab7aeea470 JavaThread "Timer-1313"                        [_thread_blocked, id=46324, stack(0x00000077af100000,0x00000077af200000) (1024K)]
  0x000001ab7aeec540 JavaThread "Timer-1314"                        [_thread_blocked, id=53236, stack(0x00000077af500000,0x00000077af600000) (1024K)]
  0x000001ab7aeeeca0 JavaThread "Timer-1315"                        [_thread_blocked, id=49492, stack(0x00000077af300000,0x00000077af400000) (1024K)]
  0x000001ab7aeef330 JavaThread "Timer-1316"                        [_thread_blocked, id=41820, stack(0x00000077af400000,0x00000077af500000) (1024K)]
  0x000001ab7aeed260 JavaThread "Timer-1317"                        [_thread_blocked, id=23500, stack(0x00000077af600000,0x00000077af700000) (1024K)]
  0x000001ab7aeef9c0 JavaThread "Timer-1318"                        [_thread_blocked, id=37616, stack(0x00000077af700000,0x00000077af800000) (1024K)]
  0x000001ab7aef1400 JavaThread "Timer-1319"                        [_thread_blocked, id=43656, stack(0x00000077afc00000,0x00000077afd00000) (1024K)]
  0x000001ab7aef1a90 JavaThread "Timer-1320"                        [_thread_blocked, id=1708, stack(0x00000077afe00000,0x00000077aff00000) (1024K)]
  0x000001ab7aef2120 JavaThread "Timer-1321"                        [_thread_blocked, id=48336, stack(0x00000077aff00000,0x00000077b0000000) (1024K)]
  0x000001ab7aef27b0 JavaThread "Timer-1322"                        [_thread_blocked, id=17120, stack(0x00000077b0100000,0x00000077b0200000) (1024K)]
  0x000001ab7aef2e40 JavaThread "Timer-1323"                        [_thread_blocked, id=27780, stack(0x00000077b0000000,0x00000077b0100000) (1024K)]
  0x000001ab7af06fd0 JavaThread "Timer-1324"                        [_thread_blocked, id=30112, stack(0x00000077b0200000,0x00000077b0300000) (1024K)]
  0x000001ab77ae8c70 JavaThread "Timer-1325"                        [_thread_blocked, id=2412, stack(0x00000077b0500000,0x00000077b0600000) (1024K)]
  0x000001ab77b02350 JavaThread "Timer-1326"                        [_thread_blocked, id=23476, stack(0x00000077b0700000,0x00000077b0800000) (1024K)]
  0x000001ab77b0f550 JavaThread "Timer-1327"                        [_thread_blocked, id=36584, stack(0x00000077b0800000,0x00000077b0900000) (1024K)]
  0x000001ab77b0c760 JavaThread "Timer-1328"                        [_thread_blocked, id=7524, stack(0x00000077b0900000,0x00000077b0a00000) (1024K)]
  0x000001ab793d3b60 JavaThread "Worker-48: Initialize workspace"        [_thread_blocked, id=28228, stack(0x00000077b0d00000,0x00000077b0e00000) (1024K)]
  0x000001ab793b7000 JavaThread "Timer-1329"                        [_thread_blocked, id=46100, stack(0x00000077b0a00000,0x00000077b0b00000) (1024K)]
  0x000001ab793dbea0 JavaThread "Timer-1330"                        [_thread_blocked, id=14376, stack(0x00000077b0b00000,0x00000077b0c00000) (1024K)]
  0x000001ab793b6970 JavaThread "Timer-1331"                        [_thread_blocked, id=24844, stack(0x00000077b1000000,0x00000077b1100000) (1024K)]
  0x000001ab7ba7bbd0 JavaThread "Timer-1332"                        [_thread_blocked, id=40916, stack(0x00000077b1200000,0x00000077b1300000) (1024K)]
  0x000001ab7ba79470 JavaThread "Timer-1333"                        [_thread_blocked, id=45880, stack(0x00000077b1300000,0x00000077b1400000) (1024K)]
  0x000001ab7ba7a190 JavaThread "Timer-1334"                        [_thread_blocked, id=24192, stack(0x00000077b1400000,0x00000077b1500000) (1024K)]
  0x000001ab7ba7c8f0 JavaThread "Timer-1335"                        [_thread_blocked, id=49844, stack(0x000000779c400000,0x000000779c500000) (1024K)]
  0x000001ab7ba7c260 JavaThread "Timer-1336"                        [_thread_blocked, id=4700, stack(0x00000077ae800000,0x00000077ae900000) (1024K)]
  0x000001ab7ba7aeb0 JavaThread "Timer-1337"                        [_thread_blocked, id=31500, stack(0x00000077b1500000,0x00000077b1600000) (1024K)]
  0x000001ab7ba79b00 JavaThread "Timer-1338"                        [_thread_blocked, id=49948, stack(0x00000077b1600000,0x00000077b1700000) (1024K)]
  0x000001ab7ba7e9c0 JavaThread "Timer-1339"                        [_thread_blocked, id=32876, stack(0x00000077b1700000,0x00000077b1800000) (1024K)]
  0x000001ab7ba7b540 JavaThread "Timer-1340"                        [_thread_blocked, id=53172, stack(0x00000077b1900000,0x00000077b1a00000) (1024K)]
  0x000001ab7ba7e330 JavaThread "Timer-1341"                        [_thread_blocked, id=39376, stack(0x00000077a9600000,0x00000077a9700000) (1024K)]
  0x000001ab7ba80400 JavaThread "Timer-1342"                        [_thread_blocked, id=15168, stack(0x00000077b1800000,0x00000077b1900000) (1024K)]
  0x000001ab7ba7d610 JavaThread "Connection worker"                 [_thread_in_native, id=46828, stack(0x00000077b0300000,0x00000077b0400000) (1024K)]
  0x000001ab7ba7fd70 JavaThread "Timer-1343"                        [_thread_blocked, id=24156, stack(0x00000077b1c00000,0x00000077b1d00000) (1024K)]
  0x000001ab7ba80a90 JavaThread "Timer-1344"                        [_thread_blocked, id=37704, stack(0x00000077b1d00000,0x00000077b1e00000) (1024K)]
  0x000001ab7ba81120 JavaThread "Timer-1345"                        [_thread_blocked, id=51888, stack(0x00000077b1e00000,0x00000077b1f00000) (1024K)]
  0x000001ab7ba817b0 JavaThread "Timer-1346"                        [_thread_blocked, id=51940, stack(0x00000077b2000000,0x00000077b2100000) (1024K)]
  0x000001ab7ba7dca0 JavaThread "Timer-1347"                        [_thread_blocked, id=52012, stack(0x00000077b1f00000,0x00000077b2000000) (1024K)]
  0x000001ab7ba81e40 JavaThread "Timer-1348"                        [_thread_blocked, id=51672, stack(0x00000077b2100000,0x00000077b2200000) (1024K)]
  0x000001ab7ba7f6e0 JavaThread "Connection worker"                 [_thread_in_native, id=43192, stack(0x00000077afa00000,0x00000077afb00000) (1024K)]
  0x000001ab7ba83880 JavaThread "Timer-1349"                        [_thread_blocked, id=32040, stack(0x00000077b1a00000,0x00000077b1b00000) (1024K)]
  0x000001ab7ba83f10 JavaThread "Timer-1350"                        [_thread_blocked, id=41460, stack(0x00000077b2200000,0x00000077b2300000) (1024K)]
  0x000001ab7ba85950 JavaThread "Timer-1351"                        [_thread_blocked, id=36536, stack(0x00000077b2600000,0x00000077b2700000) (1024K)]
  0x000001ab7ba845a0 JavaThread "Timer-1352"                        [_thread_blocked, id=46372, stack(0x00000077b2800000,0x00000077b2900000) (1024K)]
  0x000001ab7ba824d0 JavaThread "Timer-1353"                        [_thread_blocked, id=15484, stack(0x00000077b1b00000,0x00000077b1c00000) (1024K)]
  0x000001ab7ba7f050 JavaThread "Timer-1354"                        [_thread_blocked, id=53180, stack(0x00000077b2400000,0x00000077b2500000) (1024K)]
  0x000001ab7ba831f0 JavaThread "Timer-1355"                        [_thread_blocked, id=31512, stack(0x00000077b0400000,0x00000077b0500000) (1024K)]
  0x000001ab7ba89af0 JavaThread "Timer-1356"                        [_thread_blocked, id=34580, stack(0x00000077b0600000,0x00000077b0700000) (1024K)]
  0x000001ab7ba87a20 JavaThread "Timer-1357"                        [_thread_blocked, id=42264, stack(0x00000077b2700000,0x00000077b2800000) (1024K)]
  0x000001ab7ba88740 JavaThread "Timer-1358"                        [_thread_blocked, id=9240, stack(0x00000077b2a00000,0x00000077b2b00000) (1024K)]
  0x000001ab7ba82b60 JavaThread "Timer-1359"                        [_thread_blocked, id=53812, stack(0x00000077b2900000,0x00000077b2a00000) (1024K)]
  0x000001ab7ba87390 JavaThread "Timer-1360"                        [_thread_blocked, id=9864, stack(0x00000077b2b00000,0x00000077b2c00000) (1024K)]
  0x000001ab7ba8a180 JavaThread "Timer-1361"                        [_thread_blocked, id=26136, stack(0x00000077b0f00000,0x00000077b1000000) (1024K)]
  0x000001ab7ba86d00 JavaThread "Timer-1362"                        [_thread_blocked, id=53076, stack(0x00000077b1100000,0x00000077b1200000) (1024K)]
  0x000001ab7ba8c250 JavaThread "Timer-1363"                        [_thread_blocked, id=45232, stack(0x00000077b2f00000,0x00000077b3000000) (1024K)]
  0x000001ab7ba8b530 JavaThread "Timer-1364"                        [_thread_blocked, id=32784, stack(0x00000077b3100000,0x00000077b3200000) (1024K)]
  0x000001ab7ba8dc90 JavaThread "Timer-1365"                        [_thread_blocked, id=37548, stack(0x00000077b3200000,0x00000077b3300000) (1024K)]
  0x000001ab7ba8cf70 JavaThread "Timer-1366"                        [_thread_blocked, id=28668, stack(0x00000077b3300000,0x00000077b3400000) (1024K)]
  0x000001ab7ba8d600 JavaThread "Timer-1367"                        [_thread_blocked, id=54016, stack(0x00000077b3400000,0x00000077b3500000) (1024K)]
  0x000001ab7ba8bbc0 JavaThread "Timer-1368"                        [_thread_blocked, id=42948, stack(0x00000077b3600000,0x00000077b3700000) (1024K)]
  0x000001ab7ba8f6d0 JavaThread "Timer-1369"                        [_thread_blocked, id=47964, stack(0x00000077b3a00000,0x00000077b3b00000) (1024K)]
  0x000001ab7ba917a0 JavaThread "Timer-1370"                        [_thread_blocked, id=47424, stack(0x00000077b3c00000,0x00000077b3d00000) (1024K)]
  0x000001ab7ba85fe0 JavaThread "Timer-1371"                        [_thread_blocked, id=9568, stack(0x00000077b2e00000,0x00000077b2f00000) (1024K)]
  0x000001ab7ba8f040 JavaThread "Timer-1372"                        [_thread_blocked, id=53600, stack(0x00000077b3b00000,0x00000077b3c00000) (1024K)]
  0x000001ab7ba91110 JavaThread "Timer-1373"                        [_thread_blocked, id=51536, stack(0x00000077b3e00000,0x00000077b3f00000) (1024K)]
  0x000001ab7ba91e30 JavaThread "Timer-1374"                        [_thread_blocked, id=37724, stack(0x00000077b4000000,0x00000077b4100000) (1024K)]
  0x000001ab7ba8e320 JavaThread "Timer-1375"                        [_thread_blocked, id=41780, stack(0x00000077b4100000,0x00000077b4200000) (1024K)]
  0x000001ab7ba924c0 JavaThread "Timer-1376"                        [_thread_blocked, id=45076, stack(0x00000077b4400000,0x00000077b4500000) (1024K)]
  0x000001ab7ba8e9b0 JavaThread "Timer-1377"                        [_thread_blocked, id=16028, stack(0x00000077b4200000,0x00000077b4300000) (1024K)]
  0x000001ab7ba92b50 JavaThread "Timer-1378"                        [_thread_blocked, id=23124, stack(0x00000077b4300000,0x00000077b4400000) (1024K)]
  0x000001ab7ba931e0 JavaThread "Worker-70: Initialize workspace"        [_thread_blocked, id=7812, stack(0x00000077b3800000,0x00000077b3900000) (1024K)]
  0x000001ab7ba96cf0 JavaThread "Timer-1379"                        [_thread_blocked, id=39092, stack(0x00000077b4800000,0x00000077b4900000) (1024K)]
  0x000001ab7ba93f00 JavaThread "Timer-1380"                        [_thread_blocked, id=30464, stack(0x00000077b4a00000,0x00000077b4b00000) (1024K)]
  0x000001ab7ba97a10 JavaThread "Timer-1381"                        [_thread_blocked, id=912, stack(0x00000077b4c00000,0x00000077b4d00000) (1024K)]
  0x000001ab7ba94c20 JavaThread "Timer-1382"                        [_thread_blocked, id=43540, stack(0x00000077a0100000,0x00000077a0200000) (1024K)]
  0x000001ab7ba97380 JavaThread "Timer-1383"                        [_thread_blocked, id=42152, stack(0x00000077a0b00000,0x00000077a0c00000) (1024K)]
  0x000001ab7ba952b0 JavaThread "Timer-1384"                        [_thread_blocked, id=30964, stack(0x00000077b3d00000,0x00000077b3e00000) (1024K)]
  0x000001ab7ba84c30 JavaThread "Connection worker"                 [_thread_in_native, id=41860, stack(0x00000077b3500000,0x00000077b3600000) (1024K)]
  0x000001ab7ba852c0 JavaThread "Timer-1385"                        [_thread_blocked, id=29664, stack(0x00000077b2500000,0x00000077b2600000) (1024K)]
  0x000001ab7ba98730 JavaThread "Timer-1386"                        [_thread_blocked, id=44324, stack(0x00000077b4b00000,0x00000077b4c00000) (1024K)]
  0x000001ab7ba980a0 JavaThread "Timer-1387"                        [_thread_blocked, id=15456, stack(0x00000077b5000000,0x00000077b5100000) (1024K)]
  0x000001ab7ba98dc0 JavaThread "Timer-1388"                        [_thread_blocked, id=35500, stack(0x00000077b4d00000,0x00000077b4e00000) (1024K)]
  0x000001ab7ba95fd0 JavaThread "Timer-1389"                        [_thread_blocked, id=3460, stack(0x00000077b5100000,0x00000077b5200000) (1024K)]
  0x000001ab7ba9b520 JavaThread "Timer-1390"                        [_thread_blocked, id=46280, stack(0x00000077b5300000,0x00000077b5400000) (1024K)]
  0x000001ab7ba903f0 JavaThread "Worker-92: Initialize workspace"        [_thread_blocked, id=19060, stack(0x00000077b4600000,0x00000077b4700000) (1024K)]
  0x000001ab7ba8a810 JavaThread "Timer-1391"                        [_thread_blocked, id=51324, stack(0x00000077a6b00000,0x00000077a6c00000) (1024K)]
  0x000001ab7ba99ae0 JavaThread "Timer-1392"                        [_thread_blocked, id=42360, stack(0x00000077b3700000,0x00000077b3800000) (1024K)]
  0x000001ab7ba8aea0 JavaThread "Timer-1393"                        [_thread_blocked, id=29772, stack(0x00000077b3900000,0x00000077b3a00000) (1024K)]
  0x000001ab7ba9ae90 JavaThread "Timer-1394"                        [_thread_blocked, id=39728, stack(0x00000077b5800000,0x00000077b5900000) (1024K)]
  0x000001ab7ba9bbb0 JavaThread "Timer-1395"                        [_thread_blocked, id=32844, stack(0x00000077b5700000,0x00000077b5800000) (1024K)]
  0x000001ab7ba99450 JavaThread "Timer-1396"                        [_thread_blocked, id=26436, stack(0x00000077b5b00000,0x00000077b5c00000) (1024K)]
  0x000001ab7ba95940 JavaThread "Connection worker"                 [_thread_in_native, id=53216, stack(0x00000077b3f00000,0x00000077b4000000) (1024K)]
  0x000001ab7ba9a170 JavaThread "Timer-1397"                        [_thread_blocked, id=21272, stack(0x00000077b5900000,0x00000077b5a00000) (1024K)]
  0x000001ab7ba9c240 JavaThread "Timer-1398"                        [_thread_blocked, id=35856, stack(0x00000077b5c00000,0x00000077b5d00000) (1024K)]
  0x000001ab7ba9a800 JavaThread "Timer-1399"                        [_thread_blocked, id=31268, stack(0x00000077b5d00000,0x00000077b5e00000) (1024K)]
  0x000001ab7ba9dc80 JavaThread "Timer-1400"                        [_thread_blocked, id=51300, stack(0x00000077b5a00000,0x00000077b5b00000) (1024K)]
  0x000001ab7ba9e310 JavaThread "Timer-1401"                        [_thread_blocked, id=17244, stack(0x00000077b5e00000,0x00000077b5f00000) (1024K)]
  0x000001ab7ba9f030 JavaThread "Timer-1402"                        [_thread_blocked, id=50404, stack(0x00000077b5f00000,0x00000077b6000000) (1024K)]
  0x000001ab7ba5f700 JavaThread "Timer-1403"                        [_thread_blocked, id=29964, stack(0x00000077b6000000,0x00000077b6100000) (1024K)]
  0x000001ab7ba617d0 JavaThread "Timer-1404"                        [_thread_blocked, id=15968, stack(0x00000077b6200000,0x00000077b6300000) (1024K)]
  0x000001ab7ba5fd90 JavaThread "Timer-1405"                        [_thread_blocked, id=35396, stack(0x00000077b6100000,0x00000077b6200000) (1024K)]
  0x000001ab7ba61140 JavaThread "Timer-1406"                        [_thread_blocked, id=33580, stack(0x00000077b6400000,0x00000077b6500000) (1024K)]
  0x000001ab7ba60ab0 JavaThread "Timer-1407"                        [_thread_blocked, id=52652, stack(0x00000077b4700000,0x00000077b4800000) (1024K)]
  0x000001ab7ba5f070 JavaThread "Timer-1408"                        [_thread_blocked, id=50896, stack(0x00000077b6500000,0x00000077b6600000) (1024K)]
  0x000001ab7ba9e9a0 JavaThread "Timer-1409"                        [_thread_blocked, id=33140, stack(0x00000077b5400000,0x00000077b5500000) (1024K)]
  0x000001ab7ba624f0 JavaThread "Timer-1410"                        [_thread_blocked, id=43300, stack(0x00000077b6600000,0x00000077b6700000) (1024K)]
  0x000001ab7ba63210 JavaThread "Timer-1411"                        [_thread_blocked, id=4776, stack(0x00000077b6700000,0x00000077b6800000) (1024K)]
  0x000001ab7ba62b80 JavaThread "Timer-1412"                        [_thread_blocked, id=21456, stack(0x00000077b6900000,0x00000077b6a00000) (1024K)]
  0x000001ab7ba638a0 JavaThread "Timer-1413"                        [_thread_blocked, id=29860, stack(0x00000077b6a00000,0x00000077b6b00000) (1024K)]
  0x000001ab7ba66d20 JavaThread "Timer-1414"                        [_thread_blocked, id=32964, stack(0x00000077b6b00000,0x00000077b6c00000) (1024K)]
  0x000001ab7ba65970 JavaThread "Timer-1415"                        [_thread_blocked, id=35184, stack(0x00000077b4900000,0x00000077b4a00000) (1024K)]
  0x000001ab7ba673b0 JavaThread "Timer-1416"                        [_thread_blocked, id=45400, stack(0x00000077b6800000,0x00000077b6900000) (1024K)]
  0x000001ab7ba66690 JavaThread "Timer-1417"                        [_thread_blocked, id=24604, stack(0x00000077b6300000,0x00000077b6400000) (1024K)]
  0x000001ab7ba66000 JavaThread "Timer-1418"                        [_thread_blocked, id=34892, stack(0x00000077b6c00000,0x00000077b6d00000) (1024K)]
  0x000001ab7ba67a40 JavaThread "Timer-1419"                        [_thread_blocked, id=38680, stack(0x00000077b6d00000,0x00000077b6e00000) (1024K)]
  0x000001ab7ba68760 JavaThread "Timer-1420"                        [_thread_blocked, id=26088, stack(0x00000077b7100000,0x00000077b7200000) (1024K)]
  0x000001ab7ba645c0 JavaThread "Worker-150: Initialize workspace"        [_thread_blocked, id=48716, stack(0x00000077a5500000,0x00000077a5600000) (1024K)]
  0x000001ab7ba680d0 JavaThread "Timer-1421"                        [_thread_blocked, id=29384, stack(0x00000077b6e00000,0x00000077b6f00000) (1024K)]
  0x000001ab7ba6bbe0 JavaThread "Timer-1422"                        [_thread_blocked, id=42176, stack(0x00000077b7200000,0x00000077b7300000) (1024K)]
  0x000001ab7ba6c270 JavaThread "Timer-1423"                        [_thread_blocked, id=48540, stack(0x00000077b7300000,0x00000077b7400000) (1024K)]
  0x000001ab7ba64c50 JavaThread "Timer-1424"                        [_thread_blocked, id=21184, stack(0x00000077b7000000,0x00000077b7100000) (1024K)]
  0x000001ab7ba69480 JavaThread "Timer-1425"                        [_thread_blocked, id=48856, stack(0x00000077b7400000,0x00000077b7500000) (1024K)]
  0x000001ab7ba6c900 JavaThread "Timer-1426"                        [_thread_blocked, id=28164, stack(0x00000077b7600000,0x00000077b7700000) (1024K)]
  0x000001ab7ba6aec0 JavaThread "Connection worker"                 [_thread_in_native, id=48244, stack(0x00000077aaa00000,0x00000077aab00000) (1024K)]
  0x000001ab7ba6cf90 JavaThread "Timer-1427"                        [_thread_blocked, id=45788, stack(0x00000077b7800000,0x00000077b7900000) (1024K)]
  0x000001ab7ba6dcb0 JavaThread "Timer-1428"                        [_thread_blocked, id=6964, stack(0x00000077b7900000,0x00000077b7a00000) (1024K)]
  0x000001ab7ba6a1a0 JavaThread "Timer-1429"                        [_thread_blocked, id=41808, stack(0x00000077b7a00000,0x00000077b7b00000) (1024K)]
  0x000001ab7ba6e340 JavaThread "Timer-1430"                        [_thread_blocked, id=31200, stack(0x00000077b7c00000,0x00000077b7d00000) (1024K)]
  0x000001ab7ba6a830 JavaThread "Timer-1431"                        [_thread_blocked, id=51592, stack(0x00000077b7b00000,0x00000077b7c00000) (1024K)]
  0x000001ab7ba6f060 JavaThread "Timer-1432"                        [_thread_blocked, id=48184, stack(0x00000077b7f00000,0x00000077b8000000) (1024K)]
  0x000001ab7ba652e0 JavaThread "Worker-170: Initialize workspace"        [_thread_blocked, id=53588, stack(0x0000007799e00000,0x0000007799f00000) (1024K)]
  0x000001ab7ba724e0 JavaThread "Timer-1433"                        [_thread_blocked, id=18860, stack(0x00000077aeb00000,0x00000077aec00000) (1024K)]
  0x000001ab7ba72b70 JavaThread "Timer-1434"                        [_thread_blocked, id=53284, stack(0x00000077b7d00000,0x00000077b7e00000) (1024K)]
  0x000001ab7ba6f6f0 JavaThread "Timer-1435"                        [_thread_blocked, id=32812, stack(0x00000077b8100000,0x00000077b8200000) (1024K)]
  0x000001ab7ba6fd80 JavaThread "Timer-1436"                        [_thread_blocked, id=14224, stack(0x00000077b8000000,0x00000077b8100000) (1024K)]
  0x000001ab7ba717c0 JavaThread "Timer-1437"                        [_thread_blocked, id=40972, stack(0x00000077af900000,0x00000077afa00000) (1024K)]
  0x000001ab7ba71e50 JavaThread "Timer-1438"                        [_thread_blocked, id=14464, stack(0x00000077b8200000,0x00000077b8300000) (1024K)]
  0x000001ab7ba71130 JavaThread "Connection worker"                 [_thread_in_native, id=42600, stack(0x00000077af000000,0x00000077af100000) (1024K)]
  0x000001ab7ba73890 JavaThread "Timer-1439"                        [_thread_blocked, id=30948, stack(0x00000077b7500000,0x00000077b7600000) (1024K)]
  0x000001ab7ba70aa0 JavaThread "Timer-1440"                        [_thread_blocked, id=28468, stack(0x00000077b8400000,0x00000077b8500000) (1024K)]
  0x000001ab7ba73f20 JavaThread "Timer-1441"                        [_thread_blocked, id=36692, stack(0x0000007791f00000,0x0000007792000000) (1024K)]
  0x000001ab7ba75960 JavaThread "Timer-1442"                        [_thread_blocked, id=30836, stack(0x00000077ad700000,0x00000077ad800000) (1024K)]
  0x000001ab7ba74c40 JavaThread "Timer-1443"                        [_thread_blocked, id=54044, stack(0x00000077b8500000,0x00000077b8600000) (1024K)]
  0x000001ab7ba752d0 JavaThread "Timer-1444"                        [_thread_blocked, id=31800, stack(0x00000077b8700000,0x00000077b8800000) (1024K)]
  0x000001ab7ba76680 JavaThread "Timer-1445"                        [_thread_blocked, id=32968, stack(0x00000077b8900000,0x00000077b8a00000) (1024K)]
  0x000001ab7ba73200 JavaThread "Timer-1446"                        [_thread_blocked, id=20508, stack(0x00000077b8a00000,0x00000077b8b00000) (1024K)]
  0x000001ab7ba78de0 JavaThread "Timer-1447"                        [_thread_blocked, id=17972, stack(0x00000077b8b00000,0x00000077b8c00000) (1024K)]
  0x000001ab7ba76d10 JavaThread "Timer-1448"                        [_thread_blocked, id=11936, stack(0x00000077b8c00000,0x00000077b8d00000) (1024K)]
  0x000001ab7ba773a0 JavaThread "Timer-1449"                        [_thread_blocked, id=47380, stack(0x00000077b8d00000,0x00000077b8e00000) (1024K)]
  0x000001ab7ba78750 JavaThread "Timer-1450"                        [_thread_blocked, id=46492, stack(0x00000077b9000000,0x00000077b9100000) (1024K)]
  0x000001ab7ba6d620 JavaThread "Timer-1451"                        [_thread_blocked, id=52764, stack(0x00000077b7700000,0x00000077b7800000) (1024K)]
  0x000001ab7ba7a820 JavaThread "Timer-1452"                        [_thread_blocked, id=40732, stack(0x00000077b7e00000,0x00000077b7f00000) (1024K)]
  0x000001ab7ba6b550 JavaThread "Timer-1453"                        [_thread_blocked, id=48892, stack(0x00000077b9100000,0x00000077b9200000) (1024K)]
  0x000001ab7ba89460 JavaThread "Timer-1454"                        [_thread_blocked, id=3196, stack(0x00000077b9300000,0x00000077b9400000) (1024K)]
  0x000001ab7ba93870 JavaThread "Timer-1455"                        [_thread_blocked, id=35928, stack(0x00000077b9200000,0x00000077b9300000) (1024K)]
  0x000001ab7aee1410 JavaThread "Timer-1456"                        [_thread_blocked, id=26160, stack(0x00000077b9500000,0x00000077b9600000) (1024K)]
  0x000001ab7aedecb0 JavaThread "Worker-213: Initialize workspace"        [_thread_blocked, id=28496, stack(0x00000077b9400000,0x00000077b9500000) (1024K)]
  0x000001ab7aeedf80 JavaThread "Timer-1457"                        [_thread_blocked, id=10940, stack(0x00000077b9600000,0x00000077b9700000) (1024K)]
  0x000001ab7aef06e0 JavaThread "Timer-1458"                        [_thread_blocked, id=42192, stack(0x00000077b9800000,0x00000077b9900000) (1024K)]
  0x000001ab7aeecbd0 JavaThread "Timer-1459"                        [_thread_blocked, id=45068, stack(0x00000077b9700000,0x00000077b9800000) (1024K)]
  0x000001ab7aef0d70 JavaThread "Timer-1460"                        [_thread_blocked, id=53792, stack(0x00000077b9a00000,0x00000077b9b00000) (1024K)]
  0x000001ab7aef7d00 JavaThread "Timer-1461"                        [_thread_blocked, id=33128, stack(0x00000077b9900000,0x00000077b9a00000) (1024K)]
  0x000001ab7af14860 JavaThread "Timer-1462"                        [_thread_blocked, id=44632, stack(0x00000077b9d00000,0x00000077b9e00000) (1024K)]
  0x000001ab793d9dd0 JavaThread "Connection worker"                 [_thread_in_native, id=35760, stack(0x00000077b9c00000,0x00000077b9d00000) (1024K)]
  0x000001ab7113e7b0 JavaThread "Timer-1463"                        [_thread_blocked, id=20540, stack(0x00000077ba000000,0x00000077ba100000) (1024K)]
  0x000001ab711243b0 JavaThread "Timer-1464"                        [_thread_blocked, id=52800, stack(0x00000077ba200000,0x00000077ba300000) (1024K)]
  0x000001ab71113010 JavaThread "Timer-1465"                        [_thread_blocked, id=33844, stack(0x00000077ba300000,0x00000077ba400000) (1024K)]
  0x000001ab71124a40 JavaThread "Timer-1466"                        [_thread_blocked, id=15632, stack(0x00000077ba400000,0x00000077ba500000) (1024K)]
  0x000001ab7aee9de0 JavaThread "Timer-1467"                        [_thread_blocked, id=37232, stack(0x00000077ba500000,0x00000077ba600000) (1024K)]
  0x000001ab7af01a80 JavaThread "Timer-1468"                        [_thread_blocked, id=25848, stack(0x00000077ba700000,0x00000077ba800000) (1024K)]
  0x000001ab7af0d8d0 JavaThread "Worker-231: Initialize workspace"        [_thread_blocked, id=53676, stack(0x00000077b9b00000,0x00000077b9c00000) (1024K)]
  0x000001ab77b00910 JavaThread "Timer-1469"                        [_thread_blocked, id=45588, stack(0x00000077baa00000,0x00000077bab00000) (1024K)]
  0x000001ab793e0040 JavaThread "Timer-1470"                        [_thread_blocked, id=16436, stack(0x00000077bac00000,0x00000077bad00000) (1024K)]
  0x000001ab793d41f0 JavaThread "Timer-1471"                        [_thread_blocked, id=38524, stack(0x00000077bad00000,0x00000077bae00000) (1024K)]
  0x000001ab671a74e0 JavaThread "Timer-1472"                        [_thread_blocked, id=18944, stack(0x00000077baf00000,0x00000077bb000000) (1024K)]
  0x000001ab671a4060 JavaThread "Timer-1473"                        [_thread_blocked, id=42056, stack(0x00000077bae00000,0x00000077baf00000) (1024K)]
  0x000001ab6e792190 JavaThread "Timer-1474"                        [_thread_blocked, id=44736, stack(0x00000077bb100000,0x00000077bb200000) (1024K)]
  0x000001ab674eef60 JavaThread "Worker-241: Initialize workspace"        [_thread_blocked, id=35384, stack(0x00000077b9e00000,0x00000077b9f00000) (1024K)]
  0x000001ab7af113e0 JavaThread "Timer-1475"                        [_thread_blocked, id=37828, stack(0x00000077bb200000,0x00000077bb300000) (1024K)]
  0x000001ab6f50f490 JavaThread "Timer-1476"                        [_thread_blocked, id=12016, stack(0x00000077bb300000,0x00000077bb400000) (1024K)]
  0x000001ab6b762990 JavaThread "Timer-1477"                        [_thread_blocked, id=53808, stack(0x00000077bb500000,0x00000077bb600000) (1024K)]
  0x000001ab70c49080 JavaThread "Timer-1478"                        [_thread_blocked, id=32984, stack(0x00000077bb400000,0x00000077bb500000) (1024K)]
  0x000001ab7f92a280 JavaThread "Timer-1479"                        [_thread_blocked, id=34776, stack(0x00000077bb600000,0x00000077bb700000) (1024K)]
  0x000001ab7f92a910 JavaThread "Timer-1480"                        [_thread_blocked, id=7456, stack(0x00000077bb900000,0x00000077bba00000) (1024K)]
  0x000001ab7f928ed0 JavaThread "Timer-1481"                        [_thread_blocked, id=33608, stack(0x00000077bb800000,0x00000077bb900000) (1024K)]
  0x000001ab7f92bcc0 JavaThread "Timer-1482"                        [_thread_blocked, id=34264, stack(0x00000077bbb00000,0x00000077bbc00000) (1024K)]
  0x000001ab7f92c9e0 JavaThread "Timer-1483"                        [_thread_blocked, id=49144, stack(0x00000077bba00000,0x00000077bbb00000) (1024K)]
  0x000001ab7f929560 JavaThread "Timer-1484"                        [_thread_blocked, id=30372, stack(0x00000077bbd00000,0x00000077bbe00000) (1024K)]
  0x000001ab7f92d070 JavaThread "Timer-1485"                        [_thread_blocked, id=21340, stack(0x00000077bbc00000,0x00000077bbd00000) (1024K)]
  0x000001ab7f92dd90 JavaThread "Timer-1486"                        [_thread_blocked, id=32416, stack(0x00000077bc000000,0x00000077bc100000) (1024K)]
  0x000001ab7f929bf0 JavaThread "Worker-256: Initialize workspace"        [_thread_blocked, id=42852, stack(0x00000077b9f00000,0x00000077ba000000) (1024K)]
  0x000001ab7f92c350 JavaThread "Connection worker"                 [_thread_in_native, id=33768, stack(0x00000077ba800000,0x00000077ba900000) (1024K)]
  0x000001ab7f92eab0 JavaThread "Connection worker"                 [_thread_in_native, id=33684, stack(0x00000077bb700000,0x00000077bb800000) (1024K)]
  0x000001ab7f92fe60 JavaThread "Timer-1487"                        [_thread_blocked, id=25908, stack(0x000000779ef00000,0x000000779f000000) (1024K)]
  0x000001ab7f931210 JavaThread "Timer-1488"                        [_thread_blocked, id=53428, stack(0x00000077a1f00000,0x00000077a2000000) (1024K)]
  0x000001ab7f9304f0 JavaThread "Timer-1489"                        [_thread_blocked, id=2224, stack(0x00000077bc300000,0x00000077bc400000) (1024K)]
  0x000001ab7f92e420 JavaThread "Timer-1490"                        [_thread_blocked, id=28136, stack(0x00000077bc600000,0x00000077bc700000) (1024K)]
  0x000001ab7f9353b0 JavaThread "Timer-1491"                        [_thread_blocked, id=26176, stack(0x00000077ba900000,0x00000077baa00000) (1024K)]
  0x000001ab7f934000 JavaThread "Timer-1492"                        [_thread_blocked, id=40564, stack(0x00000077bc500000,0x00000077bc600000) (1024K)]
  0x000001ab7f92b630 JavaThread "Worker-267: Initialize workspace"        [_thread_blocked, id=32628, stack(0x00000077bab00000,0x00000077bac00000) (1024K)]
  0x000001ab7f931f30 JavaThread "Connection worker"                 [_thread_in_native, id=53416, stack(0x00000077bc900000,0x00000077bca00000) (1024K)]
  0x000001ab7f935a40 JavaThread "Timer-1493"                        [_thread_blocked, id=2484, stack(0x00000077bca00000,0x00000077bcb00000) (1024K)]
  0x000001ab7f932c50 JavaThread "Timer-1494"                        [_thread_blocked, id=30792, stack(0x00000077bce00000,0x00000077bcf00000) (1024K)]
  0x000001ab7f938830 JavaThread "Timer-1495"                        [_thread_blocked, id=31848, stack(0x00000077bcf00000,0x00000077bd000000) (1024K)]
  0x000001ab7f9360d0 JavaThread "Timer-1496"                        [_thread_blocked, id=39452, stack(0x00000077bcb00000,0x00000077bcc00000) (1024K)]
  0x000001ab7f936760 JavaThread "Timer-1497"                        [_thread_blocked, id=44928, stack(0x00000077bcc00000,0x00000077bcd00000) (1024K)]
  0x000001ab7f933970 JavaThread "Timer-1498"                        [_thread_blocked, id=39488, stack(0x00000077bd100000,0x00000077bd200000) (1024K)]
  0x000001ab7f937b10 JavaThread "Worker-277: Initialize workspace"        [_thread_blocked, id=31164, stack(0x00000077bc800000,0x00000077bc900000) (1024K)]
  0x000001ab7f936df0 JavaThread "Connection worker"                 [_thread_in_native, id=51188, stack(0x00000077bd000000,0x00000077bd100000) (1024K)]
  0x000001ab7f934d20 JavaThread "Timer-1499"                        [_thread_blocked, id=52656, stack(0x00000077bd400000,0x00000077bd500000) (1024K)]
  0x000001ab7f93a270 JavaThread "Timer-1500"                        [_thread_blocked, id=45476, stack(0x00000077bd500000,0x00000077bd600000) (1024K)]
  0x000001ab7f938ec0 JavaThread "Timer-1501"                        [_thread_blocked, id=49028, stack(0x00000077bd800000,0x00000077bd900000) (1024K)]
  0x000001ab7f93c340 JavaThread "Timer-1502"                        [_thread_blocked, id=25300, stack(0x00000077bda00000,0x00000077bdb00000) (1024K)]
  0x000001ab7f93a900 JavaThread "Timer-1503"                        [_thread_blocked, id=44588, stack(0x000000778a500000,0x000000778a600000) (1024K)]
  0x000001ab7f93bcb0 JavaThread "Timer-1504"                        [_thread_blocked, id=9212, stack(0x00000077bd600000,0x00000077bd700000) (1024K)]
  0x000001ab7f92d700 JavaThread "Worker-290: Initialize workspace"        [_thread_blocked, id=53784, stack(0x00000077a0200000,0x00000077a0300000) (1024K)]
  0x000001ab7f9332e0 JavaThread "Connection worker"                 [_thread_in_native, id=40360, stack(0x000000779fc00000,0x000000779fd00000) (1024K)]
  0x000001ab7f939550 JavaThread "Timer-1505"                        [_thread_blocked, id=53068, stack(0x00000077ba100000,0x00000077ba200000) (1024K)]
  0x000001ab7f93d060 JavaThread "Timer-1506"                        [_thread_blocked, id=40100, stack(0x00000077bd900000,0x00000077bda00000) (1024K)]
  0x000001ab7f93c9d0 JavaThread "Timer-1507"                        [_thread_blocked, id=53512, stack(0x00000077bcd00000,0x00000077bce00000) (1024K)]
  0x000001ab7f93af90 JavaThread "Timer-1508"                        [_thread_blocked, id=26280, stack(0x00000077bd300000,0x00000077bd400000) (1024K)]
  0x000001ab7f9381a0 JavaThread "Timer-1509"                        [_thread_blocked, id=48068, stack(0x00000077bdb00000,0x00000077bdc00000) (1024K)]
  0x000001ab7f93eaa0 JavaThread "Timer-1510"                        [_thread_blocked, id=30084, stack(0x00000077bdc00000,0x00000077bdd00000) (1024K)]
  0x000001ab7f93dd80 JavaThread "Connection worker"                 [_thread_in_native, id=10208, stack(0x00000077bdd00000,0x00000077bde00000) (1024K)]
  0x000001ab7f93b620 JavaThread "Timer-1511"                        [_thread_blocked, id=5784, stack(0x00000077bdf00000,0x00000077be000000) (1024K)]
  0x000001ab7f93f7c0 JavaThread "Timer-1512"                        [_thread_blocked, id=31368, stack(0x00000077be100000,0x00000077be200000) (1024K)]
  0x000001ab7f941200 JavaThread "Timer-1513"                        [_thread_blocked, id=14032, stack(0x00000077be200000,0x00000077be300000) (1024K)]
  0x000001ab7f93fe50 JavaThread "Timer-1514"                        [_thread_blocked, id=48228, stack(0x00000077be000000,0x00000077be100000) (1024K)]
  0x000001ab7f9425b0 JavaThread "Timer-1515"                        [_thread_blocked, id=38332, stack(0x00000077be300000,0x00000077be400000) (1024K)]
  0x000001ab7f9404e0 JavaThread "Timer-1516"                        [_thread_blocked, id=32092, stack(0x00000077be500000,0x00000077be600000) (1024K)]
  0x000001ab7f92f7d0 JavaThread "Worker-310: Initialize workspace"        [_thread_blocked, id=39344, stack(0x00000077a7400000,0x00000077a7500000) (1024K)]
  0x000001ab7f934690 JavaThread "Timer-1517"                        [_thread_blocked, id=27044, stack(0x00000077bbf00000,0x00000077bc000000) (1024K)]
  0x000001ab7f941890 JavaThread "Timer-1518"                        [_thread_blocked, id=42540, stack(0x00000077bc400000,0x00000077bc500000) (1024K)]
  0x000001ab7f93e410 JavaThread "Timer-1519"                        [_thread_blocked, id=19992, stack(0x00000077bde00000,0x00000077bdf00000) (1024K)]
  0x000001ab7f940b70 JavaThread "Timer-1520"                        [_thread_blocked, id=47456, stack(0x00000077bc200000,0x00000077bc300000) (1024K)]
  0x000001ab7f93f130 JavaThread "Timer-1521"                        [_thread_blocked, id=37192, stack(0x00000077be400000,0x00000077be500000) (1024K)]
  0x000001ab7f942c40 JavaThread "Timer-1522"                        [_thread_blocked, id=47100, stack(0x00000077be600000,0x00000077be700000) (1024K)]
  0x000001ab7f930b80 JavaThread "Worker-320: Initialize workspace"        [_thread_blocked, id=48232, stack(0x00000077a4000000,0x00000077a4100000) (1024K)]
  0x000001ab7f9318a0 JavaThread "Connection worker"                 [_thread_in_native, id=36248, stack(0x0000007798d00000,0x0000007798e00000) (1024K)]
  0x000001ab7f943ff0 JavaThread "Timer-1523"                        [_thread_blocked, id=40876, stack(0x00000077be800000,0x00000077be900000) (1024K)]
  0x000001ab7f944d10 JavaThread "Timer-1524"                        [_thread_blocked, id=44932, stack(0x00000077bea00000,0x00000077beb00000) (1024K)]
  0x000001ab7f946750 JavaThread "Timer-1525"                        [_thread_blocked, id=51168, stack(0x00000077be900000,0x00000077bea00000) (1024K)]
  0x000001ab7f944680 JavaThread "Timer-1526"                        [_thread_blocked, id=17772, stack(0x00000077bec00000,0x00000077bed00000) (1024K)]
  0x000001ab7f9432d0 JavaThread "Timer-1527"                        [_thread_blocked, id=48088, stack(0x00000077bd200000,0x00000077bd300000) (1024K)]
  0x000001ab7f946de0 JavaThread "Timer-1528"                        [_thread_blocked, id=38568, stack(0x00000077beb00000,0x00000077bec00000) (1024K)]
  0x000001ab7f943960 JavaThread "Worker-331: Initialize workspace"        [_thread_blocked, id=53128, stack(0x00000077bd700000,0x00000077bd800000) (1024K)]
  0x000001ab7f939be0 JavaThread "Connection worker"                 [_thread_in_native, id=47992, stack(0x00000077be700000,0x00000077be800000) (1024K)]
  0x000001ab7f947470 JavaThread "Timer-1529"                        [_thread_blocked, id=9236, stack(0x00000077bef00000,0x00000077bf000000) (1024K)]
  0x000001ab7f945a30 JavaThread "Timer-1530"                        [_thread_blocked, id=27512, stack(0x00000077bf100000,0x00000077bf200000) (1024K)]
  0x000001ab7f947b00 JavaThread "Timer-1531"                        [_thread_blocked, id=4296, stack(0x00000077bf200000,0x00000077bf300000) (1024K)]
  0x000001ab7f948820 JavaThread "Timer-1532"                        [_thread_blocked, id=21772, stack(0x00000077bf400000,0x00000077bf500000) (1024K)]
  0x000001ab7f9453a0 JavaThread "Timer-1533"                        [_thread_blocked, id=38320, stack(0x00000077bf300000,0x00000077bf400000) (1024K)]
  0x000001ab7f94bca0 JavaThread "Timer-1534"                        [_thread_blocked, id=45728, stack(0x00000077bf600000,0x00000077bf700000) (1024K)]
  0x000001ab7f937480 JavaThread "Worker-342: Initialize workspace"        [_thread_blocked, id=41716, stack(0x000000778e200000,0x000000778e300000) (1024K)]
  0x000001ab7f94af80 JavaThread "Connection worker"                 [_thread_in_native, id=50196, stack(0x00000077bc100000,0x00000077bc200000) (1024K)]
  0x000001ab7f948190 JavaThread "Timer-1535"                        [_thread_blocked, id=39836, stack(0x00000077bee00000,0x00000077bef00000) (1024K)]
  0x000001ab7f94c330 JavaThread "Timer-1536"                        [_thread_blocked, id=39932, stack(0x00000077bf700000,0x00000077bf800000) (1024K)]
  0x000001ab7f94c9c0 JavaThread "Timer-1537"                        [_thread_blocked, id=48120, stack(0x00000077bf900000,0x00000077bfa00000) (1024K)]
  0x000001ab7f94d050 JavaThread "Timer-1538"                        [_thread_blocked, id=53184, stack(0x00000077bfa00000,0x00000077bfb00000) (1024K)]
  0x000001ab7f949540 JavaThread "Timer-1539"                        [_thread_blocked, id=25044, stack(0x00000077bf800000,0x00000077bf900000) (1024K)]
  0x000001ab7f94b610 JavaThread "Timer-1540"                        [_thread_blocked, id=30432, stack(0x00000077bfc00000,0x00000077bfd00000) (1024K)]
  0x000001ab7f948eb0 JavaThread "Worker-353: Initialize workspace"        [_thread_blocked, id=27276, stack(0x0000007787a00000,0x0000007787b00000) (1024K)]
  0x000001ab7f94a260 JavaThread "Connection worker"                 [_thread_in_native, id=48696, stack(0x00000077bfb00000,0x00000077bfc00000) (1024K)]
  0x000001ab7f94f7b0 JavaThread "Timer-1541"                        [_thread_blocked, id=5172, stack(0x00000077bff00000,0x00000077c0000000) (1024K)]
  0x000001ab7f94e400 JavaThread "Timer-1542"                        [_thread_blocked, id=37400, stack(0x00000077c0100000,0x00000077c0200000) (1024K)]
  0x000001ab7f94fe40 JavaThread "Timer-1543"                        [_thread_blocked, id=31720, stack(0x00000077c0200000,0x00000077c0300000) (1024K)]
  0x000001ab7f94f120 JavaThread "Timer-1544"                        [_thread_blocked, id=36148, stack(0x00000077c0400000,0x00000077c0500000) (1024K)]
  0x000001ab7f949bd0 JavaThread "Timer-1545"                        [_thread_blocked, id=42760, stack(0x00000077af800000,0x00000077af900000) (1024K)]
  0x000001ab7f94d6e0 JavaThread "Timer-1546"                        [_thread_blocked, id=29820, stack(0x00000077bfe00000,0x00000077bff00000) (1024K)]
  0x000001ab7f9504d0 JavaThread "Worker-365: Initialize workspace"        [_thread_blocked, id=53240, stack(0x00000077b0e00000,0x00000077b0f00000) (1024K)]
  0x000001ab7f94a8f0 JavaThread "Connection worker"                 [_thread_in_native, id=28580, stack(0x00000077bfd00000,0x00000077bfe00000) (1024K)]
  0x000001ab7f950b60 JavaThread "Timer-1547"                        [_thread_blocked, id=20228, stack(0x00000077bf000000,0x00000077bf100000) (1024K)]
  0x000001ab7f951880 JavaThread "Timer-1548"                        [_thread_blocked, id=12208, stack(0x00000077c0000000,0x00000077c0100000) (1024K)]
  0x000001ab7f951f10 JavaThread "Timer-1549"                        [_thread_blocked, id=50408, stack(0x00000077c0500000,0x00000077c0600000) (1024K)]
  0x000001ab7f94dd70 JavaThread "Timer-1550"                        [_thread_blocked, id=46644, stack(0x00000077c0300000,0x00000077c0400000) (1024K)]
  0x000001ab7f94ea90 JavaThread "Timer-1551"                        [_thread_blocked, id=45632, stack(0x00000077c0600000,0x00000077c0700000) (1024K)]
  0x000001ab7f954670 JavaThread "Timer-1552"                        [_thread_blocked, id=40412, stack(0x00000077c0800000,0x00000077c0900000) (1024K)]
  0x000001ab7f953950 JavaThread "Worker-378: Initialize workspace"        [_thread_blocked, id=5348, stack(0x00000077bf500000,0x00000077bf600000) (1024K)]
  0x000001ab7f9460c0 JavaThread "Connection worker"                 [_thread_in_native, id=36080, stack(0x00000077bed00000,0x00000077bee00000) (1024K)]
  0x000001ab7f9511f0 JavaThread "Timer-1553"                        [_thread_blocked, id=8544, stack(0x00000077c0900000,0x00000077c0a00000) (1024K)]
  0x000001ab7f9532c0 JavaThread "Timer-1554"                        [_thread_blocked, id=30600, stack(0x00000077c0b00000,0x00000077c0c00000) (1024K)]
  0x000001ab7f952c30 JavaThread "Timer-1555"                        [_thread_blocked, id=28400, stack(0x00000077c0d00000,0x00000077c0e00000) (1024K)]
  0x000001ab7f9560b0 JavaThread "Timer-1556"                        [_thread_blocked, id=32216, stack(0x00000077c0f00000,0x00000077c1000000) (1024K)]
  0x000001ab7f957460 JavaThread "Timer-1557"                        [_thread_blocked, id=45824, stack(0x00000077c0e00000,0x00000077c0f00000) (1024K)]
  0x000001ab7f957af0 JavaThread "Timer-1558"                        [_thread_blocked, id=17960, stack(0x00000077c1300000,0x00000077c1400000) (1024K)]
  0x000001ab7f953fe0 JavaThread "Worker-391: Initialize workspace"        [_thread_blocked, id=51332, stack(0x00000077c0700000,0x00000077c0800000) (1024K)]
  0x000001ab7f956740 JavaThread "Connection worker"                 [_thread_in_native, id=47912, stack(0x00000077c1000000,0x00000077c1100000) (1024K)]
  0x000001ab7f958ea0 JavaThread "Timer-1559"                        [_thread_blocked, id=42980, stack(0x00000077c1500000,0x00000077c1600000) (1024K)]
  0x000001ab7f956dd0 JavaThread "Timer-1560"                        [_thread_blocked, id=38104, stack(0x00000077c1700000,0x00000077c1800000) (1024K)]
  0x000001ab7f95bc90 JavaThread "Timer-1561"                        [_thread_blocked, id=48276, stack(0x00000077c1800000,0x00000077c1900000) (1024K)]
  0x000001ab7f95a250 JavaThread "Timer-1562"                        [_thread_blocked, id=30704, stack(0x00000077c1a00000,0x00000077c1b00000) (1024K)]
  0x000001ab7f95a8e0 JavaThread "Timer-1563"                        [_thread_blocked, id=45656, stack(0x00000077c1900000,0x00000077c1a00000) (1024K)]
  0x000001ab7f959530 JavaThread "Timer-1564"                        [_thread_blocked, id=19012, stack(0x00000077c1c00000,0x00000077c1d00000) (1024K)]
  0x000001ab7f954d00 JavaThread "Worker-401: Initialize workspace"        [_thread_blocked, id=24772, stack(0x00000077c1400000,0x00000077c1500000) (1024K)]
  0x000001ab7f95c320 JavaThread "Connection worker"                 [_thread_in_native, id=2000, stack(0x00000077c1d00000,0x00000077c1e00000) (1024K)]
  0x000001ab7f959bc0 JavaThread "Timer-1565"                        [_thread_blocked, id=4916, stack(0x00000077c1f00000,0x00000077c2000000) (1024K)]
  0x000001ab7f95d6d0 JavaThread "Timer-1566"                        [_thread_blocked, id=35288, stack(0x00000077c2300000,0x00000077c2400000) (1024K)]
  0x000001ab7f95f7a0 JavaThread "Timer-1567"                        [_thread_blocked, id=20444, stack(0x00000077c2100000,0x00000077c2200000) (1024K)]
  0x000001ab7f95fe30 JavaThread "Timer-1568"                        [_thread_blocked, id=34140, stack(0x00000077c2200000,0x00000077c2300000) (1024K)]
  0x000001ab7f95dd60 JavaThread "Timer-1569"                        [_thread_blocked, id=20532, stack(0x00000077c2400000,0x00000077c2500000) (1024K)]
  0x000001ab7f960b50 JavaThread "Timer-1570"                        [_thread_blocked, id=21568, stack(0x00000077c2800000,0x00000077c2900000) (1024K)]
  0x000001ab7f95c9b0 JavaThread "Timer-1571"                        [_thread_blocked, id=17184, stack(0x00000077b2300000,0x00000077b2400000) (1024K)]
  0x000001ab7f9611e0 JavaThread "Timer-1572"                        [_thread_blocked, id=30644, stack(0x00000077c2500000,0x00000077c2600000) (1024K)]
  0x000001ab7f961870 JavaThread "Timer-1573"                        [_thread_blocked, id=33120, stack(0x00000077b5200000,0x00000077b5300000) (1024K)]
  0x000001ab7f95e3f0 JavaThread "Timer-1574"                        [_thread_blocked, id=37084, stack(0x00000077c2700000,0x00000077c2800000) (1024K)]
  0x000001ab7f961f00 JavaThread "Timer-1575"                        [_thread_blocked, id=45836, stack(0x00000077c1b00000,0x00000077c1c00000) (1024K)]
  0x000001ab7f962590 JavaThread "Timer-1576"                        [_thread_blocked, id=22280, stack(0x00000077c2900000,0x00000077c2a00000) (1024K)]
  0x000001ab7f955390 JavaThread "Worker-421: Initialize workspace"        [_thread_blocked, id=36948, stack(0x00000077a6300000,0x00000077a6400000) (1024K)]
  0x000001ab7f958810 JavaThread "Connection worker"                 [_thread_in_native, id=48200, stack(0x00000077c1600000,0x00000077c1700000) (1024K)]
  0x000001ab7f9632b0 JavaThread "Timer-1577"                        [_thread_blocked, id=53532, stack(0x00000077c2b00000,0x00000077c2c00000) (1024K)]
  0x000001ab7f9660a0 JavaThread "Timer-1578"                        [_thread_blocked, id=50968, stack(0x00000077c2e00000,0x00000077c2f00000) (1024K)]
  0x000001ab7f964cf0 JavaThread "Timer-1579"                        [_thread_blocked, id=13632, stack(0x00000077c2c00000,0x00000077c2d00000) (1024K)]
  0x000001ab7f9604c0 JavaThread "Timer-1580"                        [_thread_blocked, id=12768, stack(0x00000077c2d00000,0x00000077c2e00000) (1024K)]
  0x000001ab7f966730 JavaThread "Timer-1581"                        [_thread_blocked, id=25320, stack(0x00000077c2f00000,0x00000077c3000000) (1024K)]
  0x000001ab7f966dc0 JavaThread "Timer-1582"                        [_thread_blocked, id=29688, stack(0x00000077c3100000,0x00000077c3200000) (1024K)]
  0x000001ab7f963940 JavaThread "Worker-429: Initialize workspace"        [_thread_blocked, id=38832, stack(0x00000077c3000000,0x00000077c3100000) (1024K)]
  0x000001ab7f95f110 JavaThread "Connection worker"                 [_thread_in_native, id=43784, stack(0x00000077c1200000,0x00000077c1300000) (1024K)]
  0x000001ab7f967450 JavaThread "Timer-1583"                        [_thread_blocked, id=39052, stack(0x00000077c3400000,0x00000077c3500000) (1024K)]
  0x000001ab7f964660 JavaThread "Timer-1584"                        [_thread_blocked, id=39864, stack(0x00000077c3600000,0x00000077c3700000) (1024K)]
  0x000001ab7f967ae0 JavaThread "Timer-1585"                        [_thread_blocked, id=20864, stack(0x00000077c3700000,0x00000077c3800000) (1024K)]
  0x000001ab7f968170 JavaThread "Timer-1586"                        [_thread_blocked, id=8152, stack(0x00000077c3900000,0x00000077c3a00000) (1024K)]
  0x000001ab7f941f20 JavaThread "Timer-1587"                        [_thread_blocked, id=25400, stack(0x00000077c3800000,0x00000077c3900000) (1024K)]
  0x000001ab7f968800 JavaThread "Timer-1588"                        [_thread_blocked, id=48296, stack(0x00000077c3b00000,0x00000077c3c00000) (1024K)]
  0x000001ab7ba9f6c0 JavaThread "Connection worker"                 [_thread_in_native, id=45892, stack(0x00000077c3a00000,0x00000077c3b00000) (1024K)]
  0x000001ab7ba9d5f0 JavaThread "Timer-1589"                        [_thread_blocked, id=32380, stack(0x00000077c3c00000,0x00000077c3d00000) (1024K)]
  0x000001ab7ba86670 JavaThread "Timer-1590"                        [_thread_blocked, id=24324, stack(0x00000077c4000000,0x00000077c4100000) (1024K)]
  0x000001ab7ba90a80 JavaThread "Timer-1591"                        [_thread_blocked, id=23756, stack(0x00000077c4100000,0x00000077c4200000) (1024K)]
  0x000001ab793b90d0 JavaThread "Timer-1592"                        [_thread_blocked, id=47056, stack(0x00000077c4200000,0x00000077c4300000) (1024K)]
  0x000001ab793bcbe0 JavaThread "Timer-1593"                        [_thread_blocked, id=21816, stack(0x00000077c3200000,0x00000077c3300000) (1024K)]
  0x000001ab793e2110 JavaThread "Timer-1594"                        [_thread_blocked, id=28948, stack(0x00000077c4300000,0x00000077c4400000) (1024K)]
  0x000001ab7f958180 JavaThread "Worker-452: Initialize workspace"        [_thread_blocked, id=53344, stack(0x00000077ac500000,0x00000077ac600000) (1024K)]
  0x000001ab7f965a10 JavaThread "Timer-1595"                        [_thread_blocked, id=50620, stack(0x00000077c2a00000,0x00000077c2b00000) (1024K)]
  0x000001ab7f963fd0 JavaThread "Timer-1596"                        [_thread_blocked, id=15476, stack(0x00000077c3e00000,0x00000077c3f00000) (1024K)]
  0x000001ab7112b340 JavaThread "Timer-1597"                        [_thread_blocked, id=48936, stack(0x00000077c4500000,0x00000077c4600000) (1024K)]
  0x000001ab711071c0 JavaThread "Timer-1598"                        [_thread_blocked, id=12412, stack(0x00000077c4400000,0x00000077c4500000) (1024K)]
  0x000001ab7aeee610 JavaThread "Timer-1599"                        [_thread_blocked, id=29184, stack(0x00000077b6f00000,0x00000077b7000000) (1024K)]
  0x000001ab7aedab10 JavaThread "Timer-1600"                        [_thread_blocked, id=42960, stack(0x00000077c4600000,0x00000077c4700000) (1024K)]
  0x000001ab7ba69b10 JavaThread "Worker-464: Initialize workspace"        [_thread_blocked, id=37120, stack(0x00000077c1100000,0x00000077c1200000) (1024K)]
  0x000001ab7ba60420 JavaThread "Connection worker"                 [_thread_in_native, id=49296, stack(0x0000007792900000,0x0000007792a00000) (1024K)]
  0x000001ab7f965380 JavaThread "Timer-1601"                        [_thread_blocked, id=6636, stack(0x00000077c4700000,0x00000077c4800000) (1024K)]
  0x000001ab77b064f0 JavaThread "Timer-1602"                        [_thread_blocked, id=14372, stack(0x00000077c4900000,0x00000077c4a00000) (1024K)]
  0x000001ab77b03070 JavaThread "Timer-1603"                        [_thread_blocked, id=34080, stack(0x00000077c4a00000,0x00000077c4b00000) (1024K)]
  0x000001ab793ec520 JavaThread "Timer-1604"                        [_thread_blocked, id=42788, stack(0x00000077c4b00000,0x00000077c4c00000) (1024K)]
  0x000001ab6b7671c0 JavaThread "Timer-1605"                        [_thread_blocked, id=25128, stack(0x00000077c1e00000,0x00000077c1f00000) (1024K)]
  0x000001ab7f95d040 JavaThread "Timer-1606"                        [_thread_blocked, id=49200, stack(0x00000077c2000000,0x00000077c2100000) (1024K)]
  0x000001ab7ba96660 JavaThread "Connection worker"                 [_thread_in_native, id=43280, stack(0x00000077c4c00000,0x00000077c4d00000) (1024K)]
  0x000001ab7113ee40 JavaThread "Timer-1607"                        [_thread_blocked, id=54200, stack(0x00000077c4f00000,0x00000077c5000000) (1024K)]
  0x000001ab6ba70660 JavaThread "Timer-1608"                        [_thread_blocked, id=42036, stack(0x00000077c5200000,0x00000077c5300000) (1024K)]
  0x000001ab7aef6fe0 JavaThread "Timer-1609"                        [_thread_blocked, id=46484, stack(0x00000077c5300000,0x00000077c5400000) (1024K)]
  0x000001ab70c60690 JavaThread "Timer-1610"                        [_thread_blocked, id=25504, stack(0x00000077c5100000,0x00000077c5200000) (1024K)]
  0x000001ab01b66500 JavaThread "Timer-1611"                        [_thread_blocked, id=51620, stack(0x00000077c5600000,0x00000077c5700000) (1024K)]
  0x000001ab01b67220 JavaThread "Timer-1612"                        [_thread_blocked, id=45884, stack(0x00000077c5500000,0x00000077c5600000) (1024K)]
  0x000001ab01b65e70 JavaThread "Worker-488: Initialize workspace"        [_thread_blocked, id=22044, stack(0x00000077c4800000,0x00000077c4900000) (1024K)]
  0x000001ab01b657e0 JavaThread "Timer-1613"                        [_thread_blocked, id=33784, stack(0x00000077c5b00000,0x00000077c5c00000) (1024K)]
  0x000001ab01b69980 JavaThread "Timer-1614"                        [_thread_blocked, id=44288, stack(0x00000077c5d00000,0x00000077c5e00000) (1024K)]
  0x000001ab01b6b3c0 JavaThread "Timer-1615"                        [_thread_blocked, id=52060, stack(0x00000077c5e00000,0x00000077c5f00000) (1024K)]
  0x000001ab01b6ba50 JavaThread "Timer-1616"                        [_thread_blocked, id=32612, stack(0x00000077c5f00000,0x00000077c6000000) (1024K)]
  0x000001ab01b685d0 JavaThread "Timer-1617"                        [_thread_blocked, id=39256, stack(0x00000077c3d00000,0x00000077c3e00000) (1024K)]
  0x000001ab01b6c0e0 JavaThread "Timer-1618"                        [_thread_blocked, id=45412, stack(0x00000077c5a00000,0x00000077c5b00000) (1024K)]
  0x000001ab01b67f40 JavaThread "Connection worker"                 [_thread_in_native, id=41568, stack(0x00000077c3f00000,0x00000077c4000000) (1024K)]
  0x000001ab01b6a010 JavaThread "Timer-1619"                        [_thread_blocked, id=44020, stack(0x00000077c5400000,0x00000077c5500000) (1024K)]
  0x000001ab01b6a6a0 JavaThread "Timer-1620"                        [_thread_blocked, id=39888, stack(0x00000077c5c00000,0x00000077c5d00000) (1024K)]
  0x000001ab01b6ad30 JavaThread "Timer-1621"                        [_thread_blocked, id=6648, stack(0x00000077c6100000,0x00000077c6200000) (1024K)]
  0x000001ab01b68c60 JavaThread "Timer-1622"                        [_thread_blocked, id=50928, stack(0x00000077c6000000,0x00000077c6100000) (1024K)]
  0x000001ab01b6e840 JavaThread "Timer-1623"                        [_thread_blocked, id=42020, stack(0x00000077c6200000,0x00000077c6300000) (1024K)]
  0x000001ab01b70910 JavaThread "Timer-1624"                        [_thread_blocked, id=51056, stack(0x00000077c6500000,0x00000077c6600000) (1024K)]
  0x000001ab01b692f0 JavaThread "Worker-514: Initialize workspace"        [_thread_blocked, id=15280, stack(0x00000077c6400000,0x00000077c6500000) (1024K)]
  0x000001ab01b6eed0 JavaThread "Timer-1625"                        [_thread_blocked, id=28868, stack(0x00000077c6900000,0x00000077c6a00000) (1024K)]
  0x000001ab01b6d490 JavaThread "Timer-1626"                        [_thread_blocked, id=16580, stack(0x00000077c6c00000,0x00000077c6d00000) (1024K)]
  0x000001ab01b70fa0 JavaThread "Timer-1627"                        [_thread_blocked, id=43436, stack(0x00000077c6d00000,0x00000077c6e00000) (1024K)]
  0x000001ab01b70280 JavaThread "Timer-1628"                        [_thread_blocked, id=15116, stack(0x00000077c6b00000,0x00000077c6c00000) (1024K)]
  0x000001ab01b74420 JavaThread "Timer-1629"                        [_thread_blocked, id=30364, stack(0x00000077c6e00000,0x00000077c6f00000) (1024K)]
  0x000001ab01b71630 JavaThread "Timer-1630"                        [_thread_blocked, id=21824, stack(0x00000077c7000000,0x00000077c7100000) (1024K)]
  0x000001ab01b66b90 JavaThread "Connection worker"                 [_thread_in_native, id=3796, stack(0x00000077c5000000,0x00000077c5100000) (1024K)]
  0x000001ab01b72350 JavaThread "Timer-1631"                        [_thread_blocked, id=45768, stack(0x00000077c7300000,0x00000077c7400000) (1024K)]
  0x000001ab01b757d0 JavaThread "Timer-1632"                        [_thread_blocked, id=16216, stack(0x00000077c7500000,0x00000077c7600000) (1024K)]
  0x000001ab01b73d90 JavaThread "Timer-1633"                        [_thread_blocked, id=34960, stack(0x00000077c7600000,0x00000077c7700000) (1024K)]
  0x000001ab01b75e60 JavaThread "Timer-1634"                        [_thread_blocked, id=46248, stack(0x00000077c7700000,0x00000077c7800000) (1024K)]
  0x000001ab01b729e0 JavaThread "Timer-1635"                        [_thread_blocked, id=47160, stack(0x00000077c7800000,0x00000077c7900000) (1024K)]
  0x000001ab01b73070 JavaThread "Timer-1636"                        [_thread_blocked, id=26748, stack(0x00000077c7a00000,0x00000077c7b00000) (1024K)]
  0x000001ab01b778a0 JavaThread "Timer-1637"                        [_thread_blocked, id=18116, stack(0x00000077c7900000,0x00000077c7a00000) (1024K)]
  0x000001ab01b78c50 JavaThread "Timer-1638"                        [_thread_blocked, id=19200, stack(0x00000077c7c00000,0x00000077c7d00000) (1024K)]
  0x000001ab01b79970 JavaThread "Timer-1639"                        [_thread_blocked, id=41144, stack(0x00000077c7b00000,0x00000077c7c00000) (1024K)]
  0x000001ab01b77210 JavaThread "Timer-1640"                        [_thread_blocked, id=48972, stack(0x00000077c7d00000,0x00000077c7e00000) (1024K)]
  0x000001ab01b792e0 JavaThread "Timer-1641"                        [_thread_blocked, id=31772, stack(0x00000077c7e00000,0x00000077c7f00000) (1024K)]
  0x000001ab01b7a000 JavaThread "Timer-1642"                        [_thread_blocked, id=20620, stack(0x00000077c8000000,0x00000077c8100000) (1024K)]
  0x000001ab01b73700 JavaThread "Worker-545: Initialize workspace"        [_thread_blocked, id=27596, stack(0x0000007792800000,0x0000007792900000) (1024K)]
  0x000001ab01b7b3b0 JavaThread "Timer-1643"                        [_thread_blocked, id=26004, stack(0x00000077c7200000,0x00000077c7300000) (1024K)]
  0x000001ab01b7a690 JavaThread "Timer-1644"                        [_thread_blocked, id=49008, stack(0x00000077c7f00000,0x00000077c8000000) (1024K)]
  0x000001ab01b77f30 JavaThread "Timer-1645"                        [_thread_blocked, id=14892, stack(0x00000077c8100000,0x00000077c8200000) (1024K)]
  0x000001ab01b7ba40 JavaThread "Timer-1646"                        [_thread_blocked, id=24144, stack(0x00000077c8300000,0x00000077c8400000) (1024K)]
  0x000001ab01b785c0 JavaThread "Timer-1647"                        [_thread_blocked, id=52124, stack(0x00000077a7f00000,0x00000077a8000000) (1024K)]
  0x000001ab01b7c760 JavaThread "Timer-1648"                        [_thread_blocked, id=37396, stack(0x00000077c8400000,0x00000077c8500000) (1024K)]
  0x000001ab01b764f0 JavaThread "Worker-555: Initialize workspace"        [_thread_blocked, id=31416, stack(0x000000779d100000,0x000000779d200000) (1024K)]
  0x000001ab01b7ad20 JavaThread "Connection worker"                 [_thread_in_native, id=38064, stack(0x00000077ad500000,0x00000077ad600000) (1024K)]
  0x000001ab01b7c0d0 JavaThread "Timer-1649"                        [_thread_blocked, id=29732, stack(0x00000077b3000000,0x00000077b3100000) (1024K)]
  0x000001ab01b7cdf0 JavaThread "Timer-1650"                        [_thread_blocked, id=348, stack(0x00000077b8e00000,0x00000077b8f00000) (1024K)]
  0x000001ab01b7d480 JavaThread "Timer-1651"                        [_thread_blocked, id=31332, stack(0x00000077ba600000,0x00000077ba700000) (1024K)]
  0x000001ab01b7db10 JavaThread "Timer-1652"                        [_thread_blocked, id=25872, stack(0x00000077c8200000,0x00000077c8300000) (1024K)]
  0x000001ab01b82340 JavaThread "Timer-1653"                        [_thread_blocked, id=29172, stack(0x00000077c8500000,0x00000077c8600000) (1024K)]
  0x000001ab01b80900 JavaThread "Timer-1654"                        [_thread_blocked, id=52000, stack(0x00000077c8700000,0x00000077c8800000) (1024K)]
  0x000001ab01b6ce00 JavaThread "Worker-567: Initialize workspace"        [_thread_blocked, id=17376, stack(0x0000007796d00000,0x0000007796e00000) (1024K)]
  0x000001ab01b7e830 JavaThread "Connection worker"                 [_thread_in_native, id=46460, stack(0x00000077c6300000,0x00000077c6400000) (1024K)]
  0x000001ab01b7eec0 JavaThread "Timer-1655"                        [_thread_blocked, id=43208, stack(0x00000077c6600000,0x00000077c6700000) (1024K)]
  0x000001ab01b6fbf0 JavaThread "Timer-1656"                        [_thread_blocked, id=29584, stack(0x00000077c6a00000,0x00000077c6b00000) (1024K)]
  0x000001ab01b6f560 JavaThread "Timer-1657"                        [_thread_blocked, id=50760, stack(0x00000077c6800000,0x00000077c6900000) (1024K)]
  0x000001ab01b81620 JavaThread "Timer-1658"                        [_thread_blocked, id=41648, stack(0x00000077c8800000,0x00000077c8900000) (1024K)]
  0x000001ab01b7fbe0 JavaThread "Timer-1659"                        [_thread_blocked, id=49368, stack(0x00000077c3300000,0x00000077c3400000) (1024K)]
  0x000001ab01b829d0 JavaThread "Timer-1660"                        [_thread_blocked, id=26696, stack(0x00000077c6f00000,0x00000077c7000000) (1024K)]
  0x000001ab01b81cb0 JavaThread "Worker-578: Initialize workspace"        [_thread_blocked, id=28704, stack(0x00000077c0c00000,0x00000077c0d00000) (1024K)]
  0x000001ab01b6e1b0 JavaThread "Connection worker"                 [_thread_in_native, id=5676, stack(0x00000077c8600000,0x00000077c8700000) (1024K)]
  0x000001ab01b75140 JavaThread "Timer-1661"                        [_thread_blocked, id=52728, stack(0x00000077aea00000,0x00000077aeb00000) (1024K)]
  0x000001ab01b836f0 JavaThread "Timer-1662"                        [_thread_blocked, id=50748, stack(0x00000077c8c00000,0x00000077c8d00000) (1024K)]
  0x000001ab01b80270 JavaThread "Timer-1663"                        [_thread_blocked, id=16680, stack(0x00000077c8a00000,0x00000077c8b00000) (1024K)]
  0x000001ab01b7f550 JavaThread "Timer-1664"                        [_thread_blocked, id=40928, stack(0x00000077c8d00000,0x00000077c8e00000) (1024K)]
  0x000001ab01b84410 JavaThread "Timer-1665"                        [_thread_blocked, id=33652, stack(0x00000077c8b00000,0x00000077c8c00000) (1024K)]
  0x000001ab01b83d80 JavaThread "Timer-1666"                        [_thread_blocked, id=35564, stack(0x00000077c9100000,0x00000077c9200000) (1024K)]
  0x000001ab01b83060 JavaThread "Worker-591: Initialize workspace"        [_thread_blocked, id=32260, stack(0x000000778ae00000,0x000000778af00000) (1024K)]
  0x000001ab01b80f90 JavaThread "Connection worker"                 [_thread_in_native, id=54072, stack(0x00000077ad300000,0x00000077ad400000) (1024K)]
  0x000001ab01b84aa0 JavaThread "Timer-1667"                        [_thread_blocked, id=21608, stack(0x00000077b2c00000,0x00000077b2d00000) (1024K)]
  0x000001ab01b885b0 JavaThread "Timer-1668"                        [_thread_blocked, id=42964, stack(0x00000077c8900000,0x00000077c8a00000) (1024K)]
  0x000001ab01b88c40 JavaThread "Timer-1669"                        [_thread_blocked, id=46536, stack(0x00000077c8f00000,0x00000077c9000000) (1024K)]
  0x000001ab01b857c0 JavaThread "Timer-1670"                        [_thread_blocked, id=37356, stack(0x00000077c8e00000,0x00000077c8f00000) (1024K)]
  0x000001ab01b892d0 JavaThread "Timer-1671"                        [_thread_blocked, id=44044, stack(0x00000077c9000000,0x00000077c9100000) (1024K)]
  0x000001ab01b864e0 JavaThread "Timer-1672"                        [_thread_blocked, id=35496, stack(0x00000077c9300000,0x00000077c9400000) (1024K)]
  0x000001ab01b86b70 JavaThread "Worker-600: Initialize workspace"        [_thread_blocked, id=17456, stack(0x000000779ee00000,0x000000779ef00000) (1024K)]
  0x000001ab01b87890 JavaThread "Connection worker"                 [_thread_in_native, id=51544, stack(0x00000077b0c00000,0x00000077b0d00000) (1024K)]
  0x000001ab01b85e50 JavaThread "Timer-1673"                        [_thread_blocked, id=37612, stack(0x00000077c9400000,0x00000077c9500000) (1024K)]
  0x000001ab01b8a680 JavaThread "Timer-1674"                        [_thread_blocked, id=41576, stack(0x00000077c9500000,0x00000077c9600000) (1024K)]
  0x000001ab01b89960 JavaThread "Timer-1675"                        [_thread_blocked, id=43288, stack(0x00000077c9600000,0x00000077c9700000) (1024K)]
  0x000001ab01b87200 JavaThread "Timer-1676"                        [_thread_blocked, id=49520, stack(0x00000077c9800000,0x00000077c9900000) (1024K)]
  0x000001ab01b8ad10 JavaThread "Timer-1677"                        [_thread_blocked, id=19092, stack(0x00000077c9700000,0x00000077c9800000) (1024K)]
  0x000001ab01b8cde0 JavaThread "Timer-1678"                        [_thread_blocked, id=46088, stack(0x00000077c9b00000,0x00000077c9c00000) (1024K)]
  0x000001ab01b89ff0 JavaThread "Worker-610: Initialize workspace"        [_thread_blocked, id=39128, stack(0x00000077c9200000,0x00000077c9300000) (1024K)]
  0x000001ab01b85130 JavaThread "Connection worker"                 [_thread_in_native, id=29072, stack(0x00000077c9900000,0x00000077c9a00000) (1024K)]
  0x000001ab01b8eeb0 JavaThread "Timer-1679"                        [_thread_blocked, id=50228, stack(0x00000077c9c00000,0x00000077c9d00000) (1024K)]
  0x000001ab01b8db00 JavaThread "Timer-1680"                        [_thread_blocked, id=44004, stack(0x00000077c9e00000,0x00000077c9f00000) (1024K)]
  0x000001ab01b8ba30 JavaThread "Timer-1681"                        [_thread_blocked, id=42240, stack(0x00000077c9d00000,0x00000077c9e00000) (1024K)]
  0x000001ab01b8f540 JavaThread "Timer-1682"                        [_thread_blocked, id=23436, stack(0x00000077ca000000,0x00000077ca100000) (1024K)]
  0x000001ab01b8e820 JavaThread "Timer-1683"                        [_thread_blocked, id=48264, stack(0x00000077c9f00000,0x00000077ca000000) (1024K)]
  0x000001ab01b8c0c0 JavaThread "Timer-1684"                        [_thread_blocked, id=38172, stack(0x00000077ca200000,0x00000077ca300000) (1024K)]
  0x000001ab01b8e190 JavaThread "Connection worker"                 [_thread_in_native, id=52956, stack(0x00000077c7400000,0x00000077c7500000) (1024K)]
  0x000001ab01b8b3a0 JavaThread "Timer-1685"                        [_thread_blocked, id=43348, stack(0x00000077ca500000,0x00000077ca600000) (1024K)]
  0x000001ab01b90260 JavaThread "Timer-1686"                        [_thread_blocked, id=36516, stack(0x00000077ca900000,0x00000077caa00000) (1024K)]
  0x000001ab01b91ca0 JavaThread "Timer-1687"                        [_thread_blocked, id=52048, stack(0x00000077ca700000,0x00000077ca800000) (1024K)]
  0x000001ab01b929c0 JavaThread "Timer-1688"                        [_thread_blocked, id=49420, stack(0x00000077ca800000,0x00000077ca900000) (1024K)]
  0x000001ab01b94400 JavaThread "Timer-1689"                        [_thread_blocked, id=37000, stack(0x00000077b8300000,0x00000077b8400000) (1024K)]
  0x000001ab01b92330 JavaThread "Timer-1690"                        [_thread_blocked, id=54000, stack(0x00000077caa00000,0x00000077cab00000) (1024K)]
  0x000001ab01b8fbd0 JavaThread "Timer-1691"                        [_thread_blocked, id=22148, stack(0x00000077c7100000,0x00000077c7200000) (1024K)]
  0x000001ab01b91610 JavaThread "Timer-1692"                        [_thread_blocked, id=34572, stack(0x00000077cab00000,0x00000077cac00000) (1024K)]
  0x000001ab01b964d0 JavaThread "Timer-1693"                        [_thread_blocked, id=9908, stack(0x00000077ca100000,0x00000077ca200000) (1024K)]
  0x000001ab01b96b60 JavaThread "Timer-1694"                        [_thread_blocked, id=37944, stack(0x00000077cac00000,0x00000077cad00000) (1024K)]
  0x000001ab01b936e0 JavaThread "Timer-1695"                        [_thread_blocked, id=31248, stack(0x00000077ca300000,0x00000077ca400000) (1024K)]
  0x000001ab01b95e40 JavaThread "Timer-1696"                        [_thread_blocked, id=32660, stack(0x00000077cae00000,0x00000077caf00000) (1024K)]
  0x000001ab01b93050 JavaThread "Worker-641: Initialize workspace"        [_thread_blocked, id=22316, stack(0x00000077bbe00000,0x00000077bbf00000) (1024K)]
  0x000001ab01b908f0 JavaThread "Timer-1697"                        [_thread_blocked, id=13056, stack(0x00000077c6700000,0x00000077c6800000) (1024K)]
  0x000001ab01b97880 JavaThread "Timer-1698"                        [_thread_blocked, id=31876, stack(0x00000077caf00000,0x00000077cb000000) (1024K)]
  0x000001ab01b8d470 JavaThread "Timer-1699"                        [_thread_blocked, id=13816, stack(0x00000077ca400000,0x00000077ca500000) (1024K)]
  0x000001ab01b957b0 JavaThread "Timer-1700"                        [_thread_blocked, id=46608, stack(0x00000077cb000000,0x00000077cb100000) (1024K)]
  0x000001ab01b971f0 JavaThread "Timer-1701"                        [_thread_blocked, id=23996, stack(0x00000077ca600000,0x00000077ca700000) (1024K)]
  0x000001ab01b992c0 JavaThread "Timer-1702"                        [_thread_blocked, id=51128, stack(0x00000077cb500000,0x00000077cb600000) (1024K)]
  0x000001ab01b95120 JavaThread "Timer-1703"                        [_thread_blocked, id=30528, stack(0x00000077c4d00000,0x00000077c4e00000) (1024K)]
  0x000001ab01b94a90 JavaThread "Timer-1704"                        [_thread_blocked, id=2068, stack(0x00000077cb100000,0x00000077cb200000) (1024K)]
  0x000001ab01b9c740 JavaThread "Timer-1705"                        [_thread_blocked, id=52304, stack(0x00000077cb300000,0x00000077cb400000) (1024K)]
  0x000001ab01b9ba20 JavaThread "Timer-1706"                        [_thread_blocked, id=23860, stack(0x00000077cb200000,0x00000077cb300000) (1024K)]
  0x000001ab01b9b390 JavaThread "Timer-1707"                        [_thread_blocked, id=30168, stack(0x00000077cb400000,0x00000077cb500000) (1024K)]
  0x000001ab01b9c0b0 JavaThread "Timer-1708"                        [_thread_blocked, id=53472, stack(0x00000077cb600000,0x00000077cb700000) (1024K)]
  0x000001ab01b97f10 JavaThread "Worker-661: Initialize workspace"        [_thread_blocked, id=45180, stack(0x00000077bc700000,0x00000077bc800000) (1024K)]
  0x000001ab01b9cdd0 JavaThread "Connection worker"                 [_thread_in_native, id=38696, stack(0x00000077cb700000,0x00000077cb800000) (1024K)]
  0x000001ab01b9daf0 JavaThread "Timer-1709"                        [_thread_blocked, id=27764, stack(0x00000077cbb00000,0x00000077cbc00000) (1024K)]
  0x000001ab01ba0f70 JavaThread "Timer-1710"                        [_thread_blocked, id=8864, stack(0x00000077cbd00000,0x00000077cbe00000) (1024K)]
  0x000001ab01b9e180 JavaThread "Timer-1711"                        [_thread_blocked, id=44376, stack(0x00000077cbe00000,0x00000077cbf00000) (1024K)]
  0x000001ab01ba1600 JavaThread "Timer-1712"                        [_thread_blocked, id=32496, stack(0x00000077cc000000,0x00000077cc100000) (1024K)]
  0x000001ab01b9ad00 JavaThread "Timer-1713"                        [_thread_blocked, id=52196, stack(0x00000077cbf00000,0x00000077cc000000) (1024K)]
  0x000001ab01ba08e0 JavaThread "Timer-1714"                        [_thread_blocked, id=49032, stack(0x00000077cc300000,0x00000077cc400000) (1024K)]
  0x000001ab01b99950 JavaThread "Worker-673: Initialize workspace"        [_thread_blocked, id=44148, stack(0x00000077cb800000,0x00000077cb900000) (1024K)]
  0x000001ab01b99fe0 JavaThread "Connection worker"                 [_thread_in_native, id=50476, stack(0x00000077cb900000,0x00000077cba00000) (1024K)]
  0x000001ab01b9fbc0 JavaThread "Timer-1715"                        [_thread_blocked, id=22056, stack(0x00000077cc500000,0x00000077cc600000) (1024K)]
  0x000001ab01ba29b0 JavaThread "Timer-1716"                        [_thread_blocked, id=43064, stack(0x00000077cc900000,0x00000077cca00000) (1024K)]
  0x000001ab01ba0250 JavaThread "Timer-1717"                        [_thread_blocked, id=52936, stack(0x00000077cc700000,0x00000077cc800000) (1024K)]
  0x000001ab01b9f530 JavaThread "Timer-1718"                        [_thread_blocked, id=36984, stack(0x00000077cca00000,0x00000077ccb00000) (1024K)]
  0x000001ab01ba36d0 JavaThread "Timer-1719"                        [_thread_blocked, id=52380, stack(0x00000077cc800000,0x00000077cc900000) (1024K)]
  0x000001ab01ba43f0 JavaThread "Timer-1720"                        [_thread_blocked, id=48076, stack(0x00000077ccc00000,0x00000077ccd00000) (1024K)]
  0x000001ab01b9eea0 JavaThread "Worker-688: Initialize workspace"        [_thread_blocked, id=43124, stack(0x00000077cc200000,0x00000077cc300000) (1024K)]
  0x000001ab01ba4a80 JavaThread "Connection worker"                 [_thread_in_native, id=34756, stack(0x00000077cc100000,0x00000077cc200000) (1024K)]
  0x000001ab01ba3d60 JavaThread "Timer-1721"                        [_thread_blocked, id=16756, stack(0x00000077ccf00000,0x00000077cd000000) (1024K)]
  0x000001ab01b71cc0 JavaThread "Timer-1722"                        [_thread_blocked, id=25132, stack(0x00000077cd300000,0x00000077cd400000) (1024K)]
  0x000001ab01b678b0 JavaThread "Timer-1723"                        [_thread_blocked, id=42692, stack(0x00000077cd100000,0x00000077cd200000) (1024K)]
  0x000001ab01b74ab0 JavaThread "Timer-1724"                        [_thread_blocked, id=42972, stack(0x00000077cd400000,0x00000077cd500000) (1024K)]
  0x000001ab01b76b80 JavaThread "Timer-1725"                        [_thread_blocked, id=30360, stack(0x00000077cd500000,0x00000077cd600000) (1024K)]
  0x000001ab7ba61e60 JavaThread "Timer-1726"                        [_thread_blocked, id=28196, stack(0x00000077cd700000,0x00000077cd800000) (1024K)]
  0x000001ab7ba6e9d0 JavaThread "Connection worker"                 [_thread_in_native, id=884, stack(0x00000077ccd00000,0x00000077cce00000) (1024K)]
  0x000001ab7ba780c0 JavaThread "Timer-1727"                        [_thread_blocked, id=6904, stack(0x00000077cd800000,0x00000077cd900000) (1024K)]
  0x000001ab7ba880b0 JavaThread "Timer-1728"                        [_thread_blocked, id=37520, stack(0x00000077cda00000,0x00000077cdb00000) (1024K)]
  0x000001ab7ba7cf80 JavaThread "Timer-1729"                        [_thread_blocked, id=33452, stack(0x00000077cd900000,0x00000077cda00000) (1024K)]
  0x000001ab7f955a20 JavaThread "Timer-1730"                        [_thread_blocked, id=21876, stack(0x00000077c0a00000,0x00000077c0b00000) (1024K)]
  0x000001ab7f9525a0 JavaThread "Timer-1731"                        [_thread_blocked, id=42724, stack(0x00000077b5500000,0x00000077b5600000) (1024K)]
  0x000001ab7f962c20 JavaThread "Timer-1732"                        [_thread_blocked, id=34392, stack(0x00000077c2600000,0x00000077c2700000) (1024K)]
  0x000001ab7f9325c0 JavaThread "Worker-716: Initialize workspace"        [_thread_blocked, id=52424, stack(0x000000779e000000,0x000000779e100000) (1024K)]
  0x000001ab7f95af70 JavaThread "Timer-1733"                        [_thread_blocked, id=45228, stack(0x00000077cba00000,0x00000077cbb00000) (1024K)]
  0x000001ab01b9e810 JavaThread "Timer-1734"                        [_thread_blocked, id=28544, stack(0x00000077cbc00000,0x00000077cbd00000) (1024K)]
  0x000001ab01b9d460 JavaThread "Timer-1735"                        [_thread_blocked, id=37408, stack(0x00000077cc400000,0x00000077cc500000) (1024K)]
  0x000001ab01b9a670 JavaThread "Timer-1736"                        [_thread_blocked, id=21912, stack(0x00000077cd200000,0x00000077cd300000) (1024K)]
  0x000001ab01ba3040 JavaThread "Timer-1737"                        [_thread_blocked, id=35972, stack(0x00000077cc600000,0x00000077cc700000) (1024K)]
  0x000001ab01b7e1a0 JavaThread "Timer-1738"                        [_thread_blocked, id=51012, stack(0x00000077cdb00000,0x00000077cdc00000) (1024K)]
  0x000001ab01b98c30 JavaThread "Worker-728: Initialize workspace"        [_thread_blocked, id=43112, stack(0x00000077afd00000,0x00000077afe00000) (1024K)]
  0x000001ab01ba5110 JavaThread "Connection worker"                 [_thread_in_native, id=35040, stack(0x00000077b5600000,0x00000077b5700000) (1024K)]
  0x000001ab01ba57a0 JavaThread "Timer-1739"                        [_thread_blocked, id=41668, stack(0x00000077cd000000,0x00000077cd100000) (1024K)]
  0x000001ab7aef8a20 JavaThread "Timer-1740"                        [_thread_blocked, id=50504, stack(0x00000077cde00000,0x00000077cdf00000) (1024K)]
  0x000001ab7af00040 JavaThread "Timer-1741"                        [_thread_blocked, id=8488, stack(0x00000077cdf00000,0x00000077ce000000) (1024K)]
  0x000001ab7aedf340 JavaThread "Timer-1742"                        [_thread_blocked, id=52340, stack(0x00000077ce100000,0x00000077ce200000) (1024K)]
  0x000001ab7af10d50 JavaThread "Timer-1743"                        [_thread_blocked, id=3980, stack(0x00000077ce000000,0x00000077ce100000) (1024K)]
  0x000001ab7aeebeb0 JavaThread "Timer-1744"                        [_thread_blocked, id=51368, stack(0x00000077ce300000,0x00000077ce400000) (1024K)]
  0x000001ab7aee4f20 JavaThread "Worker-739: Initialize workspace"        [_thread_blocked, id=46004, stack(0x00000077cd600000,0x00000077cd700000) (1024K)]
  0x000001ab7ba77a30 JavaThread "Connection worker"                 [_thread_in_native, id=34132, stack(0x00000077cce00000,0x00000077ccf00000) (1024K)]
  0x000001ab7ba9c8d0 JavaThread "Timer-1745"                        [_thread_blocked, id=31360, stack(0x00000077ce400000,0x00000077ce500000) (1024K)]
  0x000001ab793cab00 JavaThread "Timer-1746"                        [_thread_blocked, id=40384, stack(0x00000077ce800000,0x00000077ce900000) (1024K)]
  0x000001ab793d8390 JavaThread "Timer-1747"                        [_thread_blocked, id=21384, stack(0x00000077ce600000,0x00000077ce700000) (1024K)]
  0x000001ab793dcbc0 JavaThread "Timer-1748"                        [_thread_blocked, id=23512, stack(0x00000077ce700000,0x00000077ce800000) (1024K)]
  0x000001ab793b55c0 JavaThread "Timer-1749"                        [_thread_blocked, id=21736, stack(0x00000077ce900000,0x00000077cea00000) (1024K)]
  0x000001ab7f92f140 JavaThread "Timer-1750"                        [_thread_blocked, id=31108, stack(0x00000077ceb00000,0x00000077cec00000) (1024K)]
  0x000001ab7f95b600 JavaThread "Worker-750: Initialize workspace"        [_thread_blocked, id=26196, stack(0x00000077cdc00000,0x00000077cdd00000) (1024K)]
  0x000001ab7f93d6f0 JavaThread "Connection worker"                 [_thread_in_native, id=37196, stack(0x00000077cdd00000,0x00000077cde00000) (1024K)]
  0x000001ab7ba94590 JavaThread "Timer-1751"                        [_thread_blocked, id=7696, stack(0x00000077ce200000,0x00000077ce300000) (1024K)]
  0x000001ab671a46f0 JavaThread "Timer-1752"                        [_thread_blocked, id=49472, stack(0x00000077cf000000,0x00000077cf100000) (1024K)]
  0x000001ab671a6130 JavaThread "Timer-1753"                        [_thread_blocked, id=49860, stack(0x00000077ce500000,0x00000077ce600000) (1024K)]
  0x000001ab7ba9cf60 JavaThread "Timer-1754"                        [_thread_blocked, id=23896, stack(0x00000077cf100000,0x00000077cf200000) (1024K)]
  0x000001ab77aead40 JavaThread "Timer-1755"                        [_thread_blocked, id=38204, stack(0x00000077cee00000,0x00000077cef00000) (1024K)]
  0x000001ab685ed0e0 JavaThread "Timer-1756"                        [_thread_blocked, id=49904, stack(0x00000077cf400000,0x00000077cf500000) (1024K)]
  0x000001ab7aef0050 JavaThread "Worker-763: Initialize workspace"        [_thread_blocked, id=3672, stack(0x00000077cea00000,0x00000077ceb00000) (1024K)]
  0x000001ab711415a0 JavaThread "Connection worker"                 [_thread_in_native, id=19164, stack(0x00000077cf200000,0x00000077cf300000) (1024K)]
  0x000001ab7ba70410 JavaThread "Timer-1757"                        [_thread_blocked, id=23916, stack(0x00000077cf600000,0x00000077cf700000) (1024K)]
  0x000001ab04ac14f0 JavaThread "Timer-1758"                        [_thread_blocked, id=12148, stack(0x00000077cf800000,0x00000077cf900000) (1024K)]
  0x000001ab04ac0140 JavaThread "Timer-1759"                        [_thread_blocked, id=4572, stack(0x00000077cf900000,0x00000077cfa00000) (1024K)]
  0x000001ab04ac07d0 JavaThread "Timer-1760"                        [_thread_blocked, id=24968, stack(0x00000077cfa00000,0x00000077cfb00000) (1024K)]
  0x000001ab04abf420 JavaThread "Timer-1761"                        [_thread_blocked, id=29296, stack(0x00000077ced00000,0x00000077cee00000) (1024K)]
  0x000001ab04abe700 JavaThread "Timer-1762"                        [_thread_blocked, id=46208, stack(0x00000077cfb00000,0x00000077cfc00000) (1024K)]
  0x000001ab04abe070 JavaThread "Worker-773: Initialize workspace"        [_thread_blocked, id=6152, stack(0x00000077cec00000,0x00000077ced00000) (1024K)]
  0x000001ab04abfab0 JavaThread "Connection worker"                 [_thread_in_native, id=40572, stack(0x00000077cef00000,0x00000077cf000000) (1024K)]
  0x000001ab04abed90 JavaThread "Timer-1763"                        [_thread_blocked, id=10688, stack(0x00000077cfe00000,0x00000077cff00000) (1024K)]
  0x000001ab04ac3c50 JavaThread "Timer-1764"                        [_thread_blocked, id=39960, stack(0x00000077d0000000,0x00000077d0100000) (1024K)]
  0x000001ab04ac4970 JavaThread "Timer-1765"                        [_thread_blocked, id=44012, stack(0x00000077d0100000,0x00000077d0200000) (1024K)]
  0x000001ab04ac42e0 JavaThread "Timer-1766"                        [_thread_blocked, id=51768, stack(0x00000077d0200000,0x00000077d0300000) (1024K)]
  0x000001ab04ac63b0 JavaThread "Timer-1767"                        [_thread_blocked, id=48612, stack(0x00000077cf300000,0x00000077cf400000) (1024K)]
  0x000001ab04ac5000 JavaThread "Timer-1768"                        [_thread_blocked, id=40052, stack(0x00000077cf700000,0x00000077cf800000) (1024K)]
  0x000001ab04ac2210 JavaThread "Worker-786: Initialize workspace"        [_thread_blocked, id=23820, stack(0x00000077cf500000,0x00000077cf600000) (1024K)]
  0x000001ab04ac0e60 JavaThread "Connection worker"                 [_thread_in_native, id=41016, stack(0x00000077cfc00000,0x00000077cfd00000) (1024K)]
  0x000001ab04ac6a40 JavaThread "Timer-1769"                        [_thread_blocked, id=12364, stack(0x00000077d0400000,0x00000077d0500000) (1024K)]
  0x000001ab04ac5690 JavaThread "Timer-1770"                        [_thread_blocked, id=5424, stack(0x00000077d0600000,0x00000077d0700000) (1024K)]
  0x000001ab04ac35c0 JavaThread "Timer-1771"                        [_thread_blocked, id=8312, stack(0x00000077d0700000,0x00000077d0800000) (1024K)]
  0x000001ab04aca550 JavaThread "Timer-1772"                        [_thread_blocked, id=28448, stack(0x00000077d0900000,0x00000077d0a00000) (1024K)]
  0x000001ab04ac8480 JavaThread "Timer-1773"                        [_thread_blocked, id=29928, stack(0x00000077d0800000,0x00000077d0900000) (1024K)]
  0x000001ab04ac7760 JavaThread "Timer-1774"                        [_thread_blocked, id=26308, stack(0x00000077d0c00000,0x00000077d0d00000) (1024K)]
  0x000001ab04ac2f30 JavaThread "Connection worker"                 [_thread_in_native, id=13516, stack(0x00000077cff00000,0x00000077d0000000) (1024K)]
  0x000001ab04ac70d0 JavaThread "Timer-1775"                        [_thread_blocked, id=35580, stack(0x00000077d0e00000,0x00000077d0f00000) (1024K)]
  0x000001ab04acc620 JavaThread "Timer-1776"                        [_thread_blocked, id=48552, stack(0x00000077d1100000,0x00000077d1200000) (1024K)]
  0x000001ab04ac8b10 JavaThread "Timer-1777"                        [_thread_blocked, id=27784, stack(0x00000077d1000000,0x00000077d1100000) (1024K)]
  0x000001ab04acccb0 JavaThread "Timer-1778"                        [_thread_blocked, id=40724, stack(0x00000077d1300000,0x00000077d1400000) (1024K)]
  0x000001ab04ace060 JavaThread "Timer-1779"                        [_thread_blocked, id=42136, stack(0x00000077d1200000,0x00000077d1300000) (1024K)]
  0x000001ab04acb270 JavaThread "Timer-1780"                        [_thread_blocked, id=45540, stack(0x00000077d1500000,0x00000077d1600000) (1024K)]
  0x000001ab04acbf90 JavaThread "Worker-811: Initialize workspace"        [_thread_blocked, id=27820, stack(0x00000077d0d00000,0x00000077d0e00000) (1024K)]
  0x000001ab04aced80 JavaThread "Timer-1781"                        [_thread_blocked, id=30196, stack(0x00000077d1800000,0x00000077d1900000) (1024K)]
  0x000001ab04acfaa0 JavaThread "Timer-1782"                        [_thread_blocked, id=35036, stack(0x00000077d1a00000,0x00000077d1b00000) (1024K)]
  0x000001ab04ac7df0 JavaThread "Timer-1783"                        [_thread_blocked, id=4540, stack(0x00000077d0b00000,0x00000077d0c00000) (1024K)]
  0x000001ab04ac91a0 JavaThread "Timer-1784"                        [_thread_blocked, id=45564, stack(0x00000077d1b00000,0x00000077d1c00000) (1024K)]
  0x000001ab04ad0130 JavaThread "Timer-1785"                        [_thread_blocked, id=52172, stack(0x00000077b8600000,0x00000077b8700000) (1024K)]
  0x000001ab04ad07c0 JavaThread "Timer-1786"                        [_thread_blocked, id=49740, stack(0x00000077d0f00000,0x00000077d1000000) (1024K)]
  0x000001ab04acabe0 JavaThread "Connection worker"                 [_thread_in_native, id=7244, stack(0x00000077d1600000,0x00000077d1700000) (1024K)]
  0x000001ab04ace6f0 JavaThread "Timer-1787"                        [_thread_blocked, id=48860, stack(0x00000077d1c00000,0x00000077d1d00000) (1024K)]
  0x000001ab04ad1b70 JavaThread "Timer-1788"                        [_thread_blocked, id=42716, stack(0x00000077d1f00000,0x00000077d2000000) (1024K)]
  0x000001ab04ad14e0 JavaThread "Timer-1789"                        [_thread_blocked, id=53028, stack(0x00000077d1e00000,0x00000077d1f00000) (1024K)]
  0x000001ab04ad2200 JavaThread "Timer-1790"                        [_thread_blocked, id=932, stack(0x00000077d2100000,0x00000077d2200000) (1024K)]
  0x000001ab04ad35b0 JavaThread "Timer-1791"                        [_thread_blocked, id=47392, stack(0x00000077cad00000,0x00000077cae00000) (1024K)]
  0x000001ab04ad4ff0 JavaThread "Timer-1792"                        [_thread_blocked, id=2772, stack(0x00000077d2200000,0x00000077d2300000) (1024K)]
  0x000001ab04acb900 JavaThread "Worker-831: Initialize workspace"        [_thread_blocked, id=44560, stack(0x00000077c3500000,0x00000077c3600000) (1024K)]
  0x000001ab04ad2890 JavaThread "Timer-1793"                        [_thread_blocked, id=34232, stack(0x00000077d1d00000,0x00000077d1e00000) (1024K)]
  0x000001ab04acf410 JavaThread "Timer-1794"                        [_thread_blocked, id=38128, stack(0x00000077d2000000,0x00000077d2100000) (1024K)]
  0x000001ab04ad2f20 JavaThread "Timer-1795"                        [_thread_blocked, id=41328, stack(0x00000077d2300000,0x00000077d2400000) (1024K)]
  0x000001ab04ad6a30 JavaThread "Timer-1796"                        [_thread_blocked, id=46524, stack(0x00000077d2500000,0x00000077d2600000) (1024K)]
  0x000001ab04ac1b80 JavaThread "Timer-1797"                        [_thread_blocked, id=41428, stack(0x00000077d0300000,0x00000077d0400000) (1024K)]
  0x000001ab04ad5d10 JavaThread "Timer-1798"                        [_thread_blocked, id=42460, stack(0x00000077d2400000,0x00000077d2500000) (1024K)]
  0x000001ab04ad0e50 JavaThread "Worker-845: Initialize workspace"        [_thread_blocked, id=42188, stack(0x00000077d1400000,0x00000077d1500000) (1024K)]
  0x000001ab04ac5d20 JavaThread "Connection worker"                 [_thread_in_native, id=23884, stack(0x00000077d0500000,0x00000077d0600000) (1024K)]
  0x000001ab04ad70c0 JavaThread "Timer-1799"                        [_thread_blocked, id=38768, stack(0x00000077d2800000,0x00000077d2900000) (1024K)]
  0x000001ab04ad7750 JavaThread "Timer-1800"                        [_thread_blocked, id=16428, stack(0x00000077d2a00000,0x00000077d2b00000) (1024K)]
  0x000001ab04ad42d0 JavaThread "Timer-1801"                        [_thread_blocked, id=37524, stack(0x00000077d2c00000,0x00000077d2d00000) (1024K)]
  0x000001ab04ad5680 JavaThread "Timer-1802"                        [_thread_blocked, id=50044, stack(0x00000077d2900000,0x00000077d2a00000) (1024K)]
  0x000001ab04ad63a0 JavaThread "Timer-1803"                        [_thread_blocked, id=54736, stack(0x00000077d2d00000,0x00000077d2e00000) (1024K)]
  0x000001ab04ad9820 JavaThread "Timer-1804"                        [_thread_blocked, id=54756, stack(0x00000077d2f00000,0x00000077d3000000) (1024K)]
  0x000001ab04acd9d0 JavaThread "Worker-856: Initialize workspace"        [_thread_blocked, id=37768, stack(0x00000077c9a00000,0x00000077c9b00000) (1024K)]
  0x000001ab04ada540 JavaThread "Connection worker"                 [_thread_in_native, id=54624, stack(0x00000077d1900000,0x00000077d1a00000) (1024K)]
  0x000001ab04ad9eb0 JavaThread "Timer-1805"                        [_thread_blocked, id=12664, stack(0x00000077d2600000,0x00000077d2700000) (1024K)]
  0x000001ab04ad9190 JavaThread "Timer-1806"                        [_thread_blocked, id=27812, stack(0x00000077d3100000,0x00000077d3200000) (1024K)]
  0x000001ab04ad8470 JavaThread "Timer-1807"                        [_thread_blocked, id=54768, stack(0x00000077d3000000,0x00000077d3100000) (1024K)]
  0x000001ab04adc610 JavaThread "Timer-1808"                        [_thread_blocked, id=38504, stack(0x00000077d3300000,0x00000077d3400000) (1024K)]
  0x000001ab04ade050 JavaThread "Timer-1809"                        [_thread_blocked, id=55120, stack(0x00000077d3200000,0x00000077d3300000) (1024K)]
  0x000001ab04aded70 JavaThread "Timer-1810"                        [_thread_blocked, id=54908, stack(0x00000077d3500000,0x00000077d3600000) (1024K)]
  0x000001ab04adbf80 JavaThread "Worker-868: Initialize workspace"        [_thread_blocked, id=54440, stack(0x00000077af200000,0x00000077af300000) (1024K)]
  0x000001ab04ad8b00 JavaThread "Timer-1811"                        [_thread_blocked, id=41368, stack(0x00000077ad100000,0x00000077ad200000) (1024K)]
  0x000001ab04adcca0 JavaThread "Timer-1812"                        [_thread_blocked, id=45784, stack(0x00000077d3400000,0x00000077d3500000) (1024K)]
  0x000001ab04add330 JavaThread "Timer-1813"                        [_thread_blocked, id=54984, stack(0x000000779da00000,0x000000779db00000) (1024K)]
  0x000001ab04add9c0 JavaThread "Timer-1814"                        [_thread_blocked, id=50752, stack(0x00000077d5a00000,0x00000077d5b00000) (1024K)]
  0x000001ab04ade6e0 JavaThread "Timer-1815"                        [_thread_blocked, id=27964, stack(0x00000077d5c00000,0x00000077d5d00000) (1024K)]
  0x000001ab04ae2880 JavaThread "Timer-1816"                        [_thread_blocked, id=38580, stack(0x00000077d8000000,0x00000077d8100000) (1024K)]
  0x000001ab04adb260 JavaThread "Worker-877: Initialize workspace"        [_thread_blocked, id=38684, stack(0x00000077d2700000,0x00000077d2800000) (1024K)]
  0x000001ab04adb8f0 JavaThread "Timer-1817"                        [_thread_blocked, id=34408, stack(0x00000077d2b00000,0x00000077d2c00000) (1024K)]
  0x000001ab04ae07b0 JavaThread "Timer-1818"                        [_thread_blocked, id=49960, stack(0x00000077d6200000,0x00000077d6300000) (1024K)]
  0x000001ab04ae2f10 JavaThread "Timer-1819"                        [_thread_blocked, id=36412, stack(0x00000077da300000,0x00000077da400000) (1024K)]
  0x000001ab04ae0e40 JavaThread "Timer-1820"                        [_thread_blocked, id=28296, stack(0x00000077d9a00000,0x00000077d9b00000) (1024K)]
  0x000001ab04ae21f0 JavaThread "Timer-1821"                        [_thread_blocked, id=49232, stack(0x0000007791100000,0x0000007791200000) (1024K)]
  0x000001ab04ae14d0 JavaThread "Timer-1822"                        [_thread_blocked, id=54460, stack(0x00000077dc500000,0x00000077dc600000) (1024K)]
  0x000001ab04adfa90 JavaThread "Connection worker"                 [_thread_in_native, id=55084, stack(0x00000077e4300000,0x00000077e4400000) (1024K)]
  0x000001ab04adf400 JavaThread "Connection worker"                 [_thread_in_native, id=37692, stack(0x00000077d5900000,0x00000077d5a00000) (1024K)]
  0x000001ab04adabd0 JavaThread "Connection worker"                 [_thread_in_native, id=55036, stack(0x00000077d2e00000,0x00000077d2f00000) (1024K)]
  0x000001ab04ae5670 JavaThread "Timer-1823"                        [_thread_blocked, id=30808, stack(0x00000077f2d00000,0x00000077f2e00000) (1024K)]
  0x000001ab04ae6a20 JavaThread "Timer-1824"                        [_thread_blocked, id=35800, stack(0x00000077f4100000,0x00000077f4200000) (1024K)]
  0x000001ab04ae4950 JavaThread "Timer-1825"                        [_thread_blocked, id=31468, stack(0x00000077f5800000,0x00000077f5900000) (1024K)]
  0x000001ab04ae42c0 JavaThread "Timer-1826"                        [_thread_blocked, id=45756, stack(0x00000077f8700000,0x00000077f8800000) (1024K)]
  0x000001ab04ae3c30 JavaThread "Timer-1827"                        [_thread_blocked, id=26412, stack(0x0000007786b00000,0x0000007786c00000) (1024K)]
  0x000001ab04ae7dd0 JavaThread "Timer-1828"                        [_thread_blocked, id=4564, stack(0x000000778eb00000,0x000000778ec00000) (1024K)]
  0x000001ab04ae35a0 JavaThread "Worker-900: Initialize workspace"        [_thread_blocked, id=40376, stack(0x00000077e4d00000,0x00000077e4e00000) (1024K)]
  0x000001ab04ae8af0 JavaThread "Timer-1829"                        [_thread_blocked, id=22140, stack(0x00000077f8f00000,0x00000077f9000000) (1024K)]
  0x000001ab04ae9810 JavaThread "Timer-1830"                        [_thread_blocked, id=52808, stack(0x00000077fd900000,0x00000077fda00000) (1024K)]
  0x000001ab04ae9180 JavaThread "Timer-1831"                        [_thread_blocked, id=23480, stack(0x00000077fe600000,0x00000077fe700000) (1024K)]
  0x000001ab04ae6390 JavaThread "Timer-1832"                        [_thread_blocked, id=10532, stack(0x00000077ffd00000,0x00000077ffe00000) (1024K)]
  0x000001ab04ae5d00 JavaThread "Timer-1833"                        [_thread_blocked, id=47656, stack(0x00000077fec00000,0x00000077fed00000) (1024K)]
  0x000001ab04aeb8e0 JavaThread "Timer-1834"                        [_thread_blocked, id=44948, stack(0x0000007800100000,0x0000007800200000) (1024K)]
  0x000001ab04ae4fe0 JavaThread "Worker-912: Initialize workspace"        [_thread_blocked, id=55040, stack(0x00000077fb600000,0x00000077fb700000) (1024K)]
  0x000001ab04aeb250 JavaThread "Connection worker"                 [_thread_in_native, id=24128, stack(0x00000077ed100000,0x00000077ed200000) (1024K)]
  0x000001ab04aeabc0 JavaThread "Timer-1835"                        [_thread_blocked, id=41956, stack(0x0000007800400000,0x0000007800500000) (1024K)]
  0x000001ab04aed320 JavaThread "Timer-1836"                        [_thread_blocked, id=55128, stack(0x0000007800600000,0x0000007800700000) (1024K)]
  0x000001ab04aebf70 JavaThread "Timer-1837"                        [_thread_blocked, id=33980, stack(0x0000007800700000,0x0000007800800000) (1024K)]
  0x000001ab04ae9ea0 JavaThread "Timer-1838"                        [_thread_blocked, id=54920, stack(0x0000007800900000,0x0000007800a00000) (1024K)]
  0x000001ab04aee040 JavaThread "Timer-1839"                        [_thread_blocked, id=31016, stack(0x0000007800800000,0x0000007800900000) (1024K)]
  0x000001ab04aeed60 JavaThread "Timer-1840"                        [_thread_blocked, id=47648, stack(0x0000007800c00000,0x0000007800d00000) (1024K)]
  0x000001ab04aea530 JavaThread "Worker-925: Initialize workspace"        [_thread_blocked, id=32300, stack(0x0000007800000000,0x0000007800100000) (1024K)]
  0x000001ab04ae8460 JavaThread "Connection worker"                 [_thread_in_native, id=15124, stack(0x0000007800200000,0x0000007800300000) (1024K)]
  0x000001ab04af07a0 JavaThread "Timer-1841"                        [_thread_blocked, id=36216, stack(0x0000007801000000,0x0000007801100000) (1024K)]
  0x000001ab04af14c0 JavaThread "Timer-1842"                        [_thread_blocked, id=13324, stack(0x0000007801300000,0x0000007801400000) (1024K)]
  0x000001ab04af0e30 JavaThread "Timer-1843"                        [_thread_blocked, id=50692, stack(0x0000007801200000,0x0000007801300000) (1024K)]
  0x000001ab04aed9b0 JavaThread "Timer-1844"                        [_thread_blocked, id=28780, stack(0x0000007801500000,0x0000007801600000) (1024K)]
  0x000001ab04af1b50 JavaThread "Timer-1845"                        [_thread_blocked, id=49676, stack(0x0000007801400000,0x0000007801500000) (1024K)]
  0x000001ab04af5660 JavaThread "Timer-1846"                        [_thread_blocked, id=44456, stack(0x0000007801800000,0x0000007801900000) (1024K)]
  0x000001ab04ae70b0 JavaThread "Worker-934: Initialize workspace"        [_thread_blocked, id=48428, stack(0x00000077c4e00000,0x00000077c4f00000) (1024K)]
  0x000001ab04ae7740 JavaThread "Connection worker"                 [_thread_in_native, id=55264, stack(0x00000077c5700000,0x00000077c5800000) (1024K)]
  0x000001ab04aef3f0 JavaThread "Timer-1847"                        [_thread_blocked, id=9196, stack(0x0000007800300000,0x0000007800400000) (1024K)]
  0x000001ab04af21e0 JavaThread "Timer-1848"                        [_thread_blocked, id=36016, stack(0x0000007800a00000,0x0000007800b00000) (1024K)]
  0x000001ab04af3590 JavaThread "Timer-1849"                        [_thread_blocked, id=4952, stack(0x0000007800b00000,0x0000007800c00000) (1024K)]
  0x000001ab04af4fd0 JavaThread "Timer-1850"                        [_thread_blocked, id=45868, stack(0x0000007801700000,0x0000007801800000) (1024K)]
  0x000001ab04af3c20 JavaThread "Timer-1851"                        [_thread_blocked, id=55356, stack(0x0000007801600000,0x0000007801700000) (1024K)]
  0x000001ab04af4940 JavaThread "Timer-1852"                        [_thread_blocked, id=55376, stack(0x0000007801900000,0x0000007801a00000) (1024K)]
  0x000001ab04aefa80 JavaThread "Worker-946: Initialize workspace"        [_thread_blocked, id=55932, stack(0x00000077f8900000,0x00000077f8a00000) (1024K)]
  0x000001ab04aec600 JavaThread "Connection worker"                 [_thread_in_native, id=55940, stack(0x0000007800500000,0x0000007800600000) (1024K)]
  0x000001ab04af2870 JavaThread "Timer-1853"                        [_thread_blocked, id=56104, stack(0x0000007801a00000,0x0000007801b00000) (1024K)]
  0x000001ab04af42b0 JavaThread "Timer-1854"                        [_thread_blocked, id=56132, stack(0x0000007801d00000,0x0000007801e00000) (1024K)]
  0x000001ab04af2f00 JavaThread "Timer-1855"                        [_thread_blocked, id=56136, stack(0x0000007801e00000,0x0000007801f00000) (1024K)]
  0x000001ab04af70a0 JavaThread "Timer-1856"                        [_thread_blocked, id=56156, stack(0x0000007801c00000,0x0000007801d00000) (1024K)]
  0x000001ab04af6a10 JavaThread "Timer-1857"                        [_thread_blocked, id=55736, stack(0x0000007801f00000,0x0000007802000000) (1024K)]
  0x000001ab04af7dc0 JavaThread "Timer-1858"                        [_thread_blocked, id=39956, stack(0x0000007802100000,0x0000007802200000) (1024K)]
  0x000001ab04af7730 JavaThread "Worker-956: Initialize workspace"        [_thread_blocked, id=44428, stack(0x0000007802000000,0x0000007802100000) (1024K)]
  0x000001ab04af6380 JavaThread "Timer-1859"                        [_thread_blocked, id=11528, stack(0x0000007802200000,0x0000007802300000) (1024K)]
  0x000001ab04af9170 JavaThread "Timer-1860"                        [_thread_blocked, id=55456, stack(0x0000007802300000,0x0000007802400000) (1024K)]
  0x000001ab04af9e90 JavaThread "Timer-1861"                        [_thread_blocked, id=40616, stack(0x0000007802500000,0x0000007802600000) (1024K)]
  0x000001ab04af9800 JavaThread "Timer-1862"                        [_thread_blocked, id=55832, stack(0x0000007802400000,0x0000007802500000) (1024K)]
  0x000001ab04afb8d0 JavaThread "Timer-1863"                        [_thread_blocked, id=56388, stack(0x0000007802600000,0x0000007802700000) (1024K)]
  0x000001ab04afabb0 JavaThread "Timer-1864"                        [_thread_blocked, id=56464, stack(0x0000007802800000,0x0000007802900000) (1024K)]
  0x000001ab04af0110 JavaThread "Worker-967: Initialize workspace"        [_thread_blocked, id=57064, stack(0x0000007800d00000,0x0000007800e00000) (1024K)]
  0x000001ab04afa520 JavaThread "Connection worker"                 [_thread_in_native, id=57084, stack(0x0000007802700000,0x0000007802800000) (1024K)]
  0x000001ab04af8450 JavaThread "Connection worker"                 [_thread_in_native, id=57088, stack(0x0000007802900000,0x0000007802a00000) (1024K)]
  0x000001ab04afd310 JavaThread "Timer-1865"                        [_thread_blocked, id=56336, stack(0x0000007802e00000,0x0000007802f00000) (1024K)]
  0x000001ab04afe6c0 JavaThread "Timer-1866"                        [_thread_blocked, id=55076, stack(0x0000007803000000,0x0000007803100000) (1024K)]
  0x000001ab04afe030 JavaThread "Timer-1867"                        [_thread_blocked, id=44556, stack(0x0000007803100000,0x0000007803200000) (1024K)]
  0x000001ab04ad3c40 JavaThread "Timer-1868"                        [_thread_blocked, id=34668, stack(0x0000007803300000,0x0000007803400000) (1024K)]
  0x000001ab04ac9830 JavaThread "Timer-1869"                        [_thread_blocked, id=41348, stack(0x00000077d0a00000,0x00000077d0b00000) (1024K)]
  0x000001ab04ad7de0 JavaThread "Timer-1870"                        [_thread_blocked, id=57012, stack(0x0000007803200000,0x0000007803300000) (1024K)]
  0x000001ab04ae1b60 JavaThread "Worker-979: Initialize workspace"        [_thread_blocked, id=44080, stack(0x00000077ab100000,0x00000077ab200000) (1024K)]
  0x000001ab04afbf60 JavaThread "Connection worker"                 [_thread_in_native, id=56836, stack(0x00000077b8800000,0x00000077b8900000) (1024K)]
  0x000001ab04ac28a0 JavaThread "Timer-1871"                        [_thread_blocked, id=52692, stack(0x00000077b8f00000,0x00000077b9000000) (1024K)]
  0x000001ab04ae0120 JavaThread "Timer-1872"                        [_thread_blocked, id=55704, stack(0x00000077fbd00000,0x00000077fbe00000) (1024K)]
  0x000001ab04aecc90 JavaThread "Timer-1873"                        [_thread_blocked, id=57180, stack(0x0000007801100000,0x0000007801200000) (1024K)]
  0x000001ab04aee6d0 JavaThread "Timer-1874"                        [_thread_blocked, id=56756, stack(0x0000007802a00000,0x0000007802b00000) (1024K)]
  0x000001ab01b65150 JavaThread "Timer-1875"                        [_thread_blocked, id=31632, stack(0x000000778e100000,0x000000778e200000) (1024K)]
  0x000001ab01b87f20 JavaThread "Timer-1876"                        [_thread_blocked, id=55064, stack(0x0000007801b00000,0x0000007801c00000) (1024K)]
  0x000001ab01b93d70 JavaThread "Worker-989: Initialize workspace"        [_thread_blocked, id=54856, stack(0x0000007795d00000,0x0000007795e00000) (1024K)]
  0x000001ab01b985a0 JavaThread "Connection worker"                 [_thread_in_native, id=23328, stack(0x00000077f8600000,0x00000077f8700000) (1024K)]
  0x000001ab01ba1c90 JavaThread "Timer-1877"                        [_thread_blocked, id=33244, stack(0x0000007802c00000,0x0000007802d00000) (1024K)]
  0x000001ab04af5cf0 JavaThread "Timer-1878"                        [_thread_blocked, id=47600, stack(0x0000007803500000,0x0000007803600000) (1024K)]
  0x000001ab04afcc80 JavaThread "Timer-1879"                        [_thread_blocked, id=25136, stack(0x0000007803400000,0x0000007803500000) (1024K)]
  0x000001ab04afb240 JavaThread "Timer-1880"                        [_thread_blocked, id=27532, stack(0x0000007803700000,0x0000007803800000) (1024K)]
  0x000001ab04afd9a0 JavaThread "Timer-1881"                        [_thread_blocked, id=32856, stack(0x0000007803900000,0x0000007803a00000) (1024K)]
  0x000001ab7ba63f30 JavaThread "Timer-1882"                        [_thread_blocked, id=19748, stack(0x0000007803800000,0x0000007803900000) (1024K)]
  0x000001ab71128be0 JavaThread "Worker-1001: Initialize workspace"        [_thread_blocked, id=25416, stack(0x00000077cfd00000,0x00000077cfe00000) (1024K)]
  0x000001ab7111e140 JavaThread "Connection worker"                 [_thread_in_native, id=35296, stack(0x00000077a6a00000,0x00000077a6b00000) (1024K)]
  0x000001ab01ba2320 JavaThread "Timer-1883"                        [_thread_blocked, id=11288, stack(0x0000007802f00000,0x0000007803000000) (1024K)]
  0x000001ab793c27c0 JavaThread "Timer-1884"                        [_thread_blocked, id=29116, stack(0x0000007803a00000,0x0000007803b00000) (1024K)]
  0x000001ab793bbec0 JavaThread "Timer-1885"                        [_thread_blocked, id=42256, stack(0x0000007803b00000,0x0000007803c00000) (1024K)]
  0x000001ab793cd260 JavaThread "Timer-1886"                        [_thread_blocked, id=46848, stack(0x0000007803d00000,0x0000007803e00000) (1024K)]
  0x000001ab7aef4f10 JavaThread "Timer-1887"                        [_thread_blocked, id=32820, stack(0x0000007802b00000,0x0000007802c00000) (1024K)]
  0x000001ab04af8ae0 JavaThread "Timer-1888"                        [_thread_blocked, id=56640, stack(0x0000007803e00000,0x0000007803f00000) (1024K)]
  0x000001ab7ba745b0 JavaThread "Connection worker"                 [_thread_in_native, id=44608, stack(0x0000007803600000,0x0000007803700000) (1024K)]
  0x000001ab7ba75ff0 JavaThread "Worker-1014: Initialize workspace"        [_thread_blocked, id=31880, stack(0x00000077fc800000,0x00000077fc900000) (1024K)]
  0x000001ab7113a610 JavaThread "Timer-1889"                        [_thread_blocked, id=56244, stack(0x0000007803f00000,0x0000007804000000) (1024K)]
  0x000001ab01b90f80 JavaThread "Timer-1890"                        [_thread_blocked, id=26464, stack(0x0000007804000000,0x0000007804100000) (1024K)]
  0x000001ab01b6c770 JavaThread "Timer-1891"                        [_thread_blocked, id=43628, stack(0x0000007804100000,0x0000007804200000) (1024K)]
  0x000001ab7aee0060 JavaThread "Timer-1892"                        [_thread_blocked, id=44268, stack(0x0000007804300000,0x0000007804400000) (1024K)]
  0x000001ab04afc5f0 JavaThread "Timer-1893"                        [_thread_blocked, id=47748, stack(0x00000077a3d00000,0x00000077a3e00000) (1024K)]
  0x000001ab04ad4960 JavaThread "Timer-1894"                        [_thread_blocked, id=44308, stack(0x0000007804400000,0x0000007804500000) (1024K)]
  0x000001ab7ba88dd0 JavaThread "Worker-1022: Initialize workspace"        [_thread_blocked, id=51976, stack(0x0000007802d00000,0x0000007802e00000) (1024K)]
  0x000001ab6f517e60 JavaThread "Timer-1895"                        [_thread_blocked, id=55116, stack(0x0000007804500000,0x0000007804600000) (1024K)]
  0x000001ab04acd340 JavaThread "Timer-1896"                        [_thread_blocked, id=37648, stack(0x0000007804800000,0x0000007804900000) (1024K)]
  0x000001ab7f95ea80 JavaThread "Timer-1897"                        [_thread_blocked, id=28836, stack(0x0000007804600000,0x0000007804700000) (1024K)]
  0x000001ab71125df0 JavaThread "Timer-1898"                        [_thread_blocked, id=33932, stack(0x0000007804a00000,0x0000007804b00000) (1024K)]
  0x000001ab68de3f30 JavaThread "Timer-1899"                        [_thread_blocked, id=2728, stack(0x0000007804900000,0x0000007804a00000) (1024K)]
  0x000001ab7b4c1200 JavaThread "Timer-1900"                        [_thread_blocked, id=56644, stack(0x0000007804c00000,0x0000007804d00000) (1024K)]
  0x000001ab7b4c1f20 JavaThread "Worker-1032: Initialize workspace"        [_thread_blocked, id=39612, stack(0x0000007804b00000,0x0000007804c00000) (1024K)]
  0x000001ab7b4c1890 JavaThread "Connection worker"                 [_thread_in_native, id=49108, stack(0x00000077d1700000,0x00000077d1800000) (1024K)]
  0x000001ab7b4c32d0 JavaThread "Timer-1901"                        [_thread_blocked, id=56232, stack(0x0000007804d00000,0x0000007804e00000) (1024K)]
  0x000001ab7b4c25b0 JavaThread "Timer-1902"                        [_thread_blocked, id=48584, stack(0x0000007804f00000,0x0000007805000000) (1024K)]
  0x000001ab7b4c0b70 JavaThread "Timer-1903"                        [_thread_blocked, id=56844, stack(0x0000007805100000,0x0000007805200000) (1024K)]
  0x000001ab7b4c60c0 JavaThread "Timer-1904"                        [_thread_blocked, id=36084, stack(0x0000007805000000,0x0000007805100000) (1024K)]
  0x000001ab7b4c4680 JavaThread "Timer-1905"                        [_thread_blocked, id=40096, stack(0x0000007805200000,0x0000007805300000) (1024K)]
  0x000001ab7b4c6de0 JavaThread "Timer-1906"                        [_thread_blocked, id=35552, stack(0x0000007805400000,0x0000007805500000) (1024K)]
  0x000001ab7b4c3960 JavaThread "Worker-1045: Initialize workspace"        [_thread_blocked, id=35812, stack(0x0000007803c00000,0x0000007803d00000) (1024K)]
  0x000001ab7b4c53a0 JavaThread "Timer-1907"                        [_thread_blocked, id=54888, stack(0x0000007805300000,0x0000007805400000) (1024K)]
  0x000001ab7b4c7470 JavaThread "Timer-1908"                        [_thread_blocked, id=34372, stack(0x0000007805600000,0x0000007805700000) (1024K)]
  0x000001ab7b4c5a30 JavaThread "Timer-1909"                        [_thread_blocked, id=5132, stack(0x0000007805700000,0x0000007805800000) (1024K)]
  0x000001ab7b4c2c40 JavaThread "Timer-1910"                        [_thread_blocked, id=34112, stack(0x0000007805900000,0x0000007805a00000) (1024K)]
  0x000001ab7b4c7b00 JavaThread "Timer-1911"                        [_thread_blocked, id=56732, stack(0x0000007805800000,0x0000007805900000) (1024K)]
  0x000001ab7b4c8eb0 JavaThread "Timer-1912"                        [_thread_blocked, id=41660, stack(0x0000007805c00000,0x0000007805d00000) (1024K)]
  0x000001ab7b4c6750 JavaThread "Worker-1052: Initialize workspace"        [_thread_blocked, id=24452, stack(0x0000007804e00000,0x0000007804f00000) (1024K)]
  0x000001ab7b4c9540 JavaThread "Connection worker"                 [_thread_in_native, id=42140, stack(0x0000007805b00000,0x0000007805c00000) (1024K)]
  0x000001ab7b4c4d10 JavaThread "Connection worker"                 [_thread_in_native, id=53488, stack(0x0000007805d00000,0x0000007805e00000) (1024K)]
  0x000001ab7b4c9bd0 JavaThread "Connection worker"                 [_thread_in_native, id=57248, stack(0x0000007805e00000,0x0000007805f00000) (1024K)]
  0x000001ab7b4cdd70 JavaThread "Timer-1913"                        [_thread_blocked, id=46188, stack(0x0000007806300000,0x0000007806400000) (1024K)]
  0x000001ab7b4ce400 JavaThread "Timer-1914"                        [_thread_blocked, id=29760, stack(0x0000007806700000,0x0000007806800000) (1024K)]
  0x000001ab7b4cea90 JavaThread "Timer-1915"                        [_thread_blocked, id=55324, stack(0x0000007806600000,0x0000007806700000) (1024K)]
  0x000001ab7b4cf120 JavaThread "Timer-1916"                        [_thread_blocked, id=44060, stack(0x0000007806900000,0x0000007806a00000) (1024K)]
  0x000001ab7b4cf7b0 JavaThread "Timer-1917"                        [_thread_blocked, id=9916, stack(0x0000007804200000,0x0000007804300000) (1024K)]
  0x000001ab7b4cfe40 JavaThread "Timer-1918"                        [_thread_blocked, id=57040, stack(0x0000007806800000,0x0000007806900000) (1024K)]
  0x000001ab7b4cd6e0 JavaThread "Worker-1065: Initialize workspace"        [_thread_blocked, id=57280, stack(0x0000007804700000,0x0000007804800000) (1024K)]
  0x000001ab7b4cc9c0 JavaThread "Timer-1919"                        [_thread_blocked, id=51244, stack(0x0000007806a00000,0x0000007806b00000) (1024K)]
  0x000001ab7b4d04d0 JavaThread "Timer-1920"                        [_thread_blocked, id=29268, stack(0x0000007806c00000,0x0000007806d00000) (1024K)]
  0x000001ab7b4cd050 JavaThread "Timer-1921"                        [_thread_blocked, id=57108, stack(0x0000007806b00000,0x0000007806c00000) (1024K)]
  0x000001ab7b4ca8f0 JavaThread "Timer-1922"                        [_thread_blocked, id=40244, stack(0x0000007806d00000,0x0000007806e00000) (1024K)]
  0x000001ab7b4d3950 JavaThread "Timer-1923"                        [_thread_blocked, id=55612, stack(0x0000007806e00000,0x0000007806f00000) (1024K)]
  0x000001ab7b4d11f0 JavaThread "Timer-1924"                        [_thread_blocked, id=38704, stack(0x0000007807000000,0x0000007807100000) (1024K)]
  0x000001ab7b4c3ff0 JavaThread "Worker-1075: Initialize workspace"        [_thread_blocked, id=56564, stack(0x00000077a4c00000,0x00000077a4d00000) (1024K)]
  0x000001ab7b4cbca0 JavaThread "Connection worker"                 [_thread_in_native, id=42712, stack(0x00000077a9700000,0x00000077a9800000) (1024K)]
  0x000001ab7b4c8190 JavaThread "Connection worker"                 [_thread_in_native, id=34576, stack(0x00000077a7600000,0x00000077a7700000) (1024K)]
  0x000001ab7b4caf80 JavaThread "Timer-1925"                        [_thread_blocked, id=41864, stack(0x0000007805500000,0x0000007805600000) (1024K)]
  0x000001ab7b4c8820 JavaThread "Timer-1926"                        [_thread_blocked, id=39756, stack(0x0000007805a00000,0x0000007805b00000) (1024K)]
  0x000001ab7b4ca260 JavaThread "Timer-1927"                        [_thread_blocked, id=49132, stack(0x0000007806100000,0x0000007806200000) (1024K)]
  0x000001ab7b4cb610 JavaThread "Timer-1928"                        [_thread_blocked, id=42708, stack(0x0000007806000000,0x0000007806100000) (1024K)]
  0x000001ab7b4d25a0 JavaThread "Timer-1929"                        [_thread_blocked, id=4052, stack(0x00000077b4500000,0x00000077b4600000) (1024K)]
  0x000001ab7b4d1880 JavaThread "Timer-1930"                        [_thread_blocked, id=55288, stack(0x0000007806200000,0x0000007806300000) (1024K)]
  0x000001ab7b4d2c30 JavaThread "Worker-1085: Initialize workspace"        [_thread_blocked, id=54036, stack(0x00000077b2d00000,0x00000077b2e00000) (1024K)]
  0x000001ab7b4d3fe0 JavaThread "Timer-1931"                        [_thread_blocked, id=42452, stack(0x0000007806400000,0x0000007806500000) (1024K)]
  0x000001ab7b4d4670 JavaThread "Timer-1932"                        [_thread_blocked, id=26364, stack(0x0000007806f00000,0x0000007807000000) (1024K)]
  0x000001ab7b4d4d00 JavaThread "Timer-1933"                        [_thread_blocked, id=50292, stack(0x0000007807100000,0x0000007807200000) (1024K)]
  0x000001ab7b4d0b60 JavaThread "Timer-1934"                        [_thread_blocked, id=39772, stack(0x0000007806500000,0x0000007806600000) (1024K)]
  0x000001ab7b4d5390 JavaThread "Timer-1935"                        [_thread_blocked, id=55088, stack(0x0000007807200000,0x0000007807300000) (1024K)]
  0x000001ab7b4d6dd0 JavaThread "Timer-1936"                        [_thread_blocked, id=57228, stack(0x0000007807500000,0x0000007807600000) (1024K)]
  0x000001ab7b4d5a20 JavaThread "Connection worker"                 [_thread_in_native, id=25288, stack(0x0000007807300000,0x0000007807400000) (1024K)]
  0x000001ab7b4cc330 Thread "Unknown thread"                        [id=57020, stack(0x00000077ccb00000,0x00000077ccc00000) (1024K)]
  0x000001ab7b4d32c0 JavaThread "Timer-1937"                        [_thread_blocked, id=49708, stack(0x0000007807700000,0x0000007807800000) (1024K)]
  0x000001ab7b4d9530 JavaThread "Timer-1938"                        [_thread_blocked, id=52468, stack(0x0000007807800000,0x0000007807900000) (1024K)]
  0x000001ab7b4d9bc0 JavaThread "Timer-1939"                        [_thread_blocked, id=13024, stack(0x0000007807a00000,0x0000007807b00000) (1024K)]
  0x000001ab7b4da250 JavaThread "Timer-1940"                        [_thread_blocked, id=38772, stack(0x0000007807900000,0x0000007807a00000) (1024K)]
  0x000001ab7b4d8ea0 JavaThread "Timer-1941"                        [_thread_blocked, id=55896, stack(0x0000007807b00000,0x0000007807c00000) (1024K)]
  0x000001ab7b4da8e0 JavaThread "Timer-1942"                        [_thread_blocked, id=38424, stack(0x0000007807e00000,0x0000007807f00000) (1024K)]
  0x000001ab7b4d8180 JavaThread "Worker-1106: Initialize workspace"        [_thread_blocked, id=52752, stack(0x0000007807400000,0x0000007807500000) (1024K)]
  0x000001ab7b4dd040 JavaThread "Timer-1943"                        [_thread_blocked, id=46948, stack(0x0000007808200000,0x0000007808300000) (1024K)]
  0x000001ab7b4dbc90 JavaThread "Timer-1944"                        [_thread_blocked, id=3616, stack(0x0000007808400000,0x0000007808500000) (1024K)]
  0x000001ab7b4de3f0 JavaThread "Timer-1945"                        [_thread_blocked, id=24312, stack(0x0000007808600000,0x0000007808700000) (1024K)]
  0x000001ab7b4dc320 JavaThread "Timer-1946"                        [_thread_blocked, id=30516, stack(0x0000007808500000,0x0000007808600000) (1024K)]
  0x000001ab7b4dc9b0 JavaThread "Timer-1947"                        [_thread_blocked, id=51832, stack(0x0000007808700000,0x0000007808800000) (1024K)]
  0x000001ab7b4daf70 JavaThread "Timer-1948"                        [_thread_blocked, id=55628, stack(0x0000007808900000,0x0000007808a00000) (1024K)]
  0x000001ab7b4d7460 JavaThread "Worker-1116: Initialize workspace"        [_thread_blocked, id=19204, stack(0x00000077bb000000,0x00000077bb100000) (1024K)]
  0x000001ab7b4dd6d0 JavaThread "Connection worker"                 [_thread_in_native, id=56688, stack(0x00000077ad200000,0x00000077ad300000) (1024K)]
  0x000001ab7b4d7af0 JavaThread "Timer-1949"                        [_thread_blocked, id=54320, stack(0x0000007807d00000,0x0000007807e00000) (1024K)]
  0x000001ab7b4d8810 JavaThread "Timer-1950"                        [_thread_blocked, id=49488, stack(0x0000007807f00000,0x0000007808000000) (1024K)]
  0x000001ab7b4df7a0 JavaThread "Timer-1951"                        [_thread_blocked, id=48332, stack(0x0000007808a00000,0x0000007808b00000) (1024K)]
  0x000001ab7b4dfe30 JavaThread "Timer-1952"                        [_thread_blocked, id=33904, stack(0x0000007808c00000,0x0000007808d00000) (1024K)]
  0x000001ab7ba8fd60 JavaThread "Timer-1953"                        [_thread_blocked, id=33796, stack(0x0000007808000000,0x0000007808100000) (1024K)]
  0x000001ab7ba68df0 JavaThread "Timer-1954"                        [_thread_blocked, id=19348, stack(0x0000007808d00000,0x0000007808e00000) (1024K)]
  0x000001ab7b4dea80 JavaThread "Connection worker"                 [_thread_in_native, id=33276, stack(0x0000007808b00000,0x0000007808c00000) (1024K)]
  0x000001ab7b4df110 JavaThread "Timer-1955"                        [_thread_blocked, id=45120, stack(0x0000007808800000,0x0000007808900000) (1024K)]
  0x000001ab01b6db20 JavaThread "Timer-1956"                        [_thread_blocked, id=55380, stack(0x0000007808f00000,0x0000007809000000) (1024K)]
  0x000001ab01b8c750 JavaThread "Timer-1957"                        [_thread_blocked, id=47512, stack(0x0000007808e00000,0x0000007808f00000) (1024K)]
  0x000001ab6ba6be30 JavaThread "Timer-1958"                        [_thread_blocked, id=52204, stack(0x0000007809000000,0x0000007809100000) (1024K)]
  0x000001ab04ac9ec0 JavaThread "Timer-1959"                        [_thread_blocked, id=29348, stack(0x0000007809100000,0x0000007809200000) (1024K)]
  0x000001ab793bf9d0 JavaThread "Timer-1960"                        [_thread_blocked, id=51636, stack(0x0000007809300000,0x0000007809400000) (1024K)]
  0x000001ab7aeed8f0 JavaThread "Worker-1137: Initialize workspace"        [_thread_blocked, id=47532, stack(0x0000007807600000,0x0000007807700000) (1024K)]
  0x000001ab77b0c0d0 JavaThread "Worker-1140: Initialize Workspace"        [_thread_blocked, id=47072, stack(0x00000077afb00000,0x00000077afc00000) (1024K)]
  0x000001ab7aeda480 JavaThread "ProjectImportProgressReporter" daemon [_thread_blocked, id=34492, stack(0x0000007809400000,0x0000007809500000) (1024K)]
  0x000001ab7f92afa0 JavaThread "Timer-1961"                        [_thread_blocked, id=19928, stack(0x0000007809600000,0x0000007809700000) (1024K)]
  0x000001ab801359a0 JavaThread "Timer-1962"                        [_thread_blocked, id=55592, stack(0x0000007809900000,0x0000007809a00000) (1024K)]
  0x000001ab80133240 JavaThread "Timer-1963"                        [_thread_blocked, id=11244, stack(0x0000007809a00000,0x0000007809b00000) (1024K)]
  0x000001ab80134c80 JavaThread "Timer-1964"                        [_thread_blocked, id=22032, stack(0x0000007809800000,0x0000007809900000) (1024K)]
  0x000001ab80132520 JavaThread "Timer-1965"                        [_thread_blocked, id=57908, stack(0x00000077acc00000,0x00000077acd00000) (1024K)]
  0x000001ab80133f60 JavaThread "Timer-1966"                        [_thread_blocked, id=57920, stack(0x0000007808300000,0x0000007808400000) (1024K)]
  0x000001ab80132bb0 JavaThread "Connection worker"                 [_thread_blocked, id=57936, stack(0x0000007809500000,0x0000007809600000) (1024K)]
  0x000001ab801345f0 JavaThread "pool-657-thread-1"                 [_thread_blocked, id=57940, stack(0x0000007808100000,0x0000007808200000) (1024K)]
Total: 2168

Other Threads:
  0x000001ab1f292490 VMThread "VM Thread"                           [id=34368, stack(0x00000077d3f00000,0x00000077d4000000) (1024K)]
  0x000001ab06ca2590 WatcherThread "VM Periodic Task Thread"        [id=28248, stack(0x00000077d3e00000,0x00000077d3f00000) (1024K)]
  0x000001ab06c55660 WorkerThread "GC Thread#0"                     [id=35428, stack(0x00000077d3d00000,0x00000077d3e00000) (1024K)]
  0x000001ab66661ac0 WorkerThread "GC Thread#1"                     [id=52284, stack(0x00000077d4a00000,0x00000077d4b00000) (1024K)]
  0x000001ab6670baa0 WorkerThread "GC Thread#2"                     [id=29912, stack(0x00000077d4b00000,0x00000077d4c00000) (1024K)]
  0x000001ab6670be50 WorkerThread "GC Thread#3"                     [id=7092, stack(0x00000077d4c00000,0x00000077d4d00000) (1024K)]
  0x000001ab6670c200 WorkerThread "GC Thread#4"                     [id=24724, stack(0x00000077d4d00000,0x00000077d4e00000) (1024K)]
  0x000001ab6670c5b0 WorkerThread "GC Thread#5"                     [id=28200, stack(0x00000077d4e00000,0x00000077d4f00000) (1024K)]
  0x000001ab6658bb70 WorkerThread "GC Thread#6"                     [id=9300, stack(0x00000077d4f00000,0x00000077d5000000) (1024K)]
  0x000001ab668aabf0 WorkerThread "GC Thread#7"                     [id=32372, stack(0x00000077d5100000,0x00000077d5200000) (1024K)]
Total: 10

Threads with active compile tasks:
C2 CompilerThread0  2013530 16689       4       org.eclipse.jdt.ls.core.internal.handlers.LogHandler$1::logging (72 bytes)
Total: 1

VM state: not at safepoint (normal execution)

VM Mutex/Monitor currently owned by a thread: None

Heap address: 0x0000000080000000, size: 2048 MB, Compressed Oops mode: 32-bit

CDS archive(s) mapped at: [0x000001ab20000000-0x000001ab20ba0000-0x000001ab20ba0000), size 12189696, SharedBaseAddress: 0x000001ab20000000, ArchiveRelocationMode: 1.
Compressed class space mapped at: 0x000001ab21000000-0x000001ab61000000, reserved size: 1073741824
Narrow klass base: 0x000001ab20000000, Narrow klass shift: 0, Narrow klass range: 0x100000000

GC Precious Log:
 CardTable entry size: 512
 CPUs: 8 total, 8 available
 Memory: 16086M
 Large Page Support: Disabled
 NUMA Support: Disabled
 Compressed Oops: Enabled (32-bit)
 Alignments: Space 512K, Generation 512K, Heap 2M
 Heap Min Capacity: 100M
 Heap Initial Capacity: 100M
 Heap Max Capacity: 2G
 Pre-touch: Disabled
 Parallel Workers: 8

Heap:
 PSYoungGen      total 10752K, used 10452K [0x00000000d5580000, 0x00000000d6280000, 0x0000000100000000)
  eden space 10240K, 97% used [0x00000000d5580000,0x00000000d5f352f0,0x00000000d5f80000)
  from space 512K, 100% used [0x00000000d6180000,0x00000000d6200000,0x00000000d6200000)
  to   space 1536K, 0% used [0x00000000d5f80000,0x00000000d5f80000,0x00000000d6100000)
 ParOldGen       total 195584K, used 134343K [0x0000000080000000, 0x000000008bf00000, 0x00000000d5580000)
  object space 195584K, 68% used [0x0000000080000000,0x0000000088331e48,0x000000008bf00000)
 Metaspace       used 81079K, committed 84352K, reserved 1179648K
  class space    used 9429K, committed 10944K, reserved 1048576K

Card table byte_map: [0x000001ab1a610000,0x000001ab1aa20000] _byte_map_base: 0x000001ab1a210000

Marking Bits: (ParMarkBitMap*) 0x00007ffce3a544a0
 Begin Bits: [0x000001ab1acd0000, 0x000001ab1ccd0000)
 End Bits:   [0x000001ab1ccd0000, 0x000001ab1ecd0000)

Polling page: 0x000001ab069c0000

Metaspace:

Usage:
  Non-class:     69.97 MB used.
      Class:      9.21 MB used.
       Both:     79.18 MB used.

Virtual space:
  Non-class space:      128.00 MB reserved,      71.69 MB ( 56%) committed,  2 nodes.
      Class space:        1.00 GB reserved,      10.69 MB (  1%) committed,  1 nodes.
             Both:        1.12 GB reserved,      82.38 MB (  7%) committed. 

Chunk freelists:
   Non-Class:  7.67 MB
       Class:  5.17 MB
        Both:  12.85 MB

MaxMetaspaceSize: unlimited
CompressedClassSpaceSize: 1.00 GB
Initial GC threshold: 21.00 MB
Current GC threshold: 132.12 MB
CDS: on
 - commit_granule_bytes: 65536.
 - commit_granule_words: 8192.
 - virtual_space_node_default_size: 8388608.
 - enlarge_chunks_in_place: 1.
 - use_allocation_guard: 0.


Internal statistics:

num_allocs_failed_limit: 11.
num_arena_births: 3176.
num_arena_deaths: 28.
num_vsnodes_births: 3.
num_vsnodes_deaths: 0.
num_space_committed: 1318.
num_space_uncommitted: 0.
num_chunks_returned_to_freelist: 44.
num_chunks_taken_from_freelist: 7981.
num_chunk_merges: 17.
num_chunk_splits: 4630.
num_chunks_enlarged: 2069.
num_inconsistent_stats: 0.

CodeHeap 'non-profiled nmethods': size=120000Kb used=14366Kb max_used=14366Kb free=105633Kb
 bounds [0x000001ab12f00000, 0x000001ab13d10000, 0x000001ab1a430000]
CodeHeap 'profiled nmethods': size=120000Kb used=32064Kb max_used=32064Kb free=87935Kb
 bounds [0x000001ab0b430000, 0x000001ab0d3a0000, 0x000001ab12960000]
CodeHeap 'non-nmethods': size=5760Kb used=1397Kb max_used=1458Kb free=4362Kb
 bounds [0x000001ab12960000, 0x000001ab12bd0000, 0x000001ab12f00000]
CodeCache: size=245760Kb, used=47827Kb, max_used=47888Kb, free=197930Kb
 total_blobs=16077, nmethods=15387, adapters=596, full_count=0
Compilation: enabled, stopped_count=0, restarted_count=0

Compilation events (20 events):
Event: 2000.408 Thread 0x000001ab6600a3b0 nmethod 16679 0x000001ab0b4da110 code [0x000001ab0b4da2c0, 0x000001ab0b4da498]
Event: 2001.480 Thread 0x000001ab6600a3b0 16680       3       java.util.regex.Pattern$$Lambda/0x000001ab21069608::is (5 bytes)
Event: 2001.481 Thread 0x000001ab6600a3b0 nmethod 16680 0x000001ab0bd6e890 code [0x000001ab0bd6ea40, 0x000001ab0bd6ec98]
Event: 2001.486 Thread 0x000001ab6600a3b0 16681       3       java.util.regex.Pattern$CharPropertyGreedy::match (160 bytes)
Event: 2001.488 Thread 0x000001ab6600a3b0 nmethod 16681 0x000001ab0b5f5310 code [0x000001ab0b5f5560, 0x000001ab0b5f5ee0]
Event: 2001.533 Thread 0x000001ab1f2a8c50 16682       4       java.util.regex.Pattern$$Lambda/0x000001ab21069608::is (5 bytes)
Event: 2001.534 Thread 0x000001ab1f2a8c50 nmethod 16682 0x000001ab13d04990 code [0x000001ab13d04b20, 0x000001ab13d04c00]
Event: 2001.666 Thread 0x000001ab1f2a8c50 16683 %     4       java.util.regex.Pattern$CharPropertyGreedy::match @ 97 (160 bytes)
Event: 2001.685 Thread 0x000001ab1f2a8c50 nmethod 16683% 0x000001ab13d04d10 code [0x000001ab13d04ee0, 0x000001ab13d053b8]
Event: 2001.698 Thread 0x000001ab1f2a8c50 16684       4       java.util.regex.Pattern$CharPropertyGreedy::match (160 bytes)
Event: 2001.788 Thread 0x000001ab1f2a8c50 nmethod 16684 0x000001ab13d05810 code [0x000001ab13d05a00, 0x000001ab13d06240]
Event: 2007.196 Thread 0x000001ab6600a3b0 16686       2       java.util.regex.Pattern::lambda$union$3 (26 bytes)
Event: 2007.196 Thread 0x000001ab1f2a8c50 16685       4       java.util.regex.Pattern$$Lambda/0x800000031::is (13 bytes)
Event: 2007.198 Thread 0x000001ab6600a3b0 nmethod 16686 0x000001ab0b4d9d10 code [0x000001ab0b4d9ec0, 0x000001ab0b4da038]
Event: 2007.200 Thread 0x000001ab1f2a8c50 nmethod 16685 0x000001ab13d06990 code [0x000001ab13d06b40, 0x000001ab13d06cb8]
Event: 2007.200 Thread 0x000001ab1f2a8c50 16687       4       java.util.regex.Pattern$BmpCharProperty::match (55 bytes)
Event: 2007.204 Thread 0x000001ab1f2a8c50 nmethod 16687 0x000001ab13d06e10 code [0x000001ab13d06fc0, 0x000001ab13d072a0]
Event: 2012.838 Thread 0x000001ab1f2a8c50 16688       4       java.util.Collections::singletonMap (10 bytes)
Event: 2012.843 Thread 0x000001ab1f2a8c50 nmethod 16688 0x000001ab13d07590 code [0x000001ab13d07720, 0x000001ab13d07818]
Event: 2012.846 Thread 0x000001ab1f2a8c50 16689       4       org.eclipse.jdt.ls.core.internal.handlers.LogHandler$1::logging (72 bytes)

GC Heap History (20 events):
Event: 1985.912 GC heap before
{Heap before GC invocations=1091 (full 4):
 PSYoungGen      total 10752K, used 10463K [0x00000000d5580000, 0x00000000d6200000, 0x0000000100000000)
  eden space 10240K, 99% used [0x00000000d5580000,0x00000000d5f7fff0,0x00000000d5f80000)
  from space 512K, 43% used [0x00000000d6180000,0x00000000d61b8000,0x00000000d6200000)
  to   space 512K, 0% used [0x00000000d6100000,0x00000000d6100000,0x00000000d6180000)
 ParOldGen       total 195584K, used 132738K [0x0000000080000000, 0x000000008bf00000, 0x00000000d5580000)
  object space 195584K, 67% used [0x0000000080000000,0x00000000881a08c0,0x000000008bf00000)
 Metaspace       used 81079K, committed 84352K, reserved 1179648K
  class space    used 9429K, committed 10944K, reserved 1048576K
}
Event: 1985.917 GC heap after
{Heap after GC invocations=1091 (full 4):
 PSYoungGen      total 10752K, used 288K [0x00000000d5580000, 0x00000000d6200000, 0x0000000100000000)
  eden space 10240K, 0% used [0x00000000d5580000,0x00000000d5580000,0x00000000d5f80000)
  from space 512K, 56% used [0x00000000d6100000,0x00000000d6148000,0x00000000d6180000)
  to   space 512K, 0% used [0x00000000d6180000,0x00000000d6180000,0x00000000d6200000)
 ParOldGen       total 195584K, used 132770K [0x0000000080000000, 0x000000008bf00000, 0x00000000d5580000)
  object space 195584K, 67% used [0x0000000080000000,0x00000000881a88c0,0x000000008bf00000)
 Metaspace       used 81079K, committed 84352K, reserved 1179648K
  class space    used 9429K, committed 10944K, reserved 1048576K
}
Event: 1987.729 GC heap before
{Heap before GC invocations=1092 (full 4):
 PSYoungGen      total 10752K, used 10528K [0x00000000d5580000, 0x00000000d6200000, 0x0000000100000000)
  eden space 10240K, 100% used [0x00000000d5580000,0x00000000d5f80000,0x00000000d5f80000)
  from space 512K, 56% used [0x00000000d6100000,0x00000000d6148000,0x00000000d6180000)
  to   space 512K, 0% used [0x00000000d6180000,0x00000000d6180000,0x00000000d6200000)
 ParOldGen       total 195584K, used 132770K [0x0000000080000000, 0x000000008bf00000, 0x00000000d5580000)
  object space 195584K, 67% used [0x0000000080000000,0x00000000881a88c0,0x000000008bf00000)
 Metaspace       used 81079K, committed 84352K, reserved 1179648K
  class space    used 9429K, committed 10944K, reserved 1048576K
}
Event: 1987.774 GC heap after
{Heap after GC invocations=1092 (full 4):
 PSYoungGen      total 10752K, used 256K [0x00000000d5580000, 0x00000000d6200000, 0x0000000100000000)
  eden space 10240K, 0% used [0x00000000d5580000,0x00000000d5580000,0x00000000d5f80000)
  from space 512K, 50% used [0x00000000d6180000,0x00000000d61c0000,0x00000000d6200000)
  to   space 512K, 0% used [0x00000000d6100000,0x00000000d6100000,0x00000000d6180000)
 ParOldGen       total 195584K, used 132946K [0x0000000080000000, 0x000000008bf00000, 0x00000000d5580000)
  object space 195584K, 67% used [0x0000000080000000,0x00000000881d48d0,0x000000008bf00000)
 Metaspace       used 81079K, committed 84352K, reserved 1179648K
  class space    used 9429K, committed 10944K, reserved 1048576K
}
Event: 1991.778 GC heap before
{Heap before GC invocations=1093 (full 4):
 PSYoungGen      total 10752K, used 10496K [0x00000000d5580000, 0x00000000d6200000, 0x0000000100000000)
  eden space 10240K, 100% used [0x00000000d5580000,0x00000000d5f80000,0x00000000d5f80000)
  from space 512K, 50% used [0x00000000d6180000,0x00000000d61c0000,0x00000000d6200000)
  to   space 512K, 0% used [0x00000000d6100000,0x00000000d6100000,0x00000000d6180000)
 ParOldGen       total 195584K, used 132946K [0x0000000080000000, 0x000000008bf00000, 0x00000000d5580000)
  object space 195584K, 67% used [0x0000000080000000,0x00000000881d48d0,0x000000008bf00000)
 Metaspace       used 81079K, committed 84352K, reserved 1179648K
  class space    used 9429K, committed 10944K, reserved 1048576K
}
Event: 1991.782 GC heap after
{Heap after GC invocations=1093 (full 4):
 PSYoungGen      total 10752K, used 192K [0x00000000d5580000, 0x00000000d6200000, 0x0000000100000000)
  eden space 10240K, 0% used [0x00000000d5580000,0x00000000d5580000,0x00000000d5f80000)
  from space 512K, 37% used [0x00000000d6100000,0x00000000d6130000,0x00000000d6180000)
  to   space 512K, 0% used [0x00000000d6180000,0x00000000d6180000,0x00000000d6200000)
 ParOldGen       total 195584K, used 133026K [0x0000000080000000, 0x000000008bf00000, 0x00000000d5580000)
  object space 195584K, 68% used [0x0000000080000000,0x00000000881e8900,0x000000008bf00000)
 Metaspace       used 81079K, committed 84352K, reserved 1179648K
  class space    used 9429K, committed 10944K, reserved 1048576K
}
Event: 1992.706 GC heap before
{Heap before GC invocations=1094 (full 4):
 PSYoungGen      total 10752K, used 10432K [0x00000000d5580000, 0x00000000d6200000, 0x0000000100000000)
  eden space 10240K, 100% used [0x00000000d5580000,0x00000000d5f80000,0x00000000d5f80000)
  from space 512K, 37% used [0x00000000d6100000,0x00000000d6130000,0x00000000d6180000)
  to   space 512K, 0% used [0x00000000d6180000,0x00000000d6180000,0x00000000d6200000)
 ParOldGen       total 195584K, used 133026K [0x0000000080000000, 0x000000008bf00000, 0x00000000d5580000)
  object space 195584K, 68% used [0x0000000080000000,0x00000000881e8900,0x000000008bf00000)
 Metaspace       used 81079K, committed 84352K, reserved 1179648K
  class space    used 9429K, committed 10944K, reserved 1048576K
}
Event: 1992.710 GC heap after
{Heap after GC invocations=1094 (full 4):
 PSYoungGen      total 10752K, used 256K [0x00000000d5580000, 0x00000000d6200000, 0x0000000100000000)
  eden space 10240K, 0% used [0x00000000d5580000,0x00000000d5580000,0x00000000d5f80000)
  from space 512K, 50% used [0x00000000d6180000,0x00000000d61c0000,0x00000000d6200000)
  to   space 512K, 0% used [0x00000000d6100000,0x00000000d6100000,0x00000000d6180000)
 ParOldGen       total 195584K, used 133083K [0x0000000080000000, 0x000000008bf00000, 0x00000000d5580000)
  object space 195584K, 68% used [0x0000000080000000,0x00000000881f6ed0,0x000000008bf00000)
 Metaspace       used 81079K, committed 84352K, reserved 1179648K
  class space    used 9429K, committed 10944K, reserved 1048576K
}
Event: 1995.774 GC heap before
{Heap before GC invocations=1095 (full 4):
 PSYoungGen      total 10752K, used 10496K [0x00000000d5580000, 0x00000000d6200000, 0x0000000100000000)
  eden space 10240K, 100% used [0x00000000d5580000,0x00000000d5f80000,0x00000000d5f80000)
  from space 512K, 50% used [0x00000000d6180000,0x00000000d61c0000,0x00000000d6200000)
  to   space 512K, 0% used [0x00000000d6100000,0x00000000d6100000,0x00000000d6180000)
 ParOldGen       total 195584K, used 133083K [0x0000000080000000, 0x000000008bf00000, 0x00000000d5580000)
  object space 195584K, 68% used [0x0000000080000000,0x00000000881f6ed0,0x000000008bf00000)
 Metaspace       used 81079K, committed 84352K, reserved 1179648K
  class space    used 9429K, committed 10944K, reserved 1048576K
}
Event: 1995.776 GC heap after
{Heap after GC invocations=1095 (full 4):
 PSYoungGen      total 10752K, used 192K [0x00000000d5580000, 0x00000000d6200000, 0x0000000100000000)
  eden space 10240K, 0% used [0x00000000d5580000,0x00000000d5580000,0x00000000d5f80000)
  from space 512K, 37% used [0x00000000d6100000,0x00000000d6130000,0x00000000d6180000)
  to   space 512K, 0% used [0x00000000d6180000,0x00000000d6180000,0x00000000d6200000)
 ParOldGen       total 195584K, used 133219K [0x0000000080000000, 0x000000008bf00000, 0x00000000d5580000)
  object space 195584K, 68% used [0x0000000080000000,0x0000000088218ee0,0x000000008bf00000)
 Metaspace       used 81079K, committed 84352K, reserved 1179648K
  class space    used 9429K, committed 10944K, reserved 1048576K
}
Event: 1996.584 GC heap before
{Heap before GC invocations=1096 (full 4):
 PSYoungGen      total 10752K, used 10384K [0x00000000d5580000, 0x00000000d6200000, 0x0000000100000000)
  eden space 10240K, 99% used [0x00000000d5580000,0x00000000d5f74320,0x00000000d5f80000)
  from space 512K, 37% used [0x00000000d6100000,0x00000000d6130000,0x00000000d6180000)
  to   space 512K, 0% used [0x00000000d6180000,0x00000000d6180000,0x00000000d6200000)
 ParOldGen       total 195584K, used 133219K [0x0000000080000000, 0x000000008bf00000, 0x00000000d5580000)
  object space 195584K, 68% used [0x0000000080000000,0x0000000088218ee0,0x000000008bf00000)
 Metaspace       used 81079K, committed 84352K, reserved 1179648K
  class space    used 9429K, committed 10944K, reserved 1048576K
}
Event: 1996.587 GC heap after
{Heap after GC invocations=1096 (full 4):
 PSYoungGen      total 10752K, used 192K [0x00000000d5580000, 0x00000000d6200000, 0x0000000100000000)
  eden space 10240K, 0% used [0x00000000d5580000,0x00000000d5580000,0x00000000d5f80000)
  from space 512K, 37% used [0x00000000d6180000,0x00000000d61b0000,0x00000000d6200000)
  to   space 512K, 0% used [0x00000000d6100000,0x00000000d6100000,0x00000000d6180000)
 ParOldGen       total 195584K, used 133259K [0x0000000080000000, 0x000000008bf00000, 0x00000000d5580000)
  object space 195584K, 68% used [0x0000000080000000,0x0000000088222ee0,0x000000008bf00000)
 Metaspace       used 81079K, committed 84352K, reserved 1179648K
  class space    used 9429K, committed 10944K, reserved 1048576K
}
Event: 1996.924 GC heap before
{Heap before GC invocations=1097 (full 4):
 PSYoungGen      total 10752K, used 10431K [0x00000000d5580000, 0x00000000d6200000, 0x0000000100000000)
  eden space 10240K, 99% used [0x00000000d5580000,0x00000000d5f7fc60,0x00000000d5f80000)
  from space 512K, 37% used [0x00000000d6180000,0x00000000d61b0000,0x00000000d6200000)
  to   space 512K, 0% used [0x00000000d6100000,0x00000000d6100000,0x00000000d6180000)
 ParOldGen       total 195584K, used 133259K [0x0000000080000000, 0x000000008bf00000, 0x00000000d5580000)
  object space 195584K, 68% used [0x0000000080000000,0x0000000088222ee0,0x000000008bf00000)
 Metaspace       used 81079K, committed 84352K, reserved 1179648K
  class space    used 9429K, committed 10944K, reserved 1048576K
}
Event: 1996.928 GC heap after
{Heap after GC invocations=1097 (full 4):
 PSYoungGen      total 10752K, used 320K [0x00000000d5580000, 0x00000000d6200000, 0x0000000100000000)
  eden space 10240K, 0% used [0x00000000d5580000,0x00000000d5580000,0x00000000d5f80000)
  from space 512K, 62% used [0x00000000d6100000,0x00000000d6150000,0x00000000d6180000)
  to   space 512K, 0% used [0x00000000d6180000,0x00000000d6180000,0x00000000d6200000)
 ParOldGen       total 195584K, used 133371K [0x0000000080000000, 0x000000008bf00000, 0x00000000d5580000)
  object space 195584K, 68% used [0x0000000080000000,0x000000008823eee0,0x000000008bf00000)
 Metaspace       used 81079K, committed 84352K, reserved 1179648K
  class space    used 9429K, committed 10944K, reserved 1048576K
}
Event: 1998.921 GC heap before
{Heap before GC invocations=1098 (full 4):
 PSYoungGen      total 10752K, used 10560K [0x00000000d5580000, 0x00000000d6200000, 0x0000000100000000)
  eden space 10240K, 100% used [0x00000000d5580000,0x00000000d5f80000,0x00000000d5f80000)
  from space 512K, 62% used [0x00000000d6100000,0x00000000d6150000,0x00000000d6180000)
  to   space 512K, 0% used [0x00000000d6180000,0x00000000d6180000,0x00000000d6200000)
 ParOldGen       total 195584K, used 133371K [0x0000000080000000, 0x000000008bf00000, 0x00000000d5580000)
  object space 195584K, 68% used [0x0000000080000000,0x000000008823eee0,0x000000008bf00000)
 Metaspace       used 81079K, committed 84352K, reserved 1179648K
  class space    used 9429K, committed 10944K, reserved 1048576K
}
Event: 1998.928 GC heap after
{Heap after GC invocations=1098 (full 4):
 PSYoungGen      total 10752K, used 224K [0x00000000d5580000, 0x00000000d6200000, 0x0000000100000000)
  eden space 10240K, 0% used [0x00000000d5580000,0x00000000d5580000,0x00000000d5f80000)
  from space 512K, 43% used [0x00000000d6180000,0x00000000d61b8000,0x00000000d6200000)
  to   space 512K, 0% used [0x00000000d6100000,0x00000000d6100000,0x00000000d6180000)
 ParOldGen       total 195584K, used 133467K [0x0000000080000000, 0x000000008bf00000, 0x00000000d5580000)
  object space 195584K, 68% used [0x0000000080000000,0x0000000088256ef0,0x000000008bf00000)
 Metaspace       used 81079K, committed 84352K, reserved 1179648K
  class space    used 9429K, committed 10944K, reserved 1048576K
}
Event: 2002.410 GC heap before
{Heap before GC invocations=1099 (full 4):
 PSYoungGen      total 10752K, used 10464K [0x00000000d5580000, 0x00000000d6200000, 0x0000000100000000)
  eden space 10240K, 100% used [0x00000000d5580000,0x00000000d5f80000,0x00000000d5f80000)
  from space 512K, 43% used [0x00000000d6180000,0x00000000d61b8000,0x00000000d6200000)
  to   space 512K, 0% used [0x00000000d6100000,0x00000000d6100000,0x00000000d6180000)
 ParOldGen       total 195584K, used 133467K [0x0000000080000000, 0x000000008bf00000, 0x00000000d5580000)
  object space 195584K, 68% used [0x0000000080000000,0x0000000088256ef0,0x000000008bf00000)
 Metaspace       used 81079K, committed 84352K, reserved 1179648K
  class space    used 9429K, committed 10944K, reserved 1048576K
}
Event: 2002.416 GC heap after
{Heap after GC invocations=1099 (full 4):
 PSYoungGen      total 10752K, used 256K [0x00000000d5580000, 0x00000000d6200000, 0x0000000100000000)
  eden space 10240K, 0% used [0x00000000d5580000,0x00000000d5580000,0x00000000d5f80000)
  from space 512K, 50% used [0x00000000d6100000,0x00000000d6140000,0x00000000d6180000)
  to   space 512K, 0% used [0x00000000d6180000,0x00000000d6180000,0x00000000d6200000)
 ParOldGen       total 195584K, used 133523K [0x0000000080000000, 0x000000008bf00000, 0x00000000d5580000)
  object space 195584K, 68% used [0x0000000080000000,0x0000000088264f00,0x000000008bf00000)
 Metaspace       used 81079K, committed 84352K, reserved 1179648K
  class space    used 9429K, committed 10944K, reserved 1048576K
}
Event: 2007.538 GC heap before
{Heap before GC invocations=1100 (full 4):
 PSYoungGen      total 10752K, used 10496K [0x00000000d5580000, 0x00000000d6200000, 0x0000000100000000)
  eden space 10240K, 100% used [0x00000000d5580000,0x00000000d5f80000,0x00000000d5f80000)
  from space 512K, 50% used [0x00000000d6100000,0x00000000d6140000,0x00000000d6180000)
  to   space 512K, 0% used [0x00000000d6180000,0x00000000d6180000,0x00000000d6200000)
 ParOldGen       total 195584K, used 133523K [0x0000000080000000, 0x000000008bf00000, 0x00000000d5580000)
  object space 195584K, 68% used [0x0000000080000000,0x0000000088264f00,0x000000008bf00000)
 Metaspace       used 81079K, committed 84352K, reserved 1179648K
  class space    used 9429K, committed 10944K, reserved 1048576K
}
Event: 2007.549 GC heap after
{Heap after GC invocations=1100 (full 4):
 PSYoungGen      total 10752K, used 512K [0x00000000d5580000, 0x00000000d6280000, 0x0000000100000000)
  eden space 10240K, 0% used [0x00000000d5580000,0x00000000d5580000,0x00000000d5f80000)
  from space 512K, 100% used [0x00000000d6180000,0x00000000d6200000,0x00000000d6200000)
  to   space 1536K, 0% used [0x00000000d5f80000,0x00000000d5f80000,0x00000000d6100000)
 ParOldGen       total 195584K, used 134343K [0x0000000080000000, 0x000000008bf00000, 0x00000000d5580000)
  object space 195584K, 68% used [0x0000000080000000,0x0000000088331e48,0x000000008bf00000)
 Metaspace       used 81079K, committed 84352K, reserved 1179648K
  class space    used 9429K, committed 10944K, reserved 1048576K
}

Dll operation events (20 events):
Event: 0.335 Attempting to load shared library C:\Users\Lenovo\.vscode\extensions\redhat.java-1.56.0-win32-x64\jre\21.0.12.1-win32-x86_64\bin\zip.dll
Event: 0.336 Loaded shared library C:\Users\Lenovo\.vscode\extensions\redhat.java-1.56.0-win32-x64\jre\21.0.12.1-win32-x86_64\bin\zip.dll
Event: 0.370 Attempting to load shared library C:\Users\Lenovo\.vscode\extensions\redhat.java-1.56.0-win32-x64\jre\21.0.12.1-win32-x86_64\bin\jimage.dll
Event: 0.370 Loaded shared library C:\Users\Lenovo\.vscode\extensions\redhat.java-1.56.0-win32-x64\jre\21.0.12.1-win32-x86_64\bin\jimage.dll
Event: 0.483 Attempting to load shared library c:\Users\Lenovo\.vscode\extensions\redhat.java-1.56.0-win32-x64\jre\21.0.12.1-win32-x86_64\bin\verify.dll
Event: 0.484 Loaded shared library c:\Users\Lenovo\.vscode\extensions\redhat.java-1.56.0-win32-x64\jre\21.0.12.1-win32-x86_64\bin\verify.dll
Event: 2.289 Attempting to load shared library C:\Users\Lenovo\AppData\Roaming\Code\User\globalStorage\redhat.java\1.56.0\config_win\org.eclipse.equinox.launcher\org.eclipse.equinox.launcher.win32.win32.x86_64_1.3.100.v20260804-1928\eclipse_11924.dll
Event: 2.296 Loaded shared library C:\Users\Lenovo\AppData\Roaming\Code\User\globalStorage\redhat.java\1.56.0\config_win\org.eclipse.equinox.launcher\org.eclipse.equinox.launcher.win32.win32.x86_64_1.3.100.v20260804-1928\eclipse_11924.dll
Event: 20.412 Attempting to load shared library C:\Users\Lenovo\AppData\Local\Temp\jna--2022488749\jna6570783285578859084.dll
Event: 20.424 Loaded shared library C:\Users\Lenovo\AppData\Local\Temp\jna--2022488749\jna6570783285578859084.dll
Event: 40.804 Attempting to load shared library C:\Users\Lenovo\.gradle\native\660c5614fbf4a5f2a75b1949f50a0caf5cd603558e7d8a26e50b933a0cfb79d1\windows-amd64\native-platform.dll
Event: 40.842 Loaded shared library C:\Users\Lenovo\.gradle\native\660c5614fbf4a5f2a75b1949f50a0caf5cd603558e7d8a26e50b933a0cfb79d1\windows-amd64\native-platform.dll
Event: 45.383 Attempting to load shared library C:\Users\Lenovo\.vscode\extensions\redhat.java-1.56.0-win32-x64\jre\21.0.12.1-win32-x86_64\bin\management.dll
Event: 45.384 Loaded shared library C:\Users\Lenovo\.vscode\extensions\redhat.java-1.56.0-win32-x64\jre\21.0.12.1-win32-x86_64\bin\management.dll
Event: 45.387 Attempting to load shared library C:\Users\Lenovo\.vscode\extensions\redhat.java-1.56.0-win32-x64\jre\21.0.12.1-win32-x86_64\bin\management_ext.dll
Event: 45.388 Loaded shared library C:\Users\Lenovo\.vscode\extensions\redhat.java-1.56.0-win32-x64\jre\21.0.12.1-win32-x86_64\bin\management_ext.dll
Event: 72.177 Attempting to load shared library C:\Users\Lenovo\.vscode\extensions\redhat.java-1.56.0-win32-x64\jre\21.0.12.1-win32-x86_64\bin\extnet.dll
Event: 72.177 Loaded shared library C:\Users\Lenovo\.vscode\extensions\redhat.java-1.56.0-win32-x64\jre\21.0.12.1-win32-x86_64\bin\extnet.dll
Event: 88.253 Attempting to load shared library C:\Users\Lenovo\.vscode\extensions\redhat.java-1.56.0-win32-x64\jre\21.0.12.1-win32-x86_64\bin\sunmscapi.dll
Event: 88.256 Loaded shared library C:\Users\Lenovo\.vscode\extensions\redhat.java-1.56.0-win32-x64\jre\21.0.12.1-win32-x86_64\bin\sunmscapi.dll

Deoptimization events (20 events):
Event: 2001.481 Thread 0x000001ab7ba8c8e0 Uncommon trap: trap_request=0xffffff45 fr.pc=0x000001ab1352d79c relative=0x000000000000015c
Event: 2001.481 Thread 0x000001ab7ba8c8e0 Uncommon trap: reason=unstable_if action=reinterpret pc=0x000001ab1352d79c method=java.util.regex.Pattern$Dollar.match(Ljava/util/regex/Matcher;ILjava/lang/CharSequence;)Z @ 4 c2
Event: 2001.482 Thread 0x000001ab7ba8c8e0 DEOPT PACKING pc=0x000001ab1352d79c sp=0x00000078095feb90
Event: 2001.482 Thread 0x000001ab7ba8c8e0 DEOPT UNPACKING pc=0x000001ab129b6da2 sp=0x00000078095feb40 mode 2
Event: 2001.553 Thread 0x000001ab7aeed8f0 DEOPT PACKING pc=0x000001ab0b5f5d7d sp=0x00000078076fee40
Event: 2001.554 Thread 0x000001ab7aeed8f0 DEOPT UNPACKING pc=0x000001ab129b78e2 sp=0x00000078076fe2f0 mode 0
Event: 2001.588 Thread 0x000001ab7aeed8f0 DEOPT PACKING pc=0x000001ab0b5f5d7d sp=0x00000078076fee40
Event: 2001.589 Thread 0x000001ab7aeed8f0 DEOPT UNPACKING pc=0x000001ab129b78e2 sp=0x00000078076fe2f0 mode 0
Event: 2001.631 Thread 0x000001ab7aeed8f0 DEOPT PACKING pc=0x000001ab0b5f5d7d sp=0x00000078076fee40
Event: 2001.631 Thread 0x000001ab7aeed8f0 DEOPT UNPACKING pc=0x000001ab129b78e2 sp=0x00000078076fe2f0 mode 0
Event: 2001.698 Thread 0x000001ab7aeed8f0 DEOPT PACKING pc=0x000001ab0b5f5de5 sp=0x00000078076fee40
Event: 2001.732 Thread 0x000001ab7aeed8f0 DEOPT UNPACKING pc=0x000001ab129b78e2 sp=0x00000078076fe2f0 mode 0
Event: 2001.776 Thread 0x000001ab7aeed8f0 DEOPT PACKING pc=0x000001ab0b5f5de5 sp=0x00000078076fee40
Event: 2001.776 Thread 0x000001ab7aeed8f0 DEOPT UNPACKING pc=0x000001ab129b78e2 sp=0x00000078076fe2f0 mode 0
Event: 2011.480 Thread 0x000001ab6ac17130 DEOPT PACKING pc=0x000001ab0c7990b2 sp=0x00000077dd8ff330
Event: 2011.480 Thread 0x000001ab6ac17130 DEOPT UNPACKING pc=0x000001ab129b78e2 sp=0x00000077dd8fe808 mode 0
Event: 2012.809 Thread 0x000001ab7b4d6740 Uncommon trap: trap_request=0xffffff45 fr.pc=0x000001ab138887ec relative=0x0000000000002d0c
Event: 2012.810 Thread 0x000001ab7b4d6740 Uncommon trap: reason=unstable_if action=reinterpret pc=0x000001ab138887ec method=sun.nio.ch.WEPollSelectorImpl.toReadyOps(I)I @ 5 c2
Event: 2012.810 Thread 0x000001ab7b4d6740 DEOPT PACKING pc=0x000001ab138887ec sp=0x0000007807cfe000
Event: 2012.810 Thread 0x000001ab7b4d6740 DEOPT UNPACKING pc=0x000001ab129b6da2 sp=0x0000007807cfdd28 mode 2

Classes loaded (20 events):
Event: 94.829 Loading class java/util/stream/Node$Builder$OfInt done
Event: 94.829 Loading class java/util/stream/Nodes$IntArrayNode
Event: 94.829 Loading class java/util/stream/Nodes$IntArrayNode done
Event: 94.860 Loading class java/util/stream/Nodes$IntFixedNodeBuilder done
Event: 162.121 Loading class java/lang/invoke/MethodHandleImpl$CountingWrapper$1
Event: 162.121 Loading class java/lang/invoke/MethodHandleImpl$CountingWrapper$1 done
Event: 255.368 Loading class java/util/concurrent/ForkJoinTask$AdaptedCallable
Event: 255.369 Loading class java/util/concurrent/ForkJoinTask$AdaptedCallable done
Event: 255.490 Loading class java/util/stream/Nodes$CollectorTask$OfRef
Event: 255.490 Loading class java/util/stream/Nodes$CollectorTask
Event: 255.491 Loading class java/util/stream/Nodes$CollectorTask done
Event: 255.491 Loading class java/util/stream/Nodes$CollectorTask$OfRef done
Event: 255.492 Loading class java/util/stream/Nodes$ConcNode
Event: 255.492 Loading class java/util/stream/Nodes$AbstractConcNode
Event: 255.493 Loading class java/util/stream/Nodes$AbstractConcNode done
Event: 255.493 Loading class java/util/stream/Nodes$ConcNode done
Event: 299.852 Loading class java/util/ArrayDeque$DeqSpliterator
Event: 299.852 Loading class java/util/ArrayDeque$DeqSpliterator done
Event: 1876.370 Loading class sun/net/ConnectionResetException
Event: 1876.379 Loading class sun/net/ConnectionResetException done

Classes unloaded (14 events):
Event: 28.723 Thread 0x000001ab1f292490 Unloading class 0x000001ab211a8c00 'java/lang/invoke/LambdaForm$MH+0x000001ab211a8c00'
Event: 28.723 Thread 0x000001ab1f292490 Unloading class 0x000001ab211a8800 'java/lang/invoke/LambdaForm$MH+0x000001ab211a8800'
Event: 28.723 Thread 0x000001ab1f292490 Unloading class 0x000001ab211a8400 'java/lang/invoke/LambdaForm$MH+0x000001ab211a8400'
Event: 28.723 Thread 0x000001ab1f292490 Unloading class 0x000001ab211a8000 'java/lang/invoke/LambdaForm$MH+0x000001ab211a8000'
Event: 28.723 Thread 0x000001ab1f292490 Unloading class 0x000001ab211a7c00 'java/lang/invoke/LambdaForm$BMH+0x000001ab211a7c00'
Event: 28.723 Thread 0x000001ab1f292490 Unloading class 0x000001ab211a7800 'java/lang/invoke/LambdaForm$DMH+0x000001ab211a7800'
Event: 28.723 Thread 0x000001ab1f292490 Unloading class 0x000001ab211a6400 'java/lang/invoke/LambdaForm$DMH+0x000001ab211a6400'
Event: 35.379 Thread 0x000001ab1f292490 Unloading class 0x000001ab21301000 'java/lang/invoke/LambdaForm$DMH+0x000001ab21301000'
Event: 35.379 Thread 0x000001ab1f292490 Unloading class 0x000001ab21300400 'java/lang/invoke/LambdaForm$MH+0x000001ab21300400'
Event: 35.379 Thread 0x000001ab1f292490 Unloading class 0x000001ab212e9800 'java/lang/invoke/LambdaForm$MH+0x000001ab212e9800'
Event: 35.379 Thread 0x000001ab1f292490 Unloading class 0x000001ab212e8c00 'java/lang/invoke/LambdaForm$MH+0x000001ab212e8c00'
Event: 35.379 Thread 0x000001ab1f292490 Unloading class 0x000001ab212e8400 'java/lang/invoke/LambdaForm$MH+0x000001ab212e8400'
Event: 35.379 Thread 0x000001ab1f292490 Unloading class 0x000001ab212e5800 'java/lang/invoke/LambdaForm$MH+0x000001ab212e5800'
Event: 35.379 Thread 0x000001ab1f292490 Unloading class 0x000001ab212e5000 'java/lang/invoke/LambdaForm$MH+0x000001ab212e5000'

Classes redefined (0 events):
No events

Internal exceptions (20 events):
Event: 1997.865 Thread 0x000001ab77b0c0d0 Exception <a 'sun/nio/fs/WindowsException'{0x00000000d5e59978}> (0x00000000d5e59978) 
thrown [s\src\hotspot\share\prims\jni.cpp, line 520]
Event: 1997.865 Thread 0x000001ab77b0c0d0 Exception <a 'sun/nio/fs/WindowsException'{0x00000000d5e59ee8}> (0x00000000d5e59ee8) 
thrown [s\src\hotspot\share\prims\jni.cpp, line 520]
Event: 1997.866 Thread 0x000001ab77b0c0d0 Exception <a 'sun/nio/fs/WindowsException'{0x00000000d5e5d650}> (0x00000000d5e5d650) 
thrown [s\src\hotspot\share\prims\jni.cpp, line 520]
Event: 1997.866 Thread 0x000001ab77b0c0d0 Exception <a 'sun/nio/fs/WindowsException'{0x00000000d5e5dbb8}> (0x00000000d5e5dbb8) 
thrown [s\src\hotspot\share\prims\jni.cpp, line 520]
Event: 1997.866 Thread 0x000001ab77b0c0d0 Exception <a 'sun/nio/fs/WindowsException'{0x00000000d5e5e120}> (0x00000000d5e5e120) 
thrown [s\src\hotspot\share\prims\jni.cpp, line 520]
Event: 1997.866 Thread 0x000001ab77b0c0d0 Exception <a 'sun/nio/fs/WindowsException'{0x00000000d5e5e6a8}> (0x00000000d5e5e6a8) 
thrown [s\src\hotspot\share\prims\jni.cpp, line 520]
Event: 1997.866 Thread 0x000001ab77b0c0d0 Exception <a 'sun/nio/fs/WindowsException'{0x00000000d5e61278}> (0x00000000d5e61278) 
thrown [s\src\hotspot\share\prims\jni.cpp, line 520]
Event: 1997.866 Thread 0x000001ab77b0c0d0 Exception <a 'sun/nio/fs/WindowsException'{0x00000000d5e617f8}> (0x00000000d5e617f8) 
thrown [s\src\hotspot\share\prims\jni.cpp, line 520]
Event: 1997.866 Thread 0x000001ab77b0c0d0 Exception <a 'sun/nio/fs/WindowsException'{0x00000000d5e61fc8}> (0x00000000d5e61fc8) 
thrown [s\src\hotspot\share\prims\jni.cpp, line 520]
Event: 1997.866 Thread 0x000001ab77b0c0d0 Exception <a 'sun/nio/fs/WindowsException'{0x00000000d5e62568}> (0x00000000d5e62568) 
thrown [s\src\hotspot\share\prims\jni.cpp, line 520]
Event: 1997.867 Thread 0x000001ab77b0c0d0 Exception <a 'sun/nio/fs/WindowsException'{0x00000000d5e65e78}> (0x00000000d5e65e78) 
thrown [s\src\hotspot\share\prims\jni.cpp, line 520]
Event: 1997.867 Thread 0x000001ab77b0c0d0 Exception <a 'sun/nio/fs/WindowsException'{0x00000000d5e663e0}> (0x00000000d5e663e0) 
thrown [s\src\hotspot\share\prims\jni.cpp, line 520]
Event: 1997.867 Thread 0x000001ab77b0c0d0 Exception <a 'sun/nio/fs/WindowsException'{0x00000000d5e66948}> (0x00000000d5e66948) 
thrown [s\src\hotspot\share\prims\jni.cpp, line 520]
Event: 1997.867 Thread 0x000001ab77b0c0d0 Exception <a 'sun/nio/fs/WindowsException'{0x00000000d5e66ed0}> (0x00000000d5e66ed0) 
thrown [s\src\hotspot\share\prims\jni.cpp, line 520]
Event: 1997.867 Thread 0x000001ab77b0c0d0 Exception <a 'sun/nio/fs/WindowsException'{0x00000000d5e6a3e0}> (0x00000000d5e6a3e0) 
thrown [s\src\hotspot\share\prims\jni.cpp, line 520]
Event: 1997.867 Thread 0x000001ab77b0c0d0 Exception <a 'sun/nio/fs/WindowsException'{0x00000000d5e6a960}> (0x00000000d5e6a960) 
thrown [s\src\hotspot\share\prims\jni.cpp, line 520]
Event: 1997.867 Thread 0x000001ab77b0c0d0 Exception <a 'sun/nio/fs/WindowsException'{0x00000000d5e6aee0}> (0x00000000d5e6aee0) 
thrown [s\src\hotspot\share\prims\jni.cpp, line 520]
Event: 1997.867 Thread 0x000001ab77b0c0d0 Exception <a 'sun/nio/fs/WindowsException'{0x00000000d5e6b480}> (0x00000000d5e6b480) 
thrown [s\src\hotspot\share\prims\jni.cpp, line 520]
Event: 2012.813 Thread 0x000001ab7b4d6740 Exception <a 'sun/net/ConnectionResetException'{0x00000000d5d861a0}: Connection reset> (0x00000000d5d861a0) 
thrown [s\src\hotspot\share\prims\jni.cpp, line 539]
Event: 2012.823 Thread 0x000001ab7b4d6740 Exception <a 'java/io/IOException'{0x00000000d5da2b18}: Connection reset by peer> (0x00000000d5da2b18) 
thrown [s\src\hotspot\share\prims\jni.cpp, line 539]

ZGC Phase Switch (0 events):
No events

VM Operations (20 events):
Event: 1992.705 Executing safepoint VM operation: ParallelGCFailedAllocation (Allocation Failure)
Event: 1992.710 Executing safepoint VM operation: ParallelGCFailedAllocation (Allocation Failure) done
Event: 1995.729 Executing safepoint VM operation: ParallelGCFailedAllocation (Allocation Failure)
Event: 1995.777 Executing safepoint VM operation: ParallelGCFailedAllocation (Allocation Failure) done
Event: 1996.563 Executing safepoint VM operation: ParallelGCFailedAllocation (Allocation Failure)
Event: 1996.588 Executing safepoint VM operation: ParallelGCFailedAllocation (Allocation Failure) done
Event: 1996.923 Executing safepoint VM operation: ParallelGCFailedAllocation (Allocation Failure)
Event: 1996.928 Executing safepoint VM operation: ParallelGCFailedAllocation (Allocation Failure) done
Event: 1998.435 Executing safepoint VM operation: ParallelGCFailedAllocation (Allocation Failure)
Event: 1998.930 Executing safepoint VM operation: ParallelGCFailedAllocation (Allocation Failure) done
Event: 2001.932 Executing safepoint VM operation: Cleanup
Event: 2002.000 Executing safepoint VM operation: Cleanup done
Event: 2002.410 Executing safepoint VM operation: ParallelGCFailedAllocation (Allocation Failure)
Event: 2002.416 Executing safepoint VM operation: ParallelGCFailedAllocation (Allocation Failure) done
Event: 2007.418 Executing safepoint VM operation: Cleanup
Event: 2007.518 Executing safepoint VM operation: Cleanup done
Event: 2007.537 Executing safepoint VM operation: ParallelGCFailedAllocation (Allocation Failure)
Event: 2007.549 Executing safepoint VM operation: ParallelGCFailedAllocation (Allocation Failure) done
Event: 2008.552 Executing safepoint VM operation: Cleanup
Event: 2008.552 Executing safepoint VM operation: Cleanup done

Memory protections (0 events):
No events

Nmethod flushes (20 events):
Event: 1298.980 Thread 0x000001ab1f292490 flushing  nmethod 0x000001ab0c000d10
Event: 1298.980 Thread 0x000001ab1f292490 flushing  nmethod 0x000001ab0c001490
Event: 1298.980 Thread 0x000001ab1f292490 flushing  nmethod 0x000001ab0c004f90
Event: 1298.981 Thread 0x000001ab1f292490 flushing  nmethod 0x000001ab0c040190
Event: 1298.981 Thread 0x000001ab1f292490 flushing osr nmethod 0x000001ab0c040590
Event: 1298.981 Thread 0x000001ab1f292490 flushing  nmethod 0x000001ab0c06d110
Event: 1298.981 Thread 0x000001ab1f292490 flushing  nmethod 0x000001ab0c08e090
Event: 1298.981 Thread 0x000001ab1f292490 flushing  nmethod 0x000001ab0c090010
Event: 1298.981 Thread 0x000001ab1f292490 flushing  nmethod 0x000001ab0c0d7390
Event: 1298.981 Thread 0x000001ab1f292490 flushing  nmethod 0x000001ab0c0da610
Event: 1298.981 Thread 0x000001ab1f292490 flushing  nmethod 0x000001ab0c0df590
Event: 1298.981 Thread 0x000001ab1f292490 flushing  nmethod 0x000001ab0c0e2190
Event: 1298.981 Thread 0x000001ab1f292490 flushing  nmethod 0x000001ab0c0eb410
Event: 1298.981 Thread 0x000001ab1f292490 flushing  nmethod 0x000001ab0c0eb810
Event: 1298.981 Thread 0x000001ab1f292490 flushing  nmethod 0x000001ab0c0ec990
Event: 1298.982 Thread 0x000001ab1f292490 flushing  nmethod 0x000001ab0c0f7b90
Event: 1298.982 Thread 0x000001ab1f292490 flushing  nmethod 0x000001ab0c0f8810
Event: 1298.982 Thread 0x000001ab1f292490 flushing  nmethod 0x000001ab0c11ec90
Event: 1298.982 Thread 0x000001ab1f292490 flushing  nmethod 0x000001ab0c12ea90
Event: 1298.982 Thread 0x000001ab1f292490 flushing  nmethod 0x000001ab0c137810

Events (20 events):
Event: 2002.218 Thread 0x000001ab801345f0 Thread exited: 0x000001ab801345f0
Event: 2002.219 Thread 0x000001ab7af13b40 Thread exited: 0x000001ab7af13b40
Event: 2002.237 Thread 0x000001ab80135310 Thread exited: 0x000001ab80135310
Event: 2006.787 Thread 0x000001ab80133f60 Thread exited: 0x000001ab80133f60
Event: 2006.787 Thread 0x000001ab801338d0 Thread exited: 0x000001ab801338d0
Event: 2006.788 Thread 0x000001ab77b0c0d0 Thread added: 0x000001ab80132520
Event: 2006.790 Thread 0x000001ab80132520 Thread exited: 0x000001ab80132520
Event: 2006.955 Thread 0x000001ab77b0c0d0 Thread added: 0x000001ab80132520
Event: 2007.015 Thread 0x000001ab77b0c0d0 Thread added: 0x000001ab80132bb0
Event: 2007.261 Thread 0x000001ab80132bb0 Thread exited: 0x000001ab80132bb0
Event: 2007.277 Thread 0x000001ab77b0c0d0 Thread added: 0x000001ab80135310
Event: 2007.318 Thread 0x000001ab77b0c0d0 Thread added: 0x000001ab80133f60
Event: 2007.320 Thread 0x000001ab80135310 Thread added: 0x000001ab80136030
Event: 2007.328 Thread 0x000001ab77b0c0d0 Thread added: 0x000001ab80132bb0
Event: 2007.523 Thread 0x000001ab80136030 Thread exited: 0x000001ab80136030
Event: 2007.556 Thread 0x000001ab80135310 Thread exited: 0x000001ab80135310
Event: 2007.700 Thread 0x000001ab80132bb0 Thread added: 0x000001ab801345f0
Event: 2012.833 Thread 0x000001ab7b4d6740 Thread exited: 0x000001ab7b4d6740
Event: 2012.847 Thread 0x000001ab7b4d1f10 Thread added: 0x000001ab80135310
Event: 2012.857 Thread 0x000001ab7b4d1f10 Thread exited: 0x000001ab7b4d1f10


Dynamic libraries:
0x00007ff63bea0000 - 0x00007ff63beae000 	c:\Users\Lenovo\.vscode\extensions\redhat.java-1.56.0-win32-x64\jre\21.0.12.1-win32-x86_64\bin\java.exe
0x00007ffdd50a0000 - 0x00007ffdd5307000 	C:\WINDOWS\SYSTEM32\ntdll.dll
0x00007ffdd4d10000 - 0x00007ffdd4ddb000 	C:\WINDOWS\System32\KERNEL32.DLL
0x00007ffdd22a0000 - 0x00007ffdd26a2000 	C:\WINDOWS\System32\KERNELBASE.dll
0x00007ffdcc520000 - 0x00007ffdcc5bf000 	C:\WINDOWS\SYSTEM32\apphelp.dll
0x00007ffdd2770000 - 0x00007ffdd28bc000 	C:\WINDOWS\System32\ucrtbase.dll
0x00007ffd98410000 - 0x00007ffd98428000 	c:\Users\Lenovo\.vscode\extensions\redhat.java-1.56.0-win32-x64\jre\21.0.12.1-win32-x86_64\bin\jli.dll
0x00007ffdd37f0000 - 0x00007ffdd39bf000 	C:\WINDOWS\System32\USER32.dll
0x00007ffdd26b0000 - 0x00007ffdd26d7000 	C:\WINDOWS\System32\win32u.dll
0x00007ffdd4960000 - 0x00007ffdd498b000 	C:\WINDOWS\System32\GDI32.dll
0x00007ffdd2b10000 - 0x00007ffdd2c39000 	C:\WINDOWS\System32\gdi32full.dll
0x00007ffdd28d0000 - 0x00007ffdd2973000 	C:\WINDOWS\System32\msvcp_win.dll
0x00007ffd835a0000 - 0x00007ffd835be000 	c:\Users\Lenovo\.vscode\extensions\redhat.java-1.56.0-win32-x64\jre\21.0.12.1-win32-x86_64\bin\VCRUNTIME140.dll
0x00007ffdb7be0000 - 0x00007ffdb7e70000 	C:\WINDOWS\WinSxS\amd64_microsoft.windows.common-controls_6595b64144ccf1df_6.0.26100.9278_none_3e0d1ba8e3303201\COMCTL32.dll
0x00007ffdd35a0000 - 0x00007ffdd3649000 	C:\WINDOWS\System32\msvcrt.dll
0x00007ffdd3560000 - 0x00007ffdd3591000 	C:\WINDOWS\System32\IMM32.DLL
0x00007ffda60c0000 - 0x00007ffda60cc000 	c:\Users\Lenovo\.vscode\extensions\redhat.java-1.56.0-win32-x64\jre\21.0.12.1-win32-x86_64\bin\vcruntime140_1.dll
0x00007ffd5ebd0000 - 0x00007ffd5ec5d000 	c:\Users\Lenovo\.vscode\extensions\redhat.java-1.56.0-win32-x64\jre\21.0.12.1-win32-x86_64\bin\msvcp140.dll
0x00007ffce2d90000 - 0x00007ffce3b32000 	c:\Users\Lenovo\.vscode\extensions\redhat.java-1.56.0-win32-x64\jre\21.0.12.1-win32-x86_64\bin\server\jvm.dll
0x00007ffdd4ee0000 - 0x00007ffdd4f9c000 	C:\WINDOWS\System32\ADVAPI32.dll
0x00007ffdd4fb0000 - 0x00007ffdd5059000 	C:\WINDOWS\System32\sechost.dll
0x00007ffdd3650000 - 0x00007ffdd3768000 	C:\WINDOWS\System32\RPCRT4.dll
0x00007ffdd3030000 - 0x00007ffdd30b0000 	C:\WINDOWS\System32\WS2_32.dll
0x00007ffdd2100000 - 0x00007ffdd215e000 	C:\WINDOWS\SYSTEM32\POWRPROF.dll
0x00007ffdc5700000 - 0x00007ffdc5736000 	C:\WINDOWS\SYSTEM32\WINMM.dll
0x00007ffdbd5f0000 - 0x00007ffdbd5fb000 	C:\WINDOWS\SYSTEM32\VERSION.dll
0x00007ffdd20e0000 - 0x00007ffdd20f5000 	C:\WINDOWS\SYSTEM32\UMPDC.dll
0x00007ffdd0f70000 - 0x00007ffdd0f8b000 	C:\WINDOWS\SYSTEM32\kernel.appcore.dll
0x00007ffda0cd0000 - 0x00007ffda0cda000 	c:\Users\Lenovo\.vscode\extensions\redhat.java-1.56.0-win32-x64\jre\21.0.12.1-win32-x86_64\bin\jimage.dll
0x00007ffdcf830000 - 0x00007ffdcfa7c000 	C:\WINDOWS\SYSTEM32\DBGHELP.DLL
0x00007ffdd3140000 - 0x00007ffdd34c5000 	C:\WINDOWS\System32\combase.dll
0x00007ffdd3a00000 - 0x00007ffdd3ad9000 	C:\WINDOWS\System32\OLEAUT32.dll
0x00007ffdaee70000 - 0x00007ffdaeeab000 	C:\WINDOWS\SYSTEM32\dbgcore.DLL
0x00007ffdd2c40000 - 0x00007ffdd2cec000 	C:\WINDOWS\System32\bcryptPrimitives.dll
0x00007ffd9b210000 - 0x00007ffd9b21f000 	c:\Users\Lenovo\.vscode\extensions\redhat.java-1.56.0-win32-x64\jre\21.0.12.1-win32-x86_64\bin\instrument.dll
0x00007ffd83580000 - 0x00007ffd835a0000 	c:\Users\Lenovo\.vscode\extensions\redhat.java-1.56.0-win32-x64\jre\21.0.12.1-win32-x86_64\bin\java.dll
0x00007ffdd3af0000 - 0x00007ffdd4288000 	C:\WINDOWS\System32\SHELL32.dll
0x00007ffdcfd20000 - 0x00007ffdd05ce000 	C:\WINDOWS\SYSTEM32\windows.storage.dll
0x00007ffdd4de0000 - 0x00007ffdd4edb000 	C:\WINDOWS\System32\SHCORE.dll
0x00007ffdd3770000 - 0x00007ffdd37d6000 	C:\WINDOWS\System32\shlwapi.dll
0x00007ffdd21c0000 - 0x00007ffdd21e9000 	C:\WINDOWS\SYSTEM32\profapi.dll
0x00007ffd834c0000 - 0x00007ffd834d8000 	c:\Users\Lenovo\.vscode\extensions\redhat.java-1.56.0-win32-x64\jre\21.0.12.1-win32-x86_64\bin\zip.dll
0x00007ffd9ca90000 - 0x00007ffd9caa0000 	C:\Users\Lenovo\.vscode\extensions\redhat.java-1.56.0-win32-x64\jre\21.0.12.1-win32-x86_64\bin\net.dll
0x00007ffdc9c80000 - 0x00007ffdc9daa000 	C:\WINDOWS\SYSTEM32\WINHTTP.dll
0x00007ffdd1530000 - 0x00007ffdd159c000 	C:\WINDOWS\system32\mswsock.dll
0x00007ffd829b0000 - 0x00007ffd829c6000 	C:\Users\Lenovo\.vscode\extensions\redhat.java-1.56.0-win32-x64\jre\21.0.12.1-win32-x86_64\bin\nio.dll
0x00007ffd9b1e0000 - 0x00007ffd9b1f0000 	c:\Users\Lenovo\.vscode\extensions\redhat.java-1.56.0-win32-x64\jre\21.0.12.1-win32-x86_64\bin\verify.dll
0x00007ffd834e0000 - 0x00007ffd83525000 	C:\Users\Lenovo\AppData\Roaming\Code\User\globalStorage\redhat.java\1.56.0\config_win\org.eclipse.equinox.launcher\org.eclipse.equinox.launcher.win32.win32.x86_64_1.3.100.v20260804-1928\eclipse_11924.dll
0x00007ffdd4990000 - 0x00007ffdd4b2a000 	C:\WINDOWS\System32\ole32.dll
0x00007ffdd1820000 - 0x00007ffdd183b000 	C:\WINDOWS\SYSTEM32\CRYPTSP.dll
0x00007ffdd0ed0000 - 0x00007ffdd0f09000 	C:\WINDOWS\system32\rsaenh.dll
0x00007ffdd15e0000 - 0x00007ffdd1614000 	C:\WINDOWS\SYSTEM32\USERENV.dll
0x00007ffdd2190000 - 0x00007ffdd21ba000 	C:\WINDOWS\SYSTEM32\bcrypt.dll
0x00007ffdd1840000 - 0x00007ffdd184c000 	C:\WINDOWS\SYSTEM32\CRYPTBASE.dll
0x00007ffdd0a90000 - 0x00007ffdd0ac3000 	C:\WINDOWS\SYSTEM32\IPHLPAPI.DLL
0x00007ffdd37e0000 - 0x00007ffdd37ea000 	C:\WINDOWS\System32\NSI.dll
0x00007ffd801c0000 - 0x00007ffd80209000 	C:\Users\Lenovo\AppData\Local\Temp\jna--2022488749\jna6570783285578859084.dll
0x00007ffdd47f0000 - 0x00007ffdd47f8000 	C:\WINDOWS\System32\PSAPI.DLL
0x00007ffdc9e60000 - 0x00007ffdc9e7d000 	C:\WINDOWS\SYSTEM32\dhcpcsvc6.DLL
0x00007ffdc9e30000 - 0x00007ffdc9e55000 	C:\WINDOWS\SYSTEM32\dhcpcsvc.DLL
0x00007ffd80250000 - 0x00007ffd80277000 	C:\Users\Lenovo\.gradle\native\660c5614fbf4a5f2a75b1949f50a0caf5cd603558e7d8a26e50b933a0cfb79d1\windows-amd64\native-platform.dll
0x00007ffdb18b0000 - 0x00007ffdb18ba000 	C:\Users\Lenovo\.vscode\extensions\redhat.java-1.56.0-win32-x64\jre\21.0.12.1-win32-x86_64\bin\management.dll
0x00007ffdb0a20000 - 0x00007ffdb0a2c000 	C:\Users\Lenovo\.vscode\extensions\redhat.java-1.56.0-win32-x64\jre\21.0.12.1-win32-x86_64\bin\management_ext.dll
0x00007ffdb0a40000 - 0x00007ffdb0a49000 	C:\Users\Lenovo\.vscode\extensions\redhat.java-1.56.0-win32-x64\jre\21.0.12.1-win32-x86_64\bin\extnet.dll
0x00007ffdb0a30000 - 0x00007ffdb0a3e000 	C:\Users\Lenovo\.vscode\extensions\redhat.java-1.56.0-win32-x64\jre\21.0.12.1-win32-x86_64\bin\sunmscapi.dll
0x00007ffdd2980000 - 0x00007ffdd2afe000 	C:\WINDOWS\System32\CRYPT32.dll
0x00007ffdd1a60000 - 0x00007ffdd1a90000 	C:\WINDOWS\SYSTEM32\ncrypt.dll
0x00007ffdd1a10000 - 0x00007ffdd1a4f000 	C:\WINDOWS\SYSTEM32\NTASN1.dll
0x00007ffd7c930000 - 0x00007ffd7c938000 	C:\WINDOWS\system32\wshunix.dll

JVMTI agents:
c:\Users\Lenovo\.vscode\extensions\redhat.java-1.56.0-win32-x64\lombok\lombok-1.18.39-4050.jar path:c:\Users\Lenovo\.vscode\extensions\redhat.java-1.56.0-win32-x64\jre\21.0.12.1-win32-x86_64\bin\instrument.dll, loaded, initialized, instrumentlib options:none

dbghelp: loaded successfully - version: 4.0.5 - missing functions: none
symbol engine: initialized successfully - sym options: 0x614 - pdb path: .;c:\Users\Lenovo\.vscode\extensions\redhat.java-1.56.0-win32-x64\jre\21.0.12.1-win32-x86_64\bin;C:\WINDOWS\SYSTEM32;C:\WINDOWS\WinSxS\amd64_microsoft.windows.common-controls_6595b64144ccf1df_6.0.26100.9278_none_3e0d1ba8e3303201;c:\Users\Lenovo\.vscode\extensions\redhat.java-1.56.0-win32-x64\jre\21.0.12.1-win32-x86_64\bin\server;C:\Users\Lenovo\AppData\Roaming\Code\User\globalStorage\redhat.java\1.56.0\config_win\org.eclipse.equinox.launcher\org.eclipse.equinox.launcher.win32.win32.x86_64_1.3.100.v20260804-1928;C:\Users\Lenovo\AppData\Local\Temp\jna--2022488749;C:\Users\Lenovo\.gradle\native\660c5614fbf4a5f2a75b1949f50a0caf5cd603558e7d8a26e50b933a0cfb79d1\windows-amd64

VM Arguments:
jvm_args: --add-modules=ALL-SYSTEM --add-opens=java.base/java.util=ALL-UNNAMED --add-opens=java.base/java.lang=ALL-UNNAMED --add-opens=java.base/sun.nio.fs=ALL-UNNAMED -Declipse.application=org.eclipse.jdt.ls.core.id1 -Dosgi.bundles.defaultStartLevel=4 -Declipse.product=org.eclipse.jdt.ls.core.product -Djava.import.generatesMetadataFilesAtProjectRoot=false -Dm2e.project.cache.size=50 -DDetectVMInstallationsJob.disabled=true -Dfile.encoding=utf8 -XX:+UseParallelGC -XX:GCTimeRatio=4 -XX:AdaptiveSizePolicyWeight=90 -Dsun.zip.disableMemoryMapping=true -Xmx2G -Xms100m -Xlog:disable -javaagent:c:\Users\Lenovo\.vscode\extensions\redhat.java-1.56.0-win32-x64\lombok\lombok-1.18.39-4050.jar -XX:+HeapDumpOnOutOfMemoryError -XX:HeapDumpPath=c:\Users\Lenovo\AppData\Roaming\Code\User\workspaceStorage\64b66c16ec1df0cd3892999081844d7d\redhat.java -Daether.dependencyCollector.impl=bf 
java_command: c:\Users\Lenovo\.vscode\extensions\redhat.java-1.56.0-win32-x64\server\plugins\org.eclipse.equinox.launcher_1.8.0.v20260804-1928.jar -configuration c:\Users\Lenovo\AppData\Roaming\Code\User\globalStorage\redhat.java\1.56.0\config_win -data c:\Users\Lenovo\AppData\Roaming\Code\User\workspaceStorage\64b66c16ec1df0cd3892999081844d7d\redhat.java\jdt_ws --stdio
java_class_path (initial): c:\Users\Lenovo\.vscode\extensions\redhat.java-1.56.0-win32-x64\server\plugins\org.eclipse.equinox.launcher_1.8.0.v20260804-1928.jar
Launcher Type: SUN_STANDARD

[Global flags]
    uintx AdaptiveSizePolicyWeight                 = 90                                        {product} {command line}
     intx CICompilerCount                          = 4                                         {product} {ergonomic}
    uintx GCTimeRatio                              = 4                                         {product} {command line}
     bool HeapDumpOnOutOfMemoryError               = true                                   {manageable} {command line}
    ccstr HeapDumpPath                             = c:\Users\Lenovo\AppData\Roaming\Code\User\workspaceStorage\64b66c16ec1df0cd3892999081844d7d\redhat.java         {manageable} {command line}
   size_t InitialHeapSize                          = 104857600                                 {product} {command line}
   size_t MaxHeapSize                              = 2147483648                                {product} {command line}
   size_t MaxNewSize                               = 715653120                                 {product} {ergonomic}
   size_t MinHeapDeltaBytes                        = 524288                                    {product} {ergonomic}
   size_t MinHeapSize                              = 104857600                                 {product} {command line}
   size_t NewSize                                  = 34603008                                  {product} {ergonomic}
    uintx NonNMethodCodeHeapSize                   = 5839372                                {pd product} {ergonomic}
    uintx NonProfiledCodeHeapSize                  = 122909434                              {pd product} {ergonomic}
   size_t OldSize                                  = 70254592                                  {product} {ergonomic}
    uintx ProfiledCodeHeapSize                     = 122909434                              {pd product} {ergonomic}
    uintx ReservedCodeCacheSize                    = 251658240                              {pd product} {ergonomic}
     bool SegmentedCodeCache                       = true                                      {product} {ergonomic}
   size_t SoftMaxHeapSize                          = 2147483648                             {manageable} {ergonomic}
     bool UseCompressedOops                        = true                           {product lp64_product} {ergonomic}
     bool UseLargePagesIndividualAllocation        = false                                  {pd product} {ergonomic}
     bool UseParallelGC                            = true                                      {product} {command line}

Logging:
Log output configuration:
 #0: stdout all=off uptime,level,tags foldmultilines=false
 #1: stderr all=off uptime,level,tags foldmultilines=false

Release file:
JAVA_VERSION="21.0.12.1" 
MODULES="java.base java.compiler java.datatransfer java.xml java.prefs java.desktop java.instrument java.logging java.management java.security.sasl java.naming java.rmi java.management.rmi java.net.http java.scripting java.security.jgss java.transaction.xa java.sql java.sql.rowset java.xml.crypto java.se java.smartcardio jdk.accessibility jdk.internal.jvmstat jdk.attach jdk.charsets jdk.internal.opt jdk.zipfs jdk.compiler jdk.crypto.ec jdk.crypto.cryptoki jdk.crypto.mscapi jdk.dynalink jdk.internal.ed jdk.editpad jdk.hotspot.agent jdk.httpserver jdk.internal.le jdk.internal.vm.ci jdk.internal.vm.compiler jdk.internal.vm.compiler.management jdk.jartool jdk.javadoc jdk.jcmd jdk.management jdk.management.agent jdk.jconsole jdk.jdeps jdk.jdwp.agent jdk.jdi jdk.jfr jdk.jshell jdk.jsobject jdk.jstatd jdk.localedata jdk.management.jfr jdk.naming.dns jdk.naming.rmi jdk.net jdk.nio.mapmode jdk.random jdk.sctp jdk.security.auth jdk.security.jgss jdk.unsupported jdk.unsupported.desktop jdk.xml.dom" 

Environment Variables:
PATH=C:\Program Files (x86)\Pervasive Software\PSQL\bin\;C:\Program Files\Common Files\Oracle\Java\javapath;C:\Program Files\Python313\Scripts\;C:\Program Files\Python313\;C:\Program Files\Python310\Scripts\;C:\Program Files\Python310\;"C:\xampp\php;C:\WINDOWS\system32";C:\WINDOWS;C:\WINDOWS\System32\Wbem;C:\WINDOWS\System32\WindowsPowerShell\v1.0\;C:\WINDOWS\System32\OpenSSH\;C:\WINDOWS\system32;C:\Program Files\Git\cmd;C:\ProgramData\chocolatey\bin;C:\ngrok;C:\Program Files\nodejs\;C:\Users\Lenovo\AppData\Local\Programs\Python\Python313\Scripts\;C:\Users\Lenovo\AppData\Local\Programs\Python\Python313\;C:\Users\Lenovo\AppData\Local\Programs\Python\Launcher\;C:\Users\Lenovo\AppData\Local\Microsoft\WindowsApps;C:\Users\Lenovo\AppData\Local\Programs\Microsoft VS Code\bin;C:\Program Files\Java\jdk-24\bin;C:\Program Files\Java\jdk-24\bin;C:\Program Files\JetBrains\IntelliJ IDEA 2025.1.2\bin;;C:\Users\Lenovo\AppData\Local\Programs\Ollama;C:\Users\Lenovo\AppData\Roaming\npm;C:\Users\Lenovo\AppData\Local\Programs\Podman\;C:\Users\Lenovo\AppData\Local\Kingsoft\WPS Office\12.1.0.27458\clitool;C:\Users\Lenovo\OneDrive\Desktop\flutter\flutter\bin;
USERNAME=Lenovo
OS=Windows_NT
PROCESSOR_IDENTIFIER=Intel64 Family 6 Model 140 Stepping 1, GenuineIntel
TMP=C:\Users\Lenovo\AppData\Local\Temp
TEMP=C:\Users\Lenovo\AppData\Local\Temp




Periodic native trim disabled

---------------  S Y S T E M  ---------------

OS:
 Windows 11 , 64 bit Build 26100 (10.0.26100.9444)
OS uptime: 0 days 16:13 hours

CPU: total 8 (initial active 8) (4 cores per cpu, 2 threads per core) family 6 model 140 stepping 1 microcode 0x86, cx8, cmov, fxsr, ht, mmx, 3dnowpref, sse, sse2, sse3, ssse3, sse4.1, sse4.2, popcnt, lzcnt, tsc, tscinvbit, avx, avx2, aes, erms, clmul, bmi1, bmi2, adx, avx512f, avx512dq, avx512cd, avx512bw, avx512vl, sha, fma, vzeroupper, avx512_vpopcntdq, avx512_vpclmulqdq, avx512_vaes, avx512_vnni, clflush, clflushopt, clwb, avx512_vbmi2, avx512_vbmi, rdtscp, rdpid, fsrm, gfni, avx512_bitalg, f16c, pku, cet_ibt, cet_ss, avx512_ifma
Processor Information for the first 8 processors :
  Max Mhz: 2803, Current Mhz: 2803, Mhz Limit: 2803

Memory: 4k page, system-wide physical 16086M (217M free)
TotalPageFile size 65238M (AvailPageFile size 398M)
current process WorkingSet (physical memory assigned to process): 95M, peak: 351M
current process commit charge ("private bytes"): 1038M, peak: 1038M

vm_info: OpenJDK 64-Bit Server VM (21.0.12.1+1-LTS) for windows-amd64 JRE (21.0.12.1+1-LTS), built on 2026-08-18T00:00:00Z by "admin" with MS VC++ 17.12 (VS2022)

END.
