#
# There is insufficient memory for the Java Runtime Environment to continue.
# Native memory allocation (malloc) failed to allocate 32744 bytes. Error detail: Chunk::new
# Possible reasons:
#   The system is out of physical RAM or swap space
#   This process is running with CompressedOops enabled, and the Java Heap may be blocking the growth of the native heap
# Possible solutions:
#   Reduce memory load on the system
#   Increase physical memory or swap space
#   Check if swap backing store is full
#   Decrease Java heap size (-Xmx/-Xms)
#   Decrease number of Java threads
#   Decrease Java thread stack sizes (-Xss)
#   Set larger code cache with -XX:ReservedCodeCacheSize=
#   JVM is running with Zero Based Compressed Oops mode in which the Java heap is
#     placed in the first 32GB address space. The Java Heap base address is the
#     maximum limit for the native heap growth. Please use -XX:HeapBaseMinAddress
#     to set the Java Heap base and to place the Java Heap above 32GB virtual address.
# This output file may be truncated or incomplete.
#
#  Out of Memory Error (arena.cpp:168), pid=34648, tid=82176
#
# JRE version: OpenJDK Runtime Environment Temurin-21.0.12.1+1 (21.0.12.1+1) (build 21.0.12.1+1-LTS)
# Java VM: OpenJDK 64-Bit Server VM Temurin-21.0.12.1+1 (21.0.12.1+1-LTS, mixed mode, sharing, tiered, compressed oops, compressed class ptrs, g1 gc, windows-amd64)
# No core dump will be written. Minidumps are not enabled by default on client versions of Windows
#

---------------  S U M M A R Y ------------

Command Line: --add-opens=java.base/java.lang=ALL-UNNAMED --add-opens=java.base/java.lang.invoke=ALL-UNNAMED --add-opens=java.base/java.util=ALL-UNNAMED --add-opens=java.prefs/java.util.prefs=ALL-UNNAMED --add-exports=jdk.compiler/com.sun.tools.javac.api=ALL-UNNAMED --add-exports=jdk.compiler/com.sun.tools.javac.util=ALL-UNNAMED --add-opens=java.base/java.util=ALL-UNNAMED --add-opens=java.prefs/java.util.prefs=ALL-UNNAMED --add-opens=java.base/java.nio.charset=ALL-UNNAMED --add-opens=java.base/java.net=ALL-UNNAMED --add-opens=java.base/java.util.concurrent=ALL-UNNAMED --add-opens=java.base/java.util.concurrent.atomic=ALL-UNNAMED --add-opens=java.xml/javax.xml.namespace=ALL-UNNAMED --add-opens=java.base/java.time=ALL-UNNAMED -XX:MaxMetaspaceSize=4G -XX:ReservedCodeCacheSize=512m -XX:+HeapDumpOnOutOfMemoryError -Xmx8G -Dfile.encoding=UTF-8 -Duser.country=US -Duser.language=en -Duser.variant -javaagent:C:\Users\Lenovo\.gradle\wrapper\dists\gradle-9.3.1-all\9ot9r568e8zfvvd4mn8rbu1j0\gradle-9.3.1\lib\agents\gradle-instrumentation-agent-9.3.1.jar org.gradle.launcher.daemon.bootstrap.GradleDaemon 9.3.1

Host: 11th Gen Intel(R) Core(TM) i7-1165G7 @ 2.80GHz, 8 cores, 15G,  Windows 11 , 64 bit Build 26100 (10.0.26100.9444)
Time: Sun Sep 27 23:14:44 2026 Pakistan Standard Time elapsed time: 75.059520 seconds (0d 0h 1m 15s)

---------------  T H R E A D  ---------------

Current thread (0x000001ca790dee30):  JavaThread "Daemon worker"        [_thread_in_vm, id=82176, stack(0x0000007641a00000,0x0000007641b00000) (1024K)]

Stack: [0x0000007641a00000,0x0000007641b00000]
Native frames: (J=compiled Java code, j=interpreted, Vv=VM code, C=native code)
V  [jvm.dll+0x6d83e9]
V  [jvm.dll+0x8b5736]
V  [jvm.dll+0x8b7cee]
V  [jvm.dll+0x8b83d3]
V  [jvm.dll+0x284596]
V  [jvm.dll+0xc685d]
V  [jvm.dll+0xc6da1]
V  [jvm.dll+0x7aa71d]
V  [jvm.dll+0x8a6077]
V  [jvm.dll+0x8a1fc6]
V  [jvm.dll+0x3ccb68]
V  [jvm.dll+0x3cb967]
V  [jvm.dll+0x3cb908]
V  [jvm.dll+0x3dd3aa]
C  0x000001ca56b7ab7f

The last pc belongs to new (printed below).
Java frames: (J=compiled Java code, j=interpreted, Vv=VM code)
j  org.gradle.plugin.internal.PluginUseServices.registerBuildServices(Lorg/gradle/internal/service/ServiceRegistration;)V+1
j  org.gradle.internal.service.scopes.BuildScopeServices.configure(Lorg/gradle/internal/service/ServiceRegistration;Lorg/gradle/internal/service/ServiceRegistry;Ljava/util/List;)V+219
j  java.lang.invoke.LambdaForm$DMH+0x000001ca01354000.invokeVirtual(Ljava/lang/Object;Ljava/lang/Object;Ljava/lang/Object;Ljava/lang/Object;Ljava/lang/Object;)V+16 java.base@21.0.12.1
j  java.lang.invoke.LambdaForm$MH+0x000001ca01355800.invoke(Ljava/lang/Object;Ljava/lang/Object;Ljava/lang/Object;Ljava/lang/Object;Ljava/lang/Object;)Ljava/lang/Object;+93 java.base@21.0.12.1
J 2136 c1 jdk.internal.reflect.DirectMethodHandleAccessor.invoke(Ljava/lang/Object;[Ljava/lang/Object;)Ljava/lang/Object; java.base@21.0.12.1 (92 bytes) @ 0x000001ca4724f10c [0x000001ca4724e1c0+0x0000000000000f4c]
J 2135 c1 java.lang.reflect.Method.invoke(Ljava/lang/Object;[Ljava/lang/Object;)Ljava/lang/Object; java.base@21.0.12.1 (108 bytes) @ 0x000001ca4724d8dc [0x000001ca4724d3c0+0x000000000000051c]
j  org.gradle.internal.reflect.JavaMethod.invoke(Ljava/lang/Object;[Ljava/lang/Object;)Ljava/lang/Object;+6
j  org.gradle.internal.service.ReflectionBasedServiceMethod.invoke(Ljava/lang/Object;[Ljava/lang/Object;)Ljava/lang/Object;+6
j  org.gradle.internal.service.DefaultServiceRegistry.applyConfigureMethod(Lorg/gradle/internal/service/ServiceAccessToken;Lorg/gradle/internal/service/ServiceMethod;Ljava/lang/Object;)V+148
j  org.gradle.internal.service.DefaultServiceRegistry.findProviderMethods(Lorg/gradle/internal/service/ServiceRegistrationProvider;Lorg/gradle/internal/service/ServiceAccessToken;)V+215
j  org.gradle.internal.service.DefaultServiceRegistry.addProvider(Lorg/gradle/internal/service/ServiceRegistrationProvider;)Lorg/gradle/internal/service/DefaultServiceRegistry;+18
j  org.gradle.internal.service.ServiceRegistryBuilder.build()Lorg/gradle/internal/service/CloseableServiceRegistry;+93
j  org.gradle.internal.build.AbstractBuildState.prepareServices(Lorg/gradle/internal/buildtree/BuildTreeState;Lorg/gradle/api/internal/BuildDefinition;Lorg/gradle/internal/build/BuildModelControllerServices$Supplier;)Lorg/gradle/internal/service/CloseableServiceRegistry;+29
j  org.gradle.internal.build.AbstractBuildState.<init>(Lorg/gradle/internal/buildtree/BuildTreeState;Lorg/gradle/api/internal/BuildDefinition;Lorg/gradle/internal/build/BuildState;)V+42
j  org.gradle.composite.internal.AbstractCompositeParticipantBuildState.<init>(Lorg/gradle/internal/buildtree/BuildTreeState;Lorg/gradle/api/internal/BuildDefinition;Lorg/gradle/internal/build/BuildState;)V+4
j  org.gradle.composite.internal.DefaultRootBuildState.<init>(Lorg/gradle/api/internal/BuildDefinition;Lorg/gradle/internal/buildtree/BuildTreeState;Lorg/gradle/internal/event/ListenerManager;)V+4
j  org.gradle.composite.internal.BuildStateFactory.createRootBuild(Lorg/gradle/api/internal/BuildDefinition;)Lorg/gradle/internal/build/RootBuildState;+13
j  org.gradle.composite.internal.DefaultIncludedBuildRegistry.createRootBuild(Lorg/gradle/api/internal/BuildDefinition;)Lorg/gradle/internal/build/RootBuildState;+23
j  org.gradle.launcher.exec.RootBuildLifecycleBuildActionExecutor.execute(Lorg/gradle/internal/invocation/BuildAction;)Lorg/gradle/internal/buildtree/BuildActionRunner$Result;+77
j  org.gradle.launcher.exec.BuildTreeLifecycleBuildActionExecutor.runRootBuildAction(Lorg/gradle/internal/invocation/BuildAction;Lorg/gradle/internal/service/ServiceRegistry;Lorg/gradle/internal/buildtree/BuildTreeModelControllerServices$Supplier;)Lorg/gradle/internal/buildtree/BuildActionRunner$Result;+39
j  org.gradle.launcher.exec.BuildTreeLifecycleBuildActionExecutor.execute(Lorg/gradle/internal/invocation/BuildAction;Lorg/gradle/internal/session/BuildSessionContext;)Lorg/gradle/internal/buildtree/BuildActionRunner$Result;+44
j  org.gradle.launcher.exec.RunAsBuildOperationBuildActionExecutor$2.call(Lorg/gradle/internal/operations/BuildOperationContext;)Lorg/gradle/internal/buildtree/BuildActionRunner$Result;+25
j  org.gradle.launcher.exec.RunAsBuildOperationBuildActionExecutor$2.call(Lorg/gradle/internal/operations/BuildOperationContext;)Ljava/lang/Object;+2
j  org.gradle.internal.operations.DefaultBuildOperationRunner$CallableBuildOperationWorker.execute(Lorg/gradle/internal/operations/CallableBuildOperation;Lorg/gradle/internal/operations/BuildOperationContext;)V+3
j  org.gradle.internal.operations.DefaultBuildOperationRunner$CallableBuildOperationWorker.execute(Lorg/gradle/internal/operations/BuildOperation;Lorg/gradle/internal/operations/BuildOperationContext;)V+6
j  org.gradle.internal.operations.DefaultBuildOperationRunner$2.execute(Lorg/gradle/internal/operations/BuildOperationDescriptor;Lorg/gradle/internal/operations/BuildOperationState;Lorg/gradle/internal/operations/BuildOperationState;Lorg/gradle/internal/operations/DefaultBuildOperationRunner$ReadableBuildOperationContext;Lorg/gradle/internal/operations/DefaultBuildOperationRunner$BuildOperationExecutionListener;)Lorg/gradle/internal/operations/BuildOperation;+22
j  org.gradle.internal.operations.DefaultBuildOperationRunner$2.execute(Lorg/gradle/internal/operations/BuildOperationDescriptor;Lorg/gradle/internal/operations/BuildOperationState;Lorg/gradle/internal/operations/BuildOperationState;Lorg/gradle/internal/operations/DefaultBuildOperationRunner$ReadableBuildOperationContext;Lorg/gradle/internal/operations/DefaultBuildOperationRunner$BuildOperationExecutionListener;)Ljava/lang/Object;+8
j  org.gradle.internal.operations.DefaultBuildOperationRunner.execute(Lorg/gradle/internal/operations/BuildOperationDescriptor$Builder;Lorg/gradle/internal/operations/DefaultBuildOperationRunner$BuildOperationExecution;)Ljava/lang/Object;+141
j  org.gradle.internal.operations.DefaultBuildOperationRunner.execute(Lorg/gradle/internal/operations/BuildOperation;Lorg/gradle/internal/operations/BuildOperationWorker;)V+17
j  org.gradle.internal.operations.DefaultBuildOperationRunner.call(Lorg/gradle/internal/operations/CallableBuildOperation;)Ljava/lang/Object;+12
j  org.gradle.launcher.exec.RunAsBuildOperationBuildActionExecutor.execute(Lorg/gradle/internal/invocation/BuildAction;Lorg/gradle/internal/session/BuildSessionContext;)Lorg/gradle/internal/buildtree/BuildActionRunner$Result;+23
j  org.gradle.launcher.exec.RunAsWorkerThreadBuildActionExecutor.lambda$execute$0(Lorg/gradle/internal/invocation/BuildAction;Lorg/gradle/internal/session/BuildSessionContext;)Lorg/gradle/internal/buildtree/BuildActionRunner$Result;+6
j  org.gradle.launcher.exec.RunAsWorkerThreadBuildActionExecutor$$Lambda+0x000001ca0127e6e0.create()Ljava/lang/Object;+12
j  org.gradle.internal.work.DefaultWorkerLeaseService.lambda$withLocksAcquired$0(Lorg/gradle/internal/Factory;Ljava/util/Collection;)Ljava/lang/Object;+1
j  org.gradle.internal.work.DefaultWorkerLeaseService$$Lambda+0x000001ca01286460.create()Ljava/lang/Object;+12
j  org.gradle.internal.work.ResourceLockStatistics$1.measure(Ljava/lang/String;Ljava/lang/Iterable;Lorg/gradle/internal/Factory;)Ljava/lang/Object;+1
j  org.gradle.internal.work.DefaultWorkerLeaseService.withLocksAcquired(Ljava/util/Collection;Lorg/gradle/internal/Factory;)Ljava/lang/Object;+21
j  org.gradle.internal.work.DefaultWorkerLeaseService.withLocks(Ljava/util/Collection;Lorg/gradle/internal/Factory;)Ljava/lang/Object;+25
j  org.gradle.internal.work.DefaultWorkerLeaseService.runAsWorkerThread(Lorg/gradle/internal/Factory;)Ljava/lang/Object;+33
j  org.gradle.launcher.exec.RunAsWorkerThreadBuildActionExecutor.execute(Lorg/gradle/internal/invocation/BuildAction;Lorg/gradle/internal/session/BuildSessionContext;)Lorg/gradle/internal/buildtree/BuildActionRunner$Result;+12
j  org.gradle.tooling.internal.provider.continuous.ContinuousBuildActionExecutor.execute(Lorg/gradle/internal/invocation/BuildAction;Lorg/gradle/internal/session/BuildSessionContext;)Lorg/gradle/internal/buildtree/BuildActionRunner$Result;+58
j  org.gradle.tooling.internal.provider.SubscribableBuildActionExecutor.execute(Lorg/gradle/internal/invocation/BuildAction;Lorg/gradle/internal/session/BuildSessionContext;)Lorg/gradle/internal/buildtree/BuildActionRunner$Result;+30
j  org.gradle.internal.session.DefaultBuildSessionContext.execute(Lorg/gradle/internal/invocation/BuildAction;)Lorg/gradle/internal/buildtree/BuildActionRunner$Result;+64
j  org.gradle.internal.buildprocess.execution.BuildSessionLifecycleBuildActionExecutor$ActionImpl.apply(Lorg/gradle/internal/session/BuildSessionContext;)Lorg/gradle/launcher/exec/BuildActionResult;+6
j  org.gradle.internal.buildprocess.execution.BuildSessionLifecycleBuildActionExecutor$ActionImpl.apply(Ljava/lang/Object;)Ljava/lang/Object;+5
j  org.gradle.internal.session.BuildSessionState.run(Ljava/util/function/Function;)Ljava/lang/Object;+5
j  org.gradle.internal.buildprocess.execution.BuildSessionLifecycleBuildActionExecutor.execute(Lorg/gradle/internal/invocation/BuildAction;Lorg/gradle/launcher/exec/BuildActionParameters;Lorg/gradle/initialization/BuildRequestContext;)Lorg/gradle/launcher/exec/BuildActionResult;+105
j  org.gradle.internal.buildprocess.execution.BuildSessionLifecycleBuildActionExecutor.execute(Lorg/gradle/internal/invocation/BuildAction;Ljava/lang/Object;Ljava/lang/Object;)Lorg/gradle/launcher/exec/BuildActionResult;+10
j  org.gradle.internal.buildprocess.execution.StartParamsValidatingActionExecutor.execute(Lorg/gradle/internal/invocation/BuildAction;Lorg/gradle/launcher/exec/BuildActionParameters;Lorg/gradle/initialization/BuildRequestContext;)Lorg/gradle/launcher/exec/BuildActionResult;+142
j  org.gradle.internal.buildprocess.execution.StartParamsValidatingActionExecutor.execute(Lorg/gradle/internal/invocation/BuildAction;Ljava/lang/Object;Ljava/lang/Object;)Lorg/gradle/launcher/exec/BuildActionResult;+10
j  org.gradle.internal.buildprocess.execution.SessionFailureReportingActionExecutor.execute(Lorg/gradle/internal/invocation/BuildAction;Lorg/gradle/launcher/exec/BuildActionParameters;Lorg/gradle/initialization/BuildRequestContext;)Lorg/gradle/launcher/exec/BuildActionResult;+7
j  org.gradle.internal.buildprocess.execution.SessionFailureReportingActionExecutor.execute(Lorg/gradle/internal/invocation/BuildAction;Ljava/lang/Object;Ljava/lang/Object;)Lorg/gradle/launcher/exec/BuildActionResult;+10
j  org.gradle.internal.buildprocess.execution.SetupLoggingActionExecutor.execute(Lorg/gradle/internal/invocation/BuildAction;Lorg/gradle/launcher/exec/BuildActionParameters;Lorg/gradle/initialization/BuildRequestContext;)Lorg/gradle/launcher/exec/BuildActionResult;+50
j  org.gradle.internal.buildprocess.execution.SetupLoggingActionExecutor.execute(Lorg/gradle/internal/invocation/BuildAction;Ljava/lang/Object;Ljava/lang/Object;)Lorg/gradle/launcher/exec/BuildActionResult;+10
j  org.gradle.launcher.daemon.server.exec.ExecuteBuild.doBuild(Lorg/gradle/launcher/daemon/server/api/DaemonCommandExecution;Lorg/gradle/launcher/daemon/protocol/Build;)V+147
j  org.gradle.launcher.daemon.server.exec.BuildCommandOnly.execute(Lorg/gradle/launcher/daemon/server/api/DaemonCommandExecution;)V+49
j  org.gradle.launcher.daemon.server.api.DaemonCommandExecution.proceed()Z+23
j  org.gradle.launcher.daemon.server.exec.WatchForDisconnection.execute(Lorg/gradle/launcher/daemon/server/api/DaemonCommandExecution;)V+19
j  org.gradle.launcher.daemon.server.api.DaemonCommandExecution.proceed()Z+23
j  org.gradle.launcher.daemon.server.exec.ResetDeprecationLogger.execute(Lorg/gradle/launcher/daemon/server/api/DaemonCommandExecution;)V+7
j  org.gradle.launcher.daemon.server.api.DaemonCommandExecution.proceed()Z+23
j  org.gradle.launcher.daemon.server.exec.RequestStopIfSingleUsedDaemon.execute(Lorg/gradle/launcher/daemon/server/api/DaemonCommandExecution;)V+33
j  org.gradle.launcher.daemon.server.api.DaemonCommandExecution.proceed()Z+23
j  org.gradle.launcher.daemon.server.exec.ForwardClientInput.lambda$execute$0(Lorg/gradle/launcher/daemon/server/api/DaemonCommandExecution;Lorg/gradle/internal/daemon/clientinput/StdinHandler;)Ljava/lang/Object;+11
j  org.gradle.launcher.daemon.server.exec.ForwardClientInput$$Lambda+0x000001ca01195248.apply(Ljava/lang/Object;)Ljava/lang/Object;+8
j  org.gradle.internal.daemon.clientinput.ClientInputForwarder.forwardInput(Ljava/util/function/Function;)Ljava/lang/Object;+46
j  org.gradle.launcher.daemon.server.exec.ForwardClientInput.execute(Lorg/gradle/launcher/daemon/server/api/DaemonCommandExecution;)V+10
j  org.gradle.launcher.daemon.server.api.DaemonCommandExecution.proceed()Z+23
j  org.gradle.launcher.daemon.server.exec.LogAndCheckHealth.execute(Lorg/gradle/launcher/daemon/server/api/DaemonCommandExecution;)V+51
j  org.gradle.launcher.daemon.server.api.DaemonCommandExecution.proceed()Z+23
j  org.gradle.launcher.daemon.server.exec.LogToClient.doBuild(Lorg/gradle/launcher/daemon/server/api/DaemonCommandExecution;Lorg/gradle/launcher/daemon/protocol/Build;)V+87
j  org.gradle.launcher.daemon.server.exec.BuildCommandOnly.execute(Lorg/gradle/launcher/daemon/server/api/DaemonCommandExecution;)V+49
j  org.gradle.launcher.daemon.server.api.DaemonCommandExecution.proceed()Z+23
j  org.gradle.launcher.daemon.server.exec.EstablishBuildEnvironment.doBuild(Lorg/gradle/launcher/daemon/server/api/DaemonCommandExecution;Lorg/gradle/launcher/daemon/protocol/Build;)V+356
j  org.gradle.launcher.daemon.server.exec.BuildCommandOnly.execute(Lorg/gradle/launcher/daemon/server/api/DaemonCommandExecution;)V+49
j  org.gradle.launcher.daemon.server.api.DaemonCommandExecution.proceed()Z+23
j  org.gradle.launcher.daemon.server.exec.StartBuildOrRespondWithBusy$1.run()V+44
j  org.gradle.launcher.daemon.server.DaemonStateCoordinator.lambda$runCommand$0(Ljava/lang/Runnable;)V+1
j  org.gradle.launcher.daemon.server.DaemonStateCoordinator$$Lambda+0x000001ca0118fc10.run()V+8
j  org.gradle.internal.concurrent.ExecutorPolicy$CatchAndRecordFailures.onExecute(Ljava/lang/Runnable;)V+1
j  org.gradle.internal.concurrent.AbstractManagedExecutor$1.run()V+25
j  java.util.concurrent.ThreadPoolExecutor.runWorker(Ljava/util/concurrent/ThreadPoolExecutor$Worker;)V+92 java.base@21.0.12.1
j  java.util.concurrent.ThreadPoolExecutor$Worker.run()V+5 java.base@21.0.12.1
j  java.lang.Thread.runWith(Ljava/lang/Object;Ljava/lang/Runnable;)V+5 java.base@21.0.12.1
j  java.lang.Thread.run()V+19 java.base@21.0.12.1
v  ~StubRoutines::call_stub 0x000001ca56b610e7
new  187 new  [0x000001ca56b7aa00, 0x000001ca56b7ac08]  520 bytes
[MachCode]
  0x000001ca56b7aa00: 4883 ec08 | c5fa 1104 | 24eb 1f48 | 83ec 10c5 | fb11 0424 | eb14 4883 | ec10 4889 | 0424 48c7 
  0x000001ca56b7aa20: 4424 0800 | 0000 00eb | 0150 410f | b755 010f | cac1 ea10 | 488b 4de8 | 488b 4908 | 488b 4908 
  0x000001ca56b7aa40: 488b 4108 | 807c 1004 | 070f 85d3 | 0000 0066 | 8b54 d148 | 488b 4928 | 488b 4cd1 | 0851 80b9 
  0x000001ca56b7aa60: 3101 0000 | 040f 85b6 | 0000 008b | 5108 f6c2 | 010f 85aa | 0000 0049 | 8b87 b801 | 0000 488d 
  0x000001ca56b7aa80: 1c10 493b | 9fc8 0100 | 000f 8792 | 0000 0049 | 899f b801 | 0000 4883 | ea10 0f84 | 0f00 0000 
  0x000001ca56b7aaa0: 33c9 c1ea | 0348 894c | d008 48ff | ca75 f648 | c700 0100 | 0000 5933 | f689 700c | 49ba 0000 
  0x000001ca56b7aac0: 0000 ca01 | 0000 492b | ca89 4808 | 49ba 076d | 4716 fb7f | 0000 4180 | 3a00 0f84 | 3c00 0000 
  0x000001ca56b7aae0: 5048 8bc8 | 4883 ec20 | 40f6 c40f | 0f84 1900 | 0000 4883 | ec08 48b8 | 20eb f015 | fb7f 0000 
  0x000001ca56b7ab00: ffd0 4883 | c408 e90c | 0000 0048 | b820 ebf0 | 15fb 7f00 | 00ff d048 | 83c4 2058 | e9cb 0000 
  0x000001ca56b7ab20: 0059 488b | 55e8 488b | 5208 488b | 5208 450f | b745 0141 | 0fc8 41c1 | e810 e805 | 0000 00e9 
  0x000001ca56b7ab40: a800 0000 | 488d 4424 | 084c 896d | c049 8bcf | c5f8 7749 | 89af b003 | 0000 4989 | 87a0 0300 
  0x000001ca56b7ab60: 0048 83ec | 2040 f6c4 | 0f0f 8419 | 0000 0048 | 83ec 0848 | b820 d3ba | 15fb 7f00 | 00ff d048 
  0x000001ca56b7ab80: 83c4 08e9 | 0c00 0000 | 48b8 20d3 | ba15 fb7f | 0000 ffd0 | 4883 c420 | 49c7 87a0 | 0300 0000 
  0x000001ca56b7aba0: 0000 0049 | c787 b003 | 0000 0000 | 0000 49c7 | 87a8 0300 | 0000 0000 | 00c5 f877 | 4983 7f08 
  0x000001ca56b7abc0: 000f 8405 | 0000 00e9 | 3463 feff | 498b 87f8 | 0300 0049 | c787 f803 | 0000 0000 | 0000 4c8b 
  0x000001ca56b7abe0: 6dc0 4c8b | 75c8 4e8d | 74f5 00c3 | 410f b65d | 0349 83c5 | 0349 ba50 | 354a 16fb | 7f00 0041 
  0x000001ca56b7ac00: ff24 da0f | 1f44 0000 
[/MachCode]

Compiled method (c1) 76036 2136   !   3       jdk.internal.reflect.DirectMethodHandleAccessor::invoke (92 bytes)
 total in heap  [0x000001ca4724dc90,0x000001ca47252780] = 19184
 relocation     [0x000001ca4724ddf0,0x000001ca4724e1c0] = 976
 main code      [0x000001ca4724e1c0,0x000001ca47251020] = 11872
 stub code      [0x000001ca47251020,0x000001ca47251150] = 304
 oops           [0x000001ca47251150,0x000001ca47251188] = 56
 metadata       [0x000001ca47251188,0x000001ca47251200] = 120
 scopes data    [0x000001ca47251200,0x000001ca47251770] = 1392
 scopes pcs     [0x000001ca47251770,0x000001ca47251dd0] = 1632
 dependencies   [0x000001ca47251dd0,0x000001ca47251dd8] = 8
 handler table  [0x000001ca47251dd8,0x000001ca472526a8] = 2256
 nul chk table  [0x000001ca472526a8,0x000001ca47252780] = 216

[Constant Pool (empty)]

[MachCode]
[Entry Point]
  # {method} {0x000001ca0019cf00} 'invoke' '(Ljava/lang/Object;[Ljava/lang/Object;)Ljava/lang/Object;' in 'jdk/internal/reflect/DirectMethodHandleAccessor'
  # this:     rdx:rdx   = 'jdk/internal/reflect/DirectMethodHandleAccessor'
  # parm0:    r8:r8     = 'java/lang/Object'
  # parm1:    r9:r9     = '[Ljava/lang/Object;'
  #           [sp+0x180]  (sp of caller)
  0x000001ca4724e1c0: 448b 5208 | 49bb 0000 | 0000 ca01 | 0000 4d03 | d34c 3bd0 

  0x000001ca4724e1d4: ;   {runtime_call ic_miss_stub}
  0x000001ca4724e1d4: 0f85 a607 | 960f 660f | 1f44 0000 
[Verified Entry Point]
  0x000001ca4724e1e0: 8984 2400 | 80ff ff55 | 4881 ec70 | 0100 0090 | 4181 7f20 | 0300 0000 

  0x000001ca4724e1f8: ;   {runtime_call StubRoutines (final stubs)}
  0x000001ca4724e1f8: 7405 e8e1 | a094 0f48 | 8994 24b0 | 0000 004c | 8984 24c0 | 0000 004c | 898c 24b8 

  0x000001ca4724e214: ;   {metadata(method data for {method} {0x000001ca0019cf00} 'invoke' '(Ljava/lang/Object;[Ljava/lang/Object;)Ljava/lang/Object;' in 'jdk/internal/reflect/DirectMethodHandleAccessor')}
  0x000001ca4724e214: 0000 0048 | bee8 5431 | 74ca 0100 | 008b becc | 0000 0083 | c702 89be | cc00 0000 | 81e7 fe07 
  0x000001ca4724e234: 0000 85ff | 0f84 1b28 | 0000 488b 

  0x000001ca4724e240: ;   {metadata(method data for {method} {0x000001ca0019cf00} 'invoke' '(Ljava/lang/Object;[Ljava/lang/Object;)Ljava/lang/Object;' in 'jdk/internal/reflect/DirectMethodHandleAccessor')}
  0x000001ca4724e240: f248 bfe8 | 5431 74ca | 0100 0048 | 8387 1001 

  0x000001ca4724e250: ;   {metadata(method data for {method} {0x000001ca003c8780} 'isStatic' '()Z' in 'jdk/internal/reflect/DirectMethodHandleAccessor')}
  0x000001ca4724e250: 0000 0148 | be20 5831 | 74ca 0100 | 008b becc | 0000 0083 | c702 89be | cc00 0000 | 81e7 feff 
  0x000001ca4724e270: 1f00 85ff | 0f84 0028 | 0000 8b72 | 1081 e600 | 0200 0081 | fe00 0200 

  0x000001ca4724e288: ;   {metadata(method data for {method} {0x000001ca003c8780} 'isStatic' '()Z' in 'jdk/internal/reflect/DirectMethodHandleAccessor')}
  0x000001ca4724e288: 0048 be20 | 5831 74ca | 0100 0048 | c7c7 1001 | 0000 7507 | 48c7 c720 | 0100 0048 | 8b1c 3e48 
  0x000001ca4724e2a8: 8d5b 0148 | 891c 3e0f | 851a 0000 

  0x000001ca4724e2b4: ;   {metadata(method data for {method} {0x000001ca003c8780} 'isStatic' '()Z' in 'jdk/internal/reflect/DirectMethodHandleAccessor')}
  0x000001ca4724e2b4: 0048 be20 | 5831 74ca | 0100 00ff | 8630 0100 | 00be 0100 | 0000 e905 | 0000 00be | 0000 0000 
  0x000001ca4724e2d4: 83e6 0185 

  0x000001ca4724e2d8: ;   {metadata(method data for {method} {0x000001ca0019cf00} 'invoke' '(Ljava/lang/Object;[Ljava/lang/Object;)Ljava/lang/Object;' in 'jdk/internal/reflect/DirectMethodHandleAccessor')}
  0x000001ca4724e2d8: f648 bee8 | 5431 74ca | 0100 0048 | c7c7 4801 | 0000 7507 | 48c7 c758 | 0100 0048 | 8b1c 3e48 
  0x000001ca4724e2f8: 8d5b 0148 | 891c 3e0f | 85d5 0000 | 0048 8bf2 

  0x000001ca4724e308: ;   {metadata(method data for {method} {0x000001ca0019cf00} 'invoke' '(Ljava/lang/Object;[Ljava/lang/Object;)Ljava/lang/Object;' in 'jdk/internal/reflect/DirectMethodHandleAccessor')}
  0x000001ca4724e308: 48bf e854 | 3174 ca01 | 0000 4883 | 8768 0100 

  0x000001ca4724e318: ;   {metadata(method data for {method} {0x000001ca003c86d0} 'checkReceiver' '(Ljava/lang/Object;)V' in 'jdk/internal/reflect/DirectMethodHandleAccessor')}
  0x000001ca4724e318: 0001 48be | 9059 3174 | ca01 0000 | 8bbe cc00 | 0000 83c7 | 0289 becc | 0000 0081 | e7fe ff1f 
  0x000001ca4724e338: 0085 ff0f | 845a 2700 | 008b 7214 | 48c1 e603 

  0x000001ca4724e348: ; implicit exception: dispatches to 0x000001ca47250abc
  0x000001ca4724e348: 493b 0049 

  0x000001ca4724e34c: ;   {metadata(method data for {method} {0x000001ca003c86d0} 'checkReceiver' '(Ljava/lang/Object;)V' in 'jdk/internal/reflect/DirectMethodHandleAccessor')}
  0x000001ca4724e34c: 8bf8 48bb | 9059 3174 | ca01 0000 | 4883 8310 | 0100 0001 | 418b 7808 | 49ba 0000 | 0000 ca01 
  0x000001ca4724e36c: 0000 4903 | fa48 8b7f | 7048 8b3f 

  0x000001ca4724e378: ; implicit exception: dispatches to 0x000001ca47250ac1
  0x000001ca4724e378: 483b 0648 

  0x000001ca4724e37c: ;   {metadata(method data for {method} {0x000001ca003c86d0} 'checkReceiver' '(Ljava/lang/Object;)V' in 'jdk/internal/reflect/DirectMethodHandleAccessor')}
  0x000001ca4724e37c: 8bde 48b8 | 9059 3174 | ca01 0000 | 4883 8048 | 0100 0001 | 4c8b c748 

  0x000001ca4724e394: ;   {optimized virtual_call}
  0x000001ca4724e394: 8bd6 90e8 

  0x000001ca4724e398: ; ImmutableOopMap {[176]=Oop [184]=Oop [192]=Oop }
                      ;*invokevirtual isAssignableFrom {reexecute=0 rethrow=0 return_oop=0}
                      ; - jdk.internal.reflect.DirectMethodHandleAccessor::checkReceiver@8
                      ; - jdk.internal.reflect.DirectMethodHandleAccessor::invoke@9
  0x000001ca4724e398: a467 ec0f 

  0x000001ca4724e39c: ;   {other}
  0x000001ca4724e39c: 0f1f 8400 | 0c07 0000 

  0x000001ca4724e3a4: ;   {metadata(method data for {method} {0x000001ca003c86d0} 'checkReceiver' '(Ljava/lang/Object;)V' in 'jdk/internal/reflect/DirectMethodHandleAccessor')}
  0x000001ca4724e3a4: 85c0 48ba | 9059 3174 | ca01 0000 | 49c7 c090 | 0100 0074 | 0749 c7c0 | 8001 0000 | 4a8b 3402 
  0x000001ca4724e3c4: 488d 7601 | 4a89 3402 | 0f84 1f25 | 0000 488b | 9424 b000 | 0000 448b 

  0x000001ca4724e3dc: ;   {metadata(method data for {method} {0x000001ca0019cf00} 'invoke' '(Ljava/lang/Object;[Ljava/lang/Object;)Ljava/lang/Object;' in 'jdk/internal/reflect/DirectMethodHandleAccessor')}
  0x000001ca4724e3dc: 420c 48be | e854 3174 | ca01 0000 | 4883 86a0 | 0100 0001 | 498b d04c | 8b84 24b8 | 0000 000f 
  0x000001ca4724e3fc: ;   {static_call}
  0x000001ca4724e3fc: 1f40 00e8 

  0x000001ca4724e400: ; ImmutableOopMap {[176]=Oop [184]=Oop [192]=Oop }
                      ;*invokestatic checkArgumentCount {reexecute=0 rethrow=0 return_oop=0}
                      ; - jdk.internal.reflect.DirectMethodHandleAccessor::invoke@17
  0x000001ca4724e400: fc2e 0a00 

  0x000001ca4724e404: ;   {other}
  0x000001ca4724e404: 0f1f 8400 | 7407 0001 | 488b 9424 | b000 0000 

  0x000001ca4724e414: ;   {metadata(method data for {method} {0x000001ca0019cf00} 'invoke' '(Ljava/lang/Object;[Ljava/lang/Object;)Ljava/lang/Object;' in 'jdk/internal/reflect/DirectMethodHandleAccessor')}
  0x000001ca4724e414: 488b f248 | bfe8 5431 | 74ca 0100 | 0048 8387 | b001 0000 

  0x000001ca4724e428: ;   {metadata(method data for {method} {0x000001ca003c8518} 'invokeImpl' '(Ljava/lang/Object;[Ljava/lang/Object;)Ljava/lang/Object;' in 'jdk/internal/reflect/DirectMethodHandleAccessor')}
  0x000001ca4724e428: 0148 be70 | 5e31 74ca | 0100 008b | becc 0000 | 0083 c702 | 89be cc00 | 0000 81e7 | feff 1f00 
  0x000001ca4724e448: 85ff 0f84 | 7626 0000 

  0x000001ca4724e450: ;   {metadata(method data for {method} {0x000001ca003c8518} 'invokeImpl' '(Ljava/lang/Object;[Ljava/lang/Object;)Ljava/lang/Object;' in 'jdk/internal/reflect/DirectMethodHandleAccessor')}
  0x000001ca4724e450: 8b72 0c48 | bf70 5e31 | 74ca 0100 | 0048 c7c3 | 1801 0000 | 85f6 488b | c348 c7c3 | 2801 0000 
  0x000001ca4724e470: 480f 45d8 | 83fe 0148 | 8bc3 48c7 | c338 0100 | 0048 0f45 | d883 fe02 | 488b c348 | c7c3 4801 
  0x000001ca4724e490: 0000 480f | 45d8 83fe | 0348 8bc3 | 48c7 c358 | 0100 0048 | 0f45 d848 | 8b04 1f49 | c7c2 0100 
  0x000001ca4724e4b0: 0000 4903 | c248 8904 | 1f85 f60f | 8451 1a00 | 0083 fe01 | 0f84 e013 | 0000 83fe | 020f 8437 
  0x000001ca4724e4d0: 0d00 0083 | fe03 0f84 | 4606 0000 | 4c8b 8424 | c000 0000 | 8b72 1848 | c1e6 0348 | 89b4 24c8 
  0x000001ca4724e4f0: ;   {metadata(method data for {method} {0x000001ca003c8518} 'invokeImpl' '(Ljava/lang/Object;[Ljava/lang/Object;)Ljava/lang/Object;' in 'jdk/internal/reflect/DirectMethodHandleAccessor')}
  0x000001ca4724e4f0: 0000 0048 | bf70 5e31 | 74ca 0100 | 0048 8dbf | 9803 0000 | 4d85 c075 | 0ef6 4708 | 0175 53f0 
  0x000001ca4724e510: 4883 4f08 | 01eb 4b41 | 8b58 0849 | ba00 0000 | 00ca 0100 | 0049 03da | 4c8b d348 | 335f 0848 
  0x000001ca4724e530: f7c3 fcff | ffff 742a | f6c3 0275 | 2548 f747 | 08fe ffff | ff74 1749 | 8bda 4833 | 5f08 48f7 
  0x000001ca4724e550: c3fc ffff | ff74 0b48 | 834f 0802 | eb04 4889 

  0x000001ca4724e560: ;   {metadata(method data for {method} {0x000001ca000ae518} 'invokeExact_MT' '(Ljava/lang/Object;Ljava/lang/Object;Ljava/lang/Object;Ljava/lang/Object;)Ljava/lang/Object;' in 'java/lang/invoke/Invokers$Holder')}
  0x000001ca4724e560: 5f08 48bf | 8862 3174 | ca01 0000 | 488d bfb8 | 0200 0048 | 85f6 750c | f607 0175 | 4cf0 4883 
  0x000001ca4724e580: 0f01 eb45 | 8b5e 0849 | ba00 0000 | 00ca 0100 | 0049 03da | 4c8b d348 | 331f 48f7 | c3fc ffff 
  0x000001ca4724e5a0: ff74 26f6 | c302 7521 | 48f7 07fe | ffff ff74 | 1549 8bda | 4833 1f48 | f7c3 fcff | ffff 7409 
  0x000001ca4724e5c0: 4883 0f02 | eb03 4889 | 1f4d 85c0 | 750e f647 | 1001 7553 | f048 834f | 1001 eb4b | 418b 5808 
  0x000001ca4724e5e0: 49ba 0000 | 0000 ca01 | 0000 4903 | da4c 8bd3 | 4833 5f10 | 48f7 c3fc | ffff ff74 | 2af6 c302 
  0x000001ca4724e600: 7525 48f7 | 4710 feff | ffff 7417 | 498b da48 | 335f 1048 | f7c3 fcff | ffff 740b | 4883 4f10 
  0x000001ca4724e620: 02eb 0448 

  0x000001ca4724e624: ;   {metadata(method data for {method} {0x000001ca003c8518} 'invokeImpl' '(Ljava/lang/Object;[Ljava/lang/Object;)Ljava/lang/Object;' in 'jdk/internal/reflect/DirectMethodHandleAccessor')}
  0x000001ca4724e624: 895f 1048 | bf70 5e31 | 74ca 0100 | 0048 8387 | 6003 0000 

  0x000001ca4724e638: ;   {metadata(method data for {method} {0x000001ca000ae518} 'invokeExact_MT' '(Ljava/lang/Object;Ljava/lang/Object;Ljava/lang/Object;Ljava/lang/Object;)Ljava/lang/Object;' in 'java/lang/invoke/Invokers$Holder')}
  0x000001ca4724e638: 0148 bf88 | 6231 74ca | 0100 008b | 9fcc 0000 | 0083 c302 | 899f cc00 | 0000 81e3 | feff 1f00 
  0x000001ca4724e658: 85db 0f84 | 8724 0000 

  0x000001ca4724e660: ;   {metadata(method data for {method} {0x000001ca000ae518} 'invokeExact_MT' '(Ljava/lang/Object;Ljava/lang/Object;Ljava/lang/Object;Ljava/lang/Object;)Ljava/lang/Object;' in 'java/lang/invoke/Invokers$Holder')}
  0x000001ca4724e660: 48bf 8862 | 3174 ca01 | 0000 488d | bf90 0100 | 0048 85f6 | 750e f647 | 0801 7552 | f048 834f 
  0x000001ca4724e680: 0801 eb4a | 8b5e 0849 | ba00 0000 | 00ca 0100 | 0049 03da | 4c8b d348 | 335f 0848 | f7c3 fcff 
  0x000001ca4724e6a0: ffff 742a | f6c3 0275 | 2548 f747 | 08fe ffff | ff74 1749 | 8bda 4833 | 5f08 48f7 | c3fc ffff 
  0x000001ca4724e6c0: ff74 0b48 | 834f 0802 | eb04 4889 

  0x000001ca4724e6cc: ;   {oop(a 'java/lang/invoke/MethodType'{0x0000000600442a40} = (Ljava/lang/Object;[Ljava/lang/Object;)Ljava/lang/Object;)}
  0x000001ca4724e6cc: 5f08 48bb | 402a 4400 | 0600 0000 | 4885 db75 | 0cf6 4718 | 0175 06f0 | 4883 4f18 

  0x000001ca4724e6e8: ;   {metadata(method data for {method} {0x000001ca000ae518} 'invokeExact_MT' '(Ljava/lang/Object;Ljava/lang/Object;Ljava/lang/Object;Ljava/lang/Object;)Ljava/lang/Object;' in 'java/lang/invoke/Invokers$Holder')}
  0x000001ca4724e6e8: 0148 bf88 | 6231 74ca | 0100 0048 | 8387 8001 

  0x000001ca4724e6f8: ;   {metadata(method data for {method} {0x000001ca003dc408} 'checkExactType' '(Ljava/lang/invoke/MethodHandle;Ljava/lang/invoke/MethodType;)V' in 'java/lang/invoke/Invokers')}
  0x000001ca4724e6f8: 0000 0148 | bf70 f91f | 74ca 0100 | 008b 87cc | 0000 0083 | c002 8987 | cc00 0000 | 25fe ff1f 
  0x000001ca4724e718: 0085 c00f | 84e7 2300 | 0048 3b06 

  0x000001ca4724e724: ;   {metadata(method data for {method} {0x000001ca003dc408} 'checkExactType' '(Ljava/lang/invoke/MethodHandle;Ljava/lang/invoke/MethodType;)V' in 'java/lang/invoke/Invokers')}
  0x000001ca4724e724: 488b fe48 | b870 f91f | 74ca 0100 | 008b 7f08 | 49ba 0000 | 0000 ca01 | 0000 4903 | fa48 3bb8 
  0x000001ca4724e744: 2001 0000 | 750d 4883 | 8028 0100 | 0001 e960 | 0000 0048 | 3bb8 3001 | 0000 750d | 4883 8038 
  0x000001ca4724e764: 0100 0001 | e94a 0000 | 0048 83b8 | 2001 0000 | 0075 1748 | 89b8 2001 | 0000 48c7 | 8028 0100 
  0x000001ca4724e784: 0001 0000 | 00e9 2900 | 0000 4883 | b830 0100 | 0000 7517 | 4889 b830 | 0100 0048 | c780 3801 
  0x000001ca4724e7a4: 0000 0100 | 0000 e908 | 0000 0048 | 8380 1001 | 0000 018b | 7e10 48c1 | e703 483b 

  0x000001ca4724e7c0: ;   {metadata(method data for {method} {0x000001ca003dc408} 'checkExactType' '(Ljava/lang/invoke/MethodHandle;Ljava/lang/invoke/MethodType;)V' in 'java/lang/invoke/Invokers')}
  0x000001ca4724e7c0: fb48 bb70 | f91f 74ca | 0100 0048 | c7c0 5801 | 0000 7507 | 48c7 c048 | 0100 0048 | 8b0c 0348 
  0x000001ca4724e7e0: 8d49 0148 | 890c 030f | 85a2 1c00 

  0x000001ca4724e7ec: ;   {metadata(method data for {method} {0x000001ca000ae518} 'invokeExact_MT' '(Ljava/lang/Object;Ljava/lang/Object;Ljava/lang/Object;Ljava/lang/Object;)Ljava/lang/Object;' in 'java/lang/invoke/Invokers$Holder')}
  0x000001ca4724e7ec: 0048 bf88 | 6231 74ca | 0100 0048 | 8dbf c801 | 0000 8b5e | 0849 ba00 | 0000 00ca | 0100 0049 
  0x000001ca4724e80c: 03da 4c8b | d348 335f | 0848 f7c3 | fcff ffff | 742a f6c3 | 0275 2548 | f747 08fe | ffff ff74 
  0x000001ca4724e82c: 1749 8bda | 4833 5f08 | 48f7 c3fc | ffff ff74 | 0b48 834f | 0802 eb04 | 4889 5f08 

  0x000001ca4724e848: ;   {metadata(method data for {method} {0x000001ca000ae518} 'invokeExact_MT' '(Ljava/lang/Object;Ljava/lang/Object;Ljava/lang/Object;Ljava/lang/Object;)Ljava/lang/Object;' in 'java/lang/invoke/Invokers$Holder')}
  0x000001ca4724e848: 48bf 8862 | 3174 ca01 | 0000 4883 | 87b8 0100 

  0x000001ca4724e858: ;   {metadata(method data for {method} {0x000001ca003dc300} 'checkCustomized' '(Ljava/lang/invoke/MethodHandle;)V' in 'java/lang/invoke/Invokers')}
  0x000001ca4724e858: 0001 48bf | 38ee 1f74 | ca01 0000 | 8b9f cc00 | 0000 83c3 | 0289 9fcc | 0000 0081 | e3fe ff1f 
  0x000001ca4724e878: 0085 db0f | 84ad 2200 

  0x000001ca4724e880: ;   {metadata(method data for {method} {0x000001ca003dc300} 'checkCustomized' '(Ljava/lang/invoke/MethodHandle;)V' in 'java/lang/invoke/Invokers')}
  0x000001ca4724e880: 0048 bf38 | ee1f 74ca | 0100 0048 | 8387 1001 

  0x000001ca4724e890: ;   {metadata(method data for {method} {0x000001ca000944d8} 'isCompileConstant' '(Ljava/lang/Object;)Z' in 'java/lang/invoke/MethodHandleImpl')}
  0x000001ca4724e890: 0000 0148 | bfe8 ef1f | 74ca 0100 | 008b 9fcc | 0000 0083 | c302 899f | cc00 0000 | 81e3 feff 
  0x000001ca4724e8b0: 1f00 85db | 0f84 9522 

  0x000001ca4724e8b8: ;   {metadata(method data for {method} {0x000001ca003dc300} 'checkCustomized' '(Ljava/lang/invoke/MethodHandle;)V' in 'java/lang/invoke/Invokers')}
  0x000001ca4724e8b8: 0000 48bf | 38ee 1f74 | ca01 0000 | ff87 2001 | 0000 8b7e | 1448 c1e7 | 038b 7f1c | 48c1 e703 
  0x000001ca4724e8d8: ;   {metadata(method data for {method} {0x000001ca003dc300} 'checkCustomized' '(Ljava/lang/invoke/MethodHandle;)V' in 'java/lang/invoke/Invokers')}
  0x000001ca4724e8d8: 4885 ff48 | bf38 ee1f | 74ca 0100 | 0048 c7c3 | 4001 0000 | 7507 48c7 | c350 0100 | 0048 8b04 
  0x000001ca4724e8f8: 1f48 8d40 | 0148 8904 | 1f0f 8525 

  0x000001ca4724e904: ;   {metadata(method data for {method} {0x000001ca003dc300} 'checkCustomized' '(Ljava/lang/invoke/MethodHandle;)V' in 'java/lang/invoke/Invokers')}
  0x000001ca4724e904: 0000 0048 | bf38 ee1f | 74ca 0100 | 0048 8387 | 6001 0000 | 0148 8bd6 

  0x000001ca4724e91c: ;   {static_call}
  0x000001ca4724e91c: 6666 90e8 

  0x000001ca4724e920: ; ImmutableOopMap {[176]=Oop [184]=Oop [192]=Oop [200]=Oop }
                      ;*invokestatic maybeCustomize {reexecute=0 rethrow=0 return_oop=0}
                      ; - java.lang.invoke.Invokers::checkCustomized@19
                      ; - java.lang.invoke.Invokers$Holder::invokeExact_MT@14
                      ; - jdk.internal.reflect.DirectMethodHandleAccessor::invokeImpl@104
                      ; - jdk.internal.reflect.DirectMethodHandleAccessor::invoke@23
  0x000001ca4724e920: 9c3f eeff 

  0x000001ca4724e924: ;   {other}
  0x000001ca4724e924: 0f1f 8400 | 940c 0002 | 4c8b 8c24 | b800 0000 | 4c8b 8424 | c000 0000 

  0x000001ca4724e93c: ;   {metadata(method data for {method} {0x000001ca000ae518} 'invokeExact_MT' '(Ljava/lang/Object;Ljava/lang/Object;Ljava/lang/Object;Ljava/lang/Object;)Ljava/lang/Object;' in 'java/lang/invoke/Invokers$Holder')}
  0x000001ca4724e93c: 48ba 8862 | 3174 ca01 | 0000 488d | 9218 0200 | 004d 85c0 | 750e f642 | 0801 7554 | f048 834a 
  0x000001ca4724e95c: 0801 eb4c | 418b 7008 | 49ba 0000 | 0000 ca01 | 0000 4903 | f24c 8bd6 | 4833 7208 | 48f7 c6fc 
  0x000001ca4724e97c: ffff ff74 | 2b40 f6c6 | 0275 2548 | f742 08fe | ffff ff74 | 1749 8bf2 | 4833 7208 | 48f7 c6fc 
  0x000001ca4724e99c: ffff ff74 | 0b48 834a | 0802 eb04 | 4889 7208 | 4d85 c975 | 0ef6 4218 | 0175 54f0 | 4883 4a18 
  0x000001ca4724e9bc: 01eb 4c41 | 8b71 0849 | ba00 0000 | 00ca 0100 | 0049 03f2 | 4c8b d648 | 3372 1848 | f7c6 fcff 
  0x000001ca4724e9dc: ffff 742b | 40f6 c602 | 7525 48f7 | 4218 feff | ffff 7417 | 498b f248 | 3372 1848 | f7c6 fcff 
  0x000001ca4724e9fc: ffff 740b | 4883 4a18 | 02eb 0448 | 8972 1848 | 8bb4 24c8 

  0x000001ca4724ea10: ;   {metadata(method data for {method} {0x000001ca000ae518} 'invokeExact_MT' '(Ljava/lang/Object;Ljava/lang/Object;Ljava/lang/Object;Ljava/lang/Object;)Ljava/lang/Object;' in 'java/lang/invoke/Invokers$Holder')}
  0x000001ca4724ea10: 0000 0048 | ba88 6231 | 74ca 0100 | 0048 8382 | e001 0000 | 0148 8b94 | 24c8 0000 

  0x000001ca4724ea2c: ;   {optimized virtual_call}
  0x000001ca4724ea2c: 0066 90e8 

  0x000001ca4724ea30: ; ImmutableOopMap {[176]=Oop }
                      ;*invokevirtual invokeBasic {reexecute=0 rethrow=0 return_oop=0}
                      ; - java.lang.invoke.Invokers$Holder::invokeExact_MT@20
                      ; - jdk.internal.reflect.DirectMethodHandleAccessor::invokeImpl@104
                      ; - jdk.internal.reflect.DirectMethodHandleAccessor::invoke@23
  0x000001ca4724ea30: 4c47 ec0f 

  0x000001ca4724ea34: ;   {other}
  0x000001ca4724ea34: 0f1f 8400 | a40d 0003 

  0x000001ca4724ea3c: ;   {metadata(method data for {method} {0x000001ca000ae518} 'invokeExact_MT' '(Ljava/lang/Object;Ljava/lang/Object;Ljava/lang/Object;Ljava/lang/Object;)Ljava/lang/Object;' in 'java/lang/invoke/Invokers$Holder')}
  0x000001ca4724ea3c: 48ba 8862 | 3174 ca01 | 0000 488d | 9238 0200 | 0048 85c0 | 750c f602 | 0175 4df0 | 4883 0a01 
  0x000001ca4724ea5c: eb46 8b70 | 0849 ba00 | 0000 00ca | 0100 0049 | 03f2 4c8b | d648 3332 | 48f7 c6fc | ffff ff74 
  0x000001ca4724ea7c: 2740 f6c6 | 0275 2148 | f702 feff | ffff 7415 | 498b f248 | 3332 48f7 | c6fc ffff | ff74 0948 
  0x000001ca4724ea9c: 830a 02eb | 0348 8932 

  0x000001ca4724eaa4: ;   {metadata(method data for {method} {0x000001ca003c8518} 'invokeImpl' '(Ljava/lang/Object;[Ljava/lang/Object;)Ljava/lang/Object;' in 'jdk/internal/reflect/DirectMethodHandleAccessor')}
  0x000001ca4724eaa4: 48ba 705e | 3174 ca01 | 0000 488d | 92b8 0300 | 0048 85c0 | 750c f602 | 0175 4df0 | 4883 0a01 
  0x000001ca4724eac4: eb46 8b70 | 0849 ba00 | 0000 00ca | 0100 0049 | 03f2 4c8b | d648 3332 | 48f7 c6fc | ffff ff74 
  0x000001ca4724eae4: 2740 f6c6 | 0275 2148 | f702 feff | ffff 7415 | 498b f248 | 3332 48f7 | c6fc ffff | ff74 0948 
  0x000001ca4724eb04: 830a 02eb | 0348 8932 | 4881 c470 | 0100 005d 

  0x000001ca4724eb14: ;   {poll_return}
  0x000001ca4724eb14: 493b a750 | 0400 000f | 8754 2000 | 00c3 4c8b | 8c24 b800 | 0000 4c8b | 8424 c000 | 0000 8b72 
  0x000001ca4724eb34: 1848 c1e6 | 0348 89b4 | 24d8 0000 | 0041 8379 | 0c00 0f86 | 4920 0000 | 418b 7910 | 48c1 e703 
  0x000001ca4724eb54: 4889 bc24 | d000 0000 | 4183 790c | 010f 8640 | 2000 0041 | 8b59 1448 | c1e3 0348 | 899c 24e0 
  0x000001ca4724eb74: 0000 0041 | 8379 0c02 | 0f86 3720 | 0000 418b | 4118 48c1 | e003 4889 | 8424 e800 

  0x000001ca4724eb90: ;   {metadata(method data for {method} {0x000001ca003c8518} 'invokeImpl' '(Ljava/lang/Object;[Ljava/lang/Object;)Ljava/lang/Object;' in 'jdk/internal/reflect/DirectMethodHandleAccessor')}
  0x000001ca4724eb90: 0000 48b9 | 705e 3174 | ca01 0000 | 488d 8918 | 0300 004d | 85c0 750e | f641 0801 | 7554 f048 
  0x000001ca4724ebb0: 8349 0801 | eb4c 458b | 4808 49ba | 0000 0000 | ca01 0000 | 4d03 ca4d | 8bd1 4c33 | 4908 49f7 
  0x000001ca4724ebd0: c1fc ffff | ff74 2b41 | f6c1 0275 | 2548 f741 | 08fe ffff | ff74 174d | 8bca 4c33 | 4908 49f7 
  0x000001ca4724ebf0: c1fc ffff | ff74 0b48 | 8349 0802 | eb04 4c89 

  0x000001ca4724ec00: ;   {metadata(method data for {method} {0x000001ca746e6ab8} 'invokeExact_MT' '(Ljava/lang/Object;Ljava/lang/Object;Ljava/lang/Object;Ljava/lang/Object;Ljava/lang/Object;Ljava/lang/Object;)Ljava/lang/Object;' in 'java/lang/invoke/LambdaForm$MH+0x000001ca010ea800')}
  0x000001ca4724ec00: 4908 48b9 | 186d 6e74 | ca01 0000 | 488d 89c8 | 0200 0048 | 85f6 750c | f601 0175 | 4ef0 4883 
  0x000001ca4724ec20: 0901 eb47 | 448b 4e08 | 49ba 0000 | 0000 ca01 | 0000 4d03 | ca4d 8bd1 | 4c33 0949 | f7c1 fcff 
  0x000001ca4724ec40: ffff 7427 | 41f6 c102 | 7521 48f7 | 01fe ffff | ff74 154d | 8bca 4c33 | 0949 f7c1 | fcff ffff 
  0x000001ca4724ec60: 7409 4883 | 0902 eb03 | 4c89 094d | 85c0 750e | f641 1001 | 7554 f048 | 8349 1001 | eb4c 458b 
  0x000001ca4724ec80: 4808 49ba | 0000 0000 | ca01 0000 | 4d03 ca4d | 8bd1 4c33 | 4910 49f7 | c1fc ffff | ff74 2b41 
  0x000001ca4724eca0: f6c1 0275 | 2548 f741 | 10fe ffff | ff74 174d | 8bca 4c33 | 4910 49f7 | c1fc ffff | ff74 0b48 
  0x000001ca4724ecc0: 8349 1002 | eb04 4c89 

  0x000001ca4724ecc8: ;   {metadata(method data for {method} {0x000001ca003c8518} 'invokeImpl' '(Ljava/lang/Object;[Ljava/lang/Object;)Ljava/lang/Object;' in 'jdk/internal/reflect/DirectMethodHandleAccessor')}
  0x000001ca4724ecc8: 4910 48b9 | 705e 3174 | ca01 0000 | 4883 81e0 | 0200 0001 

  0x000001ca4724ecdc: ;   {metadata(method data for {method} {0x000001ca746e6ab8} 'invokeExact_MT' '(Ljava/lang/Object;Ljava/lang/Object;Ljava/lang/Object;Ljava/lang/Object;Ljava/lang/Object;Ljava/lang/Object;)Ljava/lang/Object;' in 'java/lang/invoke/LambdaForm$MH+0x000001ca010ea800')}
  0x000001ca4724ecdc: 48b9 186d | 6e74 ca01 | 0000 448b | 89cc 0000 | 0041 83c1 | 0244 8989 | cc00 0000 | 4181 e1fe 
  0x000001ca4724ecfc: ff1f 0045 | 85c9 0f84 | c31e 0000 

  0x000001ca4724ed08: ;   {metadata(method data for {method} {0x000001ca746e6ab8} 'invokeExact_MT' '(Ljava/lang/Object;Ljava/lang/Object;Ljava/lang/Object;Ljava/lang/Object;Ljava/lang/Object;Ljava/lang/Object;)Ljava/lang/Object;' in 'java/lang/invoke/LambdaForm$MH+0x000001ca010ea800')}
  0x000001ca4724ed08: 48b9 186d | 6e74 ca01 | 0000 488d | 8990 0100 | 0048 85f6 | 750e f641 | 0801 7554 | f048 8349 
  0x000001ca4724ed28: 0801 eb4c | 448b 4e08 | 49ba 0000 | 0000 ca01 | 0000 4d03 | ca4d 8bd1 | 4c33 4908 | 49f7 c1fc 
  0x000001ca4724ed48: ffff ff74 | 2b41 f6c1 | 0275 2548 | f741 08fe | ffff ff74 | 174d 8bca | 4c33 4908 | 49f7 c1fc 
  0x000001ca4724ed68: ffff ff74 | 0b48 8349 | 0802 eb04 | 4c89 4908 

  0x000001ca4724ed78: ;   {oop(a 'java/lang/invoke/MethodType'{0x000000060042ab40} = (Ljava/lang/Object;Ljava/lang/Object;Ljava/lang/Object;Ljava/lang/Object;)Ljava/lang/Object;)}
  0x000001ca4724ed78: 49b9 40ab | 4200 0600 | 0000 4d85 | c975 0cf6 | 4118 0175 | 06f0 4883 

  0x000001ca4724ed90: ;   {metadata(method data for {method} {0x000001ca746e6ab8} 'invokeExact_MT' '(Ljava/lang/Object;Ljava/lang/Object;Ljava/lang/Object;Ljava/lang/Object;Ljava/lang/Object;Ljava/lang/Object;)Ljava/lang/Object;' in 'java/lang/invoke/LambdaForm$MH+0x000001ca010ea800')}
  0x000001ca4724ed90: 4918 0148 | b918 6d6e | 74ca 0100 | 0048 8381 | 8001 0000 

  0x000001ca4724eda4: ;   {metadata(method data for {method} {0x000001ca003dc408} 'checkExactType' '(Ljava/lang/invoke/MethodHandle;Ljava/lang/invoke/MethodType;)V' in 'java/lang/invoke/Invokers')}
  0x000001ca4724eda4: 0148 b970 | f91f 74ca | 0100 0044 | 8b99 cc00 | 0000 4183 | c302 4489 | 99cc 0000 | 0041 81e3 
  0x000001ca4724edc4: feff 1f00 | 4585 db0f | 841b 1e00 | 0048 3b06 

  0x000001ca4724edd4: ;   {metadata(method data for {method} {0x000001ca003dc408} 'checkExactType' '(Ljava/lang/invoke/MethodHandle;Ljava/lang/invoke/MethodType;)V' in 'java/lang/invoke/Invokers')}
  0x000001ca4724edd4: 488b ce49 | bb70 f91f | 74ca 0100 | 008b 4908 | 49ba 0000 | 0000 ca01 | 0000 4903 | ca49 3b8b 
  0x000001ca4724edf4: 2001 0000 | 750d 4983 | 8328 0100 | 0001 e960 | 0000 0049 | 3b8b 3001 | 0000 750d | 4983 8338 
  0x000001ca4724ee14: 0100 0001 | e94a 0000 | 0049 83bb | 2001 0000 | 0075 1749 | 898b 2001 | 0000 49c7 | 8328 0100 
  0x000001ca4724ee34: 0001 0000 | 00e9 2900 | 0000 4983 | bb30 0100 | 0000 7517 | 4989 8b30 | 0100 0049 | c783 3801 
  0x000001ca4724ee54: 0000 0100 | 0000 e908 | 0000 0049 | 8383 1001 | 0000 018b | 4e10 48c1 | e103 493b 

  0x000001ca4724ee70: ;   {metadata(method data for {method} {0x000001ca003dc408} 'checkExactType' '(Ljava/lang/invoke/MethodHandle;Ljava/lang/invoke/MethodType;)V' in 'java/lang/invoke/Invokers')}
  0x000001ca4724ee70: c949 b970 | f91f 74ca | 0100 0049 | c7c3 5801 | 0000 7507 | 49c7 c348 | 0100 004f | 8b2c 194d 
  0x000001ca4724ee90: 8d6d 014f | 892c 190f | 85b2 1500 

  0x000001ca4724ee9c: ;   {metadata(method data for {method} {0x000001ca746e6ab8} 'invokeExact_MT' '(Ljava/lang/Object;Ljava/lang/Object;Ljava/lang/Object;Ljava/lang/Object;Ljava/lang/Object;Ljava/lang/Object;)Ljava/lang/Object;' in 'java/lang/invoke/LambdaForm$MH+0x000001ca010ea800')}
  0x000001ca4724ee9c: 0048 b918 | 6d6e 74ca | 0100 0048 | 8d89 c801 | 0000 448b | 4e08 49ba | 0000 0000 | ca01 0000 
  0x000001ca4724eebc: 4d03 ca4d | 8bd1 4c33 | 4908 49f7 | c1fc ffff | ff74 2b41 | f6c1 0275 | 2548 f741 | 08fe ffff 
  0x000001ca4724eedc: ff74 174d | 8bca 4c33 | 4908 49f7 | c1fc ffff | ff74 0b48 | 8349 0802 | eb04 4c89 

  0x000001ca4724eef8: ;   {metadata(method data for {method} {0x000001ca746e6ab8} 'invokeExact_MT' '(Ljava/lang/Object;Ljava/lang/Object;Ljava/lang/Object;Ljava/lang/Object;Ljava/lang/Object;Ljava/lang/Object;)Ljava/lang/Object;' in 'java/lang/invoke/LambdaForm$MH+0x000001ca010ea800')}
  0x000001ca4724eef8: 4908 48b9 | 186d 6e74 | ca01 0000 | 4883 81b8 | 0100 0001 

  0x000001ca4724ef0c: ;   {metadata(method data for {method} {0x000001ca003dc300} 'checkCustomized' '(Ljava/lang/invoke/MethodHandle;)V' in 'java/lang/invoke/Invokers')}
  0x000001ca4724ef0c: 48b9 38ee | 1f74 ca01 | 0000 448b | 89cc 0000 | 0041 83c1 | 0244 8989 | cc00 0000 | 4181 e1fe 
  0x000001ca4724ef2c: ff1f 0045 | 85c9 0f84 | da1c 0000 

  0x000001ca4724ef38: ;   {metadata(method data for {method} {0x000001ca003dc300} 'checkCustomized' '(Ljava/lang/invoke/MethodHandle;)V' in 'java/lang/invoke/Invokers')}
  0x000001ca4724ef38: 48b9 38ee | 1f74 ca01 | 0000 4883 | 8110 0100 

  0x000001ca4724ef48: ;   {metadata(method data for {method} {0x000001ca000944d8} 'isCompileConstant' '(Ljava/lang/Object;)Z' in 'java/lang/invoke/MethodHandleImpl')}
  0x000001ca4724ef48: 0001 48b9 | e8ef 1f74 | ca01 0000 | 448b 89cc | 0000 0041 | 83c1 0244 | 8989 cc00 | 0000 4181 
  0x000001ca4724ef68: e1fe ff1f | 0045 85c9 | 0f84 bd1c 

  0x000001ca4724ef74: ;   {metadata(method data for {method} {0x000001ca003dc300} 'checkCustomized' '(Ljava/lang/invoke/MethodHandle;)V' in 'java/lang/invoke/Invokers')}
  0x000001ca4724ef74: 0000 48b9 | 38ee 1f74 | ca01 0000 | ff81 2001 | 0000 8b4e | 1448 c1e1 | 038b 491c | 48c1 e103 
  0x000001ca4724ef94: ;   {metadata(method data for {method} {0x000001ca003dc300} 'checkCustomized' '(Ljava/lang/invoke/MethodHandle;)V' in 'java/lang/invoke/Invokers')}
  0x000001ca4724ef94: 4885 c948 | b938 ee1f | 74ca 0100 | 0049 c7c1 | 4001 0000 | 7507 49c7 | c150 0100 | 004e 8b1c 
  0x000001ca4724efb4: 094d 8d5b | 014e 891c | 090f 8529 

  0x000001ca4724efc0: ;   {metadata(method data for {method} {0x000001ca003dc300} 'checkCustomized' '(Ljava/lang/invoke/MethodHandle;)V' in 'java/lang/invoke/Invokers')}
  0x000001ca4724efc0: 0000 0048 | b938 ee1f | 74ca 0100 | 0048 8381 | 6001 0000 | 0148 8bd6 | 0f1f 8000 

  0x000001ca4724efdc: ;   {static_call}
  0x000001ca4724efdc: 0000 00e8 

  0x000001ca4724efe0: ; ImmutableOopMap {[176]=Oop [192]=Oop [208]=Oop [216]=Oop [224]=Oop [232]=Oop }
                      ;*invokestatic maybeCustomize {reexecute=0 rethrow=0 return_oop=0}
                      ; - java.lang.invoke.Invokers::checkCustomized@19
                      ; - java.lang.invoke.LambdaForm$MH/0x000001ca010ea800::invokeExact_MT@15
                      ; - jdk.internal.reflect.DirectMethodHandleAccessor::invokeImpl@92
                      ; - jdk.internal.reflect.DirectMethodHandleAccessor::invoke@23
  0x000001ca4724efe0: dc38 eeff 

  0x000001ca4724efe4: ;   {other}
  0x000001ca4724efe4: 0f1f 8400 | 5413 0004 | 488b bc24 | d000 0000 | 4c8b 8424 | c000 0000 

  0x000001ca4724effc: ;   {metadata(method data for {method} {0x000001ca746e6ab8} 'invokeExact_MT' '(Ljava/lang/Object;Ljava/lang/Object;Ljava/lang/Object;Ljava/lang/Object;Ljava/lang/Object;Ljava/lang/Object;)Ljava/lang/Object;' in 'java/lang/invoke/LambdaForm$MH+0x000001ca010ea800')}
  0x000001ca4724effc: 49b9 186d | 6e74 ca01 | 0000 4d8d | 8918 0200 | 004d 85c0 | 750f 41f6 | 4108 0175 | 54f0 4983 
  0x000001ca4724f01c: 4908 01eb | 4c41 8b70 | 0849 ba00 | 0000 00ca | 0100 0049 | 03f2 4c8b | d649 3371 | 0848 f7c6 
  0x000001ca4724f03c: fcff ffff | 742b 40f6 | c602 7525 | 49f7 4108 | feff ffff | 7417 498b | f249 3371 | 0848 f7c6 
  0x000001ca4724f05c: fcff ffff | 740b 4983 | 4908 02eb | 0449 8971 | 0848 85ff | 750f 41f6 | 4118 0175 | 53f0 4983 
  0x000001ca4724f07c: 4918 01eb | 4b8b 7708 | 49ba 0000 | 0000 ca01 | 0000 4903 | f24c 8bd6 | 4933 7118 | 48f7 c6fc 
  0x000001ca4724f09c: ffff ff74 | 2b40 f6c6 | 0275 2549 | f741 18fe | ffff ff74 | 1749 8bf2 | 4933 7118 | 48f7 c6fc 
  0x000001ca4724f0bc: ffff ff74 | 0b49 8349 | 1802 eb04 | 4989 7118 | 488b b424 | d800 0000 

  0x000001ca4724f0d4: ;   {metadata(method data for {method} {0x000001ca746e6ab8} 'invokeExact_MT' '(Ljava/lang/Object;Ljava/lang/Object;Ljava/lang/Object;Ljava/lang/Object;Ljava/lang/Object;Ljava/lang/Object;)Ljava/lang/Object;' in 'java/lang/invoke/LambdaForm$MH+0x000001ca010ea800')}
  0x000001ca4724f0d4: 49b9 186d | 6e74 ca01 | 0000 4983 | 81e0 0100 | 0001 4c8b | cf48 8bbc | 24e0 0000 | 0048 8bb4 
  0x000001ca4724f0f4: 24e8 0000 | 0048 8b94 | 24d8 0000 | 0066 0f1f 

  0x000001ca4724f104: ;   {optimized virtual_call}
  0x000001ca4724f104: 4400 00e8 

  0x000001ca4724f108: ; ImmutableOopMap {[176]=Oop }
                      ;*invokevirtual invokeBasic {reexecute=0 rethrow=0 return_oop=0}
                      ; - java.lang.invoke.LambdaForm$MH/0x000001ca010ea800::invokeExact_MT@24
                      ; - jdk.internal.reflect.DirectMethodHandleAccessor::invokeImpl@92
                      ; - jdk.internal.reflect.DirectMethodHandleAccessor::invoke@23
  0x000001ca4724f108: f44f ec0f 

  0x000001ca4724f10c: ;   {other}
  0x000001ca4724f10c: 0f1f 8400 | 7c14 0005 

  0x000001ca4724f114: ;   {metadata(method data for {method} {0x000001ca746e6ab8} 'invokeExact_MT' '(Ljava/lang/Object;Ljava/lang/Object;Ljava/lang/Object;Ljava/lang/Object;Ljava/lang/Object;Ljava/lang/Object;)Ljava/lang/Object;' in 'java/lang/invoke/LambdaForm$MH+0x000001ca010ea800')}
  0x000001ca4724f114: 48ba 186d | 6e74 ca01 | 0000 488d | 9238 0200 | 0048 85c0 | 750c f602 | 0175 4df0 | 4883 0a01 
  0x000001ca4724f134: eb46 8b70 | 0849 ba00 | 0000 00ca | 0100 0049 | 03f2 4c8b | d648 3332 | 48f7 c6fc | ffff ff74 
  0x000001ca4724f154: 2740 f6c6 | 0275 2148 | f702 feff | ffff 7415 | 498b f248 | 3332 48f7 | c6fc ffff | ff74 0948 
  0x000001ca4724f174: 830a 02eb | 0348 8932 

  0x000001ca4724f17c: ;   {metadata(method data for {method} {0x000001ca003c8518} 'invokeImpl' '(Ljava/lang/Object;[Ljava/lang/Object;)Ljava/lang/Object;' in 'jdk/internal/reflect/DirectMethodHandleAccessor')}
  0x000001ca4724f17c: 48ba 705e | 3174 ca01 | 0000 488d | 9238 0300 | 0048 85c0 | 750c f602 | 0175 4df0 | 4883 0a01 
  0x000001ca4724f19c: eb46 8b70 | 0849 ba00 | 0000 00ca | 0100 0049 | 03f2 4c8b | d648 3332 | 48f7 c6fc | ffff ff74 
  0x000001ca4724f1bc: 2740 f6c6 | 0275 2148 | f702 feff | ffff 7415 | 498b f248 | 3332 48f7 | c6fc ffff | ff74 0948 
  0x000001ca4724f1dc: 830a 02eb | 0348 8932 

  0x000001ca4724f1e4: ;   {metadata(method data for {method} {0x000001ca003c8518} 'invokeImpl' '(Ljava/lang/Object;[Ljava/lang/Object;)Ljava/lang/Object;' in 'jdk/internal/reflect/DirectMethodHandleAccessor')}
  0x000001ca4724f1e4: 48ba 705e | 3174 ca01 | 0000 ff82 | 4803 0000 | 4881 c470 | 0100 005d 

  0x000001ca4724f1fc: ;   {poll_return}
  0x000001ca4724f1fc: 493b a750 | 0400 000f | 8750 1a00 | 00c3 4c8b | 8c24 b800 | 0000 4c8b | 8424 c000 | 0000 8b72 
  0x000001ca4724f21c: 1848 c1e6 | 0348 89b4 | 24f8 0000 | 0041 8379 | 0c00 0f86 | 451a 0000 | 418b 7910 | 48c1 e703 
  0x000001ca4724f23c: 4889 bc24 | f000 0000 | 4183 790c | 010f 863c | 1a00 0041 | 8b59 1448 | c1e3 0348 | 899c 2400 
  0x000001ca4724f25c: ;   {metadata(method data for {method} {0x000001ca003c8518} 'invokeImpl' '(Ljava/lang/Object;[Ljava/lang/Object;)Ljava/lang/Object;' in 'jdk/internal/reflect/DirectMethodHandleAccessor')}
  0x000001ca4724f25c: 0100 0048 | b870 5e31 | 74ca 0100 | 0048 8d80 | 9802 0000 | 4d85 c075 | 0ef6 4008 | 0175 53f0 
  0x000001ca4724f27c: 4883 4808 | 01eb 4b41 | 8b48 0849 | ba00 0000 | 00ca 0100 | 0049 03ca | 4c8b d148 | 3348 0848 
  0x000001ca4724f29c: f7c1 fcff | ffff 742a | f6c1 0275 | 2548 f740 | 08fe ffff | ff74 1749 | 8bca 4833 | 4808 48f7 
  0x000001ca4724f2bc: c1fc ffff | ff74 0b48 | 8348 0802 | eb04 4889 

  0x000001ca4724f2cc: ;   {metadata(method data for {method} {0x000001ca744052b8} 'invokeExact_MT' '(Ljava/lang/Object;Ljava/lang/Object;Ljava/lang/Object;Ljava/lang/Object;Ljava/lang/Object;)Ljava/lang/Object;' in 'java/lang/invoke/LambdaForm$MH+0x000001ca01002800')}
  0x000001ca4724f2cc: 4808 48b8 | 1855 4074 | ca01 0000 | 488d 80c0 | 0200 0048 | 85f6 750c | f600 0175 | 4cf0 4883 
  0x000001ca4724f2ec: 0801 eb45 | 8b4e 0849 | ba00 0000 | 00ca 0100 | 0049 03ca | 4c8b d148 | 3308 48f7 | c1fc ffff 
  0x000001ca4724f30c: ff74 26f6 | c102 7521 | 48f7 00fe | ffff ff74 | 1549 8bca | 4833 0848 | f7c1 fcff | ffff 7409 
  0x000001ca4724f32c: 4883 0802 | eb03 4889 | 084d 85c0 | 750e f640 | 1001 7553 | f048 8348 | 1001 eb4b | 418b 4808 
  0x000001ca4724f34c: 49ba 0000 | 0000 ca01 | 0000 4903 | ca4c 8bd1 | 4833 4810 | 48f7 c1fc | ffff ff74 | 2af6 c102 
  0x000001ca4724f36c: 7525 48f7 | 4010 feff | ffff 7417 | 498b ca48 | 3348 1048 | f7c1 fcff | ffff 740b | 4883 4810 
  0x000001ca4724f38c: 02eb 0448 

  0x000001ca4724f390: ;   {metadata(method data for {method} {0x000001ca003c8518} 'invokeImpl' '(Ljava/lang/Object;[Ljava/lang/Object;)Ljava/lang/Object;' in 'jdk/internal/reflect/DirectMethodHandleAccessor')}
  0x000001ca4724f390: 8948 1048 | b870 5e31 | 74ca 0100 | 0048 8380 | 6002 0000 

  0x000001ca4724f3a4: ;   {metadata(method data for {method} {0x000001ca744052b8} 'invokeExact_MT' '(Ljava/lang/Object;Ljava/lang/Object;Ljava/lang/Object;Ljava/lang/Object;Ljava/lang/Object;)Ljava/lang/Object;' in 'java/lang/invoke/LambdaForm$MH+0x000001ca01002800')}
  0x000001ca4724f3a4: 0148 b818 | 5540 74ca | 0100 008b | 88cc 0000 | 0083 c102 | 8988 cc00 | 0000 81e1 | feff 1f00 
  0x000001ca4724f3c4: 85c9 0f84 | d118 0000 

  0x000001ca4724f3cc: ;   {metadata(method data for {method} {0x000001ca744052b8} 'invokeExact_MT' '(Ljava/lang/Object;Ljava/lang/Object;Ljava/lang/Object;Ljava/lang/Object;Ljava/lang/Object;)Ljava/lang/Object;' in 'java/lang/invoke/LambdaForm$MH+0x000001ca01002800')}
  0x000001ca4724f3cc: 48b8 1855 | 4074 ca01 | 0000 488d | 8090 0100 | 0048 85f6 | 750e f640 | 0801 7552 | f048 8348 
  0x000001ca4724f3ec: 0801 eb4a | 8b4e 0849 | ba00 0000 | 00ca 0100 | 0049 03ca | 4c8b d148 | 3348 0848 | f7c1 fcff 
  0x000001ca4724f40c: ffff 742a | f6c1 0275 | 2548 f740 | 08fe ffff | ff74 1749 | 8bca 4833 | 4808 48f7 | c1fc ffff 
  0x000001ca4724f42c: ff74 0b48 | 8348 0802 | eb04 4889 

  0x000001ca4724f438: ;   {oop(a 'java/lang/invoke/MethodType'{0x00000006004290e8} = (Ljava/lang/Object;Ljava/lang/Object;Ljava/lang/Object;)Ljava/lang/Object;)}
  0x000001ca4724f438: 4808 48b9 | e890 4200 | 0600 0000 | 4885 c975 | 0cf6 4018 | 0175 06f0 | 4883 4818 

  0x000001ca4724f454: ;   {metadata(method data for {method} {0x000001ca744052b8} 'invokeExact_MT' '(Ljava/lang/Object;Ljava/lang/Object;Ljava/lang/Object;Ljava/lang/Object;Ljava/lang/Object;)Ljava/lang/Object;' in 'java/lang/invoke/LambdaForm$MH+0x000001ca01002800')}
  0x000001ca4724f454: 0148 b818 | 5540 74ca | 0100 0048 | 8380 8001 

  0x000001ca4724f464: ;   {metadata(method data for {method} {0x000001ca003dc408} 'checkExactType' '(Ljava/lang/invoke/MethodHandle;Ljava/lang/invoke/MethodType;)V' in 'java/lang/invoke/Invokers')}
  0x000001ca4724f464: 0000 0148 | b870 f91f | 74ca 0100 | 0044 8b88 | cc00 0000 | 4183 c102 | 4489 88cc | 0000 0041 
  0x000001ca4724f484: 81e1 feff | 1f00 4585 | c90f 842b | 1800 0048 | 3b06 488b 

  0x000001ca4724f498: ;   {metadata(method data for {method} {0x000001ca003dc408} 'checkExactType' '(Ljava/lang/invoke/MethodHandle;Ljava/lang/invoke/MethodType;)V' in 'java/lang/invoke/Invokers')}
  0x000001ca4724f498: c649 b970 | f91f 74ca | 0100 008b | 4008 49ba | 0000 0000 | ca01 0000 | 4903 c249 | 3b81 2001 
  0x000001ca4724f4b8: 0000 750d | 4983 8128 | 0100 0001 | e960 0000 | 0049 3b81 | 3001 0000 | 750d 4983 | 8138 0100 
  0x000001ca4724f4d8: 0001 e94a | 0000 0049 | 83b9 2001 | 0000 0075 | 1749 8981 | 2001 0000 | 49c7 8128 | 0100 0001 
  0x000001ca4724f4f8: 0000 00e9 | 2900 0000 | 4983 b930 | 0100 0000 | 7517 4989 | 8130 0100 | 0049 c781 | 3801 0000 
  0x000001ca4724f518: 0100 0000 | e908 0000 | 0049 8381 | 1001 0000 | 018b 4610 | 48c1 e003 

  0x000001ca4724f530: ;   {metadata(method data for {method} {0x000001ca003dc408} 'checkExactType' '(Ljava/lang/invoke/MethodHandle;Ljava/lang/invoke/MethodType;)V' in 'java/lang/invoke/Invokers')}
  0x000001ca4724f530: 483b c148 | b970 f91f | 74ca 0100 | 0049 c7c1 | 5801 0000 | 7507 49c7 | c148 0100 | 004e 8b1c 
  0x000001ca4724f550: 094d 8d5b | 014e 891c | 090f 85b0 

  0x000001ca4724f55c: ;   {metadata(method data for {method} {0x000001ca744052b8} 'invokeExact_MT' '(Ljava/lang/Object;Ljava/lang/Object;Ljava/lang/Object;Ljava/lang/Object;Ljava/lang/Object;)Ljava/lang/Object;' in 'java/lang/invoke/LambdaForm$MH+0x000001ca01002800')}
  0x000001ca4724f55c: 0e00 0048 | b818 5540 | 74ca 0100 | 0048 8d80 | c801 0000 | 8b4e 0849 | ba00 0000 | 00ca 0100 
  0x000001ca4724f57c: 0049 03ca | 4c8b d148 | 3348 0848 | f7c1 fcff | ffff 742a | f6c1 0275 | 2548 f740 | 08fe ffff 
  0x000001ca4724f59c: ff74 1749 | 8bca 4833 | 4808 48f7 | c1fc ffff | ff74 0b48 | 8348 0802 | eb04 4889 

  0x000001ca4724f5b8: ;   {metadata(method data for {method} {0x000001ca744052b8} 'invokeExact_MT' '(Ljava/lang/Object;Ljava/lang/Object;Ljava/lang/Object;Ljava/lang/Object;Ljava/lang/Object;)Ljava/lang/Object;' in 'java/lang/invoke/LambdaForm$MH+0x000001ca01002800')}
  0x000001ca4724f5b8: 4808 48b8 | 1855 4074 | ca01 0000 | 4883 80b8 | 0100 0001 

  0x000001ca4724f5cc: ;   {metadata(method data for {method} {0x000001ca003dc300} 'checkCustomized' '(Ljava/lang/invoke/MethodHandle;)V' in 'java/lang/invoke/Invokers')}
  0x000001ca4724f5cc: 48b8 38ee | 1f74 ca01 | 0000 8b88 | cc00 0000 | 83c1 0289 | 88cc 0000 | 0081 e1fe | ff1f 0085 
  0x000001ca4724f5ec: c90f 84f1 

  0x000001ca4724f5f0: ;   {metadata(method data for {method} {0x000001ca003dc300} 'checkCustomized' '(Ljava/lang/invoke/MethodHandle;)V' in 'java/lang/invoke/Invokers')}
  0x000001ca4724f5f0: 1600 0048 | b838 ee1f | 74ca 0100 | 0048 8380 | 1001 0000 

  0x000001ca4724f604: ;   {metadata(method data for {method} {0x000001ca000944d8} 'isCompileConstant' '(Ljava/lang/Object;)Z' in 'java/lang/invoke/MethodHandleImpl')}
  0x000001ca4724f604: 0148 b8e8 | ef1f 74ca | 0100 008b | 88cc 0000 | 0083 c102 | 8988 cc00 | 0000 81e1 | feff 1f00 
  0x000001ca4724f624: 85c9 0f84 | d916 0000 

  0x000001ca4724f62c: ;   {metadata(method data for {method} {0x000001ca003dc300} 'checkCustomized' '(Ljava/lang/invoke/MethodHandle;)V' in 'java/lang/invoke/Invokers')}
  0x000001ca4724f62c: 48b8 38ee | 1f74 ca01 | 0000 ff80 | 2001 0000 | 8b46 1448 | c1e0 038b | 401c 48c1 | e003 4885 
  0x000001ca4724f64c: ;   {metadata(method data for {method} {0x000001ca003dc300} 'checkCustomized' '(Ljava/lang/invoke/MethodHandle;)V' in 'java/lang/invoke/Invokers')}
  0x000001ca4724f64c: c048 b838 | ee1f 74ca | 0100 0048 | c7c1 4001 | 0000 7507 | 48c7 c150 | 0100 004c | 8b0c 084d 
  0x000001ca4724f66c: 8d49 014c | 890c 080f | 8523 0000 

  0x000001ca4724f678: ;   {metadata(method data for {method} {0x000001ca003dc300} 'checkCustomized' '(Ljava/lang/invoke/MethodHandle;)V' in 'java/lang/invoke/Invokers')}
  0x000001ca4724f678: 0048 b838 | ee1f 74ca | 0100 0048 | 8380 6001 | 0000 0148 

  0x000001ca4724f68c: ;   {static_call}
  0x000001ca4724f68c: 8bd6 90e8 

  0x000001ca4724f690: ; ImmutableOopMap {[176]=Oop [192]=Oop [240]=Oop [248]=Oop [256]=Oop }
                      ;*invokestatic maybeCustomize {reexecute=0 rethrow=0 return_oop=0}
                      ; - java.lang.invoke.Invokers::checkCustomized@19
                      ; - java.lang.invoke.LambdaForm$MH/0x000001ca01002800::invokeExact_MT@15
                      ; - jdk.internal.reflect.DirectMethodHandleAccessor::invokeImpl@72
                      ; - jdk.internal.reflect.DirectMethodHandleAccessor::invoke@23
  0x000001ca4724f690: 2c32 eeff 

  0x000001ca4724f694: ;   {other}
  0x000001ca4724f694: 0f1f 8400 | 041a 0006 | 488b bc24 | f000 0000 | 4c8b 8424 | c000 0000 

  0x000001ca4724f6ac: ;   {metadata(method data for {method} {0x000001ca744052b8} 'invokeExact_MT' '(Ljava/lang/Object;Ljava/lang/Object;Ljava/lang/Object;Ljava/lang/Object;Ljava/lang/Object;)Ljava/lang/Object;' in 'java/lang/invoke/LambdaForm$MH+0x000001ca01002800')}
  0x000001ca4724f6ac: 49b9 1855 | 4074 ca01 | 0000 4d8d | 8918 0200 | 004d 85c0 | 750f 41f6 | 4108 0175 | 53f0 4983 
  0x000001ca4724f6cc: 4908 01eb | 4b41 8b50 | 0849 ba00 | 0000 00ca | 0100 0049 | 03d2 4c8b | d249 3351 | 0848 f7c2 
  0x000001ca4724f6ec: fcff ffff | 742a f6c2 | 0275 2549 | f741 08fe | ffff ff74 | 1749 8bd2 | 4933 5108 | 48f7 c2fc 
  0x000001ca4724f70c: ffff ff74 | 0b49 8349 | 0802 eb04 | 4989 5108 | 4885 ff75 | 0f41 f641 | 1801 7552 | f049 8349 
  0x000001ca4724f72c: 1801 eb4a | 8b57 0849 | ba00 0000 | 00ca 0100 | 0049 03d2 | 4c8b d249 | 3351 1848 | f7c2 fcff 
  0x000001ca4724f74c: ffff 742a | f6c2 0275 | 2549 f741 | 18fe ffff | ff74 1749 | 8bd2 4933 | 5118 48f7 | c2fc ffff 
  0x000001ca4724f76c: ff74 0b49 | 8349 1802 | eb04 4989 | 5118 488b | b424 f800 

  0x000001ca4724f780: ;   {metadata(method data for {method} {0x000001ca744052b8} 'invokeExact_MT' '(Ljava/lang/Object;Ljava/lang/Object;Ljava/lang/Object;Ljava/lang/Object;Ljava/lang/Object;)Ljava/lang/Object;' in 'java/lang/invoke/LambdaForm$MH+0x000001ca01002800')}
  0x000001ca4724f780: 0000 49b9 | 1855 4074 | ca01 0000 | 4983 81e0 | 0100 0001 | 4c8b cf48 | 8bbc 2400 | 0100 0048 
  0x000001ca4724f7a0: 8b94 24f8 

  0x000001ca4724f7a4: ;   {optimized virtual_call}
  0x000001ca4724f7a4: 0000 00e8 

  0x000001ca4724f7a8: ; ImmutableOopMap {[176]=Oop }
                      ;*invokevirtual invokeBasic {reexecute=0 rethrow=0 return_oop=0}
                      ; - java.lang.invoke.LambdaForm$MH/0x000001ca01002800::invokeExact_MT@22
                      ; - jdk.internal.reflect.DirectMethodHandleAccessor::invokeImpl@72
                      ; - jdk.internal.reflect.DirectMethodHandleAccessor::invoke@23
  0x000001ca4724f7a8: 5460 ec0f 

  0x000001ca4724f7ac: ;   {other}
  0x000001ca4724f7ac: 0f1f 8400 | 1c1b 0007 

  0x000001ca4724f7b4: ;   {metadata(method data for {method} {0x000001ca744052b8} 'invokeExact_MT' '(Ljava/lang/Object;Ljava/lang/Object;Ljava/lang/Object;Ljava/lang/Object;Ljava/lang/Object;)Ljava/lang/Object;' in 'java/lang/invoke/LambdaForm$MH+0x000001ca01002800')}
  0x000001ca4724f7b4: 48ba 1855 | 4074 ca01 | 0000 488d | 9238 0200 | 0048 85c0 | 750c f602 | 0175 4df0 | 4883 0a01 
  0x000001ca4724f7d4: eb46 8b70 | 0849 ba00 | 0000 00ca | 0100 0049 | 03f2 4c8b | d648 3332 | 48f7 c6fc | ffff ff74 
  0x000001ca4724f7f4: 2740 f6c6 | 0275 2148 | f702 feff | ffff 7415 | 498b f248 | 3332 48f7 | c6fc ffff | ff74 0948 
  0x000001ca4724f814: 830a 02eb | 0348 8932 

  0x000001ca4724f81c: ;   {metadata(method data for {method} {0x000001ca003c8518} 'invokeImpl' '(Ljava/lang/Object;[Ljava/lang/Object;)Ljava/lang/Object;' in 'jdk/internal/reflect/DirectMethodHandleAccessor')}
  0x000001ca4724f81c: 48ba 705e | 3174 ca01 | 0000 488d | 92b8 0200 | 0048 85c0 | 750c f602 | 0175 4df0 | 4883 0a01 
  0x000001ca4724f83c: eb46 8b70 | 0849 ba00 | 0000 00ca | 0100 0049 | 03f2 4c8b | d648 3332 | 48f7 c6fc | ffff ff74 
  0x000001ca4724f85c: 2740 f6c6 | 0275 2148 | f702 feff | ffff 7415 | 498b f248 | 3332 48f7 | c6fc ffff | ff74 0948 
  0x000001ca4724f87c: 830a 02eb | 0348 8932 

  0x000001ca4724f884: ;   {metadata(method data for {method} {0x000001ca003c8518} 'invokeImpl' '(Ljava/lang/Object;[Ljava/lang/Object;)Ljava/lang/Object;' in 'jdk/internal/reflect/DirectMethodHandleAccessor')}
  0x000001ca4724f884: 48ba 705e | 3174 ca01 | 0000 ff82 | c802 0000 | 4881 c470 | 0100 005d 

  0x000001ca4724f89c: ;   {poll_return}
  0x000001ca4724f89c: 493b a750 | 0400 000f | 8782 1400 | 00c3 4c8b | 8c24 b800 | 0000 4c8b | 8424 c000 | 0000 8b72 
  0x000001ca4724f8bc: 1848 c1e6 | 0348 89b4 | 2410 0100 | 0041 8379 | 0c00 0f86 | 7714 0000 | 418b 7910 | 48c1 e703 
  0x000001ca4724f8dc: 4889 bc24 | 0801 0000 

  0x000001ca4724f8e4: ;   {metadata(method data for {method} {0x000001ca003c8518} 'invokeImpl' '(Ljava/lang/Object;[Ljava/lang/Object;)Ljava/lang/Object;' in 'jdk/internal/reflect/DirectMethodHandleAccessor')}
  0x000001ca4724f8e4: 48bb 705e | 3174 ca01 | 0000 488d | 9b18 0200 | 004d 85c0 | 750e f643 | 0801 7550 | f048 834b 
  0x000001ca4724f904: 0801 eb48 | 418b 4008 | 49ba 0000 | 0000 ca01 | 0000 4903 | c24c 8bd0 | 4833 4308 | 48a9 fcff 
  0x000001ca4724f924: ffff 7428 | a802 7524 | 48f7 4308 | feff ffff | 7416 498b | c248 3343 | 0848 a9fc | ffff ff74 
  0x000001ca4724f944: 0b48 834b | 0802 eb04 | 4889 4308 

  0x000001ca4724f950: ;   {metadata(method data for {method} {0x000001ca000ae518} 'invokeExact_MT' '(Ljava/lang/Object;Ljava/lang/Object;Ljava/lang/Object;Ljava/lang/Object;)Ljava/lang/Object;' in 'java/lang/invoke/Invokers$Holder')}
  0x000001ca4724f950: 48bb 8862 | 3174 ca01 | 0000 488d | 9bb8 0200 | 0048 85f6 | 750c f603 | 0175 49f0 | 4883 0b01 
  0x000001ca4724f970: eb42 8b46 | 0849 ba00 | 0000 00ca | 0100 0049 | 03c2 4c8b | d048 3303 | 48a9 fcff | ffff 7424 
  0x000001ca4724f990: a802 7520 | 48f7 03fe | ffff ff74 | 1449 8bc2 | 4833 0348 | a9fc ffff | ff74 0948 | 830b 02eb 
  0x000001ca4724f9b0: 0348 8903 | 4d85 c075 | 0ef6 4310 | 0175 50f0 | 4883 4b10 | 01eb 4841 | 8b40 0849 | ba00 0000 
  0x000001ca4724f9d0: 00ca 0100 | 0049 03c2 | 4c8b d048 | 3343 1048 | a9fc ffff | ff74 28a8 | 0275 2448 | f743 10fe 
  0x000001ca4724f9f0: ffff ff74 | 1649 8bc2 | 4833 4310 | 48a9 fcff | ffff 740b | 4883 4b10 | 02eb 0448 

  0x000001ca4724fa0c: ;   {metadata(method data for {method} {0x000001ca003c8518} 'invokeImpl' '(Ljava/lang/Object;[Ljava/lang/Object;)Ljava/lang/Object;' in 'jdk/internal/reflect/DirectMethodHandleAccessor')}
  0x000001ca4724fa0c: 8943 1048 | bb70 5e31 | 74ca 0100 | 0048 8383 | e001 0000 

  0x000001ca4724fa20: ;   {metadata(method data for {method} {0x000001ca000ae518} 'invokeExact_MT' '(Ljava/lang/Object;Ljava/lang/Object;Ljava/lang/Object;Ljava/lang/Object;)Ljava/lang/Object;' in 'java/lang/invoke/Invokers$Holder')}
  0x000001ca4724fa20: 0148 bb88 | 6231 74ca | 0100 008b | 83cc 0000 | 0083 c002 | 8983 cc00 | 0000 25fe | ff1f 0085 
  0x000001ca4724fa40: c00f 8416 

  0x000001ca4724fa44: ;   {metadata(method data for {method} {0x000001ca000ae518} 'invokeExact_MT' '(Ljava/lang/Object;Ljava/lang/Object;Ljava/lang/Object;Ljava/lang/Object;)Ljava/lang/Object;' in 'java/lang/invoke/Invokers$Holder')}
  0x000001ca4724fa44: 1300 0048 | bb88 6231 | 74ca 0100 | 0048 8d9b | 9001 0000 | 4885 f675 | 0ef6 4308 | 0175 4ff0 
  0x000001ca4724fa64: 4883 4b08 | 01eb 478b | 4608 49ba | 0000 0000 | ca01 0000 | 4903 c24c | 8bd0 4833 | 4308 48a9 
  0x000001ca4724fa84: fcff ffff | 7428 a802 | 7524 48f7 | 4308 feff | ffff 7416 | 498b c248 | 3343 0848 | a9fc ffff 
  0x000001ca4724faa4: ff74 0b48 | 834b 0802 | eb04 4889 

  0x000001ca4724fab0: ;   {oop(a 'java/lang/invoke/MethodType'{0x0000000600428ee8} = (Ljava/lang/Object;Ljava/lang/Object;)Ljava/lang/Object;)}
  0x000001ca4724fab0: 4308 48b8 | e88e 4200 | 0600 0000 | 4885 c075 | 0cf6 4318 | 0175 06f0 | 4883 4b18 

  0x000001ca4724facc: ;   {metadata(method data for {method} {0x000001ca000ae518} 'invokeExact_MT' '(Ljava/lang/Object;Ljava/lang/Object;Ljava/lang/Object;Ljava/lang/Object;)Ljava/lang/Object;' in 'java/lang/invoke/Invokers$Holder')}
  0x000001ca4724facc: 0148 bb88 | 6231 74ca | 0100 0048 | 8383 8001 

  0x000001ca4724fadc: ;   {metadata(method data for {method} {0x000001ca003dc408} 'checkExactType' '(Ljava/lang/invoke/MethodHandle;Ljava/lang/invoke/MethodType;)V' in 'java/lang/invoke/Invokers')}
  0x000001ca4724fadc: 0000 0148 | bb70 f91f | 74ca 0100 | 008b 8bcc | 0000 0083 | c102 898b | cc00 0000 | 81e1 feff 
  0x000001ca4724fafc: 1f00 85c9 | 0f84 7812 | 0000 483b | 0648 8bde 

  0x000001ca4724fb0c: ;   {metadata(method data for {method} {0x000001ca003dc408} 'checkExactType' '(Ljava/lang/invoke/MethodHandle;Ljava/lang/invoke/MethodType;)V' in 'java/lang/invoke/Invokers')}
  0x000001ca4724fb0c: 48b9 70f9 | 1f74 ca01 | 0000 8b5b | 0849 ba00 | 0000 00ca | 0100 0049 | 03da 483b | 9920 0100 
  0x000001ca4724fb2c: 0075 0d48 | 8381 2801 | 0000 01e9 | 6000 0000 | 483b 9930 | 0100 0075 | 0d48 8381 | 3801 0000 
  0x000001ca4724fb4c: 01e9 4a00 | 0000 4883 | b920 0100 | 0000 7517 | 4889 9920 | 0100 0048 | c781 2801 | 0000 0100 
  0x000001ca4724fb6c: 0000 e929 | 0000 0048 | 83b9 3001 | 0000 0075 | 1748 8999 | 3001 0000 | 48c7 8138 | 0100 0001 
  0x000001ca4724fb8c: 0000 00e9 | 0800 0000 | 4883 8110 | 0100 0001 | 8b5e 1048 | c1e3 0348 

  0x000001ca4724fba4: ;   {metadata(method data for {method} {0x000001ca003dc408} 'checkExactType' '(Ljava/lang/invoke/MethodHandle;Ljava/lang/invoke/MethodType;)V' in 'java/lang/invoke/Invokers')}
  0x000001ca4724fba4: 3bd8 48b8 | 70f9 1f74 | ca01 0000 | 48c7 c158 | 0100 0075 | 0748 c7c1 | 4801 0000 | 4c8b 0c08 
  0x000001ca4724fbc4: 4d8d 4901 | 4c89 0c08 | 0f85 fd07 

  0x000001ca4724fbd0: ;   {metadata(method data for {method} {0x000001ca000ae518} 'invokeExact_MT' '(Ljava/lang/Object;Ljava/lang/Object;Ljava/lang/Object;Ljava/lang/Object;)Ljava/lang/Object;' in 'java/lang/invoke/Invokers$Holder')}
  0x000001ca4724fbd0: 0000 48bb | 8862 3174 | ca01 0000 | 488d 9bc8 | 0100 008b | 4608 49ba | 0000 0000 | ca01 0000 
  0x000001ca4724fbf0: 4903 c24c | 8bd0 4833 | 4308 48a9 | fcff ffff | 7428 a802 | 7524 48f7 | 4308 feff | ffff 7416 
  0x000001ca4724fc10: 498b c248 | 3343 0848 | a9fc ffff | ff74 0b48 | 834b 0802 | eb04 4889 

  0x000001ca4724fc28: ;   {metadata(method data for {method} {0x000001ca000ae518} 'invokeExact_MT' '(Ljava/lang/Object;Ljava/lang/Object;Ljava/lang/Object;Ljava/lang/Object;)Ljava/lang/Object;' in 'java/lang/invoke/Invokers$Holder')}
  0x000001ca4724fc28: 4308 48bb | 8862 3174 | ca01 0000 | 4883 83b8 | 0100 0001 

  0x000001ca4724fc3c: ;   {metadata(method data for {method} {0x000001ca003dc300} 'checkCustomized' '(Ljava/lang/invoke/MethodHandle;)V' in 'java/lang/invoke/Invokers')}
  0x000001ca4724fc3c: 48bb 38ee | 1f74 ca01 | 0000 8b83 | cc00 0000 | 83c0 0289 | 83cc 0000 | 0025 feff | 1f00 85c0 
  0x000001ca4724fc5c: 0f84 4211 

  0x000001ca4724fc60: ;   {metadata(method data for {method} {0x000001ca003dc300} 'checkCustomized' '(Ljava/lang/invoke/MethodHandle;)V' in 'java/lang/invoke/Invokers')}
  0x000001ca4724fc60: 0000 48bb | 38ee 1f74 | ca01 0000 | 4883 8310 | 0100 0001 

  0x000001ca4724fc74: ;   {metadata(method data for {method} {0x000001ca000944d8} 'isCompileConstant' '(Ljava/lang/Object;)Z' in 'java/lang/invoke/MethodHandleImpl')}
  0x000001ca4724fc74: 48bb e8ef | 1f74 ca01 | 0000 8b83 | cc00 0000 | 83c0 0289 | 83cc 0000 | 0025 feff | 1f00 85c0 
  0x000001ca4724fc94: 0f84 2b11 

  0x000001ca4724fc98: ;   {metadata(method data for {method} {0x000001ca003dc300} 'checkCustomized' '(Ljava/lang/invoke/MethodHandle;)V' in 'java/lang/invoke/Invokers')}
  0x000001ca4724fc98: 0000 48bb | 38ee 1f74 | ca01 0000 | ff83 2001 | 0000 8b5e | 1448 c1e3 | 038b 5b1c | 48c1 e303 
  0x000001ca4724fcb8: ;   {metadata(method data for {method} {0x000001ca003dc300} 'checkCustomized' '(Ljava/lang/invoke/MethodHandle;)V' in 'java/lang/invoke/Invokers')}
  0x000001ca4724fcb8: 4885 db48 | bb38 ee1f | 74ca 0100 | 0048 c7c0 | 4001 0000 | 7507 48c7 | c050 0100 | 0048 8b0c 
  0x000001ca4724fcd8: 0348 8d49 | 0148 890c | 030f 8525 

  0x000001ca4724fce4: ;   {metadata(method data for {method} {0x000001ca003dc300} 'checkCustomized' '(Ljava/lang/invoke/MethodHandle;)V' in 'java/lang/invoke/Invokers')}
  0x000001ca4724fce4: 0000 0048 | bb38 ee1f | 74ca 0100 | 0048 8383 | 6001 0000 | 0148 8bd6 

  0x000001ca4724fcfc: ;   {static_call}
  0x000001ca4724fcfc: 6666 90e8 

  0x000001ca4724fd00: ; ImmutableOopMap {[176]=Oop [192]=Oop [264]=Oop [272]=Oop }
                      ;*invokestatic maybeCustomize {reexecute=0 rethrow=0 return_oop=0}
                      ; - java.lang.invoke.Invokers::checkCustomized@19
                      ; - java.lang.invoke.Invokers$Holder::invokeExact_MT@14
                      ; - jdk.internal.reflect.DirectMethodHandleAccessor::invokeImpl@55
                      ; - jdk.internal.reflect.DirectMethodHandleAccessor::invoke@23
  0x000001ca4724fd00: bc2b eeff 

  0x000001ca4724fd04: ;   {other}
  0x000001ca4724fd04: 0f1f 8400 | 7420 0008 | 488b bc24 | 0801 0000 | 4c8b 8424 | c000 0000 

  0x000001ca4724fd1c: ;   {metadata(method data for {method} {0x000001ca000ae518} 'invokeExact_MT' '(Ljava/lang/Object;Ljava/lang/Object;Ljava/lang/Object;Ljava/lang/Object;)Ljava/lang/Object;' in 'java/lang/invoke/Invokers$Holder')}
  0x000001ca4724fd1c: 49b9 8862 | 3174 ca01 | 0000 4d8d | 8918 0200 | 004d 85c0 | 750f 41f6 | 4108 0175 | 53f0 4983 
  0x000001ca4724fd3c: 4908 01eb | 4b41 8b50 | 0849 ba00 | 0000 00ca | 0100 0049 | 03d2 4c8b | d249 3351 | 0848 f7c2 
  0x000001ca4724fd5c: fcff ffff | 742a f6c2 | 0275 2549 | f741 08fe | ffff ff74 | 1749 8bd2 | 4933 5108 | 48f7 c2fc 
  0x000001ca4724fd7c: ffff ff74 | 0b49 8349 | 0802 eb04 | 4989 5108 | 4885 ff75 | 0f41 f641 | 1801 7552 | f049 8349 
  0x000001ca4724fd9c: 1801 eb4a | 8b57 0849 | ba00 0000 | 00ca 0100 | 0049 03d2 | 4c8b d249 | 3351 1848 | f7c2 fcff 
  0x000001ca4724fdbc: ffff 742a | f6c2 0275 | 2549 f741 | 18fe ffff | ff74 1749 | 8bd2 4933 | 5118 48f7 | c2fc ffff 
  0x000001ca4724fddc: ff74 0b49 | 8349 1802 | eb04 4989 | 5118 488b | b424 1001 

  0x000001ca4724fdf0: ;   {metadata(method data for {method} {0x000001ca000ae518} 'invokeExact_MT' '(Ljava/lang/Object;Ljava/lang/Object;Ljava/lang/Object;Ljava/lang/Object;)Ljava/lang/Object;' in 'java/lang/invoke/Invokers$Holder')}
  0x000001ca4724fdf0: 0000 49b9 | 8862 3174 | ca01 0000 | 4983 81e0 | 0100 0001 | 4c8b cf48 | 8b94 2410 

  0x000001ca4724fe0c: ;   {optimized virtual_call}
  0x000001ca4724fe0c: 0100 00e8 

  0x000001ca4724fe10: ; ImmutableOopMap {[176]=Oop }
                      ;*invokevirtual invokeBasic {reexecute=0 rethrow=0 return_oop=0}
                      ; - java.lang.invoke.Invokers$Holder::invokeExact_MT@20
                      ; - jdk.internal.reflect.DirectMethodHandleAccessor::invokeImpl@55
                      ; - jdk.internal.reflect.DirectMethodHandleAccessor::invoke@23
  0x000001ca4724fe10: 6c33 ec0f 

  0x000001ca4724fe14: ;   {other}
  0x000001ca4724fe14: 0f1f 8400 | 8421 0009 

  0x000001ca4724fe1c: ;   {metadata(method data for {method} {0x000001ca000ae518} 'invokeExact_MT' '(Ljava/lang/Object;Ljava/lang/Object;Ljava/lang/Object;Ljava/lang/Object;)Ljava/lang/Object;' in 'java/lang/invoke/Invokers$Holder')}
  0x000001ca4724fe1c: 48ba 8862 | 3174 ca01 | 0000 488d | 9238 0200 | 0048 85c0 | 750c f602 | 0175 4df0 | 4883 0a01 
  0x000001ca4724fe3c: eb46 8b70 | 0849 ba00 | 0000 00ca | 0100 0049 | 03f2 4c8b | d648 3332 | 48f7 c6fc | ffff ff74 
  0x000001ca4724fe5c: 2740 f6c6 | 0275 2148 | f702 feff | ffff 7415 | 498b f248 | 3332 48f7 | c6fc ffff | ff74 0948 
  0x000001ca4724fe7c: 830a 02eb | 0348 8932 

  0x000001ca4724fe84: ;   {metadata(method data for {method} {0x000001ca003c8518} 'invokeImpl' '(Ljava/lang/Object;[Ljava/lang/Object;)Ljava/lang/Object;' in 'jdk/internal/reflect/DirectMethodHandleAccessor')}
  0x000001ca4724fe84: 48ba 705e | 3174 ca01 | 0000 488d | 9238 0200 | 0048 85c0 | 750c f602 | 0175 4df0 | 4883 0a01 
  0x000001ca4724fea4: eb46 8b70 | 0849 ba00 | 0000 00ca | 0100 0049 | 03f2 4c8b | d648 3332 | 48f7 c6fc | ffff ff74 
  0x000001ca4724fec4: 2740 f6c6 | 0275 2148 | f702 feff | ffff 7415 | 498b f248 | 3332 48f7 | c6fc ffff | ff74 0948 
  0x000001ca4724fee4: 830a 02eb | 0348 8932 

  0x000001ca4724feec: ;   {metadata(method data for {method} {0x000001ca003c8518} 'invokeImpl' '(Ljava/lang/Object;[Ljava/lang/Object;)Ljava/lang/Object;' in 'jdk/internal/reflect/DirectMethodHandleAccessor')}
  0x000001ca4724feec: 48ba 705e | 3174 ca01 | 0000 ff82 | 4802 0000 | 4881 c470 | 0100 005d 

  0x000001ca4724ff04: ;   {poll_return}
  0x000001ca4724ff04: 493b a750 | 0400 000f | 87da 0e00 | 00c3 4c8b | 8424 c000 | 0000 8b72 | 1848 c1e6 | 0348 89b4 
  0x000001ca4724ff24: 2418 0100 

  0x000001ca4724ff28: ;   {metadata(method data for {method} {0x000001ca003c8518} 'invokeImpl' '(Ljava/lang/Object;[Ljava/lang/Object;)Ljava/lang/Object;' in 'jdk/internal/reflect/DirectMethodHandleAccessor')}
  0x000001ca4724ff28: 0048 bf70 | 5e31 74ca | 0100 0048 | 8dbf a801 | 0000 4d85 | c075 0ef6 | 4708 0175 | 53f0 4883 
  0x000001ca4724ff48: 4f08 01eb | 4b41 8b58 | 0849 ba00 | 0000 00ca | 0100 0049 | 03da 4c8b | d348 335f | 0848 f7c3 
  0x000001ca4724ff68: fcff ffff | 742a f6c3 | 0275 2548 | f747 08fe | ffff ff74 | 1749 8bda | 4833 5f08 | 48f7 c3fc 
  0x000001ca4724ff88: ffff ff74 | 0b48 834f | 0802 eb04 | 4889 5f08 

  0x000001ca4724ff98: ;   {metadata(method data for {method} {0x000001ca000ae5c8} 'invokeExact_MT' '(Ljava/lang/Object;Ljava/lang/Object;Ljava/lang/Object;)Ljava/lang/Object;' in 'java/lang/invoke/Invokers$Holder')}
  0x000001ca4724ff98: 48bf 7010 | 2174 ca01 | 0000 488d | bfa0 0200 | 0048 85f6 | 750c f607 | 0175 2ff0 | 4883 0f01 
  0x000001ca4724ffb8: eb28 8b5e | 0849 ba00 | 0000 00ca | 0100 0049 | 03da 4c8b | d348 331f | 48f7 c3fc | ffff ff74 
  0x000001ca4724ffd8: 09f6 c302 | 7504 4883 

  0x000001ca4724ffe0: ;   {metadata(method data for {method} {0x000001ca003c8518} 'invokeImpl' '(Ljava/lang/Object;[Ljava/lang/Object;)Ljava/lang/Object;' in 'jdk/internal/reflect/DirectMethodHandleAccessor')}
  0x000001ca4724ffe0: 0f02 48bf | 705e 3174 | ca01 0000 | 4883 8770 | 0100 0001 

  0x000001ca4724fff4: ;   {metadata(method data for {method} {0x000001ca000ae5c8} 'invokeExact_MT' '(Ljava/lang/Object;Ljava/lang/Object;Ljava/lang/Object;)Ljava/lang/Object;' in 'java/lang/invoke/Invokers$Holder')}
  0x000001ca4724fff4: 48bf 7010 | 2174 ca01 | 0000 8b9f | cc00 0000 | 83c3 0289 | 9fcc 0000 | 0081 e3fe | ff1f 0085 
  0x000001ca47250014: db0f 84e6 

  0x000001ca47250018: ;   {metadata(method data for {method} {0x000001ca000ae5c8} 'invokeExact_MT' '(Ljava/lang/Object;Ljava/lang/Object;Ljava/lang/Object;)Ljava/lang/Object;' in 'java/lang/invoke/Invokers$Holder')}
  0x000001ca47250018: 0d00 0048 | bf70 1021 | 74ca 0100 | 0048 8dbf | 9001 0000 | 4885 f675 | 0ef6 4708 | 0175 32f0 
  0x000001ca47250038: 4883 4f08 | 01eb 2a8b | 5e08 49ba | 0000 0000 | ca01 0000 | 4903 da4c | 8bd3 4833 | 5f08 48f7 
  0x000001ca47250058: c3fc ffff | ff74 0af6 | c302 7505 | 4883 4f08 

  0x000001ca47250068: ;   {oop(a 'java/lang/invoke/MethodType'{0x0000000600428db8} = (Ljava/lang/Object;)Ljava/lang/Object;)}
  0x000001ca47250068: 0248 bbb8 | 8d42 0006 | 0000 0048 | 85db 750c | f647 1801 | 7506 f048 | 834f 1801 

  0x000001ca47250084: ;   {metadata(method data for {method} {0x000001ca000ae5c8} 'invokeExact_MT' '(Ljava/lang/Object;Ljava/lang/Object;Ljava/lang/Object;)Ljava/lang/Object;' in 'java/lang/invoke/Invokers$Holder')}
  0x000001ca47250084: 48bf 7010 | 2174 ca01 | 0000 4883 | 8780 0100 

  0x000001ca47250094: ;   {metadata(method data for {method} {0x000001ca003dc408} 'checkExactType' '(Ljava/lang/invoke/MethodHandle;Ljava/lang/invoke/MethodType;)V' in 'java/lang/invoke/Invokers')}
  0x000001ca47250094: 0001 48bf | 70f9 1f74 | ca01 0000 | 8b87 cc00 | 0000 83c0 | 0289 87cc | 0000 0025 | feff 1f00 
  0x000001ca472500b4: 85c0 0f84 | 660d 0000 

  0x000001ca472500bc: ; implicit exception: dispatches to 0x000001ca47250e43
  0x000001ca472500bc: 483b 0648 

  0x000001ca472500c0: ;   {metadata(method data for {method} {0x000001ca003dc408} 'checkExactType' '(Ljava/lang/invoke/MethodHandle;Ljava/lang/invoke/MethodType;)V' in 'java/lang/invoke/Invokers')}
  0x000001ca472500c0: 8bfe 48b8 | 70f9 1f74 | ca01 0000 | 8b7f 0849 | ba00 0000 | 00ca 0100 | 0049 03fa | 483b b820 
  0x000001ca472500e0: 0100 0075 | 0d48 8380 | 2801 0000 | 01e9 6000 | 0000 483b | b830 0100 | 0075 0d48 | 8380 3801 
  0x000001ca47250100: 0000 01e9 | 4a00 0000 | 4883 b820 | 0100 0000 | 7517 4889 | b820 0100 | 0048 c780 | 2801 0000 
  0x000001ca47250120: 0100 0000 | e929 0000 | 0048 83b8 | 3001 0000 | 0075 1748 | 89b8 3001 | 0000 48c7 | 8038 0100 
  0x000001ca47250140: 0001 0000 | 00e9 0800 | 0000 4883 | 8010 0100 | 0001 8b7e | 1048 c1e7 | 0348 3bfb 

  0x000001ca4725015c: ;   {metadata(method data for {method} {0x000001ca003dc408} 'checkExactType' '(Ljava/lang/invoke/MethodHandle;Ljava/lang/invoke/MethodType;)V' in 'java/lang/invoke/Invokers')}
  0x000001ca4725015c: 48bb 70f9 | 1f74 ca01 | 0000 48c7 | c058 0100 | 0075 0748 | c7c0 4801 | 0000 488b | 0c03 488d 
  0x000001ca4725017c: 4901 4889 | 0c03 0f85 | 0302 0000 

  0x000001ca47250188: ;   {metadata(method data for {method} {0x000001ca000ae5c8} 'invokeExact_MT' '(Ljava/lang/Object;Ljava/lang/Object;Ljava/lang/Object;)Ljava/lang/Object;' in 'java/lang/invoke/Invokers$Holder')}
  0x000001ca47250188: 48bf 7010 | 2174 ca01 | 0000 488d | bfc8 0100 | 008b 5e08 | 49ba 0000 | 0000 ca01 | 0000 4903 
  0x000001ca472501a8: da4c 8bd3 | 4833 5f08 | 48f7 c3fc | ffff ff74 | 0af6 c302 | 7505 4883 

  0x000001ca472501c0: ;   {metadata(method data for {method} {0x000001ca000ae5c8} 'invokeExact_MT' '(Ljava/lang/Object;Ljava/lang/Object;Ljava/lang/Object;)Ljava/lang/Object;' in 'java/lang/invoke/Invokers$Holder')}
  0x000001ca472501c0: 4f08 0248 | bf70 1021 | 74ca 0100 | 0048 8387 | b801 0000 

  0x000001ca472501d4: ;   {metadata(method data for {method} {0x000001ca003dc300} 'checkCustomized' '(Ljava/lang/invoke/MethodHandle;)V' in 'java/lang/invoke/Invokers')}
  0x000001ca472501d4: 0148 bf38 | ee1f 74ca | 0100 008b | 9fcc 0000 | 0083 c302 | 899f cc00 | 0000 81e3 | feff 1f00 
  0x000001ca472501f4: 85db 0f84 | 4c0c 0000 

  0x000001ca472501fc: ;   {metadata(method data for {method} {0x000001ca003dc300} 'checkCustomized' '(Ljava/lang/invoke/MethodHandle;)V' in 'java/lang/invoke/Invokers')}
  0x000001ca472501fc: 48bf 38ee | 1f74 ca01 | 0000 4883 | 8710 0100 

  0x000001ca4725020c: ;   {metadata(method data for {method} {0x000001ca000944d8} 'isCompileConstant' '(Ljava/lang/Object;)Z' in 'java/lang/invoke/MethodHandleImpl')}
  0x000001ca4725020c: 0001 48bf | e8ef 1f74 | ca01 0000 | 8b9f cc00 | 0000 83c3 | 0289 9fcc | 0000 0081 | e3fe ff1f 
  0x000001ca4725022c: 0085 db0f | 8434 0c00 

  0x000001ca47250234: ;   {metadata(method data for {method} {0x000001ca003dc300} 'checkCustomized' '(Ljava/lang/invoke/MethodHandle;)V' in 'java/lang/invoke/Invokers')}
  0x000001ca47250234: 0048 bf38 | ee1f 74ca | 0100 00ff | 8720 0100 | 008b 7e14 | 48c1 e703 

  0x000001ca4725024c: ; implicit exception: dispatches to 0x000001ca47250e8a
  0x000001ca4725024c: 8b7f 1c48 | c1e7 0348 

  0x000001ca47250254: ;   {metadata(method data for {method} {0x000001ca003dc300} 'checkCustomized' '(Ljava/lang/invoke/MethodHandle;)V' in 'java/lang/invoke/Invokers')}
  0x000001ca47250254: 85ff 48bf | 38ee 1f74 | ca01 0000 | 48c7 c340 | 0100 0075 | 0748 c7c3 | 5001 0000 | 488b 041f 
  0x000001ca47250274: 488d 4001 | 4889 041f | 0f85 2200 

  0x000001ca47250280: ;   {metadata(method data for {method} {0x000001ca003dc300} 'checkCustomized' '(Ljava/lang/invoke/MethodHandle;)V' in 'java/lang/invoke/Invokers')}
  0x000001ca47250280: 0000 48bf | 38ee 1f74 | ca01 0000 | 4883 8760 | 0100 0001 

  0x000001ca47250294: ;   {static_call}
  0x000001ca47250294: 488b d6e8 

  0x000001ca47250298: ; ImmutableOopMap {[176]=Oop [192]=Oop [280]=Oop }
                      ;*invokestatic maybeCustomize {reexecute=0 rethrow=0 return_oop=0}
                      ; - java.lang.invoke.Invokers::checkCustomized@19
                      ; - java.lang.invoke.Invokers$Holder::invokeExact_MT@14
                      ; - jdk.internal.reflect.DirectMethodHandleAccessor::invokeImpl@41
                      ; - jdk.internal.reflect.DirectMethodHandleAccessor::invoke@23
  0x000001ca47250298: 2426 eeff 

  0x000001ca4725029c: ;   {other}
  0x000001ca4725029c: 0f1f 8400 | 0c26 000a | 488b b424 | 1801 0000 

  0x000001ca472502ac: ;   {metadata(method data for {method} {0x000001ca000ae5c8} 'invokeExact_MT' '(Ljava/lang/Object;Ljava/lang/Object;Ljava/lang/Object;)Ljava/lang/Object;' in 'java/lang/invoke/Invokers$Holder')}
  0x000001ca472502ac: 49b8 7010 | 2174 ca01 | 0000 4983 | 80e0 0100 | 0001 4c8b | 8424 c000 | 0000 488b | 9424 1801 
  0x000001ca472502cc: ;   {optimized virtual_call}
  0x000001ca472502cc: 0000 90e8 

  0x000001ca472502d0: ; ImmutableOopMap {[176]=Oop }
                      ;*invokevirtual invokeBasic {reexecute=0 rethrow=0 return_oop=0}
                      ; - java.lang.invoke.Invokers$Holder::invokeExact_MT@19
                      ; - jdk.internal.reflect.DirectMethodHandleAccessor::invokeImpl@41
                      ; - jdk.internal.reflect.DirectMethodHandleAccessor::invoke@23
  0x000001ca472502d0: 2c29 eb0f 

  0x000001ca472502d4: ;   {other}
  0x000001ca472502d4: 0f1f 8400 | 4426 000b 

  0x000001ca472502dc: ;   {metadata(method data for {method} {0x000001ca000ae5c8} 'invokeExact_MT' '(Ljava/lang/Object;Ljava/lang/Object;Ljava/lang/Object;)Ljava/lang/Object;' in 'java/lang/invoke/Invokers$Holder')}
  0x000001ca472502dc: 48ba 7010 | 2174 ca01 | 0000 488d | 9228 0200 | 0048 85c0 | 750a f602 | 0175 05f0 | 4883 0a01 
  0x000001ca472502fc: ;   {metadata(method data for {method} {0x000001ca003c8518} 'invokeImpl' '(Ljava/lang/Object;[Ljava/lang/Object;)Ljava/lang/Object;' in 'jdk/internal/reflect/DirectMethodHandleAccessor')}
  0x000001ca472502fc: 48ba 705e | 3174 ca01 | 0000 488d | 92b8 0100 | 0048 85c0 | 750c f602 | 0175 4ef0 | 4883 0a01 
  0x000001ca4725031c: eb47 448b | 4008 49ba | 0000 0000 | ca01 0000 | 4d03 c24d | 8bd0 4c33 | 0249 f7c0 | fcff ffff 
  0x000001ca4725033c: 7427 41f6 | c002 7521 | 48f7 02fe | ffff ff74 | 154d 8bc2 | 4c33 0249 | f7c0 fcff | ffff 7409 
  0x000001ca4725035c: 4883 0a02 | eb03 4c89 

  0x000001ca47250364: ;   {metadata(method data for {method} {0x000001ca003c8518} 'invokeImpl' '(Ljava/lang/Object;[Ljava/lang/Object;)Ljava/lang/Object;' in 'jdk/internal/reflect/DirectMethodHandleAccessor')}
  0x000001ca47250364: 0248 ba70 | 5e31 74ca | 0100 00ff | 82c8 0100 | 0048 81c4 | 7001 0000 

  0x000001ca4725037c: ;   {poll_return}
  0x000001ca4725037c: 5d49 3ba7 | 5004 0000 | 0f87 050b 

  0x000001ca47250388: ;   {metadata(method data for {method} {0x000001ca003dc408} 'checkExactType' '(Ljava/lang/invoke/MethodHandle;Ljava/lang/invoke/MethodType;)V' in 'java/lang/invoke/Invokers')}
  0x000001ca47250388: 0000 c348 | ba70 f91f | 74ca 0100 | 0048 8382 | 6801 0000 

  0x000001ca4725039c: ;   {oop(a 'java/lang/invoke/MethodType'{0x0000000600428db8} = (Ljava/lang/Object;)Ljava/lang/Object;)}
  0x000001ca4725039c: 0149 b8b8 | 8d42 0006 | 0000 0048 | 8bd7 0f1f 

  0x000001ca472503ac: ;   {static_call}
  0x000001ca472503ac: 4400 00e8 

  0x000001ca472503b0: ; ImmutableOopMap {[176]=Oop [192]=Oop [280]=Oop }
                      ;*invokestatic newWrongMethodTypeException {reexecute=0 rethrow=0 return_oop=0}
                      ; - java.lang.invoke.Invokers::checkExactType@12
                      ; - java.lang.invoke.Invokers$Holder::invokeExact_MT@10
                      ; - jdk.internal.reflect.DirectMethodHandleAccessor::invokeImpl@41
                      ; - jdk.internal.reflect.DirectMethodHandleAccessor::invoke@23
  0x000001ca472503b0: ccf4 950f 

  0x000001ca472503b4: ;   {other}
  0x000001ca472503b4: 0f1f 8400 | 2427 000c 

  0x000001ca472503bc: ; implicit exception: dispatches to 0x000001ca47250ea5
                      ; ImmutableOopMap {rax=Oop [176]=Oop [192]=Oop [280]=Oop }
                      ;*athrow {reexecute=1 rethrow=0 return_oop=0}
                      ; - (reexecute) java.lang.invoke.Invokers::checkExactType@15
                      ; - java.lang.invoke.Invokers$Holder::invokeExact_MT@10
                      ; - jdk.internal.reflect.DirectMethodHandleAccessor::invokeImpl@41
                      ; - jdk.internal.reflect.DirectMethodHandleAccessor::invoke@23
                      ;   {section_word}
  0x000001ca472503bc: 483b 0048 | babf 0325 | 47ca 0100 

  0x000001ca472503c8: ;   {runtime_call handle_exception_nofpu Runtime1 stub}
  0x000001ca472503c8: 00e8 b250 

  0x000001ca472503cc: ;   {metadata(method data for {method} {0x000001ca003dc408} 'checkExactType' '(Ljava/lang/invoke/MethodHandle;Ljava/lang/invoke/MethodType;)V' in 'java/lang/invoke/Invokers')}
  0x000001ca472503cc: 9b0f 9048 | ba70 f91f | 74ca 0100 | 0048 8382 | 6801 0000 

  0x000001ca472503e0: ;   {oop(a 'java/lang/invoke/MethodType'{0x0000000600428ee8} = (Ljava/lang/Object;Ljava/lang/Object;)Ljava/lang/Object;)}
  0x000001ca472503e0: 0149 b8e8 | 8e42 0006 | 0000 0048 

  0x000001ca472503ec: ;   {static_call}
  0x000001ca472503ec: 8bd3 90e8 

  0x000001ca472503f0: ; ImmutableOopMap {[176]=Oop [192]=Oop [264]=Oop [272]=Oop }
                      ;*invokestatic newWrongMethodTypeException {reexecute=0 rethrow=0 return_oop=0}
                      ; - java.lang.invoke.Invokers::checkExactType@12
                      ; - java.lang.invoke.Invokers$Holder::invokeExact_MT@10
                      ; - jdk.internal.reflect.DirectMethodHandleAccessor::invokeImpl@55
                      ; - jdk.internal.reflect.DirectMethodHandleAccessor::invoke@23
  0x000001ca472503f0: 8cf4 950f 

  0x000001ca472503f4: ;   {other}
  0x000001ca472503f4: 0f1f 8400 | 6427 000e 

  0x000001ca472503fc: ; implicit exception: dispatches to 0x000001ca47250eaa
                      ; ImmutableOopMap {rax=Oop [176]=Oop [192]=Oop [264]=Oop [272]=Oop }
                      ;*athrow {reexecute=1 rethrow=0 return_oop=0}
                      ; - (reexecute) java.lang.invoke.Invokers::checkExactType@15
                      ; - java.lang.invoke.Invokers$Holder::invokeExact_MT@10
                      ; - jdk.internal.reflect.DirectMethodHandleAccessor::invokeImpl@55
                      ; - jdk.internal.reflect.DirectMethodHandleAccessor::invoke@23
                      ;   {section_word}
  0x000001ca472503fc: 483b 0048 | baff 0325 | 47ca 0100 

  0x000001ca47250408: ;   {runtime_call handle_exception_nofpu Runtime1 stub}
  0x000001ca47250408: 00e8 7250 

  0x000001ca4725040c: ;   {metadata(method data for {method} {0x000001ca003dc408} 'checkExactType' '(Ljava/lang/invoke/MethodHandle;Ljava/lang/invoke/MethodType;)V' in 'java/lang/invoke/Invokers')}
  0x000001ca4725040c: 9b0f 9048 | ba70 f91f | 74ca 0100 | 0048 8382 | 6801 0000 

  0x000001ca47250420: ;   {oop(a 'java/lang/invoke/MethodType'{0x00000006004290e8} = (Ljava/lang/Object;Ljava/lang/Object;Ljava/lang/Object;)Ljava/lang/Object;)}
  0x000001ca47250420: 0149 b8e8 | 9042 0006 | 0000 0048 

  0x000001ca4725042c: ;   {static_call}
  0x000001ca4725042c: 8bd0 90e8 

  0x000001ca47250430: ; ImmutableOopMap {[176]=Oop [192]=Oop [240]=Oop [248]=Oop [256]=Oop }
                      ;*invokestatic newWrongMethodTypeException {reexecute=0 rethrow=0 return_oop=0}
                      ; - java.lang.invoke.Invokers::checkExactType@12
                      ; - java.lang.invoke.LambdaForm$MH/0x000001ca01002800::invokeExact_MT@11
                      ; - jdk.internal.reflect.DirectMethodHandleAccessor::invokeImpl@72
                      ; - jdk.internal.reflect.DirectMethodHandleAccessor::invoke@23
  0x000001ca47250430: 4cf4 950f 

  0x000001ca47250434: ;   {other}
  0x000001ca47250434: 0f1f 8400 | a427 0010 

  0x000001ca4725043c: ; implicit exception: dispatches to 0x000001ca47250eaf
                      ; ImmutableOopMap {rax=Oop [176]=Oop [192]=Oop [240]=Oop [248]=Oop [256]=Oop }
                      ;*athrow {reexecute=1 rethrow=0 return_oop=0}
                      ; - (reexecute) java.lang.invoke.Invokers::checkExactType@15
                      ; - java.lang.invoke.LambdaForm$MH/0x000001ca01002800::invokeExact_MT@11
                      ; - jdk.internal.reflect.DirectMethodHandleAccessor::invokeImpl@72
                      ; - jdk.internal.reflect.DirectMethodHandleAccessor::invoke@23
                      ;   {section_word}
  0x000001ca4725043c: 483b 0048 | ba3f 0425 | 47ca 0100 

  0x000001ca47250448: ;   {runtime_call handle_exception_nofpu Runtime1 stub}
  0x000001ca47250448: 00e8 3250 

  0x000001ca4725044c: ;   {metadata(method data for {method} {0x000001ca003dc408} 'checkExactType' '(Ljava/lang/invoke/MethodHandle;Ljava/lang/invoke/MethodType;)V' in 'java/lang/invoke/Invokers')}
  0x000001ca4725044c: 9b0f 9048 | ba70 f91f | 74ca 0100 | 0048 8382 | 6801 0000 

  0x000001ca47250460: ;   {oop(a 'java/lang/invoke/MethodType'{0x000000060042ab40} = (Ljava/lang/Object;Ljava/lang/Object;Ljava/lang/Object;Ljava/lang/Object;)Ljava/lang/Object;)}
  0x000001ca47250460: 0149 b840 | ab42 0006 | 0000 0048 

  0x000001ca4725046c: ;   {static_call}
  0x000001ca4725046c: 8bd1 90e8 

  0x000001ca47250470: ; ImmutableOopMap {[176]=Oop [192]=Oop [208]=Oop [216]=Oop [224]=Oop [232]=Oop }
                      ;*invokestatic newWrongMethodTypeException {reexecute=0 rethrow=0 return_oop=0}
                      ; - java.lang.invoke.Invokers::checkExactType@12
                      ; - java.lang.invoke.LambdaForm$MH/0x000001ca010ea800::invokeExact_MT@11
                      ; - jdk.internal.reflect.DirectMethodHandleAccessor::invokeImpl@92
                      ; - jdk.internal.reflect.DirectMethodHandleAccessor::invoke@23
  0x000001ca47250470: 0cf4 950f 

  0x000001ca47250474: ;   {other}
  0x000001ca47250474: 0f1f 8400 | e427 0012 

  0x000001ca4725047c: ; implicit exception: dispatches to 0x000001ca47250eb4
                      ; ImmutableOopMap {rax=Oop [176]=Oop [192]=Oop [208]=Oop [216]=Oop [224]=Oop [232]=Oop }
                      ;*athrow {reexecute=1 rethrow=0 return_oop=0}
                      ; - (reexecute) java.lang.invoke.Invokers::checkExactType@15
                      ; - java.lang.invoke.LambdaForm$MH/0x000001ca010ea800::invokeExact_MT@11
                      ; - jdk.internal.reflect.DirectMethodHandleAccessor::invokeImpl@92
                      ; - jdk.internal.reflect.DirectMethodHandleAccessor::invoke@23
                      ;   {section_word}
  0x000001ca4725047c: 483b 0048 | ba7f 0425 | 47ca 0100 

  0x000001ca47250488: ;   {runtime_call handle_exception_nofpu Runtime1 stub}
  0x000001ca47250488: 00e8 f24f 

  0x000001ca4725048c: ;   {metadata(method data for {method} {0x000001ca003dc408} 'checkExactType' '(Ljava/lang/invoke/MethodHandle;Ljava/lang/invoke/MethodType;)V' in 'java/lang/invoke/Invokers')}
  0x000001ca4725048c: 9b0f 9048 | ba70 f91f | 74ca 0100 | 0048 8382 | 6801 0000 

  0x000001ca472504a0: ;   {oop(a 'java/lang/invoke/MethodType'{0x0000000600442a40} = (Ljava/lang/Object;[Ljava/lang/Object;)Ljava/lang/Object;)}
  0x000001ca472504a0: 0149 b840 | 2a44 0006 | 0000 0048 

  0x000001ca472504ac: ;   {static_call}
  0x000001ca472504ac: 8bd7 90e8 

  0x000001ca472504b0: ; ImmutableOopMap {[176]=Oop [184]=Oop [192]=Oop [200]=Oop }
                      ;*invokestatic newWrongMethodTypeException {reexecute=0 rethrow=0 return_oop=0}
                      ; - java.lang.invoke.Invokers::checkExactType@12
                      ; - java.lang.invoke.Invokers$Holder::invokeExact_MT@10
                      ; - jdk.internal.reflect.DirectMethodHandleAccessor::invokeImpl@104
                      ; - jdk.internal.reflect.DirectMethodHandleAccessor::invoke@23
  0x000001ca472504b0: ccf3 950f 

  0x000001ca472504b4: ;   {other}
  0x000001ca472504b4: 0f1f 8400 | 2428 0014 

  0x000001ca472504bc: ; implicit exception: dispatches to 0x000001ca47250eb9
                      ; ImmutableOopMap {rax=Oop [176]=Oop [184]=Oop [192]=Oop [200]=Oop }
                      ;*athrow {reexecute=1 rethrow=0 return_oop=0}
                      ; - (reexecute) java.lang.invoke.Invokers::checkExactType@15
                      ; - java.lang.invoke.Invokers$Holder::invokeExact_MT@10
                      ; - jdk.internal.reflect.DirectMethodHandleAccessor::invokeImpl@104
                      ; - jdk.internal.reflect.DirectMethodHandleAccessor::invoke@23
                      ;   {section_word}
  0x000001ca472504bc: 483b 0048 | babf 0425 | 47ca 0100 

  0x000001ca472504c8: ;   {runtime_call handle_exception_nofpu Runtime1 stub}
  0x000001ca472504c8: 00e8 b24f | 9b0f 9049 | 8b87 0005 | 0000 4d33 | d24d 8997 | 0005 0000 | 4d33 d24d | 8997 0805 
  0x000001ca472504e8: 0000 488b | 9424 b000 

  0x000001ca472504f0: ;   {metadata(method data for {method} {0x000001ca0019cf00} 'invoke' '(Ljava/lang/Object;[Ljava/lang/Object;)Ljava/lang/Object;' in 'jdk/internal/reflect/DirectMethodHandleAccessor')}
  0x000001ca472504f0: 0000 49b8 | e854 3174 | ca01 0000 | 4983 8060 | 0200 0001 

  0x000001ca47250504: ;   {metadata(method data for {method} {0x000001ca003c84c0} 'isIllegalArgument' '(Ljava/lang/RuntimeException;)Z' in 'jdk/internal/reflect/DirectMethodHandleAccessor')}
  0x000001ca47250504: 48ba 5865 | 3174 ca01 | 0000 448b | 82cc 0000 | 0041 83c0 | 0244 8982 | cc00 0000 | 4181 e0fe 
  0x000001ca47250524: ff1f 0045 | 85c0 0f84 | 8e09 0000 

  0x000001ca47250530: ;   {oop(a 'java/lang/Class'{0x0000000600456198} = 'jdk/internal/reflect/DirectMethodHandleAccessor')}
  0x000001ca47250530: 48ba 9861 | 4500 0600 | 0000 4c8b | c048 8984 | 2420 0100 

  0x000001ca47250544: ;   {static_call}
  0x000001ca47250544: 0066 90e8 

  0x000001ca47250548: ; ImmutableOopMap {[288]=Oop }
                      ;*invokestatic isIllegalArgument {reexecute=0 rethrow=0 return_oop=0}
                      ; - jdk.internal.reflect.DirectMethodHandleAccessor::isIllegalArgument@3
                      ; - jdk.internal.reflect.DirectMethodHandleAccessor::invoke@58
  0x000001ca47250548: 34f3 950f 

  0x000001ca4725054c: ;   {other}
  0x000001ca4725054c: 0f1f 8400 | bc28 0016 | 83e0 0185 

  0x000001ca47250558: ;   {metadata(method data for {method} {0x000001ca0019cf00} 'invoke' '(Ljava/lang/Object;[Ljava/lang/Object;)Ljava/lang/Object;' in 'jdk/internal/reflect/DirectMethodHandleAccessor')}
  0x000001ca47250558: c048 b8e8 | 5431 74ca | 0100 0048 | c7c2 9802 | 0000 7407 | 48c7 c2a8 | 0200 004c | 8b04 104d 
  0x000001ca47250578: 8d40 014c | 8904 100f | 84bc 0200 | 00e9 0f02 | 0000 498b | 8700 0500 | 004d 33d2 | 4d89 9700 
  0x000001ca47250598: 0500 004d | 33d2 4d89 | 9708 0500 | 0048 8b94 | 24b0 0000 

  0x000001ca472505ac: ;   {metadata(method data for {method} {0x000001ca0019cf00} 'invoke' '(Ljava/lang/Object;[Ljava/lang/Object;)Ljava/lang/Object;' in 'jdk/internal/reflect/DirectMethodHandleAccessor')}
  0x000001ca472505ac: 0049 b8e8 | 5431 74ca | 0100 0049 | 8380 e801 

  0x000001ca472505bc: ;   {metadata(method data for {method} {0x000001ca003c84c0} 'isIllegalArgument' '(Ljava/lang/RuntimeException;)Z' in 'jdk/internal/reflect/DirectMethodHandleAccessor')}
  0x000001ca472505bc: 0000 0148 | ba58 6531 | 74ca 0100 | 0044 8b82 | cc00 0000 | 4183 c002 | 4489 82cc | 0000 0041 
  0x000001ca472505dc: 81e0 feff | 1f00 4585 | c00f 84f4 

  0x000001ca472505e8: ;   {oop(a 'java/lang/Class'{0x0000000600456198} = 'jdk/internal/reflect/DirectMethodHandleAccessor')}
  0x000001ca472505e8: 0800 0048 | ba98 6145 | 0006 0000 | 004c 8bc0 | 4889 8424 | 2801 0000 | 0f1f 8000 

  0x000001ca47250604: ;   {static_call}
  0x000001ca47250604: 0000 00e8 

  0x000001ca47250608: ; ImmutableOopMap {[296]=Oop }
                      ;*invokestatic isIllegalArgument {reexecute=0 rethrow=0 return_oop=0}
                      ; - jdk.internal.reflect.DirectMethodHandleAccessor::isIllegalArgument@3
                      ; - jdk.internal.reflect.DirectMethodHandleAccessor::invoke@30
  0x000001ca47250608: 74f2 950f 

  0x000001ca4725060c: ;   {other}
  0x000001ca4725060c: 0f1f 8400 | 7c29 0017 | 83e0 0185 

  0x000001ca47250618: ;   {metadata(method data for {method} {0x000001ca0019cf00} 'invoke' '(Ljava/lang/Object;[Ljava/lang/Object;)Ljava/lang/Object;' in 'jdk/internal/reflect/DirectMethodHandleAccessor')}
  0x000001ca47250618: c048 bae8 | 5431 74ca | 0100 0048 | c7c6 2002 | 0000 7407 | 48c7 c630 | 0200 0048 | 8b3c 3248 
  0x000001ca47250638: 8d7f 0148 | 893c 320f | 84a4 0000 | 0066 6690 

  0x000001ca47250648: ;   {no_reloc}
  0x000001ca47250648: e9c2 0800 | 0000 0000 | 0000 498b | 87b8 0100 | 0048 8d78 | 2849 3bbf | c801 0000 | 0f87 af08 
  0x000001ca47250668: 0000 4989 | bfb8 0100 | 0048 c700 | 0100 0000 | 488b ca49 | ba00 0000 | 00ca 0100 | 0049 2bca 
  0x000001ca47250688: 8948 0848 | 33c9 8948 | 0c48 33c9 | 4889 4810 | 4889 4818 | 4889 4820 

  0x000001ca472506a0: ;   {metadata(method data for {method} {0x000001ca0019cf00} 'invoke' '(Ljava/lang/Object;[Ljava/lang/Object;)Ljava/lang/Object;' in 'jdk/internal/reflect/DirectMethodHandleAccessor')}
  0x000001ca472506a0: 4c8b c048 | bae8 5431 | 74ca 0100 | 0048 8382 | 4002 0000 

  0x000001ca472506b4: ;   {oop("argument type mismatch"{0x0000000600456220})}
  0x000001ca472506b4: 0149 b820 | 6245 0006 | 0000 0048 | 8bd0 4889 | 8424 3001 | 0000 0f1f 

  0x000001ca472506cc: ;   {optimized virtual_call}
  0x000001ca472506cc: 4400 00e8 

  0x000001ca472506d0: ; ImmutableOopMap {[304]=Oop }
                      ;*invokespecial <init> {reexecute=0 rethrow=0 return_oop=0}
                      ; - jdk.internal.reflect.DirectMethodHandleAccessor::invoke@42
  0x000001ca472506d0: ace7 950f 

  0x000001ca472506d4: ;   {other}
  0x000001ca472506d4: 0f1f 8400 | 442a 0018 | 488b 8424 | 3001 0000 | e927 0900 | 004c 8b84 | 2428 0100 | 000f 1f80 
  0x000001ca472506f4: 0000 0000 

  0x000001ca472506f8: ;   {no_reloc}
  0x000001ca472506f8: e938 0800 | 0000 0000 | 0000 80ba | 3101 0000 | 040f 8535 | 0800 0049 | 8b87 b801 | 0000 488d 
  0x000001ca47250718: 7828 493b | bfc8 0100 | 000f 871d | 0800 0049 | 89bf b801 | 0000 48c7 | 0001 0000 | 0048 8bca 
  0x000001ca47250738: 49ba 0000 | 0000 ca01 | 0000 492b | ca89 4808 | 4833 c989 | 480c 4833 | c948 8948 | 1048 8948 
  0x000001ca47250758: 1848 8948 | 2048 8bd0 

  0x000001ca47250760: ;   {metadata(method data for {method} {0x000001ca0019cf00} 'invoke' '(Ljava/lang/Object;[Ljava/lang/Object;)Ljava/lang/Object;' in 'jdk/internal/reflect/DirectMethodHandleAccessor')}
  0x000001ca47250760: 48be e854 | 3174 ca01 | 0000 4883 | 8650 0200 | 0001 488b | d048 8984 | 2438 0100 

  0x000001ca4725077c: ;   {optimized virtual_call}
  0x000001ca4725077c: 0066 90e8 

  0x000001ca47250780: ; ImmutableOopMap {[312]=Oop }
                      ;*invokespecial <init> {reexecute=0 rethrow=0 return_oop=0}
                      ; - jdk.internal.reflect.DirectMethodHandleAccessor::invoke@51
  0x000001ca47250780: fce6 950f 

  0x000001ca47250784: ;   {other}
  0x000001ca47250784: 0f1f 8400 | f42a 0019 | 488b 8424 | 3801 0000 | e977 0800 | 000f 1f80 | 0000 0000 

  0x000001ca472507a0: ;   {no_reloc}
  0x000001ca472507a0: e9bb 0700 | 0000 0000 | 0000 498b | 87b8 0100 | 0048 8d78 | 2849 3bbf | c801 0000 | 0f87 a807 
  0x000001ca472507c0: 0000 4989 | bfb8 0100 | 0048 c700 | 0100 0000 | 488b ca49 | ba00 0000 | 00ca 0100 | 0049 2bca 
  0x000001ca472507e0: 8948 0848 | 33c9 8948 | 0c48 33c9 | 4889 4810 | 4889 4818 | 4889 4820 

  0x000001ca472507f8: ;   {metadata(method data for {method} {0x000001ca0019cf00} 'invoke' '(Ljava/lang/Object;[Ljava/lang/Object;)Ljava/lang/Object;' in 'jdk/internal/reflect/DirectMethodHandleAccessor')}
  0x000001ca472507f8: 4c8b c048 | bae8 5431 | 74ca 0100 | 0048 8382 | b802 0000 | 014c 8b84 | 2420 0100 | 0048 8bd0 
  0x000001ca47250818: 4889 8424 | 4001 0000 | 0f1f 8000 

  0x000001ca47250824: ;   {optimized virtual_call}
  0x000001ca47250824: 0000 00e8 

  0x000001ca47250828: ; ImmutableOopMap {[320]=Oop }
                      ;*invokespecial <init> {reexecute=0 rethrow=0 return_oop=0}
                      ; - jdk.internal.reflect.DirectMethodHandleAccessor::invoke@69
  0x000001ca47250828: 54e6 950f 

  0x000001ca4725082c: ;   {other}
  0x000001ca4725082c: 0f1f 8400 | 9c2b 001a | 488b 8424 | 4001 0000 | e9cf 0700 | 004c 8b84 | 2420 0100 | 000f 1f80 
  0x000001ca4725084c: 0000 0000 

  0x000001ca47250850: ;   {no_reloc}
  0x000001ca47250850: e931 0700 | 0000 0000 | 0000 80ba | 3101 0000 | 040f 852e | 0700 0049 | 8b87 b801 | 0000 488d 
  0x000001ca47250870: 7828 493b | bfc8 0100 | 000f 8716 | 0700 0049 | 89bf b801 | 0000 48c7 | 0001 0000 | 0048 8bca 
  0x000001ca47250890: 49ba 0000 | 0000 ca01 | 0000 492b | ca89 4808 | 4833 c989 | 480c 4833 | c948 8948 | 1048 8948 
  0x000001ca472508b0: 1848 8948 | 2048 8bd0 

  0x000001ca472508b8: ;   {metadata(method data for {method} {0x000001ca0019cf00} 'invoke' '(Ljava/lang/Object;[Ljava/lang/Object;)Ljava/lang/Object;' in 'jdk/internal/reflect/DirectMethodHandleAccessor')}
  0x000001ca472508b8: 48be e854 | 3174 ca01 | 0000 4883 | 86c8 0200 | 0001 488b | d048 8984 | 2448 0100 

  0x000001ca472508d4: ;   {optimized virtual_call}
  0x000001ca472508d4: 0066 90e8 

  0x000001ca472508d8: ; ImmutableOopMap {[328]=Oop }
                      ;*invokespecial <init> {reexecute=0 rethrow=0 return_oop=0}
                      ; - jdk.internal.reflect.DirectMethodHandleAccessor::invoke@78
  0x000001ca472508d8: a4e5 950f 

  0x000001ca472508dc: ;   {other}
  0x000001ca472508dc: 0f1f 8400 | 4c2c 001b | 488b 8424 | 4801 0000 | e91f 0700 | 000f 1f80 | 0000 0000 

  0x000001ca472508f8: ;   {no_reloc}
  0x000001ca472508f8: e9b4 0600 | 0000 0000 | 0000 498b | 87b8 0100 | 0048 8d78 | 2849 3bbf | c801 0000 | 0f87 a106 
  0x000001ca47250918: 0000 4989 | bfb8 0100 | 0048 c700 | 0100 0000 | 488b ca49 | ba00 0000 | 00ca 0100 | 0049 2bca 
  0x000001ca47250938: 8948 0848 | 33c9 8948 | 0c48 33c9 | 4889 4810 | 4889 4818 | 4889 4820 

  0x000001ca47250950: ;   {metadata(method data for {method} {0x000001ca003c86d0} 'checkReceiver' '(Ljava/lang/Object;)V' in 'jdk/internal/reflect/DirectMethodHandleAccessor')}
  0x000001ca47250950: 488b d048 | be90 5931 | 74ca 0100 | 0048 8386 | a001 0000 

  0x000001ca47250964: ;   {oop("object is not an instance of declaring class"{0x0000000600456238})}
  0x000001ca47250964: 0149 b838 | 6245 0006 | 0000 0048 | 8bd0 4889 | 8424 5001 | 0000 0f1f 

  0x000001ca4725097c: ;   {optimized virtual_call}
  0x000001ca4725097c: 4400 00e8 

  0x000001ca47250980: ; ImmutableOopMap {[176]=Oop [184]=Oop [192]=Oop [336]=Oop }
                      ;*invokespecial <init> {reexecute=0 rethrow=0 return_oop=0}
                      ; - jdk.internal.reflect.DirectMethodHandleAccessor::checkReceiver@20
                      ; - jdk.internal.reflect.DirectMethodHandleAccessor::invoke@9
  0x000001ca47250980: fce4 950f 

  0x000001ca47250984: ;   {other}
  0x000001ca47250984: 0f1f 8400 | f42c 001c | 488b 8424 | 5001 0000 | e977 0600 | 0049 8b87 | 0005 0000 | 4d33 d24d 
  0x000001ca472509a4: 8997 0005 | 0000 4d33 | d24d 8997 | 0805 0000 | 4c8b c090 

  0x000001ca472509b8: ;   {no_reloc}
  0x000001ca472509b8: e91a 0600 | 0000 0000 | 0000 80ba | 3101 0000 | 040f 8517 | 0600 0049 | 8b87 b801 | 0000 488d 
  0x000001ca472509d8: 7828 493b | bfc8 0100 | 000f 87ff | 0500 0049 | 89bf b801 | 0000 48c7 | 0001 0000 | 0048 8bca 
  0x000001ca472509f8: 49ba 0000 | 0000 ca01 | 0000 492b | ca89 4808 | 4833 c989 | 480c 4833 | c948 8948 | 1048 8948 
  0x000001ca47250a18: 1848 8948 | 2048 8bd0 

  0x000001ca47250a20: ;   {metadata(method data for {method} {0x000001ca0019cf00} 'invoke' '(Ljava/lang/Object;[Ljava/lang/Object;)Ljava/lang/Object;' in 'jdk/internal/reflect/DirectMethodHandleAccessor')}
  0x000001ca47250a20: 48be e854 | 3174 ca01 | 0000 4883 | 86d8 0200 | 0001 488b | d048 8984 | 2458 0100 

  0x000001ca47250a3c: ;   {optimized virtual_call}
  0x000001ca47250a3c: 0066 90e8 

  0x000001ca47250a40: ; ImmutableOopMap {[344]=Oop }
                      ;*invokespecial <init> {reexecute=0 rethrow=0 return_oop=0}
                      ; - jdk.internal.reflect.DirectMethodHandleAccessor::invoke@88
  0x000001ca47250a40: 3ce4 950f 

  0x000001ca47250a44: ;   {other}
  0x000001ca47250a44: 0f1f 8400 | b42d 001d | 488b 8424 | 5801 0000 | e9b7 0500 

  0x000001ca47250a58: ;   {metadata({method} {0x000001ca0019cf00} 'invoke' '(Ljava/lang/Object;[Ljava/lang/Object;)Ljava/lang/Object;' in 'jdk/internal/reflect/DirectMethodHandleAccessor')}
  0x000001ca47250a58: 0049 baf8 | ce19 00ca | 0100 004c | 8954 2408 | 48c7 0424 | ffff ffff 

  0x000001ca47250a70: ;   {runtime_call counter_overflow Runtime1 stub}
  0x000001ca47250a70: e80b bba4 

  0x000001ca47250a74: ; ImmutableOopMap {rdx=Oop r8=Oop r9=Oop [176]=Oop [184]=Oop [192]=Oop }
                      ;*synchronization entry
                      ; - jdk.internal.reflect.DirectMethodHandleAccessor::invoke@-1
  0x000001ca47250a74: 0fe9 c4d7 

  0x000001ca47250a78: ;   {metadata({method} {0x000001ca003c8780} 'isStatic' '()Z' in 'jdk/internal/reflect/DirectMethodHandleAccessor')}
  0x000001ca47250a78: ffff 49ba | 7887 3c00 | ca01 0000 | 4c89 5424 | 0848 c704 | 24ff ffff 

  0x000001ca47250a90: ;   {runtime_call counter_overflow Runtime1 stub}
  0x000001ca47250a90: ffe8 eaba 

  0x000001ca47250a94: ; ImmutableOopMap {rdx=Oop r8=Oop r9=Oop [176]=Oop [184]=Oop [192]=Oop }
                      ;*synchronization entry
                      ; - jdk.internal.reflect.DirectMethodHandleAccessor::isStatic@-1
                      ; - jdk.internal.reflect.DirectMethodHandleAccessor::invoke@1
  0x000001ca47250a94: a40f e9df 

  0x000001ca47250a98: ;   {metadata({method} {0x000001ca003c86d0} 'checkReceiver' '(Ljava/lang/Object;)V' in 'jdk/internal/reflect/DirectMethodHandleAccessor')}
  0x000001ca47250a98: d7ff ff49 | bac8 863c | 00ca 0100 | 004c 8954 | 2408 48c7 | 0424 ffff 

  0x000001ca47250ab0: ;   {runtime_call counter_overflow Runtime1 stub}
  0x000001ca47250ab0: ffff e8c9 

  0x000001ca47250ab4: ; ImmutableOopMap {rdx=Oop r8=Oop [176]=Oop [184]=Oop [192]=Oop }
                      ;*synchronization entry
                      ; - jdk.internal.reflect.DirectMethodHandleAccessor::checkReceiver@-1
                      ; - jdk.internal.reflect.DirectMethodHandleAccessor::invoke@9
  0x000001ca47250ab4: baa4 0fe9 | 85d8 ffff 

  0x000001ca47250abc: ;   {runtime_call throw_null_pointer_exception Runtime1 stub}
  0x000001ca47250abc: e85f 6a9b 

  0x000001ca47250ac0: ; ImmutableOopMap {rdx=Oop r8=Oop rsi=Oop [176]=Oop [184]=Oop [192]=Oop }
                      ;*invokevirtual getClass {reexecute=0 rethrow=0 return_oop=0}
                      ; - jdk.internal.reflect.DirectMethodHandleAccessor::checkReceiver@5
                      ; - jdk.internal.reflect.DirectMethodHandleAccessor::invoke@9
                      ;   {runtime_call throw_null_pointer_exception Runtime1 stub}
  0x000001ca47250ac0: 0fe8 5a6a 

  0x000001ca47250ac4: ; ImmutableOopMap {rdx=Oop r8=Oop rsi=Oop rdi=Oop [176]=Oop [184]=Oop [192]=Oop }
                      ;*invokevirtual isAssignableFrom {reexecute=0 rethrow=0 return_oop=0}
                      ; - jdk.internal.reflect.DirectMethodHandleAccessor::checkReceiver@8
                      ; - jdk.internal.reflect.DirectMethodHandleAccessor::invoke@9
                      ;   {metadata({method} {0x000001ca003c8518} 'invokeImpl' '(Ljava/lang/Object;[Ljava/lang/Object;)Ljava/lang/Object;' in 'jdk/internal/reflect/DirectMethodHandleAccessor')}
  0x000001ca47250ac4: 9b0f 49ba | 1085 3c00 | ca01 0000 | 4c89 5424 | 0848 c704 | 24ff ffff 

  0x000001ca47250adc: ;   {runtime_call counter_overflow Runtime1 stub}
  0x000001ca47250adc: ffe8 9eba 

  0x000001ca47250ae0: ; ImmutableOopMap {rdx=Oop [176]=Oop [184]=Oop [192]=Oop }
                      ;*synchronization entry
                      ; - jdk.internal.reflect.DirectMethodHandleAccessor::invokeImpl@-1
                      ; - jdk.internal.reflect.DirectMethodHandleAccessor::invoke@23
  0x000001ca47250ae0: a40f e969 

  0x000001ca47250ae4: ;   {metadata({method} {0x000001ca000ae518} 'invokeExact_MT' '(Ljava/lang/Object;Ljava/lang/Object;Ljava/lang/Object;Ljava/lang/Object;)Ljava/lang/Object;' in 'java/lang/invoke/Invokers$Holder')}
  0x000001ca47250ae4: d9ff ff49 | ba10 e50a | 00ca 0100 | 004c 8954 | 2408 48c7 | 0424 ffff 

  0x000001ca47250afc: ;   {runtime_call counter_overflow Runtime1 stub}
  0x000001ca47250afc: ffff e87d 

  0x000001ca47250b00: ; ImmutableOopMap {rdx=Oop r8=Oop rsi=Oop [176]=Oop [184]=Oop [192]=Oop [200]=Oop }
                      ;*synchronization entry
                      ; - java.lang.invoke.Invokers$Holder::invokeExact_MT@-1
                      ; - jdk.internal.reflect.DirectMethodHandleAccessor::invokeImpl@104
                      ; - jdk.internal.reflect.DirectMethodHandleAccessor::invoke@23
  0x000001ca47250b00: baa4 0fe9 | 58db ffff 

  0x000001ca47250b08: ;   {metadata({method} {0x000001ca003dc408} 'checkExactType' '(Ljava/lang/invoke/MethodHandle;Ljava/lang/invoke/MethodType;)V' in 'java/lang/invoke/Invokers')}
  0x000001ca47250b08: 49ba 00c4 | 3d00 ca01 | 0000 4c89 | 5424 0848 | c704 24ff 

  0x000001ca47250b1c: ;   {runtime_call counter_overflow Runtime1 stub}
  0x000001ca47250b1c: ffff ffe8 

  0x000001ca47250b20: ; ImmutableOopMap {rdx=Oop r8=Oop rsi=Oop rbx=Oop [176]=Oop [184]=Oop [192]=Oop [200]=Oop }
                      ;*synchronization entry
                      ; - java.lang.invoke.Invokers::checkExactType@-1
                      ; - java.lang.invoke.Invokers$Holder::invokeExact_MT@10
                      ; - jdk.internal.reflect.DirectMethodHandleAccessor::invokeImpl@104
                      ; - jdk.internal.reflect.DirectMethodHandleAccessor::invoke@23
  0x000001ca47250b20: 5cba a40f | e9f8 dbff 

  0x000001ca47250b28: ;   {runtime_call throw_null_pointer_exception Runtime1 stub}
  0x000001ca47250b28: ffe8 f269 

  0x000001ca47250b2c: ; ImmutableOopMap {rdx=Oop r8=Oop rsi=Oop rbx=Oop [176]=Oop [184]=Oop [192]=Oop [200]=Oop }
                      ;*invokevirtual type {reexecute=0 rethrow=0 return_oop=0}
                      ; - java.lang.invoke.Invokers::checkExactType@1
                      ; - java.lang.invoke.Invokers$Holder::invokeExact_MT@10
                      ; - jdk.internal.reflect.DirectMethodHandleAccessor::invokeImpl@104
                      ; - jdk.internal.reflect.DirectMethodHandleAccessor::invoke@23
                      ;   {metadata({method} {0x000001ca003dc300} 'checkCustomized' '(Ljava/lang/invoke/MethodHandle;)V' in 'java/lang/invoke/Invokers')}
  0x000001ca47250b2c: 9b0f 49ba | f8c2 3d00 | ca01 0000 | 4c89 5424 | 0848 c704 | 24ff ffff 

  0x000001ca47250b44: ;   {runtime_call counter_overflow Runtime1 stub}
  0x000001ca47250b44: ffe8 36ba 

  0x000001ca47250b48: ; ImmutableOopMap {rdx=Oop r8=Oop rsi=Oop [176]=Oop [184]=Oop [192]=Oop [200]=Oop }
                      ;*synchronization entry
                      ; - java.lang.invoke.Invokers::checkCustomized@-1
                      ; - java.lang.invoke.Invokers$Holder::invokeExact_MT@14
                      ; - jdk.internal.reflect.DirectMethodHandleAccessor::invokeImpl@104
                      ; - jdk.internal.reflect.DirectMethodHandleAccessor::invoke@23
  0x000001ca47250b48: a40f e932 

  0x000001ca47250b4c: ;   {metadata({method} {0x000001ca000944d8} 'isCompileConstant' '(Ljava/lang/Object;)Z' in 'java/lang/invoke/MethodHandleImpl')}
  0x000001ca47250b4c: ddff ff49 | bad0 4409 | 00ca 0100 | 004c 8954 | 2408 48c7 | 0424 ffff 

  0x000001ca47250b64: ;   {runtime_call counter_overflow Runtime1 stub}
  0x000001ca47250b64: ffff e815 

  0x000001ca47250b68: ; ImmutableOopMap {rdx=Oop r8=Oop rsi=Oop [176]=Oop [184]=Oop [192]=Oop [200]=Oop }
                      ;*synchronization entry
                      ; - java.lang.invoke.MethodHandleImpl::isCompileConstant@-1
                      ; - java.lang.invoke.Invokers::checkCustomized@1
                      ; - java.lang.invoke.Invokers$Holder::invokeExact_MT@14
                      ; - jdk.internal.reflect.DirectMethodHandleAccessor::invokeImpl@104
                      ; - jdk.internal.reflect.DirectMethodHandleAccessor::invoke@23
  0x000001ca47250b68: baa4 0fe9 | 4add ffff 

  0x000001ca47250b70: ;   {runtime_call throw_null_pointer_exception Runtime1 stub}
  0x000001ca47250b70: e8ab 699b 

  0x000001ca47250b74: ; ImmutableOopMap {rdx=Oop r8=Oop rsi=Oop [176]=Oop [184]=Oop [192]=Oop [200]=Oop }
                      ;*getfield customized {reexecute=1 rethrow=0 return_oop=0}
                      ; - (reexecute) java.lang.invoke.Invokers::checkCustomized@12
                      ; - java.lang.invoke.Invokers$Holder::invokeExact_MT@14
                      ; - jdk.internal.reflect.DirectMethodHandleAccessor::invokeImpl@104
                      ; - jdk.internal.reflect.DirectMethodHandleAccessor::invoke@23
                      ;   {internal_word}
  0x000001ca47250b74: 0f49 ba14 | eb24 47ca | 0100 004d | 8997 6804 

  0x000001ca47250b84: ;   {runtime_call SafepointBlob}
  0x000001ca47250b84: 0000 e9f5 

  0x000001ca47250b88: ;   {runtime_call throw_null_pointer_exception Runtime1 stub}
  0x000001ca47250b88: 5d96 0fe8 

  0x000001ca47250b8c: ; ImmutableOopMap {rdx=Oop r9=Oop r8=Oop rsi=Oop [176]=Oop [184]=Oop [192]=Oop [216]=Oop }
                      ;*aaload {reexecute=0 rethrow=0 return_oop=0}
                      ; - jdk.internal.reflect.DirectMethodHandleAccessor::invokeImpl@85
                      ; - jdk.internal.reflect.DirectMethodHandleAccessor::invoke@23
  0x000001ca47250b8c: 9069 9b0f 

  0x000001ca47250b90: ;   {runtime_call throw_null_pointer_exception Runtime1 stub}
  0x000001ca47250b90: e88b 699b 

  0x000001ca47250b94: ; ImmutableOopMap {rdx=Oop r9=Oop r8=Oop rsi=Oop [176]=Oop [184]=Oop [192]=Oop [216]=Oop }
                      ;*aaload {reexecute=0 rethrow=0 return_oop=0}
                      ; - jdk.internal.reflect.DirectMethodHandleAccessor::invokeImpl@85
                      ; - jdk.internal.reflect.DirectMethodHandleAccessor::invoke@23
  0x000001ca47250b94: 0f48 c704 | 2400 0000 | 004c 894c 

  0x000001ca47250ba0: ;   {runtime_call throw_range_check_failed Runtime1 stub}
  0x000001ca47250ba0: 2408 e879 

  0x000001ca47250ba4: ; ImmutableOopMap {rdx=Oop r9=Oop r8=Oop rsi=Oop [176]=Oop [184]=Oop [192]=Oop [216]=Oop }
                      ;*aaload {reexecute=0 rethrow=0 return_oop=0}
                      ; - jdk.internal.reflect.DirectMethodHandleAccessor::invokeImpl@85
                      ; - jdk.internal.reflect.DirectMethodHandleAccessor::invoke@23
  0x000001ca47250ba4: 729b 0f48 | c704 2401 | 0000 004c | 894c 2408 

  0x000001ca47250bb4: ;   {runtime_call throw_range_check_failed Runtime1 stub}
  0x000001ca47250bb4: e867 729b 

  0x000001ca47250bb8: ; ImmutableOopMap {rdx=Oop r9=Oop r8=Oop rsi=Oop rdi=Oop [176]=Oop [184]=Oop [192]=Oop [208]=Oop [216]=Oop }
                      ;*aaload {reexecute=0 rethrow=0 return_oop=0}
                      ; - jdk.internal.reflect.DirectMethodHandleAccessor::invokeImpl@88
                      ; - jdk.internal.reflect.DirectMethodHandleAccessor::invoke@23
  0x000001ca47250bb8: 0f48 c704 | 2402 0000 | 004c 894c 

  0x000001ca47250bc4: ;   {runtime_call throw_range_check_failed Runtime1 stub}
  0x000001ca47250bc4: 2408 e855 

  0x000001ca47250bc8: ; ImmutableOopMap {rdx=Oop r9=Oop r8=Oop rsi=Oop rdi=Oop rbx=Oop [176]=Oop [184]=Oop [192]=Oop [208]=Oop [216]=Oop [224]=Oop }
                      ;*aaload {reexecute=0 rethrow=0 return_oop=0}
                      ; - jdk.internal.reflect.DirectMethodHandleAccessor::invokeImpl@91
                      ; - jdk.internal.reflect.DirectMethodHandleAccessor::invoke@23
                      ;   {metadata({method} {0x000001ca746e6ab8} 'invokeExact_MT' '(Ljava/lang/Object;Ljava/lang/Object;Ljava/lang/Object;Ljava/lang/Object;Ljava/lang/Object;Ljava/lang/Object;)Ljava/lang/Object;' in 'java/lang/invoke/LambdaForm$MH+0x000001ca010ea800')}
  0x000001ca47250bc8: 729b 0f49 | bab0 6a6e | 74ca 0100 | 004c 8954 | 2408 48c7 | 0424 ffff 

  0x000001ca47250be0: ;   {runtime_call counter_overflow Runtime1 stub}
  0x000001ca47250be0: ffff e899 

  0x000001ca47250be4: ; ImmutableOopMap {rdx=Oop r8=Oop rsi=Oop rdi=Oop rbx=Oop rax=Oop [176]=Oop [192]=Oop [208]=Oop [216]=Oop [224]=Oop [232]=Oop }
                      ;*synchronization entry
                      ; - java.lang.invoke.LambdaForm$MH/0x000001ca010ea800::invokeExact_MT@-1
                      ; - jdk.internal.reflect.DirectMethodHandleAccessor::invokeImpl@92
                      ; - jdk.internal.reflect.DirectMethodHandleAccessor::invoke@23
  0x000001ca47250be4: b9a4 0fe9 | 1ce1 ffff 

  0x000001ca47250bec: ;   {metadata({method} {0x000001ca003dc408} 'checkExactType' '(Ljava/lang/invoke/MethodHandle;Ljava/lang/invoke/MethodType;)V' in 'java/lang/invoke/Invokers')}
  0x000001ca47250bec: 49ba 00c4 | 3d00 ca01 | 0000 4c89 | 5424 0848 | c704 24ff 

  0x000001ca47250c00: ;   {runtime_call counter_overflow Runtime1 stub}
  0x000001ca47250c00: ffff ffe8 

  0x000001ca47250c04: ; ImmutableOopMap {rdx=Oop r8=Oop rsi=Oop rdi=Oop rbx=Oop rax=Oop r9=Oop [176]=Oop [192]=Oop [208]=Oop [216]=Oop [224]=Oop [232]=Oop }
                      ;*synchronization entry
                      ; - java.lang.invoke.Invokers::checkExactType@-1
                      ; - java.lang.invoke.LambdaForm$MH/0x000001ca010ea800::invokeExact_MT@11
                      ; - jdk.internal.reflect.DirectMethodHandleAccessor::invokeImpl@92
                      ; - jdk.internal.reflect.DirectMethodHandleAccessor::invoke@23
  0x000001ca47250c04: 78b9 a40f | e9c4 e1ff 

  0x000001ca47250c0c: ;   {runtime_call throw_null_pointer_exception Runtime1 stub}
  0x000001ca47250c0c: ffe8 0e69 

  0x000001ca47250c10: ; ImmutableOopMap {rdx=Oop r8=Oop rsi=Oop rdi=Oop rbx=Oop rax=Oop r9=Oop [176]=Oop [192]=Oop [208]=Oop [216]=Oop [224]=Oop [232]=Oop }
                      ;*invokevirtual type {reexecute=0 rethrow=0 return_oop=0}
                      ; - java.lang.invoke.Invokers::checkExactType@1
                      ; - java.lang.invoke.LambdaForm$MH/0x000001ca010ea800::invokeExact_MT@11
                      ; - jdk.internal.reflect.DirectMethodHandleAccessor::invokeImpl@92
                      ; - jdk.internal.reflect.DirectMethodHandleAccessor::invoke@23
                      ;   {metadata({method} {0x000001ca003dc300} 'checkCustomized' '(Ljava/lang/invoke/MethodHandle;)V' in 'java/lang/invoke/Invokers')}
  0x000001ca47250c10: 9b0f 49ba | f8c2 3d00 | ca01 0000 | 4c89 5424 | 0848 c704 | 24ff ffff 

  0x000001ca47250c28: ;   {runtime_call counter_overflow Runtime1 stub}
  0x000001ca47250c28: ffe8 52b9 

  0x000001ca47250c2c: ; ImmutableOopMap {rdx=Oop r8=Oop rsi=Oop rdi=Oop rbx=Oop rax=Oop [176]=Oop [192]=Oop [208]=Oop [216]=Oop [224]=Oop [232]=Oop }
                      ;*synchronization entry
                      ; - java.lang.invoke.Invokers::checkCustomized@-1
                      ; - java.lang.invoke.LambdaForm$MH/0x000001ca010ea800::invokeExact_MT@15
                      ; - jdk.internal.reflect.DirectMethodHandleAccessor::invokeImpl@92
                      ; - jdk.internal.reflect.DirectMethodHandleAccessor::invoke@23
  0x000001ca47250c2c: a40f e905 

  0x000001ca47250c30: ;   {metadata({method} {0x000001ca000944d8} 'isCompileConstant' '(Ljava/lang/Object;)Z' in 'java/lang/invoke/MethodHandleImpl')}
  0x000001ca47250c30: e3ff ff49 | bad0 4409 | 00ca 0100 | 004c 8954 | 2408 48c7 | 0424 ffff 

  0x000001ca47250c48: ;   {runtime_call counter_overflow Runtime1 stub}
  0x000001ca47250c48: ffff e831 

  0x000001ca47250c4c: ; ImmutableOopMap {rdx=Oop r8=Oop rsi=Oop rdi=Oop rbx=Oop rax=Oop [176]=Oop [192]=Oop [208]=Oop [216]=Oop [224]=Oop [232]=Oop }
                      ;*synchronization entry
                      ; - java.lang.invoke.MethodHandleImpl::isCompileConstant@-1
                      ; - java.lang.invoke.Invokers::checkCustomized@1
                      ; - java.lang.invoke.LambdaForm$MH/0x000001ca010ea800::invokeExact_MT@15
                      ; - jdk.internal.reflect.DirectMethodHandleAccessor::invokeImpl@92
                      ; - jdk.internal.reflect.DirectMethodHandleAccessor::invoke@23
  0x000001ca47250c4c: b9a4 0fe9 | 22e3 ffff 

  0x000001ca47250c54: ;   {runtime_call throw_null_pointer_exception Runtime1 stub}
  0x000001ca47250c54: e8c7 689b 

  0x000001ca47250c58: ; ImmutableOopMap {rdx=Oop r8=Oop rsi=Oop rdi=Oop rbx=Oop rax=Oop [176]=Oop [192]=Oop [208]=Oop [216]=Oop [224]=Oop [232]=Oop }
                      ;*getfield customized {reexecute=1 rethrow=0 return_oop=0}
                      ; - (reexecute) java.lang.invoke.Invokers::checkCustomized@12
                      ; - java.lang.invoke.LambdaForm$MH/0x000001ca010ea800::invokeExact_MT@15
                      ; - jdk.internal.reflect.DirectMethodHandleAccessor::invokeImpl@92
                      ; - jdk.internal.reflect.DirectMethodHandleAccessor::invoke@23
                      ;   {internal_word}
  0x000001ca47250c58: 0f49 bafc | f124 47ca | 0100 004d | 8997 6804 

  0x000001ca47250c68: ;   {runtime_call SafepointBlob}
  0x000001ca47250c68: 0000 e911 

  0x000001ca47250c6c: ;   {runtime_call throw_null_pointer_exception Runtime1 stub}
  0x000001ca47250c6c: 5d96 0fe8 

  0x000001ca47250c70: ; ImmutableOopMap {rdx=Oop r9=Oop r8=Oop rsi=Oop [176]=Oop [184]=Oop [192]=Oop [248]=Oop }
                      ;*aaload {reexecute=0 rethrow=0 return_oop=0}
                      ; - jdk.internal.reflect.DirectMethodHandleAccessor::invokeImpl@68
                      ; - jdk.internal.reflect.DirectMethodHandleAccessor::invoke@23
  0x000001ca47250c70: ac68 9b0f 

  0x000001ca47250c74: ;   {runtime_call throw_null_pointer_exception Runtime1 stub}
  0x000001ca47250c74: e8a7 689b 

  0x000001ca47250c78: ; ImmutableOopMap {rdx=Oop r9=Oop r8=Oop rsi=Oop [176]=Oop [184]=Oop [192]=Oop [248]=Oop }
                      ;*aaload {reexecute=0 rethrow=0 return_oop=0}
                      ; - jdk.internal.reflect.DirectMethodHandleAccessor::invokeImpl@68
                      ; - jdk.internal.reflect.DirectMethodHandleAccessor::invoke@23
  0x000001ca47250c78: 0f48 c704 | 2400 0000 | 004c 894c 

  0x000001ca47250c84: ;   {runtime_call throw_range_check_failed Runtime1 stub}
  0x000001ca47250c84: 2408 e895 

  0x000001ca47250c88: ; ImmutableOopMap {rdx=Oop r9=Oop r8=Oop rsi=Oop [176]=Oop [184]=Oop [192]=Oop [248]=Oop }
                      ;*aaload {reexecute=0 rethrow=0 return_oop=0}
                      ; - jdk.internal.reflect.DirectMethodHandleAccessor::invokeImpl@68
                      ; - jdk.internal.reflect.DirectMethodHandleAccessor::invoke@23
  0x000001ca47250c88: 719b 0f48 | c704 2401 | 0000 004c | 894c 2408 

  0x000001ca47250c98: ;   {runtime_call throw_range_check_failed Runtime1 stub}
  0x000001ca47250c98: e883 719b 

  0x000001ca47250c9c: ; ImmutableOopMap {rdx=Oop r9=Oop r8=Oop rsi=Oop rdi=Oop [176]=Oop [184]=Oop [192]=Oop [240]=Oop [248]=Oop }
                      ;*aaload {reexecute=0 rethrow=0 return_oop=0}
                      ; - jdk.internal.reflect.DirectMethodHandleAccessor::invokeImpl@71
                      ; - jdk.internal.reflect.DirectMethodHandleAccessor::invoke@23
                      ;   {metadata({method} {0x000001ca744052b8} 'invokeExact_MT' '(Ljava/lang/Object;Ljava/lang/Object;Ljava/lang/Object;Ljava/lang/Object;Ljava/lang/Object;)Ljava/lang/Object;' in 'java/lang/invoke/LambdaForm$MH+0x000001ca01002800')}
  0x000001ca47250c9c: 0f49 bab0 | 5240 74ca | 0100 004c | 8954 2408 | 48c7 0424 | ffff ffff 

  0x000001ca47250cb4: ;   {runtime_call counter_overflow Runtime1 stub}
  0x000001ca47250cb4: e8c7 b8a4 

  0x000001ca47250cb8: ; ImmutableOopMap {rdx=Oop r8=Oop rsi=Oop rdi=Oop rbx=Oop [176]=Oop [192]=Oop [240]=Oop [248]=Oop [256]=Oop }
                      ;*synchronization entry
                      ; - java.lang.invoke.LambdaForm$MH/0x000001ca01002800::invokeExact_MT@-1
                      ; - jdk.internal.reflect.DirectMethodHandleAccessor::invokeImpl@72
                      ; - jdk.internal.reflect.DirectMethodHandleAccessor::invoke@23
  0x000001ca47250cb8: 0fe9 0ee7 

  0x000001ca47250cbc: ;   {metadata({method} {0x000001ca003dc408} 'checkExactType' '(Ljava/lang/invoke/MethodHandle;Ljava/lang/invoke/MethodType;)V' in 'java/lang/invoke/Invokers')}
  0x000001ca47250cbc: ffff 49ba | 00c4 3d00 | ca01 0000 | 4c89 5424 | 0848 c704 | 24ff ffff 

  0x000001ca47250cd4: ;   {runtime_call counter_overflow Runtime1 stub}
  0x000001ca47250cd4: ffe8 a6b8 

  0x000001ca47250cd8: ; ImmutableOopMap {rdx=Oop r8=Oop rsi=Oop rdi=Oop rbx=Oop rcx=Oop [176]=Oop [192]=Oop [240]=Oop [248]=Oop [256]=Oop }
                      ;*synchronization entry
                      ; - java.lang.invoke.Invokers::checkExactType@-1
                      ; - java.lang.invoke.LambdaForm$MH/0x000001ca01002800::invokeExact_MT@11
                      ; - jdk.internal.reflect.DirectMethodHandleAccessor::invokeImpl@72
                      ; - jdk.internal.reflect.DirectMethodHandleAccessor::invoke@23
  0x000001ca47250cd8: a40f e9b4 

  0x000001ca47250cdc: ;   {runtime_call throw_null_pointer_exception Runtime1 stub}
  0x000001ca47250cdc: e7ff ffe8 

  0x000001ca47250ce0: ; ImmutableOopMap {rdx=Oop r8=Oop rsi=Oop rdi=Oop rbx=Oop rcx=Oop [176]=Oop [192]=Oop [240]=Oop [248]=Oop [256]=Oop }
                      ;*invokevirtual type {reexecute=0 rethrow=0 return_oop=0}
                      ; - java.lang.invoke.Invokers::checkExactType@1
                      ; - java.lang.invoke.LambdaForm$MH/0x000001ca01002800::invokeExact_MT@11
                      ; - jdk.internal.reflect.DirectMethodHandleAccessor::invokeImpl@72
                      ; - jdk.internal.reflect.DirectMethodHandleAccessor::invoke@23
  0x000001ca47250ce0: 3c68 9b0f 

  0x000001ca47250ce4: ;   {metadata({method} {0x000001ca003dc300} 'checkCustomized' '(Ljava/lang/invoke/MethodHandle;)V' in 'java/lang/invoke/Invokers')}
  0x000001ca47250ce4: 49ba f8c2 | 3d00 ca01 | 0000 4c89 | 5424 0848 | c704 24ff 

  0x000001ca47250cf8: ;   {runtime_call counter_overflow Runtime1 stub}
  0x000001ca47250cf8: ffff ffe8 

  0x000001ca47250cfc: ; ImmutableOopMap {rdx=Oop r8=Oop rsi=Oop rdi=Oop rbx=Oop [176]=Oop [192]=Oop [240]=Oop [248]=Oop [256]=Oop }
                      ;*synchronization entry
                      ; - java.lang.invoke.Invokers::checkCustomized@-1
                      ; - java.lang.invoke.LambdaForm$MH/0x000001ca01002800::invokeExact_MT@15
                      ; - jdk.internal.reflect.DirectMethodHandleAccessor::invokeImpl@72
                      ; - jdk.internal.reflect.DirectMethodHandleAccessor::invoke@23
  0x000001ca47250cfc: 80b8 a40f | e9ee e8ff 

  0x000001ca47250d04: ;   {metadata({method} {0x000001ca000944d8} 'isCompileConstant' '(Ljava/lang/Object;)Z' in 'java/lang/invoke/MethodHandleImpl')}
  0x000001ca47250d04: ff49 bad0 | 4409 00ca | 0100 004c | 8954 2408 | 48c7 0424 | ffff ffff 

  0x000001ca47250d1c: ;   {runtime_call counter_overflow Runtime1 stub}
  0x000001ca47250d1c: e85f b8a4 

  0x000001ca47250d20: ; ImmutableOopMap {rdx=Oop r8=Oop rsi=Oop rdi=Oop rbx=Oop [176]=Oop [192]=Oop [240]=Oop [248]=Oop [256]=Oop }
                      ;*synchronization entry
                      ; - java.lang.invoke.MethodHandleImpl::isCompileConstant@-1
                      ; - java.lang.invoke.Invokers::checkCustomized@1
                      ; - java.lang.invoke.LambdaForm$MH/0x000001ca01002800::invokeExact_MT@15
                      ; - jdk.internal.reflect.DirectMethodHandleAccessor::invokeImpl@72
                      ; - jdk.internal.reflect.DirectMethodHandleAccessor::invoke@23
  0x000001ca47250d20: 0fe9 06e9 

  0x000001ca47250d24: ;   {runtime_call throw_null_pointer_exception Runtime1 stub}
  0x000001ca47250d24: ffff e8f5 

  0x000001ca47250d28: ; ImmutableOopMap {rdx=Oop r8=Oop rsi=Oop rdi=Oop rbx=Oop [176]=Oop [192]=Oop [240]=Oop [248]=Oop [256]=Oop }
                      ;*getfield customized {reexecute=1 rethrow=0 return_oop=0}
                      ; - (reexecute) java.lang.invoke.Invokers::checkCustomized@12
                      ; - java.lang.invoke.LambdaForm$MH/0x000001ca01002800::invokeExact_MT@15
                      ; - jdk.internal.reflect.DirectMethodHandleAccessor::invokeImpl@72
                      ; - jdk.internal.reflect.DirectMethodHandleAccessor::invoke@23
                      ;   {internal_word}
  0x000001ca47250d28: 679b 0f49 | ba9c f824 | 47ca 0100 | 004d 8997 | 6804 0000 

  0x000001ca47250d3c: ;   {runtime_call SafepointBlob}
  0x000001ca47250d3c: e93f 5c96 

  0x000001ca47250d40: ;   {runtime_call throw_null_pointer_exception Runtime1 stub}
  0x000001ca47250d40: 0fe8 da67 

  0x000001ca47250d44: ; ImmutableOopMap {rdx=Oop r9=Oop r8=Oop rsi=Oop [176]=Oop [184]=Oop [192]=Oop [272]=Oop }
                      ;*aaload {reexecute=0 rethrow=0 return_oop=0}
                      ; - jdk.internal.reflect.DirectMethodHandleAccessor::invokeImpl@54
                      ; - jdk.internal.reflect.DirectMethodHandleAccessor::invoke@23
                      ;   {runtime_call throw_null_pointer_exception Runtime1 stub}
  0x000001ca47250d44: 9b0f e8d5 

  0x000001ca47250d48: ; ImmutableOopMap {rdx=Oop r9=Oop r8=Oop rsi=Oop [176]=Oop [184]=Oop [192]=Oop [272]=Oop }
                      ;*aaload {reexecute=0 rethrow=0 return_oop=0}
                      ; - jdk.internal.reflect.DirectMethodHandleAccessor::invokeImpl@54
                      ; - jdk.internal.reflect.DirectMethodHandleAccessor::invoke@23
  0x000001ca47250d48: 679b 0f48 | c704 2400 | 0000 004c | 894c 2408 

  0x000001ca47250d58: ;   {runtime_call throw_range_check_failed Runtime1 stub}
  0x000001ca47250d58: e8c3 709b 

  0x000001ca47250d5c: ; ImmutableOopMap {rdx=Oop r9=Oop r8=Oop rsi=Oop [176]=Oop [184]=Oop [192]=Oop [272]=Oop }
                      ;*aaload {reexecute=0 rethrow=0 return_oop=0}
                      ; - jdk.internal.reflect.DirectMethodHandleAccessor::invokeImpl@54
                      ; - jdk.internal.reflect.DirectMethodHandleAccessor::invoke@23
                      ;   {metadata({method} {0x000001ca000ae518} 'invokeExact_MT' '(Ljava/lang/Object;Ljava/lang/Object;Ljava/lang/Object;Ljava/lang/Object;)Ljava/lang/Object;' in 'java/lang/invoke/Invokers$Holder')}
  0x000001ca47250d5c: 0f49 ba10 | e50a 00ca | 0100 004c | 8954 2408 | 48c7 0424 | ffff ffff 

  0x000001ca47250d74: ;   {runtime_call counter_overflow Runtime1 stub}
  0x000001ca47250d74: e807 b8a4 

  0x000001ca47250d78: ; ImmutableOopMap {rdx=Oop r8=Oop rsi=Oop rdi=Oop [176]=Oop [192]=Oop [264]=Oop [272]=Oop }
                      ;*synchronization entry
                      ; - java.lang.invoke.Invokers$Holder::invokeExact_MT@-1
                      ; - jdk.internal.reflect.DirectMethodHandleAccessor::invokeImpl@55
                      ; - jdk.internal.reflect.DirectMethodHandleAccessor::invoke@23
  0x000001ca47250d78: 0fe9 c9ec 

  0x000001ca47250d7c: ;   {metadata({method} {0x000001ca003dc408} 'checkExactType' '(Ljava/lang/invoke/MethodHandle;Ljava/lang/invoke/MethodType;)V' in 'java/lang/invoke/Invokers')}
  0x000001ca47250d7c: ffff 49ba | 00c4 3d00 | ca01 0000 | 4c89 5424 | 0848 c704 | 24ff ffff 

  0x000001ca47250d94: ;   {runtime_call counter_overflow Runtime1 stub}
  0x000001ca47250d94: ffe8 e6b7 

  0x000001ca47250d98: ; ImmutableOopMap {rdx=Oop r8=Oop rsi=Oop rdi=Oop rax=Oop [176]=Oop [192]=Oop [264]=Oop [272]=Oop }
                      ;*synchronization entry
                      ; - java.lang.invoke.Invokers::checkExactType@-1
                      ; - java.lang.invoke.Invokers$Holder::invokeExact_MT@10
                      ; - jdk.internal.reflect.DirectMethodHandleAccessor::invokeImpl@55
                      ; - jdk.internal.reflect.DirectMethodHandleAccessor::invoke@23
  0x000001ca47250d98: a40f e967 

  0x000001ca47250d9c: ;   {runtime_call throw_null_pointer_exception Runtime1 stub}
  0x000001ca47250d9c: edff ffe8 

  0x000001ca47250da0: ; ImmutableOopMap {rdx=Oop r8=Oop rsi=Oop rdi=Oop rax=Oop [176]=Oop [192]=Oop [264]=Oop [272]=Oop }
                      ;*invokevirtual type {reexecute=0 rethrow=0 return_oop=0}
                      ; - java.lang.invoke.Invokers::checkExactType@1
                      ; - java.lang.invoke.Invokers$Holder::invokeExact_MT@10
                      ; - jdk.internal.reflect.DirectMethodHandleAccessor::invokeImpl@55
                      ; - jdk.internal.reflect.DirectMethodHandleAccessor::invoke@23
  0x000001ca47250da0: 7c67 9b0f 

  0x000001ca47250da4: ;   {metadata({method} {0x000001ca003dc300} 'checkCustomized' '(Ljava/lang/invoke/MethodHandle;)V' in 'java/lang/invoke/Invokers')}
  0x000001ca47250da4: 49ba f8c2 | 3d00 ca01 | 0000 4c89 | 5424 0848 | c704 24ff 

  0x000001ca47250db8: ;   {runtime_call counter_overflow Runtime1 stub}
  0x000001ca47250db8: ffff ffe8 

  0x000001ca47250dbc: ; ImmutableOopMap {rdx=Oop r8=Oop rsi=Oop rdi=Oop [176]=Oop [192]=Oop [264]=Oop [272]=Oop }
                      ;*synchronization entry
                      ; - java.lang.invoke.Invokers::checkCustomized@-1
                      ; - java.lang.invoke.Invokers$Holder::invokeExact_MT@14
                      ; - jdk.internal.reflect.DirectMethodHandleAccessor::invokeImpl@55
                      ; - jdk.internal.reflect.DirectMethodHandleAccessor::invoke@23
  0x000001ca47250dbc: c0b7 a40f | e99d eeff 

  0x000001ca47250dc4: ;   {metadata({method} {0x000001ca000944d8} 'isCompileConstant' '(Ljava/lang/Object;)Z' in 'java/lang/invoke/MethodHandleImpl')}
  0x000001ca47250dc4: ff49 bad0 | 4409 00ca | 0100 004c | 8954 2408 | 48c7 0424 | ffff ffff 

  0x000001ca47250ddc: ;   {runtime_call counter_overflow Runtime1 stub}
  0x000001ca47250ddc: e89f b7a4 

  0x000001ca47250de0: ; ImmutableOopMap {rdx=Oop r8=Oop rsi=Oop rdi=Oop [176]=Oop [192]=Oop [264]=Oop [272]=Oop }
                      ;*synchronization entry
                      ; - java.lang.invoke.MethodHandleImpl::isCompileConstant@-1
                      ; - java.lang.invoke.Invokers::checkCustomized@1
                      ; - java.lang.invoke.Invokers$Holder::invokeExact_MT@14
                      ; - jdk.internal.reflect.DirectMethodHandleAccessor::invokeImpl@55
                      ; - jdk.internal.reflect.DirectMethodHandleAccessor::invoke@23
  0x000001ca47250de0: 0fe9 b4ee 

  0x000001ca47250de4: ;   {runtime_call throw_null_pointer_exception Runtime1 stub}
  0x000001ca47250de4: ffff e835 

  0x000001ca47250de8: ; ImmutableOopMap {rdx=Oop r8=Oop rsi=Oop rdi=Oop [176]=Oop [192]=Oop [264]=Oop [272]=Oop }
                      ;*getfield customized {reexecute=1 rethrow=0 return_oop=0}
                      ; - (reexecute) java.lang.invoke.Invokers::checkCustomized@12
                      ; - java.lang.invoke.Invokers$Holder::invokeExact_MT@14
                      ; - jdk.internal.reflect.DirectMethodHandleAccessor::invokeImpl@55
                      ; - jdk.internal.reflect.DirectMethodHandleAccessor::invoke@23
                      ;   {internal_word}
  0x000001ca47250de8: 679b 0f49 | ba04 ff24 | 47ca 0100 | 004d 8997 | 6804 0000 

  0x000001ca47250dfc: ;   {runtime_call SafepointBlob}
  0x000001ca47250dfc: e97f 5b96 

  0x000001ca47250e00: ;   {metadata({method} {0x000001ca000ae5c8} 'invokeExact_MT' '(Ljava/lang/Object;Ljava/lang/Object;Ljava/lang/Object;)Ljava/lang/Object;' in 'java/lang/invoke/Invokers$Holder')}
  0x000001ca47250e00: 0f49 bac0 | e50a 00ca | 0100 004c | 8954 2408 | 48c7 0424 | ffff ffff 

  0x000001ca47250e18: ;   {runtime_call counter_overflow Runtime1 stub}
  0x000001ca47250e18: e863 b7a4 

  0x000001ca47250e1c: ; ImmutableOopMap {rdx=Oop r8=Oop rsi=Oop [176]=Oop [192]=Oop [280]=Oop }
                      ;*synchronization entry
                      ; - java.lang.invoke.Invokers$Holder::invokeExact_MT@-1
                      ; - jdk.internal.reflect.DirectMethodHandleAccessor::invokeImpl@41
                      ; - jdk.internal.reflect.DirectMethodHandleAccessor::invoke@23
  0x000001ca47250e1c: 0fe9 f9f1 

  0x000001ca47250e20: ;   {metadata({method} {0x000001ca003dc408} 'checkExactType' '(Ljava/lang/invoke/MethodHandle;Ljava/lang/invoke/MethodType;)V' in 'java/lang/invoke/Invokers')}
  0x000001ca47250e20: ffff 49ba | 00c4 3d00 | ca01 0000 | 4c89 5424 | 0848 c704 | 24ff ffff 

  0x000001ca47250e38: ;   {runtime_call counter_overflow Runtime1 stub}
  0x000001ca47250e38: ffe8 42b7 

  0x000001ca47250e3c: ; ImmutableOopMap {rdx=Oop r8=Oop rsi=Oop rbx=Oop [176]=Oop [192]=Oop [280]=Oop }
                      ;*synchronization entry
                      ; - java.lang.invoke.Invokers::checkExactType@-1
                      ; - java.lang.invoke.Invokers$Holder::invokeExact_MT@10
                      ; - jdk.internal.reflect.DirectMethodHandleAccessor::invokeImpl@41
                      ; - jdk.internal.reflect.DirectMethodHandleAccessor::invoke@23
  0x000001ca47250e3c: a40f e979 

  0x000001ca47250e40: ;   {runtime_call throw_null_pointer_exception Runtime1 stub}
  0x000001ca47250e40: f2ff ffe8 

  0x000001ca47250e44: ; ImmutableOopMap {rdx=Oop r8=Oop rsi=Oop rbx=Oop [176]=Oop [192]=Oop [280]=Oop }
                      ;*invokevirtual type {reexecute=0 rethrow=0 return_oop=0}
                      ; - java.lang.invoke.Invokers::checkExactType@1
                      ; - java.lang.invoke.Invokers$Holder::invokeExact_MT@10
                      ; - jdk.internal.reflect.DirectMethodHandleAccessor::invokeImpl@41
                      ; - jdk.internal.reflect.DirectMethodHandleAccessor::invoke@23
  0x000001ca47250e44: d866 9b0f 

  0x000001ca47250e48: ;   {metadata({method} {0x000001ca003dc300} 'checkCustomized' '(Ljava/lang/invoke/MethodHandle;)V' in 'java/lang/invoke/Invokers')}
  0x000001ca47250e48: 49ba f8c2 | 3d00 ca01 | 0000 4c89 | 5424 0848 | c704 24ff 

  0x000001ca47250e5c: ;   {runtime_call counter_overflow Runtime1 stub}
  0x000001ca47250e5c: ffff ffe8 

  0x000001ca47250e60: ; ImmutableOopMap {rdx=Oop r8=Oop rsi=Oop [176]=Oop [192]=Oop [280]=Oop }
                      ;*synchronization entry
                      ; - java.lang.invoke.Invokers::checkCustomized@-1
                      ; - java.lang.invoke.Invokers$Holder::invokeExact_MT@14
                      ; - jdk.internal.reflect.DirectMethodHandleAccessor::invokeImpl@41
                      ; - jdk.internal.reflect.DirectMethodHandleAccessor::invoke@23
  0x000001ca47250e60: 1cb7 a40f | e993 f3ff 

  0x000001ca47250e68: ;   {metadata({method} {0x000001ca000944d8} 'isCompileConstant' '(Ljava/lang/Object;)Z' in 'java/lang/invoke/MethodHandleImpl')}
  0x000001ca47250e68: ff49 bad0 | 4409 00ca | 0100 004c | 8954 2408 | 48c7 0424 | ffff ffff 

  0x000001ca47250e80: ;   {runtime_call counter_overflow Runtime1 stub}
  0x000001ca47250e80: e8fb b6a4 

  0x000001ca47250e84: ; ImmutableOopMap {rdx=Oop r8=Oop rsi=Oop [176]=Oop [192]=Oop [280]=Oop }
                      ;*synchronization entry
                      ; - java.lang.invoke.MethodHandleImpl::isCompileConstant@-1
                      ; - java.lang.invoke.Invokers::checkCustomized@1
                      ; - java.lang.invoke.Invokers$Holder::invokeExact_MT@14
                      ; - jdk.internal.reflect.DirectMethodHandleAccessor::invokeImpl@41
                      ; - jdk.internal.reflect.DirectMethodHandleAccessor::invoke@23
  0x000001ca47250e84: 0fe9 abf3 

  0x000001ca47250e88: ;   {runtime_call throw_null_pointer_exception Runtime1 stub}
  0x000001ca47250e88: ffff e891 

  0x000001ca47250e8c: ; ImmutableOopMap {rdx=Oop r8=Oop rsi=Oop [176]=Oop [192]=Oop [280]=Oop }
                      ;*getfield customized {reexecute=1 rethrow=0 return_oop=0}
                      ; - (reexecute) java.lang.invoke.Invokers::checkCustomized@12
                      ; - java.lang.invoke.Invokers$Holder::invokeExact_MT@14
                      ; - jdk.internal.reflect.DirectMethodHandleAccessor::invokeImpl@41
                      ; - jdk.internal.reflect.DirectMethodHandleAccessor::invoke@23
                      ;   {internal_word}
  0x000001ca47250e8c: 669b 0f49 | ba7d 0325 | 47ca 0100 | 004d 8997 | 6804 0000 

  0x000001ca47250ea0: ;   {runtime_call SafepointBlob}
  0x000001ca47250ea0: e9db 5a96 

  0x000001ca47250ea4: ;   {runtime_call throw_null_pointer_exception Runtime1 stub}
  0x000001ca47250ea4: 0fe8 7666 

  0x000001ca47250ea8: ; ImmutableOopMap {rax=Oop [176]=Oop [192]=Oop [280]=Oop }
                      ;*athrow {reexecute=1 rethrow=0 return_oop=0}
                      ; - (reexecute) java.lang.invoke.Invokers::checkExactType@15
                      ; - java.lang.invoke.Invokers$Holder::invokeExact_MT@10
                      ; - jdk.internal.reflect.DirectMethodHandleAccessor::invokeImpl@41
                      ; - jdk.internal.reflect.DirectMethodHandleAccessor::invoke@23
                      ;   {runtime_call throw_null_pointer_exception Runtime1 stub}
  0x000001ca47250ea8: 9b0f e871 

  0x000001ca47250eac: ; ImmutableOopMap {rax=Oop [176]=Oop [192]=Oop [264]=Oop [272]=Oop }
                      ;*athrow {reexecute=1 rethrow=0 return_oop=0}
                      ; - (reexecute) java.lang.invoke.Invokers::checkExactType@15
                      ; - java.lang.invoke.Invokers$Holder::invokeExact_MT@10
                      ; - jdk.internal.reflect.DirectMethodHandleAccessor::invokeImpl@55
                      ; - jdk.internal.reflect.DirectMethodHandleAccessor::invoke@23
                      ;   {runtime_call throw_null_pointer_exception Runtime1 stub}
  0x000001ca47250eac: 669b 0fe8 

  0x000001ca47250eb0: ; ImmutableOopMap {rax=Oop [176]=Oop [192]=Oop [240]=Oop [248]=Oop [256]=Oop }
                      ;*athrow {reexecute=1 rethrow=0 return_oop=0}
                      ; - (reexecute) java.lang.invoke.Invokers::checkExactType@15
                      ; - java.lang.invoke.LambdaForm$MH/0x000001ca01002800::invokeExact_MT@11
                      ; - jdk.internal.reflect.DirectMethodHandleAccessor::invokeImpl@72
                      ; - jdk.internal.reflect.DirectMethodHandleAccessor::invoke@23
  0x000001ca47250eb0: 6c66 9b0f 

  0x000001ca47250eb4: ;   {runtime_call throw_null_pointer_exception Runtime1 stub}
  0x000001ca47250eb4: e867 669b 

  0x000001ca47250eb8: ; ImmutableOopMap {rax=Oop [176]=Oop [192]=Oop [208]=Oop [216]=Oop [224]=Oop [232]=Oop }
                      ;*athrow {reexecute=1 rethrow=0 return_oop=0}
                      ; - (reexecute) java.lang.invoke.Invokers::checkExactType@15
                      ; - java.lang.invoke.LambdaForm$MH/0x000001ca010ea800::invokeExact_MT@11
                      ; - jdk.internal.reflect.DirectMethodHandleAccessor::invokeImpl@92
                      ; - jdk.internal.reflect.DirectMethodHandleAccessor::invoke@23
                      ;   {runtime_call throw_null_pointer_exception Runtime1 stub}
  0x000001ca47250eb8: 0fe8 6266 

  0x000001ca47250ebc: ; ImmutableOopMap {rax=Oop [176]=Oop [184]=Oop [192]=Oop [200]=Oop }
                      ;*athrow {reexecute=1 rethrow=0 return_oop=0}
                      ; - (reexecute) java.lang.invoke.Invokers::checkExactType@15
                      ; - java.lang.invoke.Invokers$Holder::invokeExact_MT@10
                      ; - jdk.internal.reflect.DirectMethodHandleAccessor::invokeImpl@104
                      ; - jdk.internal.reflect.DirectMethodHandleAccessor::invoke@23
                      ;   {metadata({method} {0x000001ca003c84c0} 'isIllegalArgument' '(Ljava/lang/RuntimeException;)Z' in 'jdk/internal/reflect/DirectMethodHandleAccessor')}
  0x000001ca47250ebc: 9b0f 49ba | b884 3c00 | ca01 0000 | 4c89 5424 | 0848 c704 | 24ff ffff 

  0x000001ca47250ed4: ;   {runtime_call counter_overflow Runtime1 stub}
  0x000001ca47250ed4: ffe8 a6b6 

  0x000001ca47250ed8: ; ImmutableOopMap {rax=Oop }
                      ;*synchronization entry
                      ; - jdk.internal.reflect.DirectMethodHandleAccessor::isIllegalArgument@-1
                      ; - jdk.internal.reflect.DirectMethodHandleAccessor::invoke@58
  0x000001ca47250ed8: a40f e951 

  0x000001ca47250edc: ;   {metadata({method} {0x000001ca003c84c0} 'isIllegalArgument' '(Ljava/lang/RuntimeException;)Z' in 'jdk/internal/reflect/DirectMethodHandleAccessor')}
  0x000001ca47250edc: f6ff ff49 | bab8 843c | 00ca 0100 | 004c 8954 | 2408 48c7 | 0424 ffff 

  0x000001ca47250ef4: ;   {runtime_call counter_overflow Runtime1 stub}
  0x000001ca47250ef4: ffff e885 

  0x000001ca47250ef8: ; ImmutableOopMap {rax=Oop }
                      ;*synchronization entry
                      ; - jdk.internal.reflect.DirectMethodHandleAccessor::isIllegalArgument@-1
                      ; - jdk.internal.reflect.DirectMethodHandleAccessor::invoke@30
  0x000001ca47250ef8: b6a4 0fe9 | ebf6 ffff 

  0x000001ca47250f00: ;   {metadata(nullptr)}
  0x000001ca47250f00: 48ba 0000 | 0000 0000 | 0000 b800 

  0x000001ca47250f0c: ;   {runtime_call load_klass_patching Runtime1 stub}
  0x000001ca47250f0c: 0f05 0ae8 

  0x000001ca47250f10: ; ImmutableOopMap {}
                      ;*new {reexecute=1 rethrow=0 return_oop=0}
                      ; - (reexecute) jdk.internal.reflect.DirectMethodHandleAccessor::invoke@36
  0x000001ca47250f10: ec9f a40f | e92f f7ff | ff48 8bd2 

  0x000001ca47250f1c: ;   {runtime_call fast_new_instance Runtime1 stub}
  0x000001ca47250f1c: e8df 599b 

  0x000001ca47250f20: ; ImmutableOopMap {}
                      ;*new {reexecute=0 rethrow=0 return_oop=0}
                      ; - jdk.internal.reflect.DirectMethodHandleAccessor::invoke@36
  0x000001ca47250f20: 0fe9 7af7 

  0x000001ca47250f24: ;   {metadata(nullptr)}
  0x000001ca47250f24: ffff 48ba | 0000 0000 | 0000 0000 | b800 0f05 

  0x000001ca47250f34: ;   {runtime_call load_klass_patching Runtime1 stub}
  0x000001ca47250f34: 0ae8 c69f 

  0x000001ca47250f38: ; ImmutableOopMap {r8=Oop }
                      ;*new {reexecute=1 rethrow=0 return_oop=0}
                      ; - (reexecute) jdk.internal.reflect.DirectMethodHandleAccessor::invoke@46
  0x000001ca47250f38: a40f e9b9 

  0x000001ca47250f3c: ;   {runtime_call throw_null_pointer_exception Runtime1 stub}
  0x000001ca47250f3c: f7ff ffe8 

  0x000001ca47250f40: ; ImmutableOopMap {r8=Oop }
                      ;*new {reexecute=0 rethrow=0 return_oop=0}
                      ; - jdk.internal.reflect.DirectMethodHandleAccessor::invoke@46
  0x000001ca47250f40: dc65 9b0f 

  0x000001ca47250f44: ;   {runtime_call fast_new_instance_init_check Runtime1 stub}
  0x000001ca47250f44: 488b d2e8 

  0x000001ca47250f48: ; ImmutableOopMap {r8=Oop }
                      ;*new {reexecute=0 rethrow=0 return_oop=0}
                      ; - jdk.internal.reflect.DirectMethodHandleAccessor::invoke@46
  0x000001ca47250f48: b455 9b0f | e90c f8ff 

  0x000001ca47250f50: ;   {metadata(nullptr)}
  0x000001ca47250f50: ff48 ba00 | 0000 0000 | 0000 00b8 | 000f 050a 

  0x000001ca47250f60: ;   {runtime_call load_klass_patching Runtime1 stub}
  0x000001ca47250f60: e89b 9fa4 

  0x000001ca47250f64: ; ImmutableOopMap {[288]=Oop }
                      ;*new {reexecute=1 rethrow=0 return_oop=0}
                      ; - (reexecute) jdk.internal.reflect.DirectMethodHandleAccessor::invoke@64
  0x000001ca47250f64: 0fe9 36f8 | ffff 488b 

  0x000001ca47250f6c: ;   {runtime_call fast_new_instance Runtime1 stub}
  0x000001ca47250f6c: d2e8 8e59 

  0x000001ca47250f70: ; ImmutableOopMap {[288]=Oop }
                      ;*new {reexecute=0 rethrow=0 return_oop=0}
                      ; - jdk.internal.reflect.DirectMethodHandleAccessor::invoke@64
  0x000001ca47250f70: 9b0f e981 

  0x000001ca47250f74: ;   {metadata(nullptr)}
  0x000001ca47250f74: f8ff ff48 | ba00 0000 | 0000 0000 | 00b8 000f 

  0x000001ca47250f84: ;   {runtime_call load_klass_patching Runtime1 stub}
  0x000001ca47250f84: 050a e875 

  0x000001ca47250f88: ; ImmutableOopMap {r8=Oop }
                      ;*new {reexecute=1 rethrow=0 return_oop=0}
                      ; - (reexecute) jdk.internal.reflect.DirectMethodHandleAccessor::invoke@73
  0x000001ca47250f88: 9fa4 0fe9 | c0f8 ffff 

  0x000001ca47250f90: ;   {runtime_call throw_null_pointer_exception Runtime1 stub}
  0x000001ca47250f90: e88b 659b 

  0x000001ca47250f94: ; ImmutableOopMap {r8=Oop }
                      ;*new {reexecute=0 rethrow=0 return_oop=0}
                      ; - jdk.internal.reflect.DirectMethodHandleAccessor::invoke@73
  0x000001ca47250f94: 0f48 8bd2 

  0x000001ca47250f98: ;   {runtime_call fast_new_instance_init_check Runtime1 stub}
  0x000001ca47250f98: e863 559b 

  0x000001ca47250f9c: ; ImmutableOopMap {r8=Oop }
                      ;*new {reexecute=0 rethrow=0 return_oop=0}
                      ; - jdk.internal.reflect.DirectMethodHandleAccessor::invoke@73
  0x000001ca47250f9c: 0fe9 13f9 

  0x000001ca47250fa0: ;   {metadata(nullptr)}
  0x000001ca47250fa0: ffff 48ba | 0000 0000 | 0000 0000 | b800 0f05 

  0x000001ca47250fb0: ;   {runtime_call load_klass_patching Runtime1 stub}
  0x000001ca47250fb0: 0ae8 4a9f 

  0x000001ca47250fb4: ; ImmutableOopMap {[176]=Oop [184]=Oop [192]=Oop }
                      ;*new {reexecute=1 rethrow=0 return_oop=0}
                      ; - (reexecute) jdk.internal.reflect.DirectMethodHandleAccessor::checkReceiver@14
                      ; - jdk.internal.reflect.DirectMethodHandleAccessor::invoke@9
  0x000001ca47250fb4: a40f e93d | f9ff ff48 

  0x000001ca47250fbc: ;   {runtime_call fast_new_instance Runtime1 stub}
  0x000001ca47250fbc: 8bd2 e83d 

  0x000001ca47250fc0: ; ImmutableOopMap {[176]=Oop [184]=Oop [192]=Oop }
                      ;*new {reexecute=0 rethrow=0 return_oop=0}
                      ; - jdk.internal.reflect.DirectMethodHandleAccessor::checkReceiver@14
                      ; - jdk.internal.reflect.DirectMethodHandleAccessor::invoke@9
  0x000001ca47250fc0: 599b 0fe9 | 88f9 ffff 

  0x000001ca47250fc8: ;   {metadata(nullptr)}
  0x000001ca47250fc8: 48ba 0000 | 0000 0000 | 0000 b800 

  0x000001ca47250fd4: ;   {runtime_call load_klass_patching Runtime1 stub}
  0x000001ca47250fd4: 0f05 0ae8 

  0x000001ca47250fd8: ; ImmutableOopMap {r8=Oop }
                      ;*new {reexecute=1 rethrow=0 return_oop=0}
                      ; - (reexecute) jdk.internal.reflect.DirectMethodHandleAccessor::invoke@83
  0x000001ca47250fd8: 249f a40f | e9d7 f9ff 

  0x000001ca47250fe0: ;   {runtime_call throw_null_pointer_exception Runtime1 stub}
  0x000001ca47250fe0: ffe8 3a65 

  0x000001ca47250fe4: ; ImmutableOopMap {r8=Oop }
                      ;*new {reexecute=0 rethrow=0 return_oop=0}
                      ; - jdk.internal.reflect.DirectMethodHandleAccessor::invoke@83
  0x000001ca47250fe4: 9b0f 488b 

  0x000001ca47250fe8: ;   {runtime_call fast_new_instance_init_check Runtime1 stub}
  0x000001ca47250fe8: d2e8 1255 

  0x000001ca47250fec: ; ImmutableOopMap {r8=Oop }
                      ;*new {reexecute=0 rethrow=0 return_oop=0}
                      ; - jdk.internal.reflect.DirectMethodHandleAccessor::invoke@83
  0x000001ca47250fec: 9b0f e92a | faff ff49 | 8b87 0005 | 0000 49c7 | 8700 0500 | 0000 0000 | 0049 c787 | 0805 0000 
  0x000001ca4725100c: 0000 0000 | 4881 c470 | 0100 005d 

  0x000001ca47251018: ;   {runtime_call unwind_exception Runtime1 stub}
  0x000001ca47251018: e9e3 739b | 0ff4 f4f4 
[Stub Code]
  0x000001ca47251020: ;   {no_reloc}
  0x000001ca47251020: 0f1f 4400 

  0x000001ca47251024: ;   {static_stub}
  0x000001ca47251024: 0048 bb00 | 0000 0000 

  0x000001ca4725102c: ;   {runtime_call nmethod}
  0x000001ca4725102c: 0000 00e9 | fbff ffff 

  0x000001ca47251034: ;   {static_stub}
  0x000001ca47251034: 9048 bb00 | 0000 0000 

  0x000001ca4725103c: ;   {runtime_call nmethod}
  0x000001ca4725103c: 0000 00e9 | fbff ffff 

  0x000001ca47251044: ;   {static_stub}
  0x000001ca47251044: 9048 bb00 | 0000 0000 

  0x000001ca4725104c: ;   {runtime_call nmethod}
  0x000001ca4725104c: 0000 00e9 | fbff ffff 

  0x000001ca47251054: ;   {static_stub}
  0x000001ca47251054: 9048 bb00 | 0000 0000 

  0x000001ca4725105c: ;   {runtime_call nmethod}
  0x000001ca4725105c: 0000 00e9 | fbff ffff 

  0x000001ca47251064: ;   {static_stub}
  0x000001ca47251064: 9048 bb00 | 0000 0000 

  0x000001ca4725106c: ;   {runtime_call nmethod}
  0x000001ca4725106c: 0000 00e9 | fbff ffff 

  0x000001ca47251074: ;   {static_stub}
  0x000001ca47251074: 48bb 0000 | 0000 0000 

  0x000001ca4725107c: ;   {runtime_call nmethod}
  0x000001ca4725107c: 0000 e9fb 

  0x000001ca47251080: ;   {static_stub}
  0x000001ca47251080: ffff ff48 | bb00 0000 | 0000 0000 

  0x000001ca4725108c: ;   {runtime_call nmethod}
  0x000001ca4725108c: 00e9 fbff 

  0x000001ca47251090: ;   {static_stub}
  0x000001ca47251090: ffff 48bb | 0000 0000 | 0000 0000 

  0x000001ca4725109c: ;   {runtime_call nmethod}
  0x000001ca4725109c: e9fb ffff 

  0x000001ca472510a0: ;   {static_stub}
  0x000001ca472510a0: ff48 bb00 | 0000 0000 

  0x000001ca472510a8: ;   {runtime_call nmethod}
  0x000001ca472510a8: 0000 00e9 | fbff ffff 

  0x000001ca472510b0: ;   {static_stub}
  0x000001ca472510b0: 48bb 0000 | 0000 0000 

  0x000001ca472510b8: ;   {runtime_call nmethod}
  0x000001ca472510b8: 0000 e9fb 

  0x000001ca472510bc: ;   {static_stub}
  0x000001ca472510bc: ffff ff48 | bb00 0000 | 0000 0000 

  0x000001ca472510c8: ;   {runtime_call nmethod}
  0x000001ca472510c8: 00e9 fbff 

  0x000001ca472510cc: ;   {static_stub}
  0x000001ca472510cc: ffff 48bb | 0000 0000 | 0000 0000 

  0x000001ca472510d8: ;   {runtime_call nmethod}
  0x000001ca472510d8: e9fb ffff 

  0x000001ca472510dc: ;   {static_stub}
  0x000001ca472510dc: ff48 bb00 | 0000 0000 

  0x000001ca472510e4: ;   {runtime_call nmethod}
  0x000001ca472510e4: 0000 00e9 | fbff ffff 

  0x000001ca472510ec: ;   {static_stub}
  0x000001ca472510ec: 48bb 0000 | 0000 0000 

  0x000001ca472510f4: ;   {runtime_call nmethod}
  0x000001ca472510f4: 0000 e9fb 

  0x000001ca472510f8: ;   {static_stub}
  0x000001ca472510f8: ffff ff48 | bb08 843c | 00ca 0100 

  0x000001ca47251104: ;   {runtime_call I2C/C2I adapters}
  0x000001ca47251104: 00e9 dcf0 

  0x000001ca47251108: ;   {runtime_call handle_exception_from_callee Runtime1 stub}
  0x000001ca47251108: 930f e8f1 

  0x000001ca4725110c: ;   {external_word}
  0x000001ca4725110c: 77a4 0f48 | b950 631d | 16fb 7f00 | 0048 83e4 

  0x000001ca4725111c: ;   {runtime_call}
  0x000001ca4725111c: f048 b8c0 | c9df 15fb | 7f00 00ff 

  0x000001ca47251128: ;   {section_word}
  0x000001ca47251128: d0f4 49ba | 2a11 2547 | ca01 0000 

  0x000001ca47251134: ;   {runtime_call DeoptimizationBlob}
  0x000001ca47251134: 4152 e9e5 

  0x000001ca47251138: ;   {section_word}
  0x000001ca47251138: 6c96 0f49 | ba3b 1125 | 47ca 0100 

  0x000001ca47251144: ;   {runtime_call DeoptimizationBlob}
  0x000001ca47251144: 0041 52e9 | d46c 960f | f4f4 f4f4 
[/MachCode]


Compiled method (c1) 77607 2135       3       java.lang.reflect.Method::invoke (108 bytes)
 total in heap  [0x000001ca4724d190,0x000001ca4724dc08] = 2680
 relocation     [0x000001ca4724d2f0,0x000001ca4724d3b0] = 192
 main code      [0x000001ca4724d3c0,0x000001ca4724d9a8] = 1512
 stub code      [0x000001ca4724d9a8,0x000001ca4724da40] = 152
 metadata       [0x000001ca4724da40,0x000001ca4724da50] = 16
 scopes data    [0x000001ca4724da50,0x000001ca4724db10] = 192
 scopes pcs     [0x000001ca4724db10,0x000001ca4724dbe0] = 208
 dependencies   [0x000001ca4724dbe0,0x000001ca4724dbe8] = 8
 nul chk table  [0x000001ca4724dbe8,0x000001ca4724dc08] = 32

[Constant Pool (empty)]

[MachCode]
[Entry Point]
  # {method} {0x000001ca00044978} 'invoke' '(Ljava/lang/Object;[Ljava/lang/Object;)Ljava/lang/Object;' in 'java/lang/reflect/Method'
  # this:     rdx:rdx   = 'java/lang/reflect/Method'
  # parm0:    r8:r8     = 'java/lang/Object'
  # parm1:    r9:r9     = '[Ljava/lang/Object;'
  #           [sp+0x90]  (sp of caller)
  0x000001ca4724d3c0: 448b 5208 | 49bb 0000 | 0000 ca01 | 0000 4d03 | d34c 3bd0 

  0x000001ca4724d3d4: ;   {runtime_call ic_miss_stub}
  0x000001ca4724d3d4: 0f85 a615 | 960f 660f | 1f44 0000 
[Verified Entry Point]
  0x000001ca4724d3e0: 8984 2400 | 80ff ff55 | 4881 ec80 | 0000 0090 | 4181 7f20 | 0300 0000 

  0x000001ca4724d3f8: ;   {runtime_call StubRoutines (final stubs)}
  0x000001ca4724d3f8: 7405 e8e1 | ae94 0f48 | 8954 2448 | 4c89 4424 

  0x000001ca4724d408: ;   {metadata(method data for {method} {0x000001ca00044978} 'invoke' '(Ljava/lang/Object;[Ljava/lang/Object;)Ljava/lang/Object;' in 'java/lang/reflect/Method')}
  0x000001ca4724d408: 5048 be58 | 4e31 74ca | 0100 008b | becc 0000 | 0083 c702 | 89be cc00 | 0000 81e7 | fe07 0000 
  0x000001ca4724d428: 85ff 0f84 | ca04 0000 | 4c89 4c24 | 5848 8bf2 

  0x000001ca4724d438: ;   {metadata(method data for {method} {0x000001ca00044978} 'invoke' '(Ljava/lang/Object;[Ljava/lang/Object;)Ljava/lang/Object;' in 'java/lang/reflect/Method')}
  0x000001ca4724d438: 48bf 584e | 3174 ca01 | 0000 4883 | 8710 0100 | 0001 488b | f248 8bd6 | 0f1f 8000 

  0x000001ca4724d454: ;   {optimized virtual_call}
  0x000001ca4724d454: 0000 00e8 

  0x000001ca4724d458: ; ImmutableOopMap {[72]=Oop [80]=Oop [88]=Oop }
                      ;*invokevirtual isCallerSensitive {reexecute=0 rethrow=0 return_oop=0}
                      ; - java.lang.reflect.Method::invoke@1
  0x000001ca4724d458: a4bc feff 

  0x000001ca4724d45c: ;   {other}
  0x000001ca4724d45c: 0f1f 8400 | cc02 0000 | 488b 5424 | 480f be72 

  0x000001ca4724d46c: ;   {metadata(method data for {method} {0x000001ca00044978} 'invoke' '(Ljava/lang/Object;[Ljava/lang/Object;)Ljava/lang/Object;' in 'java/lang/reflect/Method')}
  0x000001ca4724d46c: 0c85 f648 | be58 4e31 | 74ca 0100 | 0048 c7c7 | 4801 0000 | 7407 48c7 | c758 0100 | 0048 8b1c 
  0x000001ca4724d48c: 3e48 8d5b | 0148 891c | 3e0f 8441 | 0000 0085 

  0x000001ca4724d49c: ;   {metadata(method data for {method} {0x000001ca00044978} 'invoke' '(Ljava/lang/Object;[Ljava/lang/Object;)Ljava/lang/Object;' in 'java/lang/reflect/Method')}
  0x000001ca4724d49c: c048 be58 | 4e31 74ca | 0100 0048 | c7c7 7801 | 0000 7507 | 48c7 c768 | 0100 0048 | 8b1c 3e48 
  0x000001ca4724d4bc: 8d5b 0148 | 891c 3e0f | 8513 0000 

  0x000001ca4724d4c8: ;   {oop(nullptr)}
  0x000001ca4724d4c8: 0048 bb00 | 0000 0000 | 0000 0089 | 4424 60e9 | 3000 0000 | 8944 2460 

  0x000001ca4724d4e0: ;   {metadata(method data for {method} {0x000001ca00044978} 'invoke' '(Ljava/lang/Object;[Ljava/lang/Object;)Ljava/lang/Object;' in 'java/lang/reflect/Method')}
  0x000001ca4724d4e0: 48be 584e | 3174 ca01 | 0000 4883 | 8688 0100 | 0001 0f1f 

  0x000001ca4724d4f4: ;   {static_call}
  0x000001ca4724d4f4: 4400 00e8 

  0x000001ca4724d4f8: ; ImmutableOopMap {[72]=Oop [80]=Oop [88]=Oop }
                      ;*invokestatic getCallerClass {reexecute=0 rethrow=0 return_oop=0}
                      ; - java.lang.reflect.Method::invoke@19
  0x000001ca4724d4f8: 8423 960f 

  0x000001ca4724d4fc: ;   {other}
  0x000001ca4724d4fc: 0f1f 8400 | 6c03 0001 | 488b d848 | 8b54 2448 | 440f be42 | 0c45 85c0 

  0x000001ca4724d514: ;   {metadata(method data for {method} {0x000001ca00044978} 'invoke' '(Ljava/lang/Object;[Ljava/lang/Object;)Ljava/lang/Object;' in 'java/lang/reflect/Method')}
  0x000001ca4724d514: 49b8 584e | 3174 ca01 | 0000 49c7 | c1a8 0100 | 0074 0749 | c7c1 9801 | 0000 4b8b | 3c08 488d 
  0x000001ca4724d534: 7f01 4b89 | 3c08 0f84 | 0a00 0000 | 4889 5c24 | 68e9 5f01 | 0000 448b | 4a24 49c1 | e103 8b72 
  0x000001ca4724d554: ;   {metadata(method data for {method} {0x000001ca00044978} 'invoke' '(Ljava/lang/Object;[Ljava/lang/Object;)Ljava/lang/Object;' in 'java/lang/reflect/Method')}
  0x000001ca4724d554: 2049 b858 | 4e31 74ca | 0100 0049 | 8380 b801 

  0x000001ca4724d564: ;   {metadata(method data for {method} {0x000001ca003defc0} 'isStatic' '(I)Z' in 'java/lang/reflect/Modifier')}
  0x000001ca4724d564: 0000 0149 | b820 ea14 | 74ca 0100 | 0041 8bb8 | cc00 0000 | 83c7 0241 | 89b8 cc00 | 0000 81e7 
  0x000001ca4724d584: feff 1f00 | 85ff 0f84 | 8b03 0000 | 4c8b c641 | 83e0 0845 

  0x000001ca4724d598: ;   {metadata(method data for {method} {0x000001ca003defc0} 'isStatic' '(I)Z' in 'java/lang/reflect/Modifier')}
  0x000001ca4724d598: 85c0 49b8 | 20ea 1474 | ca01 0000 | 48c7 c710 | 0100 0074 | 0748 c7c7 | 2001 0000 | 498b 0438 
  0x000001ca4724d5b8: 488d 4001 | 4989 0438 | 0f84 1c00 

  0x000001ca4724d5c4: ;   {metadata(method data for {method} {0x000001ca003defc0} 'isStatic' '(I)Z' in 'java/lang/reflect/Modifier')}
  0x000001ca4724d5c4: 0000 49b8 | 20ea 1474 | ca01 0000 | 41ff 8030 | 0100 0041 | b801 0000 | 00e9 0600 | 0000 41b8 
  0x000001ca4724d5e4: 0000 0000 | 4183 e001 

  0x000001ca4724d5ec: ;   {metadata(method data for {method} {0x000001ca00044978} 'invoke' '(Ljava/lang/Object;[Ljava/lang/Object;)Ljava/lang/Object;' in 'java/lang/reflect/Method')}
  0x000001ca4724d5ec: 4585 c049 | b858 4e31 | 74ca 0100 | 0048 c7c7 | c801 0000 | 7407 48c7 | c7d8 0100 | 0049 8b04 
  0x000001ca4724d60c: 3848 8d40 | 0149 8904 | 380f 8420 

  0x000001ca4724d618: ;   {metadata(method data for {method} {0x000001ca00044978} 'invoke' '(Ljava/lang/Object;[Ljava/lang/Object;)Ljava/lang/Object;' in 'java/lang/reflect/Method')}
  0x000001ca4724d618: 0000 0049 | b858 4e31 | 74ca 0100 | 0041 ff80 | e801 0000 

  0x000001ca4724d62c: ;   {oop(nullptr)}
  0x000001ca4724d62c: 48bf 0000 | 0000 0000 | 0000 e935 | 0000 004c | 8b44 2450 

  0x000001ca4724d640: ; implicit exception: dispatches to 0x000001ca4724d93c
  0x000001ca4724d640: 493b 0049 

  0x000001ca4724d644: ;   {metadata(method data for {method} {0x000001ca00044978} 'invoke' '(Ljava/lang/Object;[Ljava/lang/Object;)Ljava/lang/Object;' in 'java/lang/reflect/Method')}
  0x000001ca4724d644: 8bf8 48b8 | 584e 3174 | ca01 0000 | 4883 8000 | 0200 0001 | 418b 7808 | 49ba 0000 | 0000 ca01 
  0x000001ca4724d664: 0000 4903 | fa48 8b7f | 7048 8b3f 

  0x000001ca4724d670: ;   {metadata(method data for {method} {0x000001ca00044978} 'invoke' '(Ljava/lang/Object;[Ljava/lang/Object;)Ljava/lang/Object;' in 'java/lang/reflect/Method')}
  0x000001ca4724d670: 488b c248 | b958 4e31 | 74ca 0100 | 0048 8381 | 3802 0000 | 014c 8bc3 | 488b ca48 | 8bd1 4889 
  0x000001ca4724d690: 5c24 680f 

  0x000001ca4724d694: ;   {optimized virtual_call}
  0x000001ca4724d694: 1f40 00e8 

  0x000001ca4724d698: ; ImmutableOopMap {[72]=Oop [80]=Oop [88]=Oop [104]=Oop }
                      ;*invokevirtual checkAccess {reexecute=0 rethrow=0 return_oop=0}
                      ; - java.lang.reflect.Method::invoke@60
  0x000001ca4724d698: e417 960f 

  0x000001ca4724d69c: ;   {other}
  0x000001ca4724d69c: 0f1f 8400 | 0c05 0002 | 488b 5424 | 488b 724c | 48c1 e603 

  0x000001ca4724d6b0: ;   {metadata(method data for {method} {0x000001ca00044978} 'invoke' '(Ljava/lang/Object;[Ljava/lang/Object;)Ljava/lang/Object;' in 'java/lang/reflect/Method')}
  0x000001ca4724d6b0: 4885 f648 | bf58 4e31 | 74ca 0100 | 0048 c7c3 | 7002 0000 | 7507 48c7 | c380 0200 | 0048 8b04 
  0x000001ca4724d6d0: 1f48 8d40 | 0148 8904 | 1f0f 8528 | 0000 0048 

  0x000001ca4724d6e0: ;   {metadata(method data for {method} {0x000001ca00044978} 'invoke' '(Ljava/lang/Object;[Ljava/lang/Object;)Ljava/lang/Object;' in 'java/lang/reflect/Method')}
  0x000001ca4724d6e0: 8bf2 48bf | 584e 3174 | ca01 0000 | 4883 8790 | 0200 0001 

  0x000001ca4724d6f4: ;   {optimized virtual_call}
  0x000001ca4724d6f4: 6666 90e8 

  0x000001ca4724d6f8: ; ImmutableOopMap {[80]=Oop [88]=Oop [104]=Oop }
                      ;*invokevirtual acquireMethodAccessor {reexecute=0 rethrow=0 return_oop=0}
                      ; - java.lang.reflect.Method::invoke@75
  0x000001ca4724d6f8: fd02 0000 

  0x000001ca4724d6fc: ;   {other}
  0x000001ca4724d6fc: 0f1f 8400 | 6c05 0003 | 488b f08b | 4424 6085 

  0x000001ca4724d70c: ;   {metadata(method data for {method} {0x000001ca00044978} 'invoke' '(Ljava/lang/Object;[Ljava/lang/Object;)Ljava/lang/Object;' in 'java/lang/reflect/Method')}
  0x000001ca4724d70c: c049 b858 | 4e31 74ca | 0100 0049 | c7c1 c802 | 0000 7407 | 49c7 c1d8 | 0200 004b | 8b3c 0848 
  0x000001ca4724d72c: 8d7f 014b | 893c 080f | 84ea 0000 | 0048 8b5c | 2468 483b | 064c 8bc6 

  0x000001ca4724d744: ;   {metadata(method data for {method} {0x000001ca00044978} 'invoke' '(Ljava/lang/Object;[Ljava/lang/Object;)Ljava/lang/Object;' in 'java/lang/reflect/Method')}
  0x000001ca4724d744: 49b9 584e | 3174 ca01 | 0000 458b | 4008 49ba | 0000 0000 | ca01 0000 | 4d03 c24d | 3b81 f802 
  0x000001ca4724d764: 0000 750d | 4983 8100 | 0300 0001 | e960 0000 | 004d 3b81 | 0803 0000 | 750d 4983 | 8110 0300 
  0x000001ca4724d784: 0001 e94a | 0000 0049 | 83b9 f802 | 0000 0075 | 174d 8981 | f802 0000 | 49c7 8100 | 0300 0001 
  0x000001ca4724d7a4: 0000 00e9 | 2900 0000 | 4983 b908 | 0300 0000 | 7517 4d89 | 8108 0300 | 0049 c781 | 1003 0000 
  0x000001ca4724d7c4: 0100 0000 | e908 0000 | 0049 8381 | e802 0000 | 014c 8b44 | 2450 4c8b | 4c24 5848 | 8bfb 488b 
  0x000001ca4724d7e4: d648 b8ff | ffff ffff 

  0x000001ca4724d7ec: ;   {virtual_call}
  0x000001ca4724d7ec: ffff ffe8 

  0x000001ca4724d7f0: ; ImmutableOopMap {}
                      ;*invokeinterface invoke {reexecute=0 rethrow=0 return_oop=0}
                      ; - java.lang.reflect.Method::invoke@90
  0x000001ca4724d7f0: 8c1b 960f 

  0x000001ca4724d7f4: ;   {other}
  0x000001ca4724d7f4: 0f1f 8400 | 6406 0004 

  0x000001ca4724d7fc: ;   {metadata(method data for {method} {0x000001ca00044978} 'invoke' '(Ljava/lang/Object;[Ljava/lang/Object;)Ljava/lang/Object;' in 'java/lang/reflect/Method')}
  0x000001ca4724d7fc: 49b8 584e | 3174 ca01 | 0000 41ff | 8020 0300 | 0048 81c4 | 8000 0000 

  0x000001ca4724d814: ;   {poll_return}
  0x000001ca4724d814: 5d49 3ba7 | 5004 0000 | 0f87 2401 | 0000 c34c | 8b4c 2458 | 4c8b 4424 | 5048 3b06 

  0x000001ca4724d830: ;   {metadata(method data for {method} {0x000001ca00044978} 'invoke' '(Ljava/lang/Object;[Ljava/lang/Object;)Ljava/lang/Object;' in 'java/lang/reflect/Method')}
  0x000001ca4724d830: 488b d648 | bf58 4e31 | 74ca 0100 | 008b 5208 | 49ba 0000 | 0000 ca01 | 0000 4903 | d248 3b97 
  0x000001ca4724d850: 4803 0000 | 750d 4883 | 8750 0300 | 0001 e960 | 0000 0048 | 3b97 5803 | 0000 750d | 4883 8760 
  0x000001ca4724d870: 0300 0001 | e94a 0000 | 0048 83bf | 4803 0000 | 0075 1748 | 8997 4803 | 0000 48c7 | 8750 0300 
  0x000001ca4724d890: 0001 0000 | 00e9 2900 | 0000 4883 | bf58 0300 | 0000 7517 | 4889 9758 | 0300 0048 | c787 6003 
  0x000001ca4724d8b0: 0000 0100 | 0000 e908 | 0000 0048 | 8387 3803 | 0000 0148 | 8bd6 0f1f | 8000 0000 | 0048 b8b8 
  0x000001ca4724d8d0: cc19 00ca 

  0x000001ca4724d8d4: ;   {virtual_call}
  0x000001ca4724d8d4: 0100 00e8 

  0x000001ca4724d8d8: ; ImmutableOopMap {}
                      ;*invokeinterface invoke {reexecute=0 rethrow=0 return_oop=0}
                      ; - java.lang.reflect.Method::invoke@102
  0x000001ca4724d8d8: e408 0000 

  0x000001ca4724d8dc: ;   {other}
  0x000001ca4724d8dc: 0f1f 8400 | 4c07 0005 | 4881 c480 | 0000 005d 

  0x000001ca4724d8ec: ;   {poll_return}
  0x000001ca4724d8ec: 493b a750 | 0400 000f | 8768 0000 

  0x000001ca4724d8f8: ;   {metadata({method} {0x000001ca00044978} 'invoke' '(Ljava/lang/Object;[Ljava/lang/Object;)Ljava/lang/Object;' in 'java/lang/reflect/Method')}
  0x000001ca4724d8f8: 00c3 49ba | 7049 0400 | ca01 0000 | 4c89 5424 | 0848 c704 | 24ff ffff 

  0x000001ca4724d910: ;   {runtime_call counter_overflow Runtime1 stub}
  0x000001ca4724d910: ffe8 6aec 

  0x000001ca4724d914: ; ImmutableOopMap {rdx=Oop r8=Oop r9=Oop [72]=Oop [80]=Oop }
                      ;*synchronization entry
                      ; - java.lang.reflect.Method::invoke@-1
  0x000001ca4724d914: a40f e915 

  0x000001ca4724d918: ;   {metadata({method} {0x000001ca003defc0} 'isStatic' '(I)Z' in 'java/lang/reflect/Modifier')}
  0x000001ca4724d918: fbff ff49 | bab8 ef3d | 00ca 0100 | 004c 8954 | 2408 48c7 | 0424 ffff 

  0x000001ca4724d930: ;   {runtime_call counter_overflow Runtime1 stub}
  0x000001ca4724d930: ffff e849 

  0x000001ca4724d934: ; ImmutableOopMap {rbx=Oop rdx=Oop r9=Oop [72]=Oop [80]=Oop [88]=Oop }
                      ;*synchronization entry
                      ; - java.lang.reflect.Modifier::isStatic@-1
                      ; - java.lang.reflect.Method::invoke@42
  0x000001ca4724d934: eca4 0fe9 | 54fc ffff 

  0x000001ca4724d93c: ;   {runtime_call throw_null_pointer_exception Runtime1 stub}
  0x000001ca4724d93c: e8df 9b9b 

  0x000001ca4724d940: ; ImmutableOopMap {rbx=Oop rdx=Oop r9=Oop r8=Oop [72]=Oop [80]=Oop [88]=Oop }
                      ;*invokevirtual getClass {reexecute=0 rethrow=0 return_oop=0}
                      ; - java.lang.reflect.Method::invoke@53
                      ;   {runtime_call throw_null_pointer_exception Runtime1 stub}
  0x000001ca4724d940: 0fe8 da9b 

  0x000001ca4724d944: ; ImmutableOopMap {rsi=Oop rbx=Oop [80]=Oop [88]=Oop }
                      ;*invokeinterface invoke {reexecute=0 rethrow=0 return_oop=0}
                      ; - java.lang.reflect.Method::invoke@90
                      ;   {internal_word}
  0x000001ca4724d944: 9b0f 49ba | 15d8 2447 | ca01 0000 | 4d89 9768 

  0x000001ca4724d954: ;   {runtime_call SafepointBlob}
  0x000001ca4724d954: 0400 00e9 | 2490 960f 

  0x000001ca4724d95c: ;   {runtime_call throw_null_pointer_exception Runtime1 stub}
  0x000001ca4724d95c: e8bf 9b9b 

  0x000001ca4724d960: ; ImmutableOopMap {r9=Oop r8=Oop rsi=Oop [80]=Oop }
                      ;*invokeinterface invoke {reexecute=0 rethrow=0 return_oop=0}
                      ; - java.lang.reflect.Method::invoke@102
                      ;   {internal_word}
  0x000001ca4724d960: 0f49 baec | d824 47ca | 0100 004d | 8997 6804 

  0x000001ca4724d970: ;   {runtime_call SafepointBlob}
  0x000001ca4724d970: 0000 e909 | 9096 0f49 | 8b87 0005 | 0000 49c7 | 8700 0500 | 0000 0000 | 0049 c787 | 0805 0000 
  0x000001ca4724d990: 0000 0000 | 4881 c480 | 0000 005d 

  0x000001ca4724d99c: ;   {runtime_call unwind_exception Runtime1 stub}
  0x000001ca4724d99c: e95f aa9b | 0ff4 f4f4 | f4f4 f4f4 
[Stub Code]
  0x000001ca4724d9a8: ;   {no_reloc}
  0x000001ca4724d9a8: 0f1f 4400 

  0x000001ca4724d9ac: ;   {static_stub}
  0x000001ca4724d9ac: 0048 bb00 | 0000 0000 

  0x000001ca4724d9b4: ;   {runtime_call nmethod}
  0x000001ca4724d9b4: 0000 00e9 | fbff ffff 

  0x000001ca4724d9bc: ;   {static_stub}
  0x000001ca4724d9bc: 9048 bb00 | 0000 0000 

  0x000001ca4724d9c4: ;   {runtime_call nmethod}
  0x000001ca4724d9c4: 0000 00e9 | fbff ffff 

  0x000001ca4724d9cc: ;   {static_stub}
  0x000001ca4724d9cc: 48bb 0000 | 0000 0000 

  0x000001ca4724d9d4: ;   {runtime_call nmethod}
  0x000001ca4724d9d4: 0000 e9fb 

  0x000001ca4724d9d8: ;   {static_stub}
  0x000001ca4724d9d8: ffff ff48 | bb00 0000 | 0000 0000 

  0x000001ca4724d9e4: ;   {runtime_call nmethod}
  0x000001ca4724d9e4: 00e9 fbff 

  0x000001ca4724d9e8: ;   {static_stub}
  0x000001ca4724d9e8: ffff 48bb | 0000 0000 | 0000 0000 

  0x000001ca4724d9f4: ;   {runtime_call nmethod}
  0x000001ca4724d9f4: e9fb ffff 

  0x000001ca4724d9f8: ;   {static_stub}
  0x000001ca4724d9f8: ff48 bbe8 | 4d04 00ca 

  0x000001ca4724da00: ;   {runtime_call I2C/C2I adapters}
  0x000001ca4724da00: 0100 00e9 | 5b64 960f 
[Exception Handler]
  0x000001ca4724da08: ;   {runtime_call handle_exception_from_callee Runtime1 stub}
  0x000001ca4724da08: e8f3 aea4 

  0x000001ca4724da0c: ;   {external_word}
  0x000001ca4724da0c: 0f48 b950 | 631d 16fb | 7f00 0048 

  0x000001ca4724da18: ;   {runtime_call}
  0x000001ca4724da18: 83e4 f048 | b8c0 c9df | 15fb 7f00 | 00ff d0f4 
[Deopt Handler Code]
  0x000001ca4724da28: ;   {section_word}
  0x000001ca4724da28: 49ba 28da | 2447 ca01 | 0000 4152 

  0x000001ca4724da34: ;   {runtime_call DeoptimizationBlob}
  0x000001ca4724da34: e9e7 a396 | 0ff4 f4f4 | f4f4 f4f4 
[/MachCode]


---------------  P R O C E S S  ---------------

Threads class SMR info:
_java_thread_list=0x000001ca7aca06f0, length=25, elements={
0x000001ca418b7770, 0x000001ca73667110, 0x000001ca73668890, 0x000001ca7366e030,
0x000001ca73670aa0, 0x000001ca73671500, 0x000001ca73671f60, 0x000001ca73672cf0,
0x000001ca73675ef0, 0x000001ca782469f0, 0x000001ca7827a8e0, 0x000001ca78d62a90,
0x000001ca790f5040, 0x000001ca79a30bc0, 0x000001ca783da3f0, 0x000001ca78dba4b0,
0x000001ca7818c170, 0x000001ca790dee30, 0x000001ca78532b40, 0x000001ca785331d0,
0x000001ca7852fd50, 0x000001ca78531e20, 0x000001ca78531100, 0x000001ca785303e0,
0x000001ca785324b0
}

Java Threads: ( => current thread )
  0x000001ca418b7770 JavaThread "main"                              [_thread_blocked, id=81112, stack(0x000000763fd00000,0x000000763fe00000) (1024K)]
  0x000001ca73667110 JavaThread "Reference Handler"          daemon [_thread_blocked, id=79600, stack(0x0000007640500000,0x0000007640600000) (1024K)]
  0x000001ca73668890 JavaThread "Finalizer"                  daemon [_thread_blocked, id=79668, stack(0x0000007640600000,0x0000007640700000) (1024K)]
  0x000001ca7366e030 JavaThread "Signal Dispatcher"          daemon [_thread_blocked, id=34580, stack(0x0000007640700000,0x0000007640800000) (1024K)]
  0x000001ca73670aa0 JavaThread "Attach Listener"            daemon [_thread_blocked, id=81352, stack(0x0000007640800000,0x0000007640900000) (1024K)]
  0x000001ca73671500 JavaThread "Service Thread"             daemon [_thread_blocked, id=41432, stack(0x0000007640900000,0x0000007640a00000) (1024K)]
  0x000001ca73671f60 JavaThread "Monitor Deflation Thread"   daemon [_thread_blocked, id=81412, stack(0x0000007640a00000,0x0000007640b00000) (1024K)]
  0x000001ca73672cf0 JavaThread "C2 CompilerThread0"         daemon [_thread_in_native, id=61416, stack(0x0000007640b00000,0x0000007640c00000) (1024K)]
  0x000001ca73675ef0 JavaThread "C1 CompilerThread0"         daemon [_thread_blocked, id=39808, stack(0x0000007640c00000,0x0000007640d00000) (1024K)]
  0x000001ca782469f0 JavaThread "Common-Cleaner"             daemon [_thread_blocked, id=62244, stack(0x0000007640d00000,0x0000007640e00000) (1024K)]
  0x000001ca7827a8e0 JavaThread "Notification Thread"        daemon [_thread_blocked, id=47468, stack(0x0000007640e00000,0x0000007640f00000) (1024K)]
  0x000001ca78d62a90 JavaThread "Daemon health stats"               [_thread_blocked, id=14156, stack(0x0000007641400000,0x0000007641500000) (1024K)]
  0x000001ca790f5040 JavaThread "Incoming local TCP Connector on port 9386"        [_thread_in_native, id=72628, stack(0x0000007641500000,0x0000007641600000) (1024K)]
  0x000001ca79a30bc0 JavaThread "Daemon periodic checks"            [_thread_blocked, id=81312, stack(0x0000007641600000,0x0000007641700000) (1024K)]
  0x000001ca783da3f0 JavaThread "Daemon"                            [_thread_blocked, id=82132, stack(0x0000007641700000,0x0000007641800000) (1024K)]
  0x000001ca78dba4b0 JavaThread "Handler for socket connection from /127.0.0.1:9386 to /127.0.0.1:56912"        [_thread_in_native, id=82136, stack(0x0000007641800000,0x0000007641900000) (1024K)]
  0x000001ca7818c170 JavaThread "Cancel handler"                    [_thread_blocked, id=82148, stack(0x0000007641900000,0x0000007641a00000) (1024K)]
=>0x000001ca790dee30 JavaThread "Daemon worker"                     [_thread_in_vm, id=82176, stack(0x0000007641a00000,0x0000007641b00000) (1024K)]
  0x000001ca78532b40 JavaThread "Asynchronous log dispatcher for DefaultDaemonConnection: socket connection from /127.0.0.1:9386 to /127.0.0.1:56912"        [_thread_blocked, id=82280, stack(0x0000007641b00000,0x0000007641c00000) (1024K)]
  0x000001ca785331d0 JavaThread "Stdin handler"                     [_thread_blocked, id=82284, stack(0x0000007641c00000,0x0000007641d00000) (1024K)]
  0x000001ca7852fd50 JavaThread "Daemon client event forwarder"        [_thread_blocked, id=82292, stack(0x0000007641d00000,0x0000007641e00000) (1024K)]
  0x000001ca78531e20 JavaThread "Cache worker for journal cache (C:\Users\Lenovo\.gradle\caches\journal-1)"        [_thread_blocked, id=76116, stack(0x0000007641e00000,0x0000007641f00000) (1024K)]
  0x000001ca78531100 JavaThread "File lock request listener"        [_thread_in_native, id=82892, stack(0x0000007641f00000,0x0000007642000000) (1024K)]
  0x000001ca785303e0 JavaThread "File lock release action executor"        [_thread_blocked, id=80900, stack(0x0000007642000000,0x0000007642100000) (1024K)]
  0x000001ca785324b0 JavaThread "Cache worker for file hash cache (C:\Users\Lenovo\.gradle\caches\9.3.1\fileHashes)"        [_thread_blocked, id=82316, stack(0x0000007642100000,0x0000007642200000) (1024K)]
Total: 25

Other Threads:
  0x000001ca736484f0 VMThread "VM Thread"                           [id=61448, stack(0x0000007640400000,0x0000007640500000) (1024K)] _threads_hazard_ptr=0x000001ca7aca06f0
  0x000001ca73634220 WatcherThread "VM Periodic Task Thread"        [id=53092, stack(0x0000007640300000,0x0000007640400000) (1024K)]
  0x000001ca43cd8440 WorkerThread "GC Thread#0"                     [id=78532, stack(0x000000763fe00000,0x000000763ff00000) (1024K)]
  0x000001ca78397e30 WorkerThread "GC Thread#1"                     [id=13616, stack(0x0000007640f00000,0x0000007641000000) (1024K)]
  0x000001ca783981e0 WorkerThread "GC Thread#2"                     [id=78676, stack(0x0000007641000000,0x0000007641100000) (1024K)]
  0x000001ca78398590 WorkerThread "GC Thread#3"                     [id=42308, stack(0x0000007641100000,0x0000007641200000) (1024K)]
  0x000001ca78398940 WorkerThread "GC Thread#4"                     [id=57480, stack(0x0000007641200000,0x0000007641300000) (1024K)]
  0x000001ca7828fcd0 WorkerThread "GC Thread#5"                     [id=78972, stack(0x0000007641300000,0x0000007641400000) (1024K)]
  0x000001ca7a495df0 WorkerThread "GC Thread#6"                     [id=59432, stack(0x000000763fb00000,0x000000763fc00000) (1024K)]
  0x000001ca7a497060 WorkerThread "GC Thread#7"                     [id=75072, stack(0x000000763fc00000,0x000000763fd00000) (1024K)]
  0x000001ca43ce93c0 ConcurrentGCThread "G1 Main Marker"            [id=78860, stack(0x000000763ff00000,0x0000007640000000) (1024K)]
  0x000001ca43ceadf0 WorkerThread "G1 Conc#0"                       [id=78304, stack(0x0000007640000000,0x0000007640100000) (1024K)]
  0x000001ca7a496550 WorkerThread "G1 Conc#1"                       [id=46796, stack(0x0000007642200000,0x0000007642300000) (1024K)]
  0x000001ca73504f40 ConcurrentGCThread "G1 Refine#0"               [id=75728, stack(0x0000007640100000,0x0000007640200000) (1024K)]
  0x000001ca73506850 ConcurrentGCThread "G1 Service"                [id=77180, stack(0x0000007640200000,0x0000007640300000) (1024K)]
Total: 15

Threads with active compile tasks:
C2 CompilerThread0  77675 3320   !   4       java.net.URL::<init> (543 bytes)
Total: 1

VM state: synchronizing (normal execution)

VM Mutex/Monitor currently owned by a thread:  ([mutex/lock_event])
[0x00007ffb1648f5b0] Threads_lock - owner thread: 0x000001ca736484f0

Heap address: 0x0000000600000000, size: 8192 MB, Compressed Oops mode: Zero based, Oop shift amount: 3

CDS archive(s) mapped at: [0x000001ca00000000-0x000001ca00ba0000-0x000001ca00ba0000), size 12189696, SharedBaseAddress: 0x000001ca00000000, ArchiveRelocationMode: 1.
Compressed class space mapped at: 0x000001ca01000000-0x000001ca41000000, reserved size: 1073741824
Narrow klass base: 0x000001ca00000000, Narrow klass shift: 0, Narrow klass range: 0x100000000

GC Precious Log:
 CardTable entry size: 512
 Card Set container configuration: InlinePtr #cards 4 size 8 Array Of Cards #cards 32 size 80 Howl #buckets 8 coarsen threshold 7372 Howl Bitmap #cards 1024 size 144 coarsen threshold 921 Card regions per heap region 1 cards per card region 8192
 CPUs: 8 total, 8 available
 Memory: 16086M
 Large Page Support: Disabled
 NUMA Support: Disabled
 Compressed Oops: Enabled (Zero based)
 Heap Region Size: 4M
 Heap Min Capacity: 8M
 Heap Initial Capacity: 252M
 Heap Max Capacity: 8G
 Pre-touch: Disabled
 Parallel Workers: 8
 Concurrent Workers: 2
 Concurrent Refinement Workers: 8
 Periodic GC: Disabled

Heap:
 garbage-first heap   total 98304K, used 37872K [0x0000000600000000, 0x0000000800000000)
  region size 4096K, 5 young (20480K), 1 survivors (4096K)
 Metaspace       used 22241K, committed 22976K, reserved 1114112K
  class space    used 3112K, committed 3456K, reserved 1048576K

Heap Regions: E=young(eden), S=young(survivor), O=old, HS=humongous(starts), HC=humongous(continues), CS=collection set, F=free, TAMS=top-at-mark-start, PB=parsable bottom
|   0|0x0000000600000000, 0x0000000600400000, 0x0000000600400000|100%|HS|  |TAMS 0x0000000600000000| PB 0x0000000600000000| Complete 
|   1|0x0000000600400000, 0x0000000600800000, 0x0000000600800000|100%| O|  |TAMS 0x0000000600400000| PB 0x0000000600400000| Untracked 
|   2|0x0000000600800000, 0x0000000600c00000, 0x0000000600c00000|100%| O|  |TAMS 0x0000000600800000| PB 0x0000000600800000| Untracked 
|   3|0x0000000600c00000, 0x0000000601000000, 0x0000000601000000|100%| O|  |TAMS 0x0000000600c00000| PB 0x0000000600c00000| Untracked 
|   4|0x0000000601000000, 0x0000000601400000, 0x0000000601400000|100%| O|  |TAMS 0x0000000601000000| PB 0x0000000601000000| Untracked 
|   5|0x0000000601400000, 0x00000006016e5be0, 0x0000000601800000| 72%| O|Cm|TAMS 0x0000000601400000| PB 0x0000000601400000| Complete 
|   6|0x0000000601800000, 0x0000000601800000, 0x0000000601c00000|  0%| F|  |TAMS 0x0000000601800000| PB 0x0000000601800000| Untracked 
|   7|0x0000000601c00000, 0x0000000601c00000, 0x0000000602000000|  0%| F|  |TAMS 0x0000000601c00000| PB 0x0000000601c00000| Untracked 
|   8|0x0000000602000000, 0x0000000602000000, 0x0000000602400000|  0%| F|  |TAMS 0x0000000602000000| PB 0x0000000602000000| Untracked 
|   9|0x0000000602400000, 0x0000000602400000, 0x0000000602800000|  0%| F|  |TAMS 0x0000000602400000| PB 0x0000000602400000| Untracked 
|  10|0x0000000602800000, 0x0000000602800000, 0x0000000602c00000|  0%| F|  |TAMS 0x0000000602800000| PB 0x0000000602800000| Untracked 
|  11|0x0000000602c00000, 0x0000000602c00000, 0x0000000603000000|  0%| F|  |TAMS 0x0000000602c00000| PB 0x0000000602c00000| Untracked 
|  12|0x0000000603000000, 0x0000000603000000, 0x0000000603400000|  0%| F|  |TAMS 0x0000000603000000| PB 0x0000000603000000| Untracked 
|  13|0x0000000603400000, 0x0000000603400000, 0x0000000603800000|  0%| F|  |TAMS 0x0000000603400000| PB 0x0000000603400000| Untracked 
|  14|0x0000000603800000, 0x0000000603800000, 0x0000000603c00000|  0%| F|  |TAMS 0x0000000603800000| PB 0x0000000603800000| Untracked 
|  15|0x0000000603c00000, 0x0000000603c00000, 0x0000000604000000|  0%| F|  |TAMS 0x0000000603c00000| PB 0x0000000603c00000| Untracked 
|  16|0x0000000604000000, 0x0000000604000000, 0x0000000604400000|  0%| F|  |TAMS 0x0000000604000000| PB 0x0000000604000000| Untracked 
|  17|0x0000000604400000, 0x0000000604400000, 0x0000000604800000|  0%| F|  |TAMS 0x0000000604400000| PB 0x0000000604400000| Untracked 
|  18|0x0000000604800000, 0x0000000604800000, 0x0000000604c00000|  0%| F|  |TAMS 0x0000000604800000| PB 0x0000000604800000| Untracked 
|  19|0x0000000604c00000, 0x0000000604f1c0d0, 0x0000000605000000| 77%| E|  |TAMS 0x0000000604c00000| PB 0x0000000604c00000| Complete 
|  20|0x0000000605000000, 0x0000000605400000, 0x0000000605400000|100%| E|CS|TAMS 0x0000000605000000| PB 0x0000000605000000| Complete 
|  21|0x0000000605400000, 0x0000000605800000, 0x0000000605800000|100%| E|CS|TAMS 0x0000000605400000| PB 0x0000000605400000| Complete 
|  61|0x000000060f400000, 0x000000060f616580, 0x000000060f800000| 52%| S|CS|TAMS 0x000000060f400000| PB 0x000000060f400000| Complete 
|  62|0x000000060f800000, 0x000000060fc00000, 0x000000060fc00000|100%| E|CS|TAMS 0x000000060f800000| PB 0x000000060f800000| Complete 

Card table byte_map: [0x000001ca68390000,0x000001ca69390000] _byte_map_base: 0x000001ca65390000

Marking Bits: (CMBitMap*) 0x000001ca43cd8a60
 Bits: [0x000001ca69390000, 0x000001ca71390000)

Polling page: 0x000001ca41a60000

Metaspace:

Usage:
  Non-class:     18.68 MB used.
      Class:      3.04 MB used.
       Both:     21.72 MB used.

Virtual space:
  Non-class space:       64.00 MB reserved,      19.06 MB ( 30%) committed,  1 nodes.
      Class space:        1.00 GB reserved,       3.38 MB ( <1%) committed,  1 nodes.
             Both:        1.06 GB reserved,      22.44 MB (  2%) committed. 

Chunk freelists:
   Non-Class:  12.42 MB
       Class:  12.47 MB
        Both:  24.89 MB

MaxMetaspaceSize: 4.00 GB
CompressedClassSpaceSize: 1.00 GB
Initial GC threshold: 21.00 MB
Current GC threshold: 35.12 MB
CDS: on
 - commit_granule_bytes: 65536.
 - commit_granule_words: 8192.
 - virtual_space_node_default_size: 8388608.
 - enlarge_chunks_in_place: 1.
 - use_allocation_guard: 0.


Internal statistics:

num_allocs_failed_limit: 3.
num_arena_births: 948.
num_arena_deaths: 0.
num_vsnodes_births: 2.
num_vsnodes_deaths: 0.
num_space_committed: 359.
num_space_uncommitted: 0.
num_chunks_returned_to_freelist: 3.
num_chunks_taken_from_freelist: 1864.
num_chunk_merges: 3.
num_chunk_splits: 1197.
num_chunks_enlarged: 776.
num_inconsistent_stats: 0.

CodeHeap 'non-profiled nmethods': size=259264Kb used=1843Kb max_used=1843Kb free=257420Kb
 bounds [0x000001ca57100000, 0x000001ca57370000, 0x000001ca66e30000]
CodeHeap 'profiled nmethods': size=259264Kb used=6525Kb max_used=6525Kb free=252739Kb
 bounds [0x000001ca46e30000, 0x000001ca47490000, 0x000001ca56b60000]
CodeHeap 'non-nmethods': size=5760Kb used=1573Kb max_used=1606Kb free=4186Kb
 bounds [0x000001ca56b60000, 0x000001ca56dd0000, 0x000001ca57100000]
CodeCache: size=524288Kb, used=9941Kb, max_used=9974Kb, free=514345Kb
 total_blobs=3908, nmethods=3321, adapters=492, full_count=0
Compilation: enabled, stopped_count=0, restarted_count=0

Compilation events (20 events):
Event: 72.437 Thread 0x000001ca73675ef0 3309       3       jdk.internal.org.objectweb.asm.SymbolTable::hash (12 bytes)
Event: 72.437 Thread 0x000001ca73675ef0 nmethod 3309 0x000001ca4748d010 code [0x000001ca4748d1c0, 0x000001ca4748d2f8]
Event: 72.452 Thread 0x000001ca73672cf0 nmethod 3308 0x000001ca572c9790 code [0x000001ca572c99a0, 0x000001ca572ca6c0]
Event: 72.507 Thread 0x000001ca73675ef0 3310       3       java.lang.Class::copyConstructors (38 bytes)
Event: 72.508 Thread 0x000001ca73675ef0 nmethod 3310 0x000001ca4748d410 code [0x000001ca4748d680, 0x000001ca4748e1e8]
Event: 73.098 Thread 0x000001ca73675ef0 3312       1       java.util.stream.FindOps$FindOp::getOpFlags (5 bytes)
Event: 73.098 Thread 0x000001ca73675ef0 nmethod 3312 0x000001ca572caf90 code [0x000001ca572cb120, 0x000001ca572cb1e8]
Event: 73.193 Thread 0x000001ca73672cf0 3313       4       java.lang.reflect.Modifier::isStatic (13 bytes)
Event: 73.193 Thread 0x000001ca73672cf0 nmethod 3313 0x000001ca572cb290 code [0x000001ca572cb400, 0x000001ca572cb470]
Event: 73.314 Thread 0x000001ca73675ef0 3314       3       jdk.internal.reflect.MethodHandleAccessorFactory::slotCount (78 bytes)
Event: 73.314 Thread 0x000001ca73675ef0 nmethod 3314 0x000001ca4748e690 code [0x000001ca4748e880, 0x000001ca4748ee08]
Event: 73.435 Thread 0x000001ca73672cf0 3315       4       jdk.internal.misc.Unsafe::weakCompareAndSetInt (11 bytes)
Event: 73.435 Thread 0x000001ca73672cf0 nmethod 3315 0x000001ca572cb590 code [0x000001ca572cb720, 0x000001ca572cb7b8]
Event: 73.490 Thread 0x000001ca73672cf0 3316       4       java.util.HashMap::containsKey (14 bytes)
Event: 73.496 Thread 0x000001ca73672cf0 nmethod 3316 0x000001ca572cb890 code [0x000001ca572cba60, 0x000001ca572cbdf0]
Event: 73.802 Thread 0x000001ca73672cf0 3317       4       java.lang.Class::annotationData (44 bytes)
Event: 73.805 Thread 0x000001ca73672cf0 nmethod 3317 0x000001ca572cc110 code [0x000001ca572cc2a0, 0x000001ca572cc448]
Event: 74.130 Thread 0x000001ca73675ef0 3318       3       java.lang.invoke.MethodHandles$Lookup::getDirectMethodNoSecurityManager (18 bytes)
Event: 74.131 Thread 0x000001ca73675ef0 nmethod 3318 0x000001ca4748f010 code [0x000001ca4748f1c0, 0x000001ca4748f310]
Event: 74.541 Thread 0x000001ca73672cf0 3320   !   4       java.net.URL::<init> (543 bytes)

GC Heap History (8 events):
Event: 1.935 GC heap before
{Heap before GC invocations=0 (full 0):
 garbage-first heap   total 258048K, used 20480K [0x0000000600000000, 0x0000000800000000)
  region size 4096K, 5 young (20480K), 0 survivors (0K)
 Metaspace       used 851K, committed 1024K, reserved 1114112K
  class space    used 70K, committed 128K, reserved 1048576K
}
Event: 1.973 GC heap after
{Heap after GC invocations=1 (full 0):
 garbage-first heap   total 258048K, used 1392K [0x0000000600000000, 0x0000000800000000)
  region size 4096K, 1 young (4096K), 1 survivors (4096K)
 Metaspace       used 851K, committed 1024K, reserved 1114112K
  class space    used 70K, committed 128K, reserved 1048576K
}
Event: 8.620 GC heap before
{Heap before GC invocations=1 (full 0):
 garbage-first heap   total 258048K, used 46448K [0x0000000600000000, 0x0000000800000000)
  region size 4096K, 11 young (45056K), 1 survivors (4096K)
 Metaspace       used 4571K, committed 4800K, reserved 1114112K
  class space    used 580K, committed 704K, reserved 1048576K
}
Event: 8.627 GC heap after
{Heap after GC invocations=2 (full 0):
 garbage-first heap   total 258048K, used 11717K [0x0000000600000000, 0x0000000800000000)
  region size 4096K, 2 young (8192K), 2 survivors (8192K)
 Metaspace       used 4571K, committed 4800K, reserved 1114112K
  class space    used 580K, committed 704K, reserved 1048576K
}
Event: 70.589 GC heap before
{Heap before GC invocations=2 (full 0):
 garbage-first heap   total 258048K, used 155077K [0x0000000600000000, 0x0000000800000000)
  region size 4096K, 37 young (151552K), 2 survivors (8192K)
 Metaspace       used 20354K, committed 21120K, reserved 1114112K
  class space    used 2779K, committed 3136K, reserved 1048576K
}
Event: 70.647 GC heap after
{Heap after GC invocations=3 (full 0):
 garbage-first heap   total 258048K, used 23511K [0x0000000600000000, 0x0000000800000000)
  region size 4096K, 5 young (20480K), 5 survivors (20480K)
 Metaspace       used 20354K, committed 21120K, reserved 1114112K
  class space    used 2779K, committed 3136K, reserved 1048576K
}
Event: 71.846 GC heap before
{Heap before GC invocations=3 (full 0):
 garbage-first heap   total 258048K, used 23511K [0x0000000600000000, 0x0000000800000000)
  region size 4096K, 6 young (24576K), 5 survivors (20480K)
 Metaspace       used 20839K, committed 21504K, reserved 1114112K
  class space    used 2856K, committed 3200K, reserved 1048576K
}
Event: 71.875 GC heap after
{Heap after GC invocations=4 (full 0):
 garbage-first heap   total 258048K, used 25584K [0x0000000600000000, 0x0000000800000000)
  region size 4096K, 1 young (4096K), 1 survivors (4096K)
 Metaspace       used 20839K, committed 21504K, reserved 1114112K
  class space    used 2856K, committed 3200K, reserved 1048576K
}

Dll operation events (20 events):
Event: 0.933 Attempting to load shared library C:\Users\Lenovo\.vscode\extensions\redhat.java-1.56.0-win32-x64\jre\21.0.12.1-win32-x86_64\bin\nio.dll
Event: 0.960 Loaded shared library C:\Users\Lenovo\.vscode\extensions\redhat.java-1.56.0-win32-x64\jre\21.0.12.1-win32-x86_64\bin\nio.dll
Event: 0.966 Attempting to load shared library C:\Users\Lenovo\.vscode\extensions\redhat.java-1.56.0-win32-x64\jre\21.0.12.1-win32-x86_64\bin\zip.dll
Event: 0.966 Loaded shared library C:\Users\Lenovo\.vscode\extensions\redhat.java-1.56.0-win32-x64\jre\21.0.12.1-win32-x86_64\bin\zip.dll
Event: 2.038 Attempting to load shared library C:\Users\Lenovo\.vscode\extensions\redhat.java-1.56.0-win32-x64\jre\21.0.12.1-win32-x86_64\bin\jimage.dll
Event: 2.038 Loaded shared library C:\Users\Lenovo\.vscode\extensions\redhat.java-1.56.0-win32-x64\jre\21.0.12.1-win32-x86_64\bin\jimage.dll
Event: 3.857 Attempting to load shared library C:\Users\Lenovo\.vscode\extensions\redhat.java-1.56.0-win32-x64\jre\21.0.12.1-win32-x86_64\bin\verify.dll
Event: 3.890 Loaded shared library C:\Users\Lenovo\.vscode\extensions\redhat.java-1.56.0-win32-x64\jre\21.0.12.1-win32-x86_64\bin\verify.dll
Event: 4.027 Attempting to load shared library C:\Users\Lenovo\.gradle\native\660c5614fbf4a5f2a75b1949f50a0caf5cd603558e7d8a26e50b933a0cfb79d1\windows-amd64\native-platform.dll
Event: 4.086 Loaded shared library C:\Users\Lenovo\.gradle\native\660c5614fbf4a5f2a75b1949f50a0caf5cd603558e7d8a26e50b933a0cfb79d1\windows-amd64\native-platform.dll
Event: 4.110 Attempting to load shared library C:\Users\Lenovo\.gradle\native\0.2.8\x86_64-windows-gnu\gradle-fileevents.dll
Event: 4.110 Loaded shared library C:\Users\Lenovo\.gradle\native\0.2.8\x86_64-windows-gnu\gradle-fileevents.dll
Event: 16.952 Attempting to load shared library C:\Users\Lenovo\.vscode\extensions\redhat.java-1.56.0-win32-x64\jre\21.0.12.1-win32-x86_64\bin\management.dll
Event: 16.952 Loaded shared library C:\Users\Lenovo\.vscode\extensions\redhat.java-1.56.0-win32-x64\jre\21.0.12.1-win32-x86_64\bin\management.dll
Event: 16.962 Attempting to load shared library C:\Users\Lenovo\.vscode\extensions\redhat.java-1.56.0-win32-x64\jre\21.0.12.1-win32-x86_64\bin\management_ext.dll
Event: 16.963 Loaded shared library C:\Users\Lenovo\.vscode\extensions\redhat.java-1.56.0-win32-x64\jre\21.0.12.1-win32-x86_64\bin\management_ext.dll
Event: 19.000 Attempting to load shared library C:\Users\Lenovo\.vscode\extensions\redhat.java-1.56.0-win32-x64\jre\21.0.12.1-win32-x86_64\bin\extnet.dll
Event: 19.000 Loaded shared library C:\Users\Lenovo\.vscode\extensions\redhat.java-1.56.0-win32-x64\jre\21.0.12.1-win32-x86_64\bin\extnet.dll
Event: 25.891 Attempting to load shared library C:\Users\Lenovo\.vscode\extensions\redhat.java-1.56.0-win32-x64\jre\21.0.12.1-win32-x86_64\bin\sunmscapi.dll
Event: 25.961 Loaded shared library C:\Users\Lenovo\.vscode\extensions\redhat.java-1.56.0-win32-x64\jre\21.0.12.1-win32-x86_64\bin\sunmscapi.dll

Deoptimization events (20 events):
Event: 57.905 Thread 0x000001ca790dee30 DEOPT PACKING pc=0x000001ca571283fc sp=0x0000007641afb040
Event: 57.905 Thread 0x000001ca790dee30 DEOPT UNPACKING pc=0x000001ca56bb7ba2 sp=0x0000007641afaff0 mode 2
Event: 61.110 Thread 0x000001ca790dee30 Uncommon trap: trap_request=0xffffff45 fr.pc=0x000001ca5712661c relative=0x0000000000000e1c
Event: 61.110 Thread 0x000001ca790dee30 Uncommon trap: reason=unstable_if action=reinterpret pc=0x000001ca5712661c method=java.io.WinNTFileSystem.resolve(Ljava/lang/String;Ljava/lang/String;)Ljava/lang/String; @ 19 c2
Event: 61.110 Thread 0x000001ca790dee30 DEOPT PACKING pc=0x000001ca5712661c sp=0x0000007641afb9e0
Event: 61.110 Thread 0x000001ca790dee30 DEOPT UNPACKING pc=0x000001ca56bb7ba2 sp=0x0000007641afb978 mode 2
Event: 61.115 Thread 0x000001ca790dee30 DEOPT PACKING pc=0x000001ca46f33dd9 sp=0x0000007641afb420
Event: 61.115 Thread 0x000001ca790dee30 DEOPT UNPACKING pc=0x000001ca56bb86e2 sp=0x0000007641afa8b8 mode 0
Event: 61.115 Thread 0x000001ca790dee30 Uncommon trap: trap_request=0xffffff45 fr.pc=0x000001ca5713395c relative=0x000000000000067c
Event: 61.115 Thread 0x000001ca790dee30 Uncommon trap: reason=unstable_if action=reinterpret pc=0x000001ca5713395c method=java.io.File.getName()Ljava/lang/String; @ 16 c2
Event: 61.116 Thread 0x000001ca790dee30 DEOPT PACKING pc=0x000001ca5713395c sp=0x0000007641afb9a0
Event: 61.116 Thread 0x000001ca790dee30 DEOPT UNPACKING pc=0x000001ca56bb7ba2 sp=0x0000007641afb970 mode 2
Event: 61.762 Thread 0x000001ca790dee30 Uncommon trap: trap_request=0xffffff45 fr.pc=0x000001ca5712c514 relative=0x00000000000000f4
Event: 61.762 Thread 0x000001ca790dee30 Uncommon trap: reason=unstable_if action=reinterpret pc=0x000001ca5712c514 method=java.util.HashMap.hash(Ljava/lang/Object;)I @ 1 c2
Event: 61.762 Thread 0x000001ca790dee30 DEOPT PACKING pc=0x000001ca5712c514 sp=0x0000007641afc7d0
Event: 61.762 Thread 0x000001ca790dee30 DEOPT UNPACKING pc=0x000001ca56bb7ba2 sp=0x0000007641afc710 mode 2
Event: 65.181 Thread 0x000001ca79a30bc0 DEOPT PACKING pc=0x000001ca474511c1 sp=0x00000076416fe920
Event: 65.181 Thread 0x000001ca79a30bc0 DEOPT UNPACKING pc=0x000001ca56bb86e2 sp=0x00000076416fde60 mode 0
Event: 65.184 Thread 0x000001ca79a30bc0 DEOPT PACKING pc=0x000001ca474511c1 sp=0x00000076416fe920
Event: 65.184 Thread 0x000001ca79a30bc0 DEOPT UNPACKING pc=0x000001ca56bb86e2 sp=0x00000076416fde60 mode 0

Classes loaded (20 events):
Event: 71.651 Loading class java/util/concurrent/atomic/AtomicReferenceFieldUpdater$AtomicReferenceFieldUpdaterImpl
Event: 71.651 Loading class java/util/concurrent/atomic/AtomicReferenceFieldUpdater$AtomicReferenceFieldUpdaterImpl done
Event: 71.651 Loading class java/util/concurrent/atomic/AtomicReferenceFieldUpdater$AtomicReferenceFieldUpdaterImpl$1
Event: 71.651 Loading class java/util/concurrent/atomic/AtomicReferenceFieldUpdater$AtomicReferenceFieldUpdaterImpl$1 done
Event: 71.652 Loading class sun/reflect/misc/ReflectUtil
Event: 71.652 Loading class sun/reflect/misc/ReflectUtil done
Event: 71.664 Loading class java/lang/ThreadLocal$SuppliedThreadLocal
Event: 71.664 Loading class java/lang/ThreadLocal$SuppliedThreadLocal done
Event: 73.534 Loading class javax/xml/parsers/ParserConfigurationException
Event: 73.565 Loading class javax/xml/parsers/ParserConfigurationException done
Event: 73.565 Loading class org/xml/sax/SAXException
Event: 73.565 Loading class org/xml/sax/SAXException done
Event: 73.566 Loading class javax/xml/xpath/XPathExpressionException
Event: 73.566 Loading class javax/xml/xpath/XPathException
Event: 73.566 Loading class javax/xml/xpath/XPathException done
Event: 73.566 Loading class javax/xml/xpath/XPathExpressionException done
Event: 73.566 Loading class org/xml/sax/ErrorHandler
Event: 73.566 Loading class org/xml/sax/ErrorHandler done
Event: 73.797 Loading class java/nio/file/AtomicMoveNotSupportedException
Event: 73.800 Loading class java/nio/file/AtomicMoveNotSupportedException done

Classes unloaded (0 events):
No events

Classes redefined (0 events):
No events

Internal exceptions (20 events):
Event: 62.349 Thread 0x000001ca790dee30 Exception <a 'java/lang/NoSuchMethodError'{0x0000000607cde148}: 'java.lang.Object java.lang.invoke.DirectMethodHandle$Holder.invokeStatic(java.lang.Object, java.lang.Object, java.lang.Object, java.lang.Object, java.lang.Object, java.lang.Object, java.lang.Object, java.lang.Object, java.lang.Object, java.lang.Object, java.lang.Object, java.lang.Object, java.lang.Object, java.lang.Object, java.lang.Object, java.lang.Object, java.lang.Object, java.lang.Object, java.lang.Object)'> (0x0000000607cde148) 
thrown 
Event: 62.352 Thread 0x000001ca790dee30 Exception <a 'java/lang/NoSuchMethodError'{0x0000000607d093f0}: 'java.lang.Object java.lang.invoke.DirectMethodHandle$Holder.invokeStatic(java.lang.Object, java.lang.Object, java.lang.Object, java.lang.Object, java.lang.Object, java.lang.Object, java.lang.Object, java.lang.Object, java.lang.Object, java.lang.Object, java.lang.Object, java.lang.Object, java.lang.Object, java.lang.Object, java.lang.Object, java.lang.Object, java.lang.Object, java.lang.Object, java.lang.Object, java.lang.Object)'> (0x00000006
Event: 62.367 Thread 0x000001ca790dee30 Exception <a 'java/lang/NoSuchMethodError'{0x0000000607d35668}: 'java.lang.Object java.lang.invoke.DirectMethodHandle$Holder.invokeStatic(java.lang.Object, java.lang.Object, java.lang.Object, java.lang.Object, java.lang.Object, java.lang.Object, java.lang.Object, java.lang.Object, java.lang.Object, java.lang.Object, java.lang.Object, java.lang.Object, java.lang.Object, java.lang.Object, java.lang.Object, java.lang.Object, java.lang.Object, java.lang.Object, java.lang.Object, java.lang.Object, java.lang.Obj
Event: 62.433 Thread 0x000001ca790dee30 Exception <a 'java/lang/NoSuchMethodError'{0x0000000607d62990}: 'java.lang.Object java.lang.invoke.DirectMethodHandle$Holder.invokeStatic(java.lang.Object, java.lang.Object, java.lang.Object, java.lang.Object, java.lang.Object, java.lang.Object, java.lang.Object, java.lang.Object, java.lang.Object, java.lang.Object, java.lang.Object, java.lang.Object, java.lang.Object, java.lang.Object, java.lang.Object, java.lang.Object, java.lang.Object, java.lang.Object, java.lang.Object, java.lang.Object, java.lang.Obj
Event: 62.456 Thread 0x000001ca790dee30 Exception <a 'java/lang/NoSuchMethodError'{0x0000000607d90730}: 'java.lang.Object java.lang.invoke.DirectMethodHandle$Holder.invokeStatic(java.lang.Object, java.lang.Object, java.lang.Object, java.lang.Object, java.lang.Object, java.lang.Object, java.lang.Object, java.lang.Object, java.lang.Object, java.lang.Object, java.lang.Object, java.lang.Object, java.lang.Object, java.lang.Object, java.lang.Object, java.lang.Object, java.lang.Object, java.lang.Object, java.lang.Object, java.lang.Object, java.lang.Obj
Event: 62.467 Thread 0x000001ca790dee30 Exception <a 'java/lang/NoSuchMethodError'{0x0000000607dbf430}: 'java.lang.Object java.lang.invoke.DirectMethodHandle$Holder.invokeStatic(java.lang.Object, java.lang.Object, java.lang.Object, java.lang.Object, java.lang.Object, java.lang.Object, java.lang.Object, java.lang.Object, java.lang.Object, java.lang.Object, java.lang.Object, java.lang.Object, java.lang.Object, java.lang.Object, java.lang.Object, java.lang.Object, java.lang.Object, java.lang.Object, java.lang.Object, java.lang.Object, java.lang.Obj
Event: 62.495 Thread 0x000001ca790dee30 Exception <a 'java/lang/NoSuchMethodError'{0x0000000607deef30}: 'java.lang.Object java.lang.invoke.DirectMethodHandle$Holder.invokeStatic(java.lang.Object, java.lang.Object, java.lang.Object, java.lang.Object, java.lang.Object, java.lang.Object, java.lang.Object, java.lang.Object, java.lang.Object, java.lang.Object, java.lang.Object, java.lang.Object, java.lang.Object, java.lang.Object, java.lang.Object, java.lang.Object, java.lang.Object, java.lang.Object, java.lang.Object, java.lang.Object, java.lang.Obj
Event: 62.526 Thread 0x000001ca790dee30 Exception <a 'java/lang/NoSuchMethodError'{0x0000000607e200d0}: 'java.lang.Object java.lang.invoke.DirectMethodHandle$Holder.invokeStatic(java.lang.Object, java.lang.Object, java.lang.Object, java.lang.Object, java.lang.Object, java.lang.Object, java.lang.Object, java.lang.Object, java.lang.Object, java.lang.Object, java.lang.Object, java.lang.Object, java.lang.Object, java.lang.Object, java.lang.Object, java.lang.Object, java.lang.Object, java.lang.Object, java.lang.Object, java.lang.Object, java.lang.Obj
Event: 66.062 Thread 0x000001ca790dee30 Exception <a 'java/lang/NoSuchMethodError'{0x0000000606d1fe38}: 'java.lang.Object java.lang.invoke.DirectMethodHandle$Holder.newInvokeSpecial(java.lang.Object, java.lang.Object, java.lang.Object, java.lang.Object, java.lang.Object, java.lang.Object, java.lang.Object, java.lang.Object, java.lang.Object, java.lang.Object)'> (0x0000000606d1fe38) 
thrown [s\src\hotspot\share\interpreter\linkResolver.cpp, line 773]
Event: 66.633 Thread 0x000001ca790dee30 Exception <a 'java/lang/NoSuchMethodError'{0x0000000606e63188}: 'java.lang.Object java.lang.invoke.DirectMethodHandle$Holder.invokeVirtual(java.lang.Object, java.lang.Object, java.lang.Object, java.lang.Object, java.lang.Object, java.lang.Object, java.lang.Object, java.lang.Object, java.lang.Object, java.lang.Object, java.lang.Object)'> (0x0000000606e63188) 
thrown [s\src\hotspot\share\interpreter\linkResolver.cpp, line 773]
Event: 67.554 Thread 0x000001ca790dee30 Exception <a 'java/lang/NoSuchMethodError'{0x0000000606f9d098}: 'int java.lang.invoke.DirectMethodHandle$Holder.invokeStaticInit(java.lang.Object, java.lang.Object, java.lang.Object)'> (0x0000000606f9d098) 
thrown [s\src\hotspot\share\interpreter\linkResolver.cpp, line 773]
Event: 69.785 Thread 0x000001ca790dee30 Exception <a 'java/lang/NoSuchMethodError'{0x0000000606a34238}: 'java.lang.Object java.lang.invoke.DelegatingMethodHandle$Holder.reinvoke_L(java.lang.Object, java.lang.Object, java.lang.Object, java.lang.Object, java.lang.Object, java.lang.Object, java.lang.Object, java.lang.Object, java.lang.Object, java.lang.Object, java.lang.Object, java.lang.Object, java.lang.Object, java.lang.Object, java.lang.Object, java.lang.Object, java.lang.Object, java.lang.Object, java.lang.Object, java.lang.Object, java.lang.O
Event: 70.055 Thread 0x000001ca790dee30 Exception <a 'java/lang/NoSuchMethodError'{0x0000000606b09890}: 'java.lang.Object java.lang.invoke.DirectMethodHandle$Holder.invokeStatic(java.lang.Object, java.lang.Object, java.lang.Object, java.lang.Object, java.lang.Object, java.lang.Object, java.lang.Object, java.lang.Object, java.lang.Object, java.lang.Object, java.lang.Object, java.lang.Object, java.lang.Object, java.lang.Object, java.lang.Object, java.lang.Object, java.lang.Object, java.lang.Object, java.lang.Object, java.lang.Object, java.lang.Obj
Event: 70.134 Thread 0x000001ca790dee30 Exception <a 'java/lang/NoSuchMethodError'{0x0000000606b3d500}: 'java.lang.Object java.lang.invoke.DirectMethodHandle$Holder.invokeStatic(java.lang.Object, java.lang.Object, java.lang.Object, java.lang.Object, java.lang.Object, java.lang.Object, java.lang.Object, java.lang.Object, java.lang.Object, java.lang.Object, java.lang.Object, java.lang.Object, java.lang.Object, java.lang.Object, java.lang.Object, java.lang.Object, java.lang.Object, java.lang.Object, java.lang.Object, java.lang.Object, java.lang.Obj
Event: 70.220 Thread 0x000001ca790dee30 Exception <a 'java/lang/NoSuchMethodError'{0x0000000606b71dd8}: 'java.lang.Object java.lang.invoke.DirectMethodHandle$Holder.invokeStatic(java.lang.Object, java.lang.Object, java.lang.Object, java.lang.Object, java.lang.Object, java.lang.Object, java.lang.Object, java.lang.Object, java.lang.Object, java.lang.Object, java.lang.Object, java.lang.Object, java.lang.Object, java.lang.Object, java.lang.Object, java.lang.Object, java.lang.Object, java.lang.Object, java.lang.Object, java.lang.Object, java.lang.Obj
Event: 70.418 Thread 0x000001ca790dee30 Exception <a 'java/lang/NoSuchMethodError'{0x0000000606bc2f88}: 'int java.lang.invoke.DirectMethodHandle$Holder.invokeStatic(java.lang.Object, java.lang.Object, java.lang.Object, java.lang.Object)'> (0x0000000606bc2f88) 
thrown [s\src\hotspot\share\interpreter\linkResolver.cpp, line 773]
Event: 71.668 Thread 0x000001ca790dee30 Exception <a 'java/lang/IncompatibleClassChangeError'{0x000000060fb36268}: Found class java.lang.Object, but interface was expected> (0x000000060fb36268) 
thrown [s\src\hotspot\share\interpreter\linkResolver.cpp, line 840]
Event: 72.133 Thread 0x000001ca790dee30 Exception <a 'java/lang/NoSuchMethodError'{0x000000060fb4d678}: 'void java.lang.invoke.DirectMethodHandle$Holder.invokeVirtual(java.lang.Object, java.lang.Object, java.lang.Object, java.lang.Object, java.lang.Object)'> (0x000000060fb4d678) 
thrown [s\src\hotspot\share\interpreter\linkResolver.cpp, line 773]
Event: 72.890 Thread 0x000001ca790dee30 Exception <a 'java/lang/NoSuchMethodError'{0x0000000605317250}: 'java.lang.Object java.lang.invoke.DirectMethodHandle$Holder.invokeVirtual(java.lang.Object, java.lang.Object, java.lang.Object, java.lang.Object, java.lang.Object, java.lang.Object, java.lang.Object, java.lang.Object, java.lang.Object, java.lang.Object, java.lang.Object, java.lang.Object, java.lang.Object, java.lang.Object, java.lang.Object, java.lang.Object, java.lang.Object, java.lang.Object, java.lang.Object, java.lang.Object, java.lang.Ob
Event: 74.159 Thread 0x000001ca790dee30 Exception <a 'java/lang/NoSuchMethodError'{0x0000000604d034f8}: 'java.lang.Object java.lang.invoke.DirectMethodHandle$Holder.invokeSpecial(java.lang.Object, java.lang.Object, java.lang.Object, java.lang.Object, java.lang.Object, java.lang.Object, java.lang.Object, java.lang.Object, java.lang.Object, java.lang.Object, java.lang.Object, java.lang.Object, java.lang.Object, java.lang.Object, java.lang.Object, java.lang.Object, java.lang.Object, java.lang.Object, java.lang.Object, java.lang.Object, java.lang.Ob

ZGC Phase Switch (0 events):
No events

VM Operations (20 events):
Event: 65.586 Executing safepoint VM operation: Cleanup
Event: 65.601 Executing safepoint VM operation: Cleanup done
Event: 66.603 Executing safepoint VM operation: Cleanup
Event: 66.632 Executing safepoint VM operation: Cleanup done
Event: 67.633 Executing safepoint VM operation: Cleanup
Event: 67.648 Executing safepoint VM operation: Cleanup done
Event: 68.650 Executing safepoint VM operation: Cleanup
Event: 68.651 Executing safepoint VM operation: Cleanup done
Event: 70.589 Executing safepoint VM operation: G1CollectForAllocation (G1 Evacuation Pause)
Event: 70.647 Executing safepoint VM operation: G1CollectForAllocation (G1 Evacuation Pause) done
Event: 71.846 Executing safepoint VM operation: CollectForMetadataAllocation (Metadata GC Threshold)
Event: 71.906 Executing safepoint VM operation: CollectForMetadataAllocation (Metadata GC Threshold) done
Event: 71.922 Executing safepoint VM operation: G1PauseRemark
Event: 71.980 Executing safepoint VM operation: G1PauseRemark done
Event: 71.985 Executing safepoint VM operation: G1PauseCleanup
Event: 72.015 Executing safepoint VM operation: G1PauseCleanup done
Event: 73.025 Executing safepoint VM operation: Cleanup
Event: 73.055 Executing safepoint VM operation: Cleanup done
Event: 74.057 Executing safepoint VM operation: Cleanup
Event: 74.057 Executing safepoint VM operation: Cleanup done

Memory protections (0 events):
No events

Nmethod flushes (0 events):
No events

Events (20 events):
Event: 15.795 Thread 0x000001ca73675ef0 Thread added: 0x000001ca78e76700
Event: 16.664 Thread 0x000001ca78e76700 Thread exited: 0x000001ca78e76700
Event: 17.087 Thread 0x000001ca418b7770 Thread added: 0x000001ca78d62a90
Event: 23.784 Thread 0x000001ca418b7770 Thread added: 0x000001ca790f5040
Event: 24.924 Thread 0x000001ca418b7770 Thread added: 0x000001ca79a30bc0
Event: 27.919 Thread 0x000001ca790f5040 Thread added: 0x000001ca783da3f0
Event: 27.941 Thread 0x000001ca783da3f0 Thread added: 0x000001ca78dba4b0
Event: 28.142 Thread 0x000001ca783da3f0 Thread added: 0x000001ca7818c170
Event: 28.588 Thread 0x000001ca783da3f0 Thread added: 0x000001ca790dee30
Event: 29.689 Thread 0x000001ca790dee30 Thread added: 0x000001ca78532b40
Event: 29.701 Thread 0x000001ca790dee30 Thread added: 0x000001ca785331d0
Event: 29.758 Thread 0x000001ca790dee30 Thread added: 0x000001ca7852fd50
Event: 57.491 Thread 0x000001ca790dee30 Thread added: 0x000001ca78531e20
Event: 57.568 Thread 0x000001ca790dee30 Thread added: 0x000001ca78531100
Event: 58.579 Thread 0x000001ca78531100 Thread added: 0x000001ca785303e0
Event: 59.191 Thread 0x000001ca790dee30 Thread added: 0x000001ca785324b0
Event: 65.121 Thread 0x000001ca73675ef0 Thread added: 0x000001ca7a883900
Event: 65.121 Thread 0x000001ca73675ef0 Thread added: 0x000001ca7a4981b0
Event: 65.375 Thread 0x000001ca7a883900 Thread exited: 0x000001ca7a883900
Event: 65.375 Thread 0x000001ca7a4981b0 Thread exited: 0x000001ca7a4981b0


Dynamic libraries:
0x00007ff745c40000 - 0x00007ff745c4e000 	C:\Users\Lenovo\.vscode\extensions\redhat.java-1.56.0-win32-x64\jre\21.0.12.1-win32-x86_64\bin\java.exe
0x00007ffbbf700000 - 0x00007ffbbf967000 	C:\WINDOWS\SYSTEM32\ntdll.dll
0x00007ffbbe2b0000 - 0x00007ffbbe37b000 	C:\WINDOWS\System32\KERNEL32.DLL
0x00007ffbbcb20000 - 0x00007ffbbcf22000 	C:\WINDOWS\System32\KERNELBASE.dll
0x00007ffbbd210000 - 0x00007ffbbd35c000 	C:\WINDOWS\System32\ucrtbase.dll
0x00007ffb88300000 - 0x00007ffb88318000 	C:\Users\Lenovo\.vscode\extensions\redhat.java-1.56.0-win32-x64\jre\21.0.12.1-win32-x86_64\bin\jli.dll
0x00007ffbbe7a0000 - 0x00007ffbbe96f000 	C:\WINDOWS\System32\USER32.dll
0x00007ffbbc900000 - 0x00007ffbbc927000 	C:\WINDOWS\System32\win32u.dll
0x00007ffbbf100000 - 0x00007ffbbf12b000 	C:\WINDOWS\System32\GDI32.dll
0x00007ffbbc930000 - 0x00007ffbbca59000 	C:\WINDOWS\System32\gdi32full.dll
0x00007ffbbd370000 - 0x00007ffbbd413000 	C:\WINDOWS\System32\msvcp_win.dll
0x00007ffb85dc0000 - 0x00007ffb85dde000 	C:\Users\Lenovo\.vscode\extensions\redhat.java-1.56.0-win32-x64\jre\21.0.12.1-win32-x86_64\bin\VCRUNTIME140.dll
0x00007ffb9fc60000 - 0x00007ffb9fef0000 	C:\WINDOWS\WinSxS\amd64_microsoft.windows.common-controls_6595b64144ccf1df_6.0.26100.9278_none_3e0d1ba8e3303201\COMCTL32.dll
0x00007ffbbf050000 - 0x00007ffbbf0f9000 	C:\WINDOWS\System32\msvcrt.dll
0x00007ffbbe020000 - 0x00007ffbbe051000 	C:\WINDOWS\System32\IMM32.DLL
0x00007ffbb48a0000 - 0x00007ffbb48ac000 	C:\Users\Lenovo\.vscode\extensions\redhat.java-1.56.0-win32-x64\jre\21.0.12.1-win32-x86_64\bin\vcruntime140_1.dll
0x00007ffb24010000 - 0x00007ffb2409d000 	C:\Users\Lenovo\.vscode\extensions\redhat.java-1.56.0-win32-x64\jre\21.0.12.1-win32-x86_64\bin\msvcp140.dll
0x00007ffb157d0000 - 0x00007ffb16572000 	C:\Users\Lenovo\.vscode\extensions\redhat.java-1.56.0-win32-x64\jre\21.0.12.1-win32-x86_64\bin\server\jvm.dll
0x00007ffbbe080000 - 0x00007ffbbe13c000 	C:\WINDOWS\System32\ADVAPI32.dll
0x00007ffbbded0000 - 0x00007ffbbdf79000 	C:\WINDOWS\System32\sechost.dll
0x00007ffbbe980000 - 0x00007ffbbea98000 	C:\WINDOWS\System32\RPCRT4.dll
0x00007ffbbdf80000 - 0x00007ffbbe000000 	C:\WINDOWS\System32\WS2_32.dll
0x00007ffbbc760000 - 0x00007ffbbc7be000 	C:\WINDOWS\SYSTEM32\POWRPROF.dll
0x00007ffbb0f90000 - 0x00007ffbb0fc6000 	C:\WINDOWS\SYSTEM32\WINMM.dll
0x00007ffbb0bf0000 - 0x00007ffbb0bfb000 	C:\WINDOWS\SYSTEM32\VERSION.dll
0x00007ffbbc740000 - 0x00007ffbbc755000 	C:\WINDOWS\SYSTEM32\UMPDC.dll
0x00007ffbbb5d0000 - 0x00007ffbbb5eb000 	C:\WINDOWS\SYSTEM32\kernel.appcore.dll
0x00007ffb94250000 - 0x00007ffb9425a000 	C:\Users\Lenovo\.vscode\extensions\redhat.java-1.56.0-win32-x64\jre\21.0.12.1-win32-x86_64\bin\jimage.dll
0x00007ffbb9e40000 - 0x00007ffbba08c000 	C:\WINDOWS\SYSTEM32\DBGHELP.DLL
0x00007ffbbe380000 - 0x00007ffbbe705000 	C:\WINDOWS\System32\combase.dll
0x00007ffbbedc0000 - 0x00007ffbbee99000 	C:\WINDOWS\System32\OLEAUT32.dll
0x00007ffb90b80000 - 0x00007ffb90bbb000 	C:\WINDOWS\SYSTEM32\dbgcore.DLL
0x00007ffbbca60000 - 0x00007ffbbcb0c000 	C:\WINDOWS\System32\bcryptPrimitives.dll
0x00007ffb91690000 - 0x00007ffb9169f000 	C:\Users\Lenovo\.vscode\extensions\redhat.java-1.56.0-win32-x64\jre\21.0.12.1-win32-x86_64\bin\instrument.dll
0x00007ffb85cb0000 - 0x00007ffb85cd0000 	C:\Users\Lenovo\.vscode\extensions\redhat.java-1.56.0-win32-x64\jre\21.0.12.1-win32-x86_64\bin\java.dll
0x00007ffbbd720000 - 0x00007ffbbdeb8000 	C:\WINDOWS\System32\SHELL32.dll
0x00007ffbba380000 - 0x00007ffbbac2e000 	C:\WINDOWS\SYSTEM32\windows.storage.dll
0x00007ffbbf130000 - 0x00007ffbbf22b000 	C:\WINDOWS\System32\SHCORE.dll
0x00007ffbbed50000 - 0x00007ffbbedb6000 	C:\WINDOWS\System32\shlwapi.dll
0x00007ffbbc820000 - 0x00007ffbbc849000 	C:\WINDOWS\SYSTEM32\profapi.dll
0x00007ffb788d0000 - 0x00007ffb788e8000 	C:\Users\Lenovo\.vscode\extensions\redhat.java-1.56.0-win32-x64\jre\21.0.12.1-win32-x86_64\bin\zip.dll
0x00007ffb92ad0000 - 0x00007ffb92ae0000 	C:\Users\Lenovo\.vscode\extensions\redhat.java-1.56.0-win32-x64\jre\21.0.12.1-win32-x86_64\bin\net.dll
0x00007ffbb48d0000 - 0x00007ffbb49fa000 	C:\WINDOWS\SYSTEM32\WINHTTP.dll
0x00007ffbbbb90000 - 0x00007ffbbbbfc000 	C:\WINDOWS\system32\mswsock.dll
0x00007ffb4c8a0000 - 0x00007ffb4c8b6000 	C:\Users\Lenovo\.vscode\extensions\redhat.java-1.56.0-win32-x64\jre\21.0.12.1-win32-x86_64\bin\nio.dll
0x00007ffb8f3e0000 - 0x00007ffb8f3f0000 	C:\Users\Lenovo\.vscode\extensions\redhat.java-1.56.0-win32-x64\jre\21.0.12.1-win32-x86_64\bin\verify.dll
0x00007ffb6dff0000 - 0x00007ffb6e017000 	C:\Users\Lenovo\.gradle\native\660c5614fbf4a5f2a75b1949f50a0caf5cd603558e7d8a26e50b933a0cfb79d1\windows-amd64\native-platform.dll
0x00007ffb24e50000 - 0x00007ffb24ec7000 	C:\Users\Lenovo\.gradle\native\0.2.8\x86_64-windows-gnu\gradle-fileevents.dll
0x00007ffb8e1f0000 - 0x00007ffb8e1fa000 	C:\Users\Lenovo\.vscode\extensions\redhat.java-1.56.0-win32-x64\jre\21.0.12.1-win32-x86_64\bin\management.dll
0x00007ffb8d730000 - 0x00007ffb8d73c000 	C:\Users\Lenovo\.vscode\extensions\redhat.java-1.56.0-win32-x64\jre\21.0.12.1-win32-x86_64\bin\management_ext.dll
0x00007ffbbed40000 - 0x00007ffbbed48000 	C:\WINDOWS\System32\PSAPI.DLL
0x00007ffbbb0f0000 - 0x00007ffbbb123000 	C:\WINDOWS\SYSTEM32\IPHLPAPI.DLL
0x00007ffbbe010000 - 0x00007ffbbe01a000 	C:\WINDOWS\System32\NSI.dll
0x00007ffb8ce30000 - 0x00007ffb8ce39000 	C:\Users\Lenovo\.vscode\extensions\redhat.java-1.56.0-win32-x64\jre\21.0.12.1-win32-x86_64\bin\extnet.dll
0x00007ffbbbe80000 - 0x00007ffbbbe9b000 	C:\WINDOWS\SYSTEM32\CRYPTSP.dll
0x00007ffbbb530000 - 0x00007ffbbb569000 	C:\WINDOWS\system32\rsaenh.dll
0x00007ffbbbc40000 - 0x00007ffbbbc74000 	C:\WINDOWS\SYSTEM32\USERENV.dll
0x00007ffbbc7f0000 - 0x00007ffbbc81a000 	C:\WINDOWS\SYSTEM32\bcrypt.dll
0x00007ffbbbea0000 - 0x00007ffbbbeac000 	C:\WINDOWS\SYSTEM32\CRYPTBASE.dll
0x00007ffb9f680000 - 0x00007ffb9f68e000 	C:\Users\Lenovo\.vscode\extensions\redhat.java-1.56.0-win32-x64\jre\21.0.12.1-win32-x86_64\bin\sunmscapi.dll
0x00007ffbbd080000 - 0x00007ffbbd1fe000 	C:\WINDOWS\System32\CRYPT32.dll
0x00007ffbbc0c0000 - 0x00007ffbbc0f0000 	C:\WINDOWS\SYSTEM32\ncrypt.dll
0x00007ffbbc070000 - 0x00007ffbbc0af000 	C:\WINDOWS\SYSTEM32\NTASN1.dll
0x00007ffb4a520000 - 0x00007ffb4a528000 	C:\WINDOWS\system32\wshunix.dll

JVMTI agents:
C:\Users\Lenovo\.gradle\wrapper\dists\gradle-9.3.1-all\9ot9r568e8zfvvd4mn8rbu1j0\gradle-9.3.1\lib\agents\gradle-instrumentation-agent-9.3.1.jar path:C:\Users\Lenovo\.vscode\extensions\redhat.java-1.56.0-win32-x64\jre\21.0.12.1-win32-x86_64\bin\instrument.dll, loaded, initialized, instrumentlib options:none

dbghelp: loaded successfully - version: 4.0.5 - missing functions: none
symbol engine: initialized successfully - sym options: 0x614 - pdb path: .;C:\Users\Lenovo\.vscode\extensions\redhat.java-1.56.0-win32-x64\jre\21.0.12.1-win32-x86_64\bin;C:\WINDOWS\SYSTEM32;C:\WINDOWS\WinSxS\amd64_microsoft.windows.common-controls_6595b64144ccf1df_6.0.26100.9278_none_3e0d1ba8e3303201;C:\Users\Lenovo\.vscode\extensions\redhat.java-1.56.0-win32-x64\jre\21.0.12.1-win32-x86_64\bin\server;C:\Users\Lenovo\.gradle\native\660c5614fbf4a5f2a75b1949f50a0caf5cd603558e7d8a26e50b933a0cfb79d1\windows-amd64;C:\Users\Lenovo\.gradle\native\0.2.8\x86_64-windows-gnu

VM Arguments:
jvm_args: --add-opens=java.base/java.lang=ALL-UNNAMED --add-opens=java.base/java.lang.invoke=ALL-UNNAMED --add-opens=java.base/java.util=ALL-UNNAMED --add-opens=java.prefs/java.util.prefs=ALL-UNNAMED --add-exports=jdk.compiler/com.sun.tools.javac.api=ALL-UNNAMED --add-exports=jdk.compiler/com.sun.tools.javac.util=ALL-UNNAMED --add-opens=java.base/java.util=ALL-UNNAMED --add-opens=java.prefs/java.util.prefs=ALL-UNNAMED --add-opens=java.base/java.nio.charset=ALL-UNNAMED --add-opens=java.base/java.net=ALL-UNNAMED --add-opens=java.base/java.util.concurrent=ALL-UNNAMED --add-opens=java.base/java.util.concurrent.atomic=ALL-UNNAMED --add-opens=java.xml/javax.xml.namespace=ALL-UNNAMED --add-opens=java.base/java.time=ALL-UNNAMED -XX:MaxMetaspaceSize=4G -XX:ReservedCodeCacheSize=512m -XX:+HeapDumpOnOutOfMemoryError -Xmx8G -Dfile.encoding=UTF-8 -Duser.country=US -Duser.language=en -Duser.variant -javaagent:C:\Users\Lenovo\.gradle\wrapper\dists\gradle-9.3.1-all\9ot9r568e8zfvvd4mn8rbu1j0\gradle-9.3.1\lib\agents\gradle-instrumentation-agent-9.3.1.jar 
java_command: org.gradle.launcher.daemon.bootstrap.GradleDaemon 9.3.1
java_class_path (initial): C:\Users\Lenovo\.gradle\wrapper\dists\gradle-9.3.1-all\9ot9r568e8zfvvd4mn8rbu1j0\gradle-9.3.1\lib\gradle-daemon-main-9.3.1.jar
Launcher Type: SUN_STANDARD

[Global flags]
     intx CICompilerCount                          = 4                                         {product} {ergonomic}
     uint ConcGCThreads                            = 2                                         {product} {ergonomic}
     uint G1ConcRefinementThreads                  = 8                                         {product} {ergonomic}
   size_t G1HeapRegionSize                         = 4194304                                   {product} {ergonomic}
    uintx GCDrainStackTargetSize                   = 64                                        {product} {ergonomic}
     bool HeapDumpOnOutOfMemoryError               = true                                   {manageable} {command line}
   size_t InitialHeapSize                          = 264241152                                 {product} {ergonomic}
   size_t MarkStackSize                            = 4194304                                   {product} {ergonomic}
   size_t MaxHeapSize                              = 8589934592                                {product} {command line}
   size_t MaxMetaspaceSize                         = 4294967296                                {product} {command line}
   size_t MaxNewSize                               = 5150605312                                {product} {ergonomic}
   size_t MinHeapDeltaBytes                        = 4194304                                   {product} {ergonomic}
   size_t MinHeapSize                              = 8388608                                   {product} {ergonomic}
    uintx NonNMethodCodeHeapSize                   = 5839372                                {pd product} {ergonomic}
    uintx NonProfiledCodeHeapSize                  = 265515770                              {pd product} {ergonomic}
    uintx ProfiledCodeHeapSize                     = 265515770                              {pd product} {ergonomic}
    uintx ReservedCodeCacheSize                    = 536870912                              {pd product} {command line}
     bool SegmentedCodeCache                       = true                                      {product} {ergonomic}
   size_t SoftMaxHeapSize                          = 8589934592                             {manageable} {ergonomic}
     bool UseCompressedOops                        = true                           {product lp64_product} {ergonomic}
     bool UseG1GC                                  = true                                      {product} {ergonomic}
     bool UseLargePagesIndividualAllocation        = false                                  {pd product} {ergonomic}

Logging:
Log output configuration:
 #0: stdout all=warning uptime,level,tags foldmultilines=false
 #1: stderr all=off uptime,level,tags foldmultilines=false

Release file:
JAVA_VERSION="21.0.12.1" 
MODULES="java.base java.compiler java.datatransfer java.xml java.prefs java.desktop java.instrument java.logging java.management java.security.sasl java.naming java.rmi java.management.rmi java.net.http java.scripting java.security.jgss java.transaction.xa java.sql java.sql.rowset java.xml.crypto java.se java.smartcardio jdk.accessibility jdk.internal.jvmstat jdk.attach jdk.charsets jdk.internal.opt jdk.zipfs jdk.compiler jdk.crypto.ec jdk.crypto.cryptoki jdk.crypto.mscapi jdk.dynalink jdk.internal.ed jdk.editpad jdk.hotspot.agent jdk.httpserver jdk.internal.le jdk.internal.vm.ci jdk.internal.vm.compiler jdk.internal.vm.compiler.management jdk.jartool jdk.javadoc jdk.jcmd jdk.management jdk.management.agent jdk.jconsole jdk.jdeps jdk.jdwp.agent jdk.jdi jdk.jfr jdk.jshell jdk.jsobject jdk.jstatd jdk.localedata jdk.management.jfr jdk.naming.dns jdk.naming.rmi jdk.net jdk.nio.mapmode jdk.random jdk.sctp jdk.security.auth jdk.security.jgss jdk.unsupported jdk.unsupported.desktop jdk.xml.dom" 

Environment Variables:
PATH=C:\Program Files (x86)\Pervasive Software\PSQL\bin\;C:\Program Files\Common Files\Oracle\Java\javapath;C:\Program Files\Python313\Scripts\;C:\Program Files\Python313\;C:\Program Files\Python310\Scripts\;C:\Program Files\Python310\;"C:\xampp\php;C:\WINDOWS\system32";C:\WINDOWS;C:\WINDOWS\System32\Wbem;C:\WINDOWS\System32\WindowsPowerShell\v1.0\;C:\WINDOWS\System32\OpenSSH\;C:\WINDOWS\system32;C:\Program Files\Git\cmd;C:\ProgramData\chocolatey\bin;C:\ngrok;C:\Program Files\nodejs\;C:\Users\Lenovo\AppData\Local\Programs\Python\Python313\Scripts\;C:\Users\Lenovo\AppData\Local\Programs\Python\Python313\;C:\Users\Lenovo\AppData\Local\Programs\Python\Launcher\;C:\Users\Lenovo\AppData\Local\Microsoft\WindowsApps;C:\Users\Lenovo\AppData\Local\Programs\Microsoft VS Code\bin;C:\Program Files\Java\jdk-24\bin;C:\Program Files\Java\jdk-24\bin;C:\Program Files\JetBrains\IntelliJ IDEA 2025.1.2\bin;;C:\Users\Lenovo\AppData\Local\Programs\Ollama;C:\Users\Lenovo\AppData\Roaming\npm;C:\Users\Lenovo\AppData\Local\Programs\Podman\;C:\Users\Lenovo\AppData\Local\Kingsoft\WPS Office\12.1.0.27458\clitool;C:\Users\Lenovo\OneDrive\Desktop\flutter\flutter\bin;
USERNAME=Lenovo
OS=Windows_NT
PROCESSOR_IDENTIFIER=Intel64 Family 6 Model 140 Stepping 1, GenuineIntel
TMP=C:\Users\Lenovo\AppData\Local\Temp
TEMP=C:\Users\Lenovo\AppData\Local\Temp




Periodic native trim disabled

---------------  S Y S T E M  ---------------

OS:
 Windows 11 , 64 bit Build 26100 (10.0.26100.9444)
OS uptime: 0 days 2:51 hours

CPU: total 8 (initial active 8) (4 cores per cpu, 2 threads per core) family 6 model 140 stepping 1 microcode 0x86, cx8, cmov, fxsr, ht, mmx, 3dnowpref, sse, sse2, sse3, ssse3, sse4.1, sse4.2, popcnt, lzcnt, tsc, tscinvbit, avx, avx2, aes, erms, clmul, bmi1, bmi2, adx, avx512f, avx512dq, avx512cd, avx512bw, avx512vl, sha, fma, vzeroupper, avx512_vpopcntdq, avx512_vpclmulqdq, avx512_vaes, avx512_vnni, clflush, clflushopt, clwb, avx512_vbmi2, avx512_vbmi, rdtscp, rdpid, fsrm, gfni, avx512_bitalg, f16c, pku, cet_ibt, cet_ss, avx512_ifma
Processor Information for the first 8 processors :
  Max Mhz: 2803, Current Mhz: 2803, Mhz Limit: 2803

Memory: 4k page, system-wide physical 16086M (522M free)
TotalPageFile size 65238M (AvailPageFile size 1073M)
current process WorkingSet (physical memory assigned to process): 109M, peak: 196M
current process commit charge ("private bytes"): 238M, peak: 414M

vm_info: OpenJDK 64-Bit Server VM (21.0.12.1+1-LTS) for windows-amd64 JRE (21.0.12.1+1-LTS), built on 2026-08-18T00:00:00Z by "admin" with MS VC++ 17.12 (VS2022)

END.
