#
# There is insufficient memory for the Java Runtime Environment to continue.
# Native memory allocation (mmap) failed to map 65536 bytes. Error detail: Failed to commit metaspace.
# Possible reasons:
#   The system is out of physical RAM or swap space
#   This process is running with CompressedOops enabled, and the Java Heap may be blocking the growth of the native heap
# Possible solutions:
#   Reduce memory load on the system
#   Increase physical memory or swap space
#   Check if swap backing store is full
#   Decrease Java heap size (-Xmx/-Xms)
#   Decrease number of Java threads
#   Decrease Java thread stack sizes (-Xss)
#   Set larger code cache with -XX:ReservedCodeCacheSize=
#   JVM is running with Zero Based Compressed Oops mode in which the Java heap is
#     placed in the first 32GB address space. The Java Heap base address is the
#     maximum limit for the native heap growth. Please use -XX:HeapBaseMinAddress
#     to set the Java Heap base and to place the Java Heap above 32GB virtual address.
# This output file may be truncated or incomplete.
#
#  Out of Memory Error (virtualSpaceNode.cpp:113), pid=36484, tid=53544
#
# JRE version: OpenJDK Runtime Environment Temurin-21.0.12.1+1 (21.0.12.1+1) (build 21.0.12.1+1-LTS)
# Java VM: OpenJDK 64-Bit Server VM Temurin-21.0.12.1+1 (21.0.12.1+1-LTS, mixed mode, sharing, tiered, compressed oops, compressed class ptrs, g1 gc, windows-amd64)
# No core dump will be written. Minidumps are not enabled by default on client versions of Windows
#

---------------  S U M M A R Y ------------

Command Line: --add-opens=java.base/java.lang=ALL-UNNAMED --add-opens=java.base/java.lang.invoke=ALL-UNNAMED --add-opens=java.base/java.util=ALL-UNNAMED --add-opens=java.prefs/java.util.prefs=ALL-UNNAMED --add-exports=jdk.compiler/com.sun.tools.javac.api=ALL-UNNAMED --add-exports=jdk.compiler/com.sun.tools.javac.util=ALL-UNNAMED --add-opens=java.base/java.util=ALL-UNNAMED --add-opens=java.prefs/java.util.prefs=ALL-UNNAMED --add-opens=java.base/java.nio.charset=ALL-UNNAMED --add-opens=java.base/java.net=ALL-UNNAMED --add-opens=java.base/java.util.concurrent=ALL-UNNAMED --add-opens=java.base/java.util.concurrent.atomic=ALL-UNNAMED --add-opens=java.xml/javax.xml.namespace=ALL-UNNAMED --add-opens=java.base/java.time=ALL-UNNAMED -XX:MaxMetaspaceSize=4G -XX:ReservedCodeCacheSize=512m -XX:+HeapDumpOnOutOfMemoryError -Xmx8G -Dfile.encoding=UTF-8 -Duser.country=US -Duser.language=en -Duser.variant -javaagent:C:\Users\Lenovo\.gradle\wrapper\dists\gradle-9.3.1-all\9ot9r568e8zfvvd4mn8rbu1j0\gradle-9.3.1\lib\agents\gradle-instrumentation-agent-9.3.1.jar org.gradle.launcher.daemon.bootstrap.GradleDaemon 9.3.1

Host: 11th Gen Intel(R) Core(TM) i7-1165G7 @ 2.80GHz, 8 cores, 15G,  Windows 11 , 64 bit Build 26100 (10.0.26100.9444)
Time: Sun Sep 27 04:43:04 2026 Pakistan Standard Time elapsed time: 75.024622 seconds (0d 0h 1m 15s)

---------------  T H R E A D  ---------------

Current thread (0x000001b82b59a310):  JavaThread "Daemon worker"        [_thread_in_vm, id=53544, stack(0x00000029d8f00000,0x00000029d9000000) (1024K)]

Stack: [0x00000029d8f00000,0x00000029d9000000]
Native frames: (J=compiled Java code, j=interpreted, Vv=VM code, C=native code)
V  [jvm.dll+0x6d83e9]
V  [jvm.dll+0x8b5736]
V  [jvm.dll+0x8b7cee]
V  [jvm.dll+0x8b83d3]
V  [jvm.dll+0x284596]
V  [jvm.dll+0x8b147e]
V  [jvm.dll+0x679ad4]
V  [jvm.dll+0x1e849b]
V  [jvm.dll+0x1e825e]
V  [jvm.dll+0x67c3d2]
V  [jvm.dll+0x67c202]
V  [jvm.dll+0x67a4ae]
V  [jvm.dll+0x26f816]
V  [jvm.dll+0x21a11f]
V  [jvm.dll+0x20f80e]
V  [jvm.dll+0x5b6a7f]
V  [jvm.dll+0x82f77d]
V  [jvm.dll+0x479a6e]
V  [jvm.dll+0x48cde6]
C  [java.dll+0x1657]

Java frames: (J=compiled Java code, j=interpreted, Vv=VM code)
J 1945  java.lang.ClassLoader.defineClass0(Ljava/lang/ClassLoader;Ljava/lang/Class;Ljava/lang/String;[BIILjava/security/ProtectionDomain;ZILjava/lang/Object;)Ljava/lang/Class; java.base@21.0.12.1 (0 bytes) @ 0x000001b7c84f293c [0x000001b7c84f2840+0x00000000000000fc]
J 2851 c1 java.lang.System$2.defineClass(Ljava/lang/ClassLoader;Ljava/lang/Class;Ljava/lang/String;[BLjava/security/ProtectionDomain;ZILjava/lang/Object;)Ljava/lang/Class; java.base@21.0.12.1 (21 bytes) @ 0x000001b7b86c5574 [0x000001b7b86c54c0+0x00000000000000b4]
J 2582 c1 java.lang.invoke.MethodHandles$Lookup$ClassDefiner.defineClass(ZLjava/lang/Object;)Ljava/lang/Class; java.base@21.0.12.1 (213 bytes) @ 0x000001b7b8633f2c [0x000001b7b86339a0+0x000000000000058c]
J 2954 c1 java.lang.invoke.InvokerBytecodeGenerator.loadMethod([B)Ljava/lang/invoke/MemberName; java.base@21.0.12.1 (39 bytes) @ 0x000001b7b86f870c [0x000001b7b86f8580+0x000000000000018c]
J 2573 c1 java.lang.invoke.InvokerBytecodeGenerator.generateCustomizedCode(Ljava/lang/invoke/LambdaForm;Ljava/lang/invoke/MethodType;)Ljava/lang/invoke/MemberName; java.base@21.0.12.1 (34 bytes) @ 0x000001b7b862dc34 [0x000001b7b862da80+0x00000000000001b4]
J 2723 c1 java.lang.invoke.LambdaForm.compileToBytecode()V java.base@21.0.12.1 (164 bytes) @ 0x000001b7b8667a74 [0x000001b7b8667880+0x00000000000001f4]
j  java.lang.invoke.DirectMethodHandle.makePreparedLambdaForm(Ljava/lang/invoke/MethodType;I)Ljava/lang/invoke/LambdaForm;+750 java.base@21.0.12.1
J 1748 c1 java.lang.invoke.DirectMethodHandle.preparedLambdaForm(Ljava/lang/invoke/MemberName;Z)Ljava/lang/invoke/LambdaForm; java.base@21.0.12.1 (244 bytes) @ 0x000001b7b8492ddc [0x000001b7b8492400+0x00000000000009dc]
J 2008 c1 java.lang.invoke.DirectMethodHandle.make(BLjava/lang/Class;Ljava/lang/invoke/MemberName;Ljava/lang/Class;)Ljava/lang/invoke/DirectMethodHandle; java.base@21.0.12.1 (275 bytes) @ 0x000001b7b8519544 [0x000001b7b8518840+0x0000000000000d04]
J 2615 c1 java.lang.invoke.MethodHandles$Lookup.getDirectMethodCommon(BLjava/lang/Class;Ljava/lang/invoke/MemberName;ZZLjava/lang/invoke/MethodHandles$Lookup;)Ljava/lang/invoke/MethodHandle; java.base@21.0.12.1 (300 bytes) @ 0x000001b7b863f3a4 [0x000001b7b863e980+0x0000000000000a24]
J 3225 c1 java.lang.invoke.MethodHandles$Lookup.getDirectMethod(BLjava/lang/Class;Ljava/lang/invoke/MemberName;Ljava/lang/invoke/MethodHandles$Lookup;)Ljava/lang/invoke/MethodHandle; java.base@21.0.12.1 (18 bytes) @ 0x000001b7b876f254 [0x000001b7b876f1c0+0x0000000000000094]
J 3435 c1 java.lang.invoke.MethodHandles$Lookup.findVirtual(Ljava/lang/Class;Ljava/lang/String;Ljava/lang/invoke/MethodType;)Ljava/lang/invoke/MethodHandle; java.base@21.0.12.1 (91 bytes) @ 0x000001b7b87e3a3c [0x000001b7b87e3260+0x00000000000007dc]
J 3647 c1 java.lang.invoke.MethodHandleImpl$1.findVirtual(Ljava/lang/Class;Ljava/lang/String;Ljava/lang/invoke/MethodType;)Ljava/lang/invoke/MethodHandle; java.base@21.0.12.1 (14 bytes) @ 0x000001b7b885f24c [0x000001b7b885f1c0+0x000000000000008c]
J 3351 c1 jdk.internal.reflect.MethodHandleAccessorFactory.getDirectMethod(Ljava/lang/reflect/Method;Z)Ljava/lang/invoke/MethodHandle; java.base@21.0.12.1 (86 bytes) @ 0x000001b7b87bfb3c [0x000001b7b87bf7c0+0x000000000000037c]
J 3350 c1 jdk.internal.reflect.MethodHandleAccessorFactory.newMethodAccessor(Ljava/lang/reflect/Method;Z)Ljdk/internal/reflect/MethodAccessorImpl; java.base@21.0.12.1 (61 bytes) @ 0x000001b7b87bec2c [0x000001b7b87be780+0x00000000000004ac]
J 3349 c1 jdk.internal.reflect.ReflectionFactory.newMethodAccessor(Ljava/lang/reflect/Method;Z)Ljdk/internal/reflect/MethodAccessor; java.base@21.0.12.1 (69 bytes) @ 0x000001b7b87be14c [0x000001b7b87bdf00+0x000000000000024c]
J 3485 c1 java.lang.reflect.Method.acquireMethodAccessor()Ljdk/internal/reflect/MethodAccessor; java.base@21.0.12.1 (55 bytes) @ 0x000001b7b8801384 [0x000001b7b8801220+0x0000000000000164]
J 4675 c1 org.gradle.internal.dispatch.MethodInvocation.invokeOn(Ljava/lang/Object;)V (40 bytes) @ 0x000001b7b820f404 [0x000001b7b820ed60+0x00000000000006a4]
J 4673 c1 org.gradle.internal.dispatch.ReflectionDispatch.dispatch(Ljava/lang/Object;)V (9 bytes) @ 0x000001b7b817d73c [0x000001b7b817d560+0x00000000000001dc]
J 4226 c1 org.gradle.internal.event.AbstractBroadcastDispatch.dispatch(Lorg/gradle/internal/dispatch/MethodInvocation;Lorg/gradle/internal/dispatch/Dispatch;)V (74 bytes) @ 0x000001b7b8389d84 [0x000001b7b8389c60+0x0000000000000124]
J 4739 c1 org.gradle.internal.event.BroadcastDispatch$SingletonDispatch.dispatch(Ljava/lang/Object;)V (9 bytes) @ 0x000001b7b82177fc [0x000001b7b82175c0+0x000000000000023c]
j  org.gradle.internal.event.AbstractBroadcastDispatch.dispatch(Lorg/gradle/internal/dispatch/MethodInvocation;Ljava/util/Iterator;)V+25
J 4663 c1 org.gradle.internal.event.AbstractBroadcastDispatch.dispatch(Lorg/gradle/internal/dispatch/MethodInvocation;Ljava/util/List;)V (65 bytes) @ 0x000001b7b81e99fc [0x000001b7b81e97a0+0x000000000000025c]
j  org.gradle.internal.event.BroadcastDispatch$CompositeDispatch.dispatch(Lorg/gradle/internal/dispatch/MethodInvocation;)V+6
j  org.gradle.internal.event.BroadcastDispatch$CompositeDispatch.dispatch(Ljava/lang/Object;)V+5
j  org.gradle.internal.event.ListenerBroadcast.dispatch(Lorg/gradle/internal/dispatch/MethodInvocation;)V+5
j  org.gradle.internal.event.ListenerBroadcast.dispatch(Ljava/lang/Object;)V+5
j  org.gradle.internal.dispatch.ProxyDispatchAdapter$DispatchingInvocationHandler.invoke(Ljava/lang/Object;Ljava/lang/reflect/Method;[Ljava/lang/Object;)Ljava/lang/Object;+259
j  jdk.proxy1.$Proxy69.afterEvaluate(Lorg/gradle/api/Project;Lorg/gradle/api/ProjectState;)V+20 jdk.proxy1
j  org.gradle.configuration.project.LifecycleProjectEvaluator$NotifyAfterEvaluate$1.execute(Lorg/gradle/api/ProjectEvaluationListener;)V+15
j  org.gradle.configuration.project.LifecycleProjectEvaluator$NotifyAfterEvaluate$1.execute(Ljava/lang/Object;)V+5
j  org.gradle.api.internal.project.DefaultProject.stepEvaluationListener(Lorg/gradle/api/ProjectEvaluationListener;Lorg/gradle/api/Action;)Lorg/gradle/api/ProjectEvaluationListener;+19
j  org.gradle.configuration.project.LifecycleProjectEvaluator$NotifyAfterEvaluate.run(Lorg/gradle/internal/operations/BuildOperationContext;)V+25
j  org.gradle.internal.operations.DefaultBuildOperationRunner$1.execute(Lorg/gradle/internal/operations/RunnableBuildOperation;Lorg/gradle/internal/operations/BuildOperationContext;)V+2
j  org.gradle.internal.operations.DefaultBuildOperationRunner$1.execute(Lorg/gradle/internal/operations/BuildOperation;Lorg/gradle/internal/operations/BuildOperationContext;)V+6
j  org.gradle.internal.operations.DefaultBuildOperationRunner$2.execute(Lorg/gradle/internal/operations/BuildOperationDescriptor;Lorg/gradle/internal/operations/BuildOperationState;Lorg/gradle/internal/operations/BuildOperationState;Lorg/gradle/internal/operations/DefaultBuildOperationRunner$ReadableBuildOperationContext;Lorg/gradle/internal/operations/DefaultBuildOperationRunner$BuildOperationExecutionListener;)Lorg/gradle/internal/operations/BuildOperation;+22
j  org.gradle.internal.operations.DefaultBuildOperationRunner$2.execute(Lorg/gradle/internal/operations/BuildOperationDescriptor;Lorg/gradle/internal/operations/BuildOperationState;Lorg/gradle/internal/operations/BuildOperationState;Lorg/gradle/internal/operations/DefaultBuildOperationRunner$ReadableBuildOperationContext;Lorg/gradle/internal/operations/DefaultBuildOperationRunner$BuildOperationExecutionListener;)Ljava/lang/Object;+8
j  org.gradle.internal.operations.DefaultBuildOperationRunner.execute(Lorg/gradle/internal/operations/BuildOperationDescriptor$Builder;Lorg/gradle/internal/operations/DefaultBuildOperationRunner$BuildOperationExecution;)Ljava/lang/Object;+141
j  org.gradle.internal.operations.DefaultBuildOperationRunner.execute(Lorg/gradle/internal/operations/BuildOperation;Lorg/gradle/internal/operations/BuildOperationWorker;)V+17
j  org.gradle.internal.operations.DefaultBuildOperationRunner.run(Lorg/gradle/internal/operations/RunnableBuildOperation;)V+5
j  org.gradle.configuration.project.LifecycleProjectEvaluator$EvaluateProject.lambda$run$0(Lorg/gradle/internal/operations/BuildOperationContext;Lorg/gradle/api/internal/project/ProjectInternal;)V+194
j  org.gradle.configuration.project.LifecycleProjectEvaluator$EvaluateProject$$Lambda+0x000001b7e76f0250.accept(Ljava/lang/Object;)V+12
j  org.gradle.api.internal.project.DefaultProjectStateRegistry$ProjectStateImpl.lambda$applyToMutableState$0(Ljava/util/function/Consumer;Lorg/gradle/api/internal/project/ProjectInternal;)Ljava/lang/Object;+2
j  org.gradle.api.internal.project.DefaultProjectStateRegistry$ProjectStateImpl$$Lambda+0x000001b7e76f0488.apply(Ljava/lang/Object;)Ljava/lang/Object;+8
j  org.gradle.api.internal.project.DefaultProjectStateRegistry$ProjectStateImpl.lambda$fromMutableState$1(Ljava/util/function/Function;)Ljava/lang/Object;+5
j  org.gradle.api.internal.project.DefaultProjectStateRegistry$ProjectStateImpl$$Lambda+0x000001b7e76f06d0.get()Ljava/lang/Object;+8
j  org.gradle.api.internal.project.DefaultProjectStateRegistry$ProjectStateImpl$$Lambda+0x000001b7e76f08f8.create()Ljava/lang/Object;+4
j  org.gradle.internal.work.DefaultWorkerLeaseService.lambda$withLocksAcquired$0(Lorg/gradle/internal/Factory;Ljava/util/Collection;)Ljava/lang/Object;+1
j  org.gradle.internal.work.DefaultWorkerLeaseService$$Lambda+0x000001b7e7284000.create()Ljava/lang/Object;+12
j  org.gradle.internal.work.ResourceLockStatistics$1.measure(Ljava/lang/String;Ljava/lang/Iterable;Lorg/gradle/internal/Factory;)Ljava/lang/Object;+1
j  org.gradle.internal.work.DefaultWorkerLeaseService.withLocksAcquired(Ljava/util/Collection;Lorg/gradle/internal/Factory;)Ljava/lang/Object;+21
j  org.gradle.internal.work.DefaultWorkerLeaseService.lambda$withReplacedLocks$3(Lorg/gradle/internal/resources/ResourceLock;Lorg/gradle/internal/Factory;)Ljava/lang/Object;+6
j  org.gradle.internal.work.DefaultWorkerLeaseService$$Lambda+0x000001b7e76f0b20.create()Ljava/lang/Object;+12
j  org.gradle.internal.work.DefaultWorkerLeaseService.withoutLocks(Ljava/util/Collection;Lorg/gradle/internal/Factory;)Ljava/lang/Object;+10
j  org.gradle.internal.work.DefaultWorkerLeaseService.withReplacedLocks(Ljava/util/Collection;Lorg/gradle/internal/resources/ResourceLock;Lorg/gradle/internal/Factory;)Ljava/lang/Object;+27
j  org.gradle.api.internal.project.DefaultProjectStateRegistry$ProjectStateImpl.runWithModelLock(Ljava/util/function/Supplier;)Ljava/lang/Object;+129
j  org.gradle.api.internal.project.DefaultProjectStateRegistry$ProjectStateImpl.fromMutableState(Ljava/util/function/Function;)Ljava/lang/Object;+8
j  org.gradle.api.internal.project.DefaultProjectStateRegistry$ProjectStateImpl.applyToMutableState(Ljava/util/function/Consumer;)V+7
j  org.gradle.configuration.project.LifecycleProjectEvaluator$EvaluateProject.run(Lorg/gradle/internal/operations/BuildOperationContext;)V+16
j  org.gradle.internal.operations.DefaultBuildOperationRunner$1.execute(Lorg/gradle/internal/operations/RunnableBuildOperation;Lorg/gradle/internal/operations/BuildOperationContext;)V+2
j  org.gradle.internal.operations.DefaultBuildOperationRunner$1.execute(Lorg/gradle/internal/operations/BuildOperation;Lorg/gradle/internal/operations/BuildOperationContext;)V+6
j  org.gradle.internal.operations.DefaultBuildOperationRunner$2.execute(Lorg/gradle/internal/operations/BuildOperationDescriptor;Lorg/gradle/internal/operations/BuildOperationState;Lorg/gradle/internal/operations/BuildOperationState;Lorg/gradle/internal/operations/DefaultBuildOperationRunner$ReadableBuildOperationContext;Lorg/gradle/internal/operations/DefaultBuildOperationRunner$BuildOperationExecutionListener;)Lorg/gradle/internal/operations/BuildOperation;+22
j  org.gradle.internal.operations.DefaultBuildOperationRunner$2.execute(Lorg/gradle/internal/operations/BuildOperationDescriptor;Lorg/gradle/internal/operations/BuildOperationState;Lorg/gradle/internal/operations/BuildOperationState;Lorg/gradle/internal/operations/DefaultBuildOperationRunner$ReadableBuildOperationContext;Lorg/gradle/internal/operations/DefaultBuildOperationRunner$BuildOperationExecutionListener;)Ljava/lang/Object;+8
j  org.gradle.internal.operations.DefaultBuildOperationRunner.execute(Lorg/gradle/internal/operations/BuildOperationDescriptor$Builder;Lorg/gradle/internal/operations/DefaultBuildOperationRunner$BuildOperationExecution;)Ljava/lang/Object;+141
j  org.gradle.internal.operations.DefaultBuildOperationRunner.execute(Lorg/gradle/internal/operations/BuildOperation;Lorg/gradle/internal/operations/BuildOperationWorker;)V+17
j  org.gradle.internal.operations.DefaultBuildOperationRunner.run(Lorg/gradle/internal/operations/RunnableBuildOperation;)V+5
j  org.gradle.configuration.project.LifecycleProjectEvaluator.evaluate(Lorg/gradle/api/internal/project/ProjectInternal;Lorg/gradle/api/internal/project/ProjectStateInternal;)V+42
j  org.gradle.api.internal.project.DefaultProject.evaluateUnchecked()Lorg/gradle/api/internal/project/ProjectInternal;+20
j  org.gradle.api.internal.project.ProjectLifecycleController.lambda$ensureSelfConfigured$2()V+4
j  org.gradle.api.internal.project.ProjectLifecycleController$$Lambda+0x000001b7e76eacf0.run()V+4
j  org.gradle.internal.model.StateTransitionController.lambda$doTransition$14(Ljava/lang/Runnable;)Lorg/gradle/internal/build/ExecutionResult;+1
j  org.gradle.internal.model.StateTransitionController$$Lambda+0x000001b7e743fc50.get()Ljava/lang/Object;+4
j  org.gradle.internal.model.StateTransitionController.doTransition(Lorg/gradle/internal/model/StateTransitionController$State;Lorg/gradle/internal/model/StateTransitionController$State;Ljava/util/function/Supplier;)Lorg/gradle/internal/build/ExecutionResult;+24
j  org.gradle.internal.model.StateTransitionController.doTransition(Lorg/gradle/internal/model/StateTransitionController$State;Lorg/gradle/internal/model/StateTransitionController$State;Ljava/lang/Runnable;)V+9
j  org.gradle.internal.model.StateTransitionController.lambda$maybeTransitionIfNotCurrentlyTransitioning$10(Lorg/gradle/internal/model/StateTransitionController$State;Lorg/gradle/internal/model/StateTransitionController$State;Ljava/lang/Runnable;)V+16
j  org.gradle.internal.model.StateTransitionController$$Lambda+0x000001b7e76eaf18.run()V+16
j  org.gradle.internal.work.DefaultSynchronizer.withLock(Ljava/lang/Runnable;)V+6
j  org.gradle.internal.model.StateTransitionController.maybeTransitionIfNotCurrentlyTransitioning(Lorg/gradle/internal/model/StateTransitionController$State;Lorg/gradle/internal/model/StateTransitionController$State;Ljava/lang/Runnable;)V+13
j  org.gradle.api.internal.project.ProjectLifecycleController.ensureSelfConfigured()V+16
j  org.gradle.api.internal.project.DefaultProjectStateRegistry$ProjectStateImpl.ensureConfigured()V+19
j  org.gradle.execution.TaskPathProjectEvaluator.configure(Lorg/gradle/api/internal/project/ProjectInternal;)V+6
j  org.gradle.execution.TaskPathProjectEvaluator.configureHierarchy(Lorg/gradle/api/internal/project/ProjectInternal;)V+2
j  org.gradle.configuration.DefaultProjectsPreparer.prepareProjects(Lorg/gradle/api/internal/GradleInternal;)V+52
j  org.gradle.configuration.BuildTreePreparingProjectsPreparer.prepareProjects(Lorg/gradle/api/internal/GradleInternal;)V+114
j  org.gradle.configuration.BuildOperationFiringProjectsPreparer$ConfigureBuild.run(Lorg/gradle/internal/operations/BuildOperationContext;)V+11
j  org.gradle.internal.operations.DefaultBuildOperationRunner$1.execute(Lorg/gradle/internal/operations/RunnableBuildOperation;Lorg/gradle/internal/operations/BuildOperationContext;)V+2
j  org.gradle.internal.operations.DefaultBuildOperationRunner$1.execute(Lorg/gradle/internal/operations/BuildOperation;Lorg/gradle/internal/operations/BuildOperationContext;)V+6
j  org.gradle.internal.operations.DefaultBuildOperationRunner$2.execute(Lorg/gradle/internal/operations/BuildOperationDescriptor;Lorg/gradle/internal/operations/BuildOperationState;Lorg/gradle/internal/operations/BuildOperationState;Lorg/gradle/internal/operations/DefaultBuildOperationRunner$ReadableBuildOperationContext;Lorg/gradle/internal/operations/DefaultBuildOperationRunner$BuildOperationExecutionListener;)Lorg/gradle/internal/operations/BuildOperation;+22
j  org.gradle.internal.operations.DefaultBuildOperationRunner$2.execute(Lorg/gradle/internal/operations/BuildOperationDescriptor;Lorg/gradle/internal/operations/BuildOperationState;Lorg/gradle/internal/operations/BuildOperationState;Lorg/gradle/internal/operations/DefaultBuildOperationRunner$ReadableBuildOperationContext;Lorg/gradle/internal/operations/DefaultBuildOperationRunner$BuildOperationExecutionListener;)Ljava/lang/Object;+8
j  org.gradle.internal.operations.DefaultBuildOperationRunner.execute(Lorg/gradle/internal/operations/BuildOperationDescriptor$Builder;Lorg/gradle/internal/operations/DefaultBuildOperationRunner$BuildOperationExecution;)Ljava/lang/Object;+141
j  org.gradle.internal.operations.DefaultBuildOperationRunner.execute(Lorg/gradle/internal/operations/BuildOperation;Lorg/gradle/internal/operations/BuildOperationWorker;)V+17
j  org.gradle.internal.operations.DefaultBuildOperationRunner.run(Lorg/gradle/internal/operations/RunnableBuildOperation;)V+5
j  org.gradle.configuration.BuildOperationFiringProjectsPreparer.prepareProjects(Lorg/gradle/api/internal/GradleInternal;)V+13
j  org.gradle.initialization.VintageBuildModelController.lambda$prepareProjects$2()V+8
j  org.gradle.initialization.VintageBuildModelController$$Lambda+0x000001b7e76a5488.run()V+4
j  org.gradle.internal.model.StateTransitionController.lambda$doTransition$14(Ljava/lang/Runnable;)Lorg/gradle/internal/build/ExecutionResult;+1
j  org.gradle.internal.model.StateTransitionController$$Lambda+0x000001b7e743fc50.get()Ljava/lang/Object;+4
j  org.gradle.internal.model.StateTransitionController.doTransition(Lorg/gradle/internal/model/StateTransitionController$State;Lorg/gradle/internal/model/StateTransitionController$State;Ljava/util/function/Supplier;)Lorg/gradle/internal/build/ExecutionResult;+24
j  org.gradle.internal.model.StateTransitionController.doTransition(Lorg/gradle/internal/model/StateTransitionController$State;Lorg/gradle/internal/model/StateTransitionController$State;Ljava/lang/Runnable;)V+9
j  org.gradle.internal.model.StateTransitionController.lambda$transitionIfNotPreviously$11(Lorg/gradle/internal/model/StateTransitionController$State;Lorg/gradle/internal/model/StateTransitionController$State;Ljava/lang/Runnable;)V+16
j  org.gradle.internal.model.StateTransitionController$$Lambda+0x000001b7e743fa28.run()V+16
j  org.gradle.internal.work.DefaultSynchronizer.withLock(Ljava/lang/Runnable;)V+6
j  org.gradle.internal.model.StateTransitionController.transitionIfNotPreviously(Lorg/gradle/internal/model/StateTransitionController$State;Lorg/gradle/internal/model/StateTransitionController$State;Ljava/lang/Runnable;)V+13
j  org.gradle.initialization.VintageBuildModelController.prepareProjects()V+16
j  org.gradle.initialization.VintageBuildModelController.getConfiguredModel()Lorg/gradle/api/internal/GradleInternal;+5
j  org.gradle.internal.build.DefaultBuildLifecycleController$$Lambda+0x000001b7e76a5260.get()Ljava/lang/Object;+4
j  org.gradle.internal.model.StateTransitionController.lambda$notInState$3(Lorg/gradle/internal/model/StateTransitionController$State;Ljava/util/function/Supplier;)Ljava/lang/Object;+11
j  org.gradle.internal.model.StateTransitionController$$Lambda+0x000001b7e743f5d8.create()Ljava/lang/Object;+12
j  org.gradle.internal.work.DefaultSynchronizer.withLock(Lorg/gradle/internal/Factory;)Ljava/lang/Object;+6
j  org.gradle.internal.model.StateTransitionController.notInState(Lorg/gradle/internal/model/StateTransitionController$State;Ljava/util/function/Supplier;)Ljava/lang/Object;+12
j  org.gradle.internal.build.DefaultBuildLifecycleController.configureProjects()V+21
j  org.gradle.internal.build.AbstractBuildState.ensureProjectsConfigured()V+4
j  org.gradle.internal.buildtree.BuildInclusionCoordinator$$Lambda+0x000001b7e76a49b0.run()V+4
j  org.gradle.internal.buildtree.BuildInclusionCoordinator$BuildSynchronizer.lambda$withLock$0(Ljava/lang/Runnable;)V+14
j  org.gradle.internal.buildtree.BuildInclusionCoordinator$BuildSynchronizer$$Lambda+0x000001b7e76a5038.run()V+8
j  org.gradle.internal.work.DefaultSynchronizer.withLock(Ljava/lang/Runnable;)V+6
j  org.gradle.internal.buildtree.BuildInclusionCoordinator$BuildSynchronizer.withLock(Ljava/lang/Runnable;)V+11
j  org.gradle.internal.buildtree.BuildInclusionCoordinator.withLockForBuild(Lorg/gradle/internal/build/BuildState;Ljava/lang/Runnable;)V+20
j  org.gradle.internal.buildtree.BuildInclusionCoordinator.prepareForPluginResolution(Lorg/gradle/internal/build/IncludedBuildState;)V+13
j  org.gradle.internal.composite.DefaultBuildIncluder.prepareForPluginResolution(Lorg/gradle/internal/build/IncludedBuildState;)V+5
j  org.gradle.composite.internal.plugins.CompositeBuildPluginResolverContributor$CompositeBuildPluginResolver.resolveFromIncludedPluginBuilds(Lorg/gradle/plugin/use/PluginId;)Lorg/gradle/plugin/use/resolve/internal/PluginResolution;+39
j  org.gradle.composite.internal.plugins.CompositeBuildPluginResolverContributor$CompositeBuildPluginResolver.doResolve(Lorg/gradle/plugin/use/PluginId;)Lorg/gradle/composite/internal/plugins/CompositeBuildPluginResolverContributor$PluginResult;+2
j  org.gradle.composite.internal.plugins.CompositeBuildPluginResolverContributor$CompositeBuildPluginResolver$$Lambda+0x000001b7e7691c00.apply(Ljava/lang/Object;)Ljava/lang/Object;+8
J 4297 c1 java.util.concurrent.ConcurrentHashMap.computeIfAbsent(Ljava/lang/Object;Ljava/util/function/Function;)Ljava/lang/Object; java.base@21.0.12.1 (576 bytes) @ 0x000001b7b81a32b4 [0x000001b7b81a2ce0+0x00000000000005d4]
j  org.gradle.composite.internal.plugins.CompositeBuildPluginResolverContributor$CompositeBuildPluginResolver.resolve(Lorg/gradle/plugin/management/internal/PluginRequestInternal;)Lorg/gradle/plugin/use/resolve/internal/PluginResolutionResult;+16
j  org.gradle.plugin.use.resolve.internal.CompositePluginResolver.resolve(Lorg/gradle/plugin/management/internal/PluginRequestInternal;)Lorg/gradle/plugin/use/resolve/internal/PluginResolutionResult;+37
j  org.gradle.plugin.use.resolve.internal.AlreadyOnClasspathPluginResolver.resolve(Lorg/gradle/plugin/management/internal/PluginRequestInternal;)Lorg/gradle/plugin/use/resolve/internal/PluginResolutionResult;+28
j  org.gradle.plugin.use.internal.DefaultPluginRequestApplicator.resolvePluginRequest(Lorg/gradle/plugin/use/resolve/internal/PluginResolver;Lorg/gradle/plugin/management/internal/PluginRequestInternal;)Lorg/gradle/plugin/use/resolve/internal/PluginResolution;+2
j  org.gradle.plugin.use.internal.DefaultPluginRequestApplicator.applyPlugins(Lorg/gradle/plugin/management/internal/PluginRequests;Lorg/gradle/api/internal/initialization/ScriptHandlerInternal;Lorg/gradle/api/internal/plugins/PluginManagerInternal;Lorg/gradle/api/internal/initialization/ClassLoaderScope;)V+136
j  org.gradle.kotlin.dsl.provider.PluginRequestsHandler.handle(Lorg/gradle/plugin/management/internal/PluginRequests;Lorg/gradle/api/internal/initialization/ScriptHandlerInternal;Lorg/gradle/api/internal/plugins/PluginAwareInternal;Lorg/gradle/api/internal/initialization/ClassLoaderScope;)V+71
j  org.gradle.kotlin.dsl.provider.StandardKotlinScriptEvaluator$InterpreterHost.applyPluginsTo(Lorg/gradle/kotlin/dsl/support/KotlinScriptHost;Lorg/gradle/plugin/management/internal/PluginRequests;)V+53
j  org.gradle.kotlin.dsl.execution.Interpreter$ProgramHost.applyPluginsTo(Lorg/gradle/kotlin/dsl/support/KotlinScriptHost;Lorg/gradle/plugin/management/internal/PluginRequests;)V+21
j  Program.execute(Lorg/gradle/kotlin/dsl/execution/ExecutableProgram$Host;Lorg/gradle/kotlin/dsl/support/KotlinScriptHost;)V+45
j  org.gradle.kotlin.dsl.execution.Interpreter$ProgramHost.eval(Lorg/gradle/kotlin/dsl/execution/CompiledScript;Lorg/gradle/kotlin/dsl/support/KotlinScriptHost;)V+89
j  org.gradle.kotlin.dsl.execution.Interpreter.eval(Ljava/lang/Object;Lorg/gradle/groovy/scripts/ScriptSource;Lorg/gradle/internal/hash/HashCode;Lorg/gradle/api/initialization/dsl/ScriptHandler;Lorg/gradle/api/internal/initialization/ClassLoaderScope;Lorg/gradle/api/internal/initialization/ClassLoaderScope;ZLjava/util/EnumSet;)V+213
j  org.gradle.kotlin.dsl.provider.StandardKotlinScriptEvaluator.evaluate(Ljava/lang/Object;Lorg/gradle/groovy/scripts/ScriptSource;Lorg/gradle/api/initialization/dsl/ScriptHandler;Lorg/gradle/api/internal/initialization/ClassLoaderScope;Lorg/gradle/api/internal/initialization/ClassLoaderScope;ZLjava/util/EnumSet;)V+167
j  org.gradle.kotlin.dsl.provider.KotlinScriptPluginFactory.create$lambda$0(Lorg/gradle/kotlin/dsl/provider/KotlinScriptPluginFactory;Lorg/gradle/groovy/scripts/ScriptSource;Lorg/gradle/api/internal/initialization/ClassLoaderScope;Lorg/gradle/api/initialization/dsl/ScriptHandler;Lorg/gradle/api/internal/initialization/ClassLoaderScope;ZLjava/lang/Object;)Lkotlin/Unit;+48
j  org.gradle.kotlin.dsl.provider.KotlinScriptPluginFactory$$Lambda+0x000001b7e75aad10.invoke(Ljava/lang/Object;)Ljava/lang/Object;+25
j  org.gradle.kotlin.dsl.provider.KotlinScriptPlugin.apply(Ljava/lang/Object;)V+22
j  org.gradle.configuration.BuildOperationScriptPlugin$1.run(Lorg/gradle/internal/operations/BuildOperationContext;)V+11
j  org.gradle.internal.operations.DefaultBuildOperationRunner$1.execute(Lorg/gradle/internal/operations/RunnableBuildOperation;Lorg/gradle/internal/operations/BuildOperationContext;)V+2
j  org.gradle.internal.operations.DefaultBuildOperationRunner$1.execute(Lorg/gradle/internal/operations/BuildOperation;Lorg/gradle/internal/operations/BuildOperationContext;)V+6
j  org.gradle.internal.operations.DefaultBuildOperationRunner$2.execute(Lorg/gradle/internal/operations/BuildOperationDescriptor;Lorg/gradle/internal/operations/BuildOperationState;Lorg/gradle/internal/operations/BuildOperationState;Lorg/gradle/internal/operations/DefaultBuildOperationRunner$ReadableBuildOperationContext;Lorg/gradle/internal/operations/DefaultBuildOperationRunner$BuildOperationExecutionListener;)Lorg/gradle/internal/operations/BuildOperation;+22
j  org.gradle.internal.operations.DefaultBuildOperationRunner$2.execute(Lorg/gradle/internal/operations/BuildOperationDescriptor;Lorg/gradle/internal/operations/BuildOperationState;Lorg/gradle/internal/operations/BuildOperationState;Lorg/gradle/internal/operations/DefaultBuildOperationRunner$ReadableBuildOperationContext;Lorg/gradle/internal/operations/DefaultBuildOperationRunner$BuildOperationExecutionListener;)Ljava/lang/Object;+8
j  org.gradle.internal.operations.DefaultBuildOperationRunner.execute(Lorg/gradle/internal/operations/BuildOperationDescriptor$Builder;Lorg/gradle/internal/operations/DefaultBuildOperationRunner$BuildOperationExecution;)Ljava/lang/Object;+141
j  org.gradle.internal.operations.DefaultBuildOperationRunner.execute(Lorg/gradle/internal/operations/BuildOperation;Lorg/gradle/internal/operations/BuildOperationWorker;)V+17
j  org.gradle.internal.operations.DefaultBuildOperationRunner.run(Lorg/gradle/internal/operations/RunnableBuildOperation;)V+5
j  org.gradle.configuration.BuildOperationScriptPlugin.lambda$apply$0(Ljava/lang/Object;Lorg/gradle/internal/code/UserCodeApplicationId;)V+14
j  org.gradle.configuration.BuildOperationScriptPlugin$$Lambda+0x000001b7e75ae000.execute(Ljava/lang/Object;)V+12
j  org.gradle.internal.code.DefaultUserCodeApplicationContext.apply(Lorg/gradle/internal/code/UserCodeSource;Lorg/gradle/api/Action;)V+37
j  org.gradle.configuration.BuildOperationScriptPlugin.apply(Ljava/lang/Object;)V+71
j  org.gradle.initialization.ScriptEvaluatingSettingsProcessor.applySettingsScript(Lorg/gradle/groovy/scripts/TextResourceScriptSource;Lorg/gradle/api/internal/SettingsInternal;)V+32
j  org.gradle.initialization.ScriptEvaluatingSettingsProcessor.process(Lorg/gradle/api/internal/GradleInternal;Lorg/gradle/initialization/SettingsLocation;Lorg/gradle/api/internal/initialization/ClassLoaderScope;Lorg/gradle/StartParameter;)Lorg/gradle/initialization/SettingsState;+90
j  org.gradle.initialization.SettingsEvaluatedCallbackFiringSettingsProcessor.process(Lorg/gradle/api/internal/GradleInternal;Lorg/gradle/initialization/SettingsLocation;Lorg/gradle/api/internal/initialization/ClassLoaderScope;Lorg/gradle/StartParameter;)Lorg/gradle/initialization/SettingsState;+9
j  org.gradle.initialization.RootBuildCacheControllerSettingsProcessor.process(Lorg/gradle/api/internal/GradleInternal;Lorg/gradle/initialization/SettingsLocation;Lorg/gradle/api/internal/initialization/ClassLoaderScope;Lorg/gradle/StartParameter;)Lorg/gradle/initialization/SettingsState;+9
j  org.gradle.initialization.BuildOperationSettingsProcessor$2.call(Lorg/gradle/internal/operations/BuildOperationContext;)Lorg/gradle/initialization/SettingsState;+23
j  org.gradle.initialization.BuildOperationSettingsProcessor$2.call(Lorg/gradle/internal/operations/BuildOperationContext;)Ljava/lang/Object;+2
j  org.gradle.internal.operations.DefaultBuildOperationRunner$CallableBuildOperationWorker.execute(Lorg/gradle/internal/operations/CallableBuildOperation;Lorg/gradle/internal/operations/BuildOperationContext;)V+3
j  org.gradle.internal.operations.DefaultBuildOperationRunner$CallableBuildOperationWorker.execute(Lorg/gradle/internal/operations/BuildOperation;Lorg/gradle/internal/operations/BuildOperationContext;)V+6
j  org.gradle.internal.operations.DefaultBuildOperationRunner$2.execute(Lorg/gradle/internal/operations/BuildOperationDescriptor;Lorg/gradle/internal/operations/BuildOperationState;Lorg/gradle/internal/operations/BuildOperationState;Lorg/gradle/internal/operations/DefaultBuildOperationRunner$ReadableBuildOperationContext;Lorg/gradle/internal/operations/DefaultBuildOperationRunner$BuildOperationExecutionListener;)Lorg/gradle/internal/operations/BuildOperation;+22
j  org.gradle.internal.operations.DefaultBuildOperationRunner$2.execute(Lorg/gradle/internal/operations/BuildOperationDescriptor;Lorg/gradle/internal/operations/BuildOperationState;Lorg/gradle/internal/operations/BuildOperationState;Lorg/gradle/internal/operations/DefaultBuildOperationRunner$ReadableBuildOperationContext;Lorg/gradle/internal/operations/DefaultBuildOperationRunner$BuildOperationExecutionListener;)Ljava/lang/Object;+8
j  org.gradle.internal.operations.DefaultBuildOperationRunner.execute(Lorg/gradle/internal/operations/BuildOperationDescriptor$Builder;Lorg/gradle/internal/operations/DefaultBuildOperationRunner$BuildOperationExecution;)Ljava/lang/Object;+141
j  org.gradle.internal.operations.DefaultBuildOperationRunner.execute(Lorg/gradle/internal/operations/BuildOperation;Lorg/gradle/internal/operations/BuildOperationWorker;)V+17
j  org.gradle.internal.operations.DefaultBuildOperationRunner.call(Lorg/gradle/internal/operations/CallableBuildOperation;)Ljava/lang/Object;+12
j  org.gradle.initialization.BuildOperationSettingsProcessor.process(Lorg/gradle/api/internal/GradleInternal;Lorg/gradle/initialization/SettingsLocation;Lorg/gradle/api/internal/initialization/ClassLoaderScope;Lorg/gradle/StartParameter;)Lorg/gradle/initialization/SettingsState;+17
j  org.gradle.initialization.DefaultSettingsLoader.findSettingsAndLoadIfAppropriate(Lorg/gradle/api/internal/GradleInternal;Lorg/gradle/StartParameter;Lorg/gradle/initialization/SettingsLocation;Lorg/gradle/api/internal/initialization/ClassLoaderScope;)Lorg/gradle/initialization/SettingsState;+9
j  org.gradle.initialization.DefaultSettingsLoader.findAndLoadSettings(Lorg/gradle/api/internal/GradleInternal;)Lorg/gradle/initialization/SettingsState;+99
j  org.gradle.initialization.SettingsAttachingSettingsLoader.findAndLoadSettings(Lorg/gradle/api/internal/GradleInternal;)Lorg/gradle/initialization/SettingsState;+5
j  org.gradle.internal.composite.CommandLineIncludedBuildSettingsLoader.findAndLoadSettings(Lorg/gradle/api/internal/GradleInternal;)Lorg/gradle/initialization/SettingsState;+5
j  org.gradle.internal.composite.ChildBuildRegisteringSettingsLoader.findAndLoadSettings(Lorg/gradle/api/internal/GradleInternal;)Lorg/gradle/initialization/SettingsState;+5
j  org.gradle.internal.composite.CompositeBuildSettingsLoader.findAndLoadSettings(Lorg/gradle/api/internal/GradleInternal;)Lorg/gradle/initialization/SettingsState;+5
j  org.gradle.initialization.InitScriptHandlingSettingsLoader.findAndLoadSettings(Lorg/gradle/api/internal/GradleInternal;)Lorg/gradle/initialization/SettingsState;+13
j  org.gradle.api.internal.initialization.CacheConfigurationsHandlingSettingsLoader.findAndLoadSettings(Lorg/gradle/api/internal/GradleInternal;)Lorg/gradle/initialization/SettingsState;+15
j  org.gradle.initialization.DaemonJvmToolchainsValidatingSettingsLoader.findAndLoadSettings(Lorg/gradle/api/internal/GradleInternal;)Lorg/gradle/initialization/SettingsState;+14
j  org.gradle.initialization.GradlePropertiesHandlingSettingsLoader.findAndLoadSettings(Lorg/gradle/api/internal/GradleInternal;)Lorg/gradle/initialization/SettingsState;+49
j  org.gradle.initialization.DefaultSettingsPreparer.prepareSettings(Lorg/gradle/api/internal/GradleInternal;)V+33
j  org.gradle.initialization.BuildOperationFiringSettingsPreparer$LoadBuild.doLoadBuild()V+11
j  org.gradle.initialization.BuildOperationFiringSettingsPreparer$LoadBuild.run(Lorg/gradle/internal/operations/BuildOperationContext;)V+1
j  org.gradle.internal.operations.DefaultBuildOperationRunner$1.execute(Lorg/gradle/internal/operations/RunnableBuildOperation;Lorg/gradle/internal/operations/BuildOperationContext;)V+2
j  org.gradle.internal.operations.DefaultBuildOperationRunner$1.execute(Lorg/gradle/internal/operations/BuildOperation;Lorg/gradle/internal/operations/BuildOperationContext;)V+6
j  org.gradle.internal.operations.DefaultBuildOperationRunner$2.execute(Lorg/gradle/internal/operations/BuildOperationDescriptor;Lorg/gradle/internal/operations/BuildOperationState;Lorg/gradle/internal/operations/BuildOperationState;Lorg/gradle/internal/operations/DefaultBuildOperationRunner$ReadableBuildOperationContext;Lorg/gradle/internal/operations/DefaultBuildOperationRunner$BuildOperationExecutionListener;)Lorg/gradle/internal/operations/BuildOperation;+22
j  org.gradle.internal.operations.DefaultBuildOperationRunner$2.execute(Lorg/gradle/internal/operations/BuildOperationDescriptor;Lorg/gradle/internal/operations/BuildOperationState;Lorg/gradle/internal/operations/BuildOperationState;Lorg/gradle/internal/operations/DefaultBuildOperationRunner$ReadableBuildOperationContext;Lorg/gradle/internal/operations/DefaultBuildOperationRunner$BuildOperationExecutionListener;)Ljava/lang/Object;+8
j  org.gradle.internal.operations.DefaultBuildOperationRunner.execute(Lorg/gradle/internal/operations/BuildOperationDescriptor$Builder;Lorg/gradle/internal/operations/DefaultBuildOperationRunner$BuildOperationExecution;)Ljava/lang/Object;+141
j  org.gradle.internal.operations.DefaultBuildOperationRunner.execute(Lorg/gradle/internal/operations/BuildOperation;Lorg/gradle/internal/operations/BuildOperationWorker;)V+17
j  org.gradle.internal.operations.DefaultBuildOperationRunner.run(Lorg/gradle/internal/operations/RunnableBuildOperation;)V+5
j  org.gradle.initialization.BuildOperationFiringSettingsPreparer.prepareSettings(Lorg/gradle/api/internal/GradleInternal;)V+31
j  org.gradle.initialization.VintageBuildModelController.lambda$prepareSettings$1()V+8
j  org.gradle.initialization.VintageBuildModelController$$Lambda+0x000001b7e743f800.run()V+4
j  org.gradle.internal.model.StateTransitionController.lambda$doTransition$14(Ljava/lang/Runnable;)Lorg/gradle/internal/build/ExecutionResult;+1
j  org.gradle.internal.model.StateTransitionController$$Lambda+0x000001b7e743fc50.get()Ljava/lang/Object;+4
j  org.gradle.internal.model.StateTransitionController.doTransition(Lorg/gradle/internal/model/StateTransitionController$State;Lorg/gradle/internal/model/StateTransitionController$State;Ljava/util/function/Supplier;)Lorg/gradle/internal/build/ExecutionResult;+24
j  org.gradle.internal.model.StateTransitionController.doTransition(Lorg/gradle/internal/model/StateTransitionController$State;Lorg/gradle/internal/model/StateTransitionController$State;Ljava/lang/Runnable;)V+9
j  org.gradle.internal.model.StateTransitionController.lambda$transitionIfNotPreviously$11(Lorg/gradle/internal/model/StateTransitionController$State;Lorg/gradle/internal/model/StateTransitionController$State;Ljava/lang/Runnable;)V+16
j  org.gradle.internal.model.StateTransitionController$$Lambda+0x000001b7e743fa28.run()V+16
j  org.gradle.internal.work.DefaultSynchronizer.withLock(Ljava/lang/Runnable;)V+6
j  org.gradle.internal.model.StateTransitionController.transitionIfNotPreviously(Lorg/gradle/internal/model/StateTransitionController$State;Lorg/gradle/internal/model/StateTransitionController$State;Ljava/lang/Runnable;)V+13
j  org.gradle.initialization.VintageBuildModelController.prepareSettings()V+16
j  org.gradle.initialization.VintageBuildModelController.getConfiguredModel()Lorg/gradle/api/internal/GradleInternal;+1
j  org.gradle.internal.build.DefaultBuildLifecycleController.lambda$withProjectsConfigured$1(Ljava/util/function/Function;)Ljava/lang/Object;+5
j  org.gradle.internal.build.DefaultBuildLifecycleController$$Lambda+0x000001b7e743f3b0.get()Ljava/lang/Object;+8
j  org.gradle.internal.model.StateTransitionController.lambda$notInState$3(Lorg/gradle/internal/model/StateTransitionController$State;Ljava/util/function/Supplier;)Ljava/lang/Object;+11
j  org.gradle.internal.model.StateTransitionController$$Lambda+0x000001b7e743f5d8.create()Ljava/lang/Object;+12
j  org.gradle.internal.work.DefaultSynchronizer.withLock(Lorg/gradle/internal/Factory;)Ljava/lang/Object;+6
j  org.gradle.internal.model.StateTransitionController.notInState(Lorg/gradle/internal/model/StateTransitionController$State;Ljava/util/function/Supplier;)Ljava/lang/Object;+12
j  org.gradle.internal.build.DefaultBuildLifecycleController.withProjectsConfigured(Ljava/util/function/Function;)Ljava/lang/Object;+14
j  org.gradle.internal.build.DefaultBuildToolingModelController.locateBuilderForTarget(Ljava/lang/String;Z)Lorg/gradle/tooling/provider/model/internal/ToolingModelScope;+38
j  org.gradle.internal.buildtree.DefaultBuildTreeModelCreator$DefaultBuildTreeModelController.lambda$locateBuilderForBuildTarget$0(Ljava/lang/String;ZLorg/gradle/internal/build/BuildToolingModelController;)Lorg/gradle/tooling/provider/model/internal/ToolingModelScope;+3
j  org.gradle.internal.buildtree.DefaultBuildTreeModelCreator$DefaultBuildTreeModelController$$Lambda+0x000001b7e74313d8.apply(Ljava/lang/Object;)Ljava/lang/Object;+12
j  org.gradle.internal.build.DefaultBuildLifecycleController.withToolingModels(Ljava/util/function/Function;)Ljava/lang/Object;+15
j  org.gradle.internal.build.AbstractBuildState.withToolingModels(Ljava/util/function/Function;)Ljava/lang/Object;+5
j  org.gradle.internal.buildtree.DefaultBuildTreeModelCreator$DefaultBuildTreeModelController.locateBuilderForBuildTarget(Lorg/gradle/internal/build/BuildState;Ljava/lang/String;Z)Lorg/gradle/tooling/provider/model/internal/ToolingModelScope;+8
j  org.gradle.internal.buildtree.DefaultBuildTreeModelCreator$DefaultBuildTreeModelController.locateBuilderForDefaultTarget(Ljava/lang/String;Z)Lorg/gradle/tooling/provider/model/internal/ToolingModelScope;+10
j  org.gradle.internal.buildtree.DefaultBuildTreeModelCreator$DefaultBuildTreeModelController.locateBuilderForTarget(Lorg/gradle/internal/buildtree/BuildTreeModelTarget;Ljava/lang/String;Z)Lorg/gradle/tooling/provider/model/internal/ToolingModelScope;+10
j  org.gradle.internal.buildtree.DefaultBuildTreeModelCreator$DefaultBuildTreeModelController.access$200(Lorg/gradle/internal/buildtree/DefaultBuildTreeModelCreator$DefaultBuildTreeModelController;Lorg/gradle/internal/buildtree/BuildTreeModelTarget;Ljava/lang/String;Z)Lorg/gradle/tooling/provider/model/internal/ToolingModelScope;+4
j  org.gradle.internal.buildtree.DefaultBuildTreeModelCreator$DefaultBuildTreeModelController$1.call(Lorg/gradle/internal/operations/BuildOperationContext;)Ljava/lang/Object;+24
j  org.gradle.internal.operations.DefaultBuildOperationRunner$CallableBuildOperationWorker.execute(Lorg/gradle/internal/operations/CallableBuildOperation;Lorg/gradle/internal/operations/BuildOperationContext;)V+3
j  org.gradle.internal.operations.DefaultBuildOperationRunner$CallableBuildOperationWorker.execute(Lorg/gradle/internal/operations/BuildOperation;Lorg/gradle/internal/operations/BuildOperationContext;)V+6
j  org.gradle.internal.operations.DefaultBuildOperationRunner$2.execute(Lorg/gradle/internal/operations/BuildOperationDescriptor;Lorg/gradle/internal/operations/BuildOperationState;Lorg/gradle/internal/operations/BuildOperationState;Lorg/gradle/internal/operations/DefaultBuildOperationRunner$ReadableBuildOperationContext;Lorg/gradle/internal/operations/DefaultBuildOperationRunner$BuildOperationExecutionListener;)Lorg/gradle/internal/operations/BuildOperation;+22
j  org.gradle.internal.operations.DefaultBuildOperationRunner$2.execute(Lorg/gradle/internal/operations/BuildOperationDescriptor;Lorg/gradle/internal/operations/BuildOperationState;Lorg/gradle/internal/operations/BuildOperationState;Lorg/gradle/internal/operations/DefaultBuildOperationRunner$ReadableBuildOperationContext;Lorg/gradle/internal/operations/DefaultBuildOperationRunner$BuildOperationExecutionListener;)Ljava/lang/Object;+8
j  org.gradle.internal.operations.DefaultBuildOperationRunner.execute(Lorg/gradle/internal/operations/BuildOperationDescriptor$Builder;Lorg/gradle/internal/operations/DefaultBuildOperationRunner$BuildOperationExecution;)Ljava/lang/Object;+141
j  org.gradle.internal.operations.DefaultBuildOperationRunner.execute(Lorg/gradle/internal/operations/BuildOperation;Lorg/gradle/internal/operations/BuildOperationWorker;)V+17
j  org.gradle.internal.operations.DefaultBuildOperationRunner.call(Lorg/gradle/internal/operations/CallableBuildOperation;)Ljava/lang/Object;+12
j  org.gradle.internal.buildtree.DefaultBuildTreeModelCreator$DefaultBuildTreeModelController.getModel(Lorg/gradle/internal/buildtree/BuildTreeModelTarget;Ljava/lang/String;Ljava/lang/Object;)Ljava/lang/Object;+18
j  org.gradle.tooling.internal.provider.runner.BuildModelActionRunner$ModelCreateAction.fromBuildModel(Lorg/gradle/internal/buildtree/BuildTreeModelController;)Ljava/lang/Object;+14
j  org.gradle.internal.buildtree.DefaultBuildTreeModelCreator.fromBuildModel(Lorg/gradle/internal/buildtree/BuildTreeModelAction;)Ljava/lang/Object;+10
j  org.gradle.internal.cc.impl.barrier.BarrierAwareBuildTreeModelCreator.fromBuildModel$lambda$0(Lorg/gradle/internal/cc/impl/barrier/BarrierAwareBuildTreeModelCreator;Lorg/gradle/internal/buildtree/BuildTreeModelAction;)Ljava/lang/Object;+5
j  org.gradle.internal.cc.impl.barrier.BarrierAwareBuildTreeModelCreator$$Lambda+0x000001b7e7429468.invoke()Ljava/lang/Object;+8
j  org.gradle.internal.cc.impl.barrier.VintageConfigurationTimeActionRunner.runConfigurationTimeAction(Lkotlin/jvm/functions/Function0;)Ljava/lang/Object;+25
j  org.gradle.internal.cc.impl.barrier.BarrierAwareBuildTreeModelCreator.fromBuildModel(Lorg/gradle/internal/buildtree/BuildTreeModelAction;)Ljava/lang/Object;+17
j  org.gradle.internal.buildtree.DefaultBuildTreeLifecycleController.lambda$fromBuildModel$2(Lorg/gradle/internal/buildtree/BuildTreeModelAction;Z)Lorg/gradle/internal/build/ExecutionResult;+57
j  org.gradle.internal.buildtree.DefaultBuildTreeLifecycleController$$Lambda+0x000001b7e742ba50.get()Ljava/lang/Object;+12
j  org.gradle.internal.buildtree.DefaultBuildTreeLifecycleController.lambda$runBuild$4(Ljava/util/function/Supplier;)Ljava/lang/Object;+1
j  org.gradle.internal.buildtree.DefaultBuildTreeLifecycleController$$Lambda+0x000001b7e742bc78.get()Ljava/lang/Object;+8
j  org.gradle.internal.model.StateTransitionController.lambda$transition$6(Ljava/util/function/Supplier;)Lorg/gradle/internal/build/ExecutionResult;+1
j  org.gradle.internal.model.StateTransitionController$$Lambda+0x000001b7e7430228.get()Ljava/lang/Object;+4
j  org.gradle.internal.model.StateTransitionController.doTransition(Lorg/gradle/internal/model/StateTransitionController$State;Lorg/gradle/internal/model/StateTransitionController$State;Ljava/util/function/Supplier;)Lorg/gradle/internal/build/ExecutionResult;+24
j  org.gradle.internal.model.StateTransitionController.lambda$transition$7(Lorg/gradle/internal/model/StateTransitionController$State;Lorg/gradle/internal/model/StateTransitionController$State;Ljava/util/function/Supplier;)Ljava/lang/Object;+9
j  org.gradle.internal.model.StateTransitionController$$Lambda+0x000001b7e7430000.create()Ljava/lang/Object;+16
j  org.gradle.internal.work.DefaultSynchronizer.withLock(Lorg/gradle/internal/Factory;)Ljava/lang/Object;+6
j  org.gradle.internal.model.StateTransitionController.transition(Lorg/gradle/internal/model/StateTransitionController$State;Lorg/gradle/internal/model/StateTransitionController$State;Ljava/util/function/Supplier;)Ljava/lang/Object;+13
j  org.gradle.internal.buildtree.DefaultBuildTreeLifecycleController.runBuild(Ljava/util/function/Supplier;)Ljava/lang/Object;+17
j  org.gradle.internal.buildtree.DefaultBuildTreeLifecycleController.fromBuildModel(ZLorg/gradle/internal/buildtree/BuildTreeModelAction;)Ljava/lang/Object;+9
j  org.gradle.tooling.internal.provider.runner.BuildModelActionRunner.run(Lorg/gradle/internal/invocation/BuildAction;Lorg/gradle/internal/buildtree/BuildTreeLifecycleController;)Lorg/gradle/internal/buildtree/BuildActionRunner$Result;+40
j  org.gradle.launcher.exec.ChainingBuildActionRunner.run(Lorg/gradle/internal/invocation/BuildAction;Lorg/gradle/internal/buildtree/BuildTreeLifecycleController;)Lorg/gradle/internal/buildtree/BuildActionRunner$Result;+34
j  org.gradle.internal.buildtree.ProblemReportingBuildActionRunner.run(Lorg/gradle/internal/invocation/BuildAction;Lorg/gradle/internal/buildtree/BuildTreeLifecycleController;)Lorg/gradle/internal/buildtree/BuildActionRunner$Result;+12
j  org.gradle.launcher.exec.BuildOutcomeReportingBuildActionRunner.run(Lorg/gradle/internal/invocation/BuildAction;Lorg/gradle/internal/buildtree/BuildTreeLifecycleController;)Lorg/gradle/internal/buildtree/BuildActionRunner$Result;+69
j  org.gradle.tooling.internal.provider.FileSystemWatchingBuildActionRunner.run(Lorg/gradle/internal/invocation/BuildAction;Lorg/gradle/internal/buildtree/BuildTreeLifecycleController;)Lorg/gradle/internal/buildtree/BuildActionRunner$Result;+317
j  org.gradle.launcher.exec.BuildCompletionNotifyingBuildActionRunner.run(Lorg/gradle/internal/invocation/BuildAction;Lorg/gradle/internal/buildtree/BuildTreeLifecycleController;)Lorg/gradle/internal/buildtree/BuildActionRunner$Result;+6
j  org.gradle.launcher.exec.RootBuildLifecycleBuildActionExecutor.lambda$execute$0(Lorg/gradle/internal/invocation/BuildAction;Lorg/gradle/internal/buildtree/BuildTreeLifecycleController;)Lorg/gradle/internal/buildtree/BuildActionRunner$Result;+6
j  org.gradle.launcher.exec.RootBuildLifecycleBuildActionExecutor$$Lambda+0x000001b7e7416a30.apply(Ljava/lang/Object;)Ljava/lang/Object;+12
j  org.gradle.composite.internal.DefaultRootBuildState.run(Ljava/util/function/Function;)Ljava/lang/Object;+92
j  org.gradle.launcher.exec.RootBuildLifecycleBuildActionExecutor.execute(Lorg/gradle/internal/invocation/BuildAction;)Lorg/gradle/internal/buildtree/BuildActionRunner$Result;+91
j  org.gradle.launcher.exec.BuildTreeLifecycleBuildActionExecutor.runRootBuildAction(Lorg/gradle/internal/invocation/BuildAction;Lorg/gradle/internal/service/ServiceRegistry;Lorg/gradle/internal/buildtree/BuildTreeModelControllerServices$Supplier;)Lorg/gradle/internal/buildtree/BuildActionRunner$Result;+39
j  org.gradle.launcher.exec.BuildTreeLifecycleBuildActionExecutor.execute(Lorg/gradle/internal/invocation/BuildAction;Lorg/gradle/internal/session/BuildSessionContext;)Lorg/gradle/internal/buildtree/BuildActionRunner$Result;+44
j  org.gradle.launcher.exec.RunAsBuildOperationBuildActionExecutor$2.call(Lorg/gradle/internal/operations/BuildOperationContext;)Lorg/gradle/internal/buildtree/BuildActionRunner$Result;+25
j  org.gradle.launcher.exec.RunAsBuildOperationBuildActionExecutor$2.call(Lorg/gradle/internal/operations/BuildOperationContext;)Ljava/lang/Object;+2
j  org.gradle.internal.operations.DefaultBuildOperationRunner$CallableBuildOperationWorker.execute(Lorg/gradle/internal/operations/CallableBuildOperation;Lorg/gradle/internal/operations/BuildOperationContext;)V+3
j  org.gradle.internal.operations.DefaultBuildOperationRunner$CallableBuildOperationWorker.execute(Lorg/gradle/internal/operations/BuildOperation;Lorg/gradle/internal/operations/BuildOperationContext;)V+6
j  org.gradle.internal.operations.DefaultBuildOperationRunner$2.execute(Lorg/gradle/internal/operations/BuildOperationDescriptor;Lorg/gradle/internal/operations/BuildOperationState;Lorg/gradle/internal/operations/BuildOperationState;Lorg/gradle/internal/operations/DefaultBuildOperationRunner$ReadableBuildOperationContext;Lorg/gradle/internal/operations/DefaultBuildOperationRunner$BuildOperationExecutionListener;)Lorg/gradle/internal/operations/BuildOperation;+22
j  org.gradle.internal.operations.DefaultBuildOperationRunner$2.execute(Lorg/gradle/internal/operations/BuildOperationDescriptor;Lorg/gradle/internal/operations/BuildOperationState;Lorg/gradle/internal/operations/BuildOperationState;Lorg/gradle/internal/operations/DefaultBuildOperationRunner$ReadableBuildOperationContext;Lorg/gradle/internal/operations/DefaultBuildOperationRunner$BuildOperationExecutionListener;)Ljava/lang/Object;+8
j  org.gradle.internal.operations.DefaultBuildOperationRunner.execute(Lorg/gradle/internal/operations/BuildOperationDescriptor$Builder;Lorg/gradle/internal/operations/DefaultBuildOperationRunner$BuildOperationExecution;)Ljava/lang/Object;+141
j  org.gradle.internal.operations.DefaultBuildOperationRunner.execute(Lorg/gradle/internal/operations/BuildOperation;Lorg/gradle/internal/operations/BuildOperationWorker;)V+17
j  org.gradle.internal.operations.DefaultBuildOperationRunner.call(Lorg/gradle/internal/operations/CallableBuildOperation;)Ljava/lang/Object;+12
j  org.gradle.launcher.exec.RunAsBuildOperationBuildActionExecutor.execute(Lorg/gradle/internal/invocation/BuildAction;Lorg/gradle/internal/session/BuildSessionContext;)Lorg/gradle/internal/buildtree/BuildActionRunner$Result;+23
j  org.gradle.launcher.exec.RunAsWorkerThreadBuildActionExecutor.lambda$execute$0(Lorg/gradle/internal/invocation/BuildAction;Lorg/gradle/internal/session/BuildSessionContext;)Lorg/gradle/internal/buildtree/BuildActionRunner$Result;+6
j  org.gradle.launcher.exec.RunAsWorkerThreadBuildActionExecutor$$Lambda+0x000001b7e727e270.create()Ljava/lang/Object;+12
j  org.gradle.internal.work.DefaultWorkerLeaseService.lambda$withLocksAcquired$0(Lorg/gradle/internal/Factory;Ljava/util/Collection;)Ljava/lang/Object;+1
j  org.gradle.internal.work.DefaultWorkerLeaseService$$Lambda+0x000001b7e7284000.create()Ljava/lang/Object;+12
j  org.gradle.internal.work.ResourceLockStatistics$1.measure(Ljava/lang/String;Ljava/lang/Iterable;Lorg/gradle/internal/Factory;)Ljava/lang/Object;+1
j  org.gradle.internal.work.DefaultWorkerLeaseService.withLocksAcquired(Ljava/util/Collection;Lorg/gradle/internal/Factory;)Ljava/lang/Object;+21
j  org.gradle.internal.work.DefaultWorkerLeaseService.withLocks(Ljava/util/Collection;Lorg/gradle/internal/Factory;)Ljava/lang/Object;+25
j  org.gradle.internal.work.DefaultWorkerLeaseService.runAsWorkerThread(Lorg/gradle/internal/Factory;)Ljava/lang/Object;+33
j  org.gradle.launcher.exec.RunAsWorkerThreadBuildActionExecutor.execute(Lorg/gradle/internal/invocation/BuildAction;Lorg/gradle/internal/session/BuildSessionContext;)Lorg/gradle/internal/buildtree/BuildActionRunner$Result;+12
j  org.gradle.tooling.internal.provider.continuous.ContinuousBuildActionExecutor.execute(Lorg/gradle/internal/invocation/BuildAction;Lorg/gradle/internal/session/BuildSessionContext;)Lorg/gradle/internal/buildtree/BuildActionRunner$Result;+58
j  org.gradle.tooling.internal.provider.SubscribableBuildActionExecutor.execute(Lorg/gradle/internal/invocation/BuildAction;Lorg/gradle/internal/session/BuildSessionContext;)Lorg/gradle/internal/buildtree/BuildActionRunner$Result;+30
j  org.gradle.internal.session.DefaultBuildSessionContext.execute(Lorg/gradle/internal/invocation/BuildAction;)Lorg/gradle/internal/buildtree/BuildActionRunner$Result;+64
j  org.gradle.internal.buildprocess.execution.BuildSessionLifecycleBuildActionExecutor$ActionImpl.apply(Lorg/gradle/internal/session/BuildSessionContext;)Lorg/gradle/launcher/exec/BuildActionResult;+6
j  org.gradle.internal.buildprocess.execution.BuildSessionLifecycleBuildActionExecutor$ActionImpl.apply(Ljava/lang/Object;)Ljava/lang/Object;+5
j  org.gradle.internal.session.BuildSessionState.run(Ljava/util/function/Function;)Ljava/lang/Object;+5
j  org.gradle.internal.buildprocess.execution.BuildSessionLifecycleBuildActionExecutor.execute(Lorg/gradle/internal/invocation/BuildAction;Lorg/gradle/launcher/exec/BuildActionParameters;Lorg/gradle/initialization/BuildRequestContext;)Lorg/gradle/launcher/exec/BuildActionResult;+105
j  org.gradle.internal.buildprocess.execution.BuildSessionLifecycleBuildActionExecutor.execute(Lorg/gradle/internal/invocation/BuildAction;Ljava/lang/Object;Ljava/lang/Object;)Lorg/gradle/launcher/exec/BuildActionResult;+10
j  org.gradle.internal.buildprocess.execution.StartParamsValidatingActionExecutor.execute(Lorg/gradle/internal/invocation/BuildAction;Lorg/gradle/launcher/exec/BuildActionParameters;Lorg/gradle/initialization/BuildRequestContext;)Lorg/gradle/launcher/exec/BuildActionResult;+142
j  org.gradle.internal.buildprocess.execution.StartParamsValidatingActionExecutor.execute(Lorg/gradle/internal/invocation/BuildAction;Ljava/lang/Object;Ljava/lang/Object;)Lorg/gradle/launcher/exec/BuildActionResult;+10
j  org.gradle.internal.buildprocess.execution.SessionFailureReportingActionExecutor.execute(Lorg/gradle/internal/invocation/BuildAction;Lorg/gradle/launcher/exec/BuildActionParameters;Lorg/gradle/initialization/BuildRequestContext;)Lorg/gradle/launcher/exec/BuildActionResult;+7
j  org.gradle.internal.buildprocess.execution.SessionFailureReportingActionExecutor.execute(Lorg/gradle/internal/invocation/BuildAction;Ljava/lang/Object;Ljava/lang/Object;)Lorg/gradle/launcher/exec/BuildActionResult;+10
j  org.gradle.internal.buildprocess.execution.SetupLoggingActionExecutor.execute(Lorg/gradle/internal/invocation/BuildAction;Lorg/gradle/launcher/exec/BuildActionParameters;Lorg/gradle/initialization/BuildRequestContext;)Lorg/gradle/launcher/exec/BuildActionResult;+50
j  org.gradle.internal.buildprocess.execution.SetupLoggingActionExecutor.execute(Lorg/gradle/internal/invocation/BuildAction;Ljava/lang/Object;Ljava/lang/Object;)Lorg/gradle/launcher/exec/BuildActionResult;+10
j  org.gradle.launcher.daemon.server.exec.ExecuteBuild.doBuild(Lorg/gradle/launcher/daemon/server/api/DaemonCommandExecution;Lorg/gradle/launcher/daemon/protocol/Build;)V+147
j  org.gradle.launcher.daemon.server.exec.BuildCommandOnly.execute(Lorg/gradle/launcher/daemon/server/api/DaemonCommandExecution;)V+49
j  org.gradle.launcher.daemon.server.api.DaemonCommandExecution.proceed()Z+23
j  org.gradle.launcher.daemon.server.exec.WatchForDisconnection.execute(Lorg/gradle/launcher/daemon/server/api/DaemonCommandExecution;)V+19
j  org.gradle.launcher.daemon.server.api.DaemonCommandExecution.proceed()Z+23
j  org.gradle.launcher.daemon.server.exec.ResetDeprecationLogger.execute(Lorg/gradle/launcher/daemon/server/api/DaemonCommandExecution;)V+7
j  org.gradle.launcher.daemon.server.api.DaemonCommandExecution.proceed()Z+23
j  org.gradle.launcher.daemon.server.exec.RequestStopIfSingleUsedDaemon.execute(Lorg/gradle/launcher/daemon/server/api/DaemonCommandExecution;)V+33
j  org.gradle.launcher.daemon.server.api.DaemonCommandExecution.proceed()Z+23
j  org.gradle.launcher.daemon.server.exec.ForwardClientInput.lambda$execute$0(Lorg/gradle/launcher/daemon/server/api/DaemonCommandExecution;Lorg/gradle/internal/daemon/clientinput/StdinHandler;)Ljava/lang/Object;+11
j  org.gradle.launcher.daemon.server.exec.ForwardClientInput$$Lambda+0x000001b7e718f248.apply(Ljava/lang/Object;)Ljava/lang/Object;+8
j  org.gradle.internal.daemon.clientinput.ClientInputForwarder.forwardInput(Ljava/util/function/Function;)Ljava/lang/Object;+46
j  org.gradle.launcher.daemon.server.exec.ForwardClientInput.execute(Lorg/gradle/launcher/daemon/server/api/DaemonCommandExecution;)V+10
j  org.gradle.launcher.daemon.server.api.DaemonCommandExecution.proceed()Z+23
j  org.gradle.launcher.daemon.server.exec.LogAndCheckHealth.execute(Lorg/gradle/launcher/daemon/server/api/DaemonCommandExecution;)V+51
j  org.gradle.launcher.daemon.server.api.DaemonCommandExecution.proceed()Z+23
j  org.gradle.launcher.daemon.server.exec.LogToClient.doBuild(Lorg/gradle/launcher/daemon/server/api/DaemonCommandExecution;Lorg/gradle/launcher/daemon/protocol/Build;)V+87
j  org.gradle.launcher.daemon.server.exec.BuildCommandOnly.execute(Lorg/gradle/launcher/daemon/server/api/DaemonCommandExecution;)V+49
j  org.gradle.launcher.daemon.server.api.DaemonCommandExecution.proceed()Z+23
j  org.gradle.launcher.daemon.server.exec.EstablishBuildEnvironment.doBuild(Lorg/gradle/launcher/daemon/server/api/DaemonCommandExecution;Lorg/gradle/launcher/daemon/protocol/Build;)V+356
j  org.gradle.launcher.daemon.server.exec.BuildCommandOnly.execute(Lorg/gradle/launcher/daemon/server/api/DaemonCommandExecution;)V+49
j  org.gradle.launcher.daemon.server.api.DaemonCommandExecution.proceed()Z+23
j  org.gradle.launcher.daemon.server.exec.StartBuildOrRespondWithBusy$1.run()V+44
j  org.gradle.launcher.daemon.server.DaemonStateCoordinator.lambda$runCommand$0(Ljava/lang/Runnable;)V+1
j  org.gradle.launcher.daemon.server.DaemonStateCoordinator$$Lambda+0x000001b7e718bda8.run()V+8
j  org.gradle.internal.concurrent.ExecutorPolicy$CatchAndRecordFailures.onExecute(Ljava/lang/Runnable;)V+1
j  org.gradle.internal.concurrent.AbstractManagedExecutor$1.run()V+25
j  java.util.concurrent.ThreadPoolExecutor.runWorker(Ljava/util/concurrent/ThreadPoolExecutor$Worker;)V+92 java.base@21.0.12.1
j  java.util.concurrent.ThreadPoolExecutor$Worker.run()V+5 java.base@21.0.12.1
j  java.lang.Thread.runWith(Ljava/lang/Object;Ljava/lang/Runnable;)V+5 java.base@21.0.12.1
j  java.lang.Thread.run()V+19 java.base@21.0.12.1
v  ~StubRoutines::call_stub 0x000001b7c7e710e7

Compiled method (n/a) 75812 1945     n 0       java.lang.ClassLoader::defineClass0 (native)
 total in heap  [0x000001b7c84f2690,0x000001b7c84f2d58] = 1736
 relocation     [0x000001b7c84f27f0,0x000001b7c84f2828] = 56
 main code      [0x000001b7c84f2840,0x000001b7c84f2d52] = 1298
 stub code      [0x000001b7c84f2d52,0x000001b7c84f2d58] = 6

[Constant Pool (empty)]

[MachCode]
[Entry Point]
  # {method} {0x000001b7e6434610} 'defineClass0' '(Ljava/lang/ClassLoader;Ljava/lang/Class;Ljava/lang/String;[BIILjava/security/ProtectionDomain;ZILjava/lang/Object;)Ljava/lang/Class;' in 'java/lang/ClassLoader'
  # parm0:    rdx:rdx   = 'java/lang/ClassLoader'
  # parm1:    r8:r8     = 'java/lang/Class'
  # parm2:    r9:r9     = 'java/lang/String'
  # parm3:    rdi:rdi   = '[B'
  # parm4:    rsi       = int
  # parm5:    rcx       = int
  # parm6:    [sp+0xb0]   = 'java/security/ProtectionDomain'  (sp of caller)
  # parm7:    [sp+0xb8]   = boolean
  # parm8:    [sp+0xc0]   = int
  # parm9:    [sp+0xc8]   = 'java/lang/Object'
  0x000001b7c84f2840: 448b 5208 | 49bb 0000 | 00e6 b701 | 0000 4d03 | d349 3bc2 | 0f84 0600 

  0x000001b7c84f2858: ;   {runtime_call ic_miss_stub}
  0x000001b7c84f2858: 0000 e921 | c19c ff90 
[Verified Entry Point]
  0x000001b7c84f2860: 8984 2400 | 80ff ff55 | 488b ec48 | 81ec a000 | 0000 6690 | 4181 7f20 | 0500 0000 

  0x000001b7c84f287c: ;   {runtime_call StubRoutines (final stubs)}
  0x000001b7c84f287c: 7405 e85d | 5a9b ff48 | 837d 2800 | 488d 4528 | 480f 4445 | 2848 8944 | 2458 4863 | 4520 4889 
  0x000001b7c84f289c: 4424 5048 | 6345 1848 | 8944 2448 | 4883 7d10 | 0048 8d45 | 1048 0f44 | 4510 4889 | 4424 4048 
  0x000001b7c84f28bc: 894c 2438 | 4889 7424 | 3048 897c | 2478 4883 | ff00 488d | 4424 7848 | 0f44 4424 | 7848 8944 
  0x000001b7c84f28dc: 2428 4c89 | 4c24 7049 | 83f9 0048 | 8d44 2470 | 480f 4444 | 2470 4889 | 4424 204c | 8944 2468 
  0x000001b7c84f28fc: 4983 f800 | 4c8d 4c24 | 684c 0f44 | 4c24 6848 | 8954 2460 | 4883 fa00 | 4c8d 4424 | 604c 0f44 
  0x000001b7c84f291c: ;   {oop(a 'java/lang/Class'{0x00000006004017f8} = 'java/lang/ClassLoader')}
  0x000001b7c84f291c: 4424 6049 | bef8 1740 | 0006 0000 | 004c 89b4 | 2490 0000 | 004c 8db4 | 2490 0000 | 0049 8bd6 
  0x000001b7c84f293c: ;   {internal_word}
  0x000001b7c84f293c: c5f8 7749 | ba3c 294f | c8b7 0100 | 004d 8997 | a803 0000 | 4989 a7a0 

  0x000001b7c84f2954: ;   {external_word}
  0x000001b7c84f2954: 0300 0049 | ba06 6da3 | e3fc 7f00 | 0041 803a | 000f 844e | 0000 0052 | 4150 4151 

  0x000001b7c84f2970: ;   {metadata({method} {0x000001b7e6434610} 'defineClass0' '(Ljava/lang/ClassLoader;Ljava/lang/Class;Ljava/lang/String;[BIILjava/security/ProtectionDomain;ZILjava/lang/Object;)Ljava/lang/Class;' in 'java/lang/ClassLoader')}
  0x000001b7c84f2970: 48ba 0846 | 43e6 b701 | 0000 498b | cf48 83ec | 2040 f6c4 | 0f0f 8419 | 0000 0048 

  0x000001b7c84f298c: ;   {runtime_call}
  0x000001b7c84f298c: 83ec 0848 | b8e0 ea4c | e3fc 7f00 | 00ff d048 | 83c4 08e9 | 0c00 0000 

  0x000001b7c84f29a4: ;   {runtime_call}
  0x000001b7c84f29a4: 48b8 e0ea | 4ce3 fc7f | 0000 ffd0 | 4883 c420 | 4159 4158 | 5a49 8d8f | c003 0000 | 41c7 874c 
  0x000001b7c84f29c4: 0400 0004 

  0x000001b7c84f29c8: ;   {runtime_call}
  0x000001b7c84f29c8: 0000 0048 | b81c 1558 | 83fd 7f00 | 00ff d0c5 | f877 41c7 | 874c 0400 | 0005 0000 | 00f0 8344 
  0x000001b7c84f29e8: 24c0 0049 | 3baf 5004 | 0000 0f87 | 0e00 0000 | 4183 bf48 | 0400 0000 | 0f84 2b00 | 0000 c5f8 
  0x000001b7c84f2a08: 7748 8945 | f849 8bcf | 4c8b e448 | 83ec 2048 

  0x000001b7c84f2a18: ;   {runtime_call}
  0x000001b7c84f2a18: 83e4 f048 | b800 5818 | e3fc 7f00 | 00ff d049 | 8be4 4d33 | e448 8b45 | f841 c787 | 4c04 0000 
  0x000001b7c84f2a38: 0800 0000 | 4183 bfc8 | 0400 0002 | 0f84 db02 

  0x000001b7c84f2a48: ;   {external_word}
  0x000001b7c84f2a48: 0000 49ba | 066d a3e3 | fc7f 0000 | 4180 3a00 | 0f84 4c00 | 0000 4889 

  0x000001b7c84f2a60: ;   {metadata({method} {0x000001b7e6434610} 'defineClass0' '(Ljava/lang/ClassLoader;Ljava/lang/Class;Ljava/lang/String;[BIILjava/security/ProtectionDomain;ZILjava/lang/Object;)Ljava/lang/Class;' in 'java/lang/ClassLoader')}
  0x000001b7c84f2a60: 45f8 48ba | 0846 43e6 | b701 0000 | 498b cf48 | 83ec 2040 | f6c4 0f0f | 8419 0000 | 0048 83ec 
  0x000001b7c84f2a80: ;   {runtime_call}
  0x000001b7c84f2a80: 0848 b8e0 | ea4c e3fc | 7f00 00ff | d048 83c4 | 08e9 0c00 

  0x000001b7c84f2a94: ;   {runtime_call}
  0x000001b7c84f2a94: 0000 48b8 | e0ea 4ce3 | fc7f 0000 | ffd0 4883 | c420 488b | 45f8 49c7 | 87a0 0300 | 0000 0000 
  0x000001b7c84f2ab4: 0049 c787 | a803 0000 | 0000 0000 | c5f8 7748 | 85c0 0f84 | 3602 0000 | a803 0f85 | 0800 0000 
  0x000001b7c84f2ad4: 488b 00e9 | 2602 0000 | a801 0f85 | 0900 0000 | 488b 40fe | e915 0200 | 0048 8b40 | ff41 807f 
  0x000001b7c84f2af4: 4000 0f84 | 0602 0000 | 4883 f800 | 0f84 fc01 | 0000 498b | 4f28 4883 | f900 0f84 | 1400 0000 
  0x000001b7c84f2b14: 4883 e908 | 4989 4f28 | 4903 4f38 | 4889 01e9 | da01 0000 | 4881 ecf0 | 0000 0048 | 8904 2448 
  0x000001b7c84f2b34: 894c 2408 | 4889 5424 | 104c 8944 | 2418 4c89 | 4c24 204c | 8954 2428 | 4c89 5c24 | 30c5 fb11 
  0x000001b7c84f2b54: 4424 40c5 | fb11 4c24 | 48c5 fb11 | 5424 50c5 | fb11 5c24 | 58c5 fb11 | 6424 60c5 | fb11 6c24 
  0x000001b7c84f2b74: 6862 e1ff | 0811 4424 | 0e62 e1ff | 0811 4c24 | 0f62 e1ff | 0811 5424 | 1062 e1ff | 0811 5c24 
  0x000001b7c84f2b94: ;   {no_reloc}
  0x000001b7c84f2b94: 1162 e1ff | 0811 6424 | 1262 e1ff | 0811 6c24 | 1362 e1ff | 0811 7424 | 1462 e1ff | 0811 7c24 
  0x000001b7c84f2bb4: 1562 61ff | 0811 4424 | 1662 61ff | 0811 4c24 | 1762 61ff | 0811 5424 | 1862 61ff | 0811 5c24 
  0x000001b7c84f2bd4: 1962 61ff | 0811 6424 | 1a62 61ff | 0811 6c24 | 1b62 61ff | 0811 7424 | 1c62 61ff | 0811 7c24 
  0x000001b7c84f2bf4: 1d49 8bd7 | 488b c848 | 83ec 2040 | f6c4 0f0f | 8419 0000 | 0048 83ec 

  0x000001b7c84f2c0c: ;   {runtime_call}
  0x000001b7c84f2c0c: 0848 b820 | a40b e3fc | 7f00 00ff | d048 83c4 | 08e9 0c00 

  0x000001b7c84f2c20: ;   {runtime_call}
  0x000001b7c84f2c20: 0000 48b8 | 20a4 0be3 | fc7f 0000 | ffd0 4883 | c420 6261 | ff08 107c | 241d 6261 | ff08 1074 
  0x000001b7c84f2c40: 241c 6261 | ff08 106c | 241b 6261 | ff08 1064 | 241a 6261 | ff08 105c | 2419 6261 | ff08 1054 
  0x000001b7c84f2c60: 2418 6261 | ff08 104c | 2417 6261 | ff08 1044 | 2416 62e1 | ff08 107c | 2415 62e1 | ff08 1074 
  0x000001b7c84f2c80: 2414 62e1 | ff08 106c | 2413 62e1 | ff08 1064 | 2412 62e1 | ff08 105c | 2411 62e1 | ff08 1054 
  0x000001b7c84f2ca0: 2410 62e1 | ff08 104c | 240f 62e1 | ff08 1044 | 240e c5fb | 106c 2468 | c5fb 1064 | 2460 c5fb 
  0x000001b7c84f2cc0: 105c 2458 | c5fb 1054 | 2450 c5fb | 104c 2448 | c5fb 1044 | 2440 4c8b | 5c24 304c | 8b54 2428 
  0x000001b7c84f2ce0: 4c8b 4c24 | 204c 8b44 | 2418 488b | 5424 1048 | 8b4c 2408 | 488b 0424 | 4881 c4f0 | 0000 00c5 
  0x000001b7c84f2d00: f877 498b | 8f30 0400 | 00c7 8100 | 0100 0000 | 0000 00c9 | 4983 7f08 | 000f 8501 | 0000 00c3 
  0x000001b7c84f2d20: ;   {runtime_call StubRoutines (initial stubs)}
  0x000001b7c84f2d20: e9db e197 | ffc5 f877 | 4889 45f8 | 4c8b e448 | 83ec 2048 

  0x000001b7c84f2d34: ;   {runtime_call}
  0x000001b7c84f2d34: 83e4 f048 | b830 224d | e3fc 7f00 | 00ff d049 | 8be4 4d33 | e448 8b45 | f8e9 f8fc | ffff f4f4 
  0x000001b7c84f2d54: f4f4 f4f4 
[/MachCode]


Compiled method (c1) 75834 2851       3       java.lang.System$2::defineClass (21 bytes)
 total in heap  [0x000001b7b86c5310,0x000001b7b86c56f0] = 992
 relocation     [0x000001b7b86c5470,0x000001b7b86c54b0] = 64
 main code      [0x000001b7b86c54c0,0x000001b7b86c55f8] = 312
 stub code      [0x000001b7b86c55f8,0x000001b7b86c5638] = 64
 metadata       [0x000001b7b86c5638,0x000001b7b86c5640] = 8
 scopes data    [0x000001b7b86c5640,0x000001b7b86c5688] = 72
 scopes pcs     [0x000001b7b86c5688,0x000001b7b86c56d8] = 80
 dependencies   [0x000001b7b86c56d8,0x000001b7b86c56e0] = 8
 nul chk table  [0x000001b7b86c56e0,0x000001b7b86c56f0] = 16

[Constant Pool (empty)]

[MachCode]
[Entry Point]
  # {method} {0x000001b7e6019588} 'defineClass' '(Ljava/lang/ClassLoader;Ljava/lang/Class;Ljava/lang/String;[BLjava/security/ProtectionDomain;ZILjava/lang/Object;)Ljava/lang/Class;' in 'java/lang/System$2'
  # this:     rdx:rdx   = 'java/lang/System$2'
  # parm0:    r8:r8     = 'java/lang/ClassLoader'
  # parm1:    r9:r9     = 'java/lang/Class'
  # parm2:    rdi:rdi   = 'java/lang/String'
  # parm3:    rsi:rsi   = '[B'
  # parm4:    rcx:rcx   = 'java/security/ProtectionDomain'
  # parm5:    [sp+0x70]   = boolean  (sp of caller)
  # parm6:    [sp+0x78]   = int
  # parm7:    [sp+0x80]   = 'java/lang/Object'
  0x000001b7b86c54c0: 448b 5208 | 49bb 0000 | 00e6 b701 | 0000 4d03 | d34c 3bd0 

  0x000001b7b86c54d4: ;   {runtime_call ic_miss_stub}
  0x000001b7b86c54d4: 0f85 a694 | 7f0f 660f | 1f44 0000 
[Verified Entry Point]
  0x000001b7b86c54e0: 8984 2400 | 80ff ff55 | 4883 ec60 | 4181 7f20 | 0500 0000 

  0x000001b7b86c54f4: ;   {runtime_call StubRoutines (final stubs)}
  0x000001b7b86c54f4: 7405 e8e5 | 2d7e 0f48 

  0x000001b7b86c54fc: ;   {metadata(method data for {method} {0x000001b7e6019588} 'defineClass' '(Ljava/lang/ClassLoader;Ljava/lang/Class;Ljava/lang/String;[BLjava/security/ProtectionDomain;ZILjava/lang/Object;)Ljava/lang/Class;' in 'java/lang/System$2')}
  0x000001b7b86c54fc: 8bd9 48b9 | b008 9a27 | b801 0000 | 8b81 cc00 | 0000 83c0 | 0289 81cc | 0000 0025 | fe07 0000 
  0x000001b7b86c551c: 85c0 0f84 | 6b00 0000 | 4c8b ac24 | 8000 0000 | 448b 5c24 | 788b 4424 | 708b 4e0c 

  0x000001b7b86c5538: ;   {metadata(method data for {method} {0x000001b7e6019588} 'defineClass' '(Ljava/lang/ClassLoader;Ljava/lang/Class;Ljava/lang/String;[BLjava/security/ProtectionDomain;ZILjava/lang/Object;)Ljava/lang/Class;' in 'java/lang/System$2')}
  0x000001b7b86c5538: 48ba b008 | 9a27 b801 | 0000 4883 | 8210 0100 | 0001 498b | d04d 8bc1 | 4c8b cf48 | 8bfe be00 
  0x000001b7b86c5558: 0000 0048 | 891c 2489 | 4424 0844 | 895c 2410 | 4c89 6c24 

  0x000001b7b86c556c: ;   {static_call}
  0x000001b7b86c556c: 1866 90e8 

  0x000001b7b86c5570: ; ImmutableOopMap {}
                      ;*invokestatic defineClass0 {reexecute=0 rethrow=0 return_oop=0}
                      ; - java.lang.System$2::defineClass@17
  0x000001b7b86c5570: ecd2 e20f 

  0x000001b7b86c5574: ;   {other}
  0x000001b7b86c5574: 0f1f 8400 | 6402 0000 | 4883 c460 

  0x000001b7b86c5580: ;   {poll_return}
  0x000001b7b86c5580: 5d49 3ba7 | 5004 0000 | 0f87 2700 

  0x000001b7b86c558c: ;   {metadata({method} {0x000001b7e6019588} 'defineClass' '(Ljava/lang/ClassLoader;Ljava/lang/Class;Ljava/lang/String;[BLjava/security/ProtectionDomain;ZILjava/lang/Object;)Ljava/lang/Class;' in 'java/lang/System$2')}
  0x000001b7b86c558c: 0000 c349 | ba80 9501 | e6b7 0100 | 004c 8954 | 2408 48c7 | 0424 ffff 

  0x000001b7b86c55a4: ;   {runtime_call counter_overflow Runtime1 stub}
  0x000001b7b86c55a4: ffff e8d5 

  0x000001b7b86c55a8: ; ImmutableOopMap {rdx=Oop r8=Oop r9=Oop rdi=Oop rsi=Oop rbx=Oop [128]=Oop }
                      ;*synchronization entry
                      ; - java.lang.System$2::defineClass@-1
  0x000001b7b86c55a8: e88c 0fe9 | 74ff ffff 

  0x000001b7b86c55b0: ;   {runtime_call throw_null_pointer_exception Runtime1 stub}
  0x000001b7b86c55b0: e86b 868c 

  0x000001b7b86c55b4: ; ImmutableOopMap {r8=Oop r9=Oop rdi=Oop rsi=Oop rbx=Oop r13=Oop [128]=Oop }
                      ;*arraylength {reexecute=0 rethrow=0 return_oop=0}
                      ; - java.lang.System$2::defineClass@8
                      ;   {internal_word}
  0x000001b7b86c55b4: 0f49 ba81 | 556c b8b7 | 0100 004d | 8997 6804 

  0x000001b7b86c55c4: ;   {runtime_call SafepointBlob}
  0x000001b7b86c55c4: 0000 e9b5 | 1380 0f49 | 8b87 0005 | 0000 49c7 | 8700 0500 | 0000 0000 | 0049 c787 | 0805 0000 
  0x000001b7b86c55e4: 0000 0000 | 4883 c460 

  0x000001b7b86c55ec: ;   {runtime_call unwind_exception Runtime1 stub}
  0x000001b7b86c55ec: 5de9 0e77 | 8c0f f4f4 | f4f4 f4f4 
[Stub Code]
  0x000001b7b86c55f8: ;   {no_reloc}
  0x000001b7b86c55f8: 48bb 0000 | 0000 0000 

  0x000001b7b86c5600: ;   {runtime_call nmethod}
  0x000001b7b86c5600: 0000 e9fb 

  0x000001b7b86c5604: ;   {runtime_call handle_exception_from_callee Runtime1 stub}
  0x000001b7b86c5604: ffff ffe8 | f4ab 8c0f 

  0x000001b7b86c560c: ;   {external_word}
  0x000001b7b86c560c: 48b9 5063 | 79e3 fc7f | 0000 4883 

  0x000001b7b86c5618: ;   {runtime_call}
  0x000001b7b86c5618: e4f0 48b8 | c0c9 3be3 | fc7f 0000 

  0x000001b7b86c5624: ;   {section_word}
  0x000001b7b86c5624: ffd0 f449 | ba27 566c | b8b7 0100 

  0x000001b7b86c5630: ;   {runtime_call DeoptimizationBlob}
  0x000001b7b86c5630: 0041 52e9 | e827 800f 
[/MachCode]


Compiled method (c1) 75843 2582   !   3       java.lang.invoke.MethodHandles$Lookup$ClassDefiner::defineClass (213 bytes)
 total in heap  [0x000001b7b8633710,0x000001b7b86349c0] = 4784
 relocation     [0x000001b7b8633870,0x000001b7b8633990] = 288
 main code      [0x000001b7b86339a0,0x000001b7b8634458] = 2744
 stub code      [0x000001b7b8634458,0x000001b7b86344d0] = 120
 metadata       [0x000001b7b86344d0,0x000001b7b8634540] = 112
 scopes data    [0x000001b7b8634540,0x000001b7b8634758] = 536
 scopes pcs     [0x000001b7b8634758,0x000001b7b8634918] = 448
 dependencies   [0x000001b7b8634918,0x000001b7b8634930] = 24
 handler table  [0x000001b7b8634930,0x000001b7b8634978] = 72
 nul chk table  [0x000001b7b8634978,0x000001b7b86349c0] = 72

[Constant Pool (empty)]

[MachCode]
[Entry Point]
  # {method} {0x000001b7e61eae68} 'defineClass' '(ZLjava/lang/Object;)Ljava/lang/Class;' in 'java/lang/invoke/MethodHandles$Lookup$ClassDefiner'
  # this:     rdx:rdx   = 'java/lang/invoke/MethodHandles$Lookup$ClassDefiner'
  # parm0:    r8        = boolean
  # parm1:    r9:r9     = 'java/lang/Object'
  #           [sp+0xf0]  (sp of caller)
  0x000001b7b86339a0: 448b 5208 | 49bb 0000 | 00e6 b701 | 0000 4d03 | d34c 3bd0 

  0x000001b7b86339b4: ;   {runtime_call ic_miss_stub}
  0x000001b7b86339b4: 0f85 c6af | 880f 660f | 1f44 0000 
[Verified Entry Point]
  0x000001b7b86339c0: 8984 2400 | 80ff ff55 | 4881 ece0 | 0000 0090 | 4181 7f20 | 0500 0000 

  0x000001b7b86339d8: ;   {runtime_call StubRoutines (final stubs)}
  0x000001b7b86339d8: 7405 e801 | 4987 0f48 | 8994 2498 | 0000 0044 | 8984 24b0 | 0000 004c | 898c 24b8 

  0x000001b7b86339f4: ;   {metadata(method data for {method} {0x000001b7e61eae68} 'defineClass' '(ZLjava/lang/Object;)Ljava/lang/Class;' in 'java/lang/invoke/MethodHandles$Lookup$ClassDefiner')}
  0x000001b7b86339f4: 0000 0048 | be88 fd99 | 27b8 0100 | 008b becc | 0000 0083 | c702 89be | cc00 0000 | 81e7 fe07 
  0x000001b7b8633a14: 0000 85ff | 0f84 b307 | 0000 8b72 | 1048 c1e6 | 0348 89b4 | 2490 0000 | 0048 3b06 

  0x000001b7b8633a30: ;   {metadata(method data for {method} {0x000001b7e61eae68} 'defineClass' '(ZLjava/lang/Object;)Ljava/lang/Class;' in 'java/lang/invoke/MethodHandles$Lookup$ClassDefiner')}
  0x000001b7b8633a30: 488b fe48 | bb88 fd99 | 27b8 0100 | 0048 8383 | 1001 0000 | 018b 7e10 | 48c1 e703 | 4889 bc24 
  0x000001b7b8633a50: a800 0000 

  0x000001b7b8633a54: ; implicit exception: dispatches to 0x000001b7b86341f7
  0x000001b7b8633a54: 483b 0748 

  0x000001b7b8633a58: ;   {metadata(method data for {method} {0x000001b7e61eae68} 'defineClass' '(ZLjava/lang/Object;)Ljava/lang/Class;' in 'java/lang/invoke/MethodHandles$Lookup$ClassDefiner')}
  0x000001b7b8633a58: 8bdf 48b8 | 88fd 9927 | b801 0000 | 4883 8048 | 0100 0001 

  0x000001b7b8633a6c: ;   {metadata(method data for {method} {0x000001b7e6468e60} 'getClassLoader' '()Ljava/lang/ClassLoader;' in 'java/lang/Class')}
  0x000001b7b8633a6c: 48bb 682f | 0227 b801 | 0000 8b83 | cc00 0000 | 83c0 0289 | 83cc 0000 | 0025 feff | 1f00 85c0 
  0x000001b7b8633a8c: 0f84 6a07 | 0000 8b5f | 3448 c1e3 | 0348 85db 

  0x000001b7b8633a9c: ;   {metadata(method data for {method} {0x000001b7e6468e60} 'getClassLoader' '()Ljava/lang/ClassLoader;' in 'java/lang/Class')}
  0x000001b7b8633a9c: 48b8 682f | 0227 b801 | 0000 48c7 | c110 0100 | 0075 0748 | c7c1 2001 | 0000 4c8b | 1c08 4d8d 
  0x000001b7b8633abc: 5b01 4c89 | 1c08 0f85 | 0f00 0000 

  0x000001b7b8633ac8: ;   {oop(nullptr)}
  0x000001b7b8633ac8: 48bb 0000 | 0000 0000 | 0000 e9a2 

  0x000001b7b8633ad4: ;   {metadata(method data for {method} {0x000001b7e6468e60} 'getClassLoader' '()Ljava/lang/ClassLoader;' in 'java/lang/Class')}
  0x000001b7b8633ad4: 0000 0048 | b868 2f02 | 27b8 0100 | 0048 8380 | 3001 0000 

  0x000001b7b8633ae8: ;   {metadata(method data for {method} {0x000001b7e601b1d0} 'getSecurityManager' '()Ljava/lang/SecurityManager;' in 'java/lang/System')}
  0x000001b7b8633ae8: 0148 b840 | 3202 27b8 | 0100 008b | 88cc 0000 | 0083 c102 | 8988 cc00 | 0000 81e1 | feff 1f00 
  0x000001b7b8633b08: 85c9 0f84 | 0d07 0000 

  0x000001b7b8633b10: ;   {metadata(method data for {method} {0x000001b7e601b1d0} 'getSecurityManager' '()Ljava/lang/SecurityManager;' in 'java/lang/System')}
  0x000001b7b8633b10: 48b8 4032 | 0227 b801 | 0000 4883 | 8010 0100 

  0x000001b7b8633b20: ;   {metadata(method data for {method} {0x000001b7e601b2e8} 'allowSecurityManager' '()Z' in 'java/lang/System')}
  0x000001b7b8633b20: 0001 48b8 | b833 0227 | b801 0000 | 8b88 cc00 | 0000 83c1 | 0289 88cc | 0000 0081 | e1fe ff1f 
  0x000001b7b8633b40: 0085 c90f | 84f5 0600 

  0x000001b7b8633b48: ;   {metadata(method data for {method} {0x000001b7e601b2e8} 'allowSecurityManager' '()Z' in 'java/lang/System')}
  0x000001b7b8633b48: 0048 b8b8 | 3302 27b8 | 0100 00ff | 8010 0100 

  0x000001b7b8633b58: ;   {metadata(method data for {method} {0x000001b7e601b1d0} 'getSecurityManager' '()Ljava/lang/SecurityManager;' in 'java/lang/System')}
  0x000001b7b8633b58: 0048 b840 | 3202 27b8 | 0100 00ff | 8020 0100 

  0x000001b7b8633b68: ;   {metadata(method data for {method} {0x000001b7e6468e60} 'getClassLoader' '()Ljava/lang/ClassLoader;' in 'java/lang/Class')}
  0x000001b7b8633b68: 0048 b868 | 2f02 27b8 | 0100 00ff | 8040 0100 | 0048 85db 

  0x000001b7b8633b7c: ;   {metadata(method data for {method} {0x000001b7e61eae68} 'defineClass' '(ZLjava/lang/Object;)Ljava/lang/Class;' in 'java/lang/invoke/MethodHandles$Lookup$ClassDefiner')}
  0x000001b7b8633b7c: 48b8 88fd | 9927 b801 | 0000 48c7 | c180 0100 | 0074 0748 | c7c1 9001 | 0000 4c8b | 1c08 4d8d 
  0x000001b7b8633b9c: 5b01 4c89 | 1c08 0f84 | 5f02 0000 

  0x000001b7b8633ba8: ;   {metadata(method data for {method} {0x000001b7e61eae68} 'defineClass' '(ZLjava/lang/Object;)Ljava/lang/Class;' in 'java/lang/invoke/MethodHandles$Lookup$ClassDefiner')}
  0x000001b7b8633ba8: 488b c648 | b988 fd99 | 27b8 0100 | 0048 8381 | a001 0000 

  0x000001b7b8633bbc: ;   {metadata(method data for {method} {0x000001b7e63e0578} 'lookupClassProtectionDomain' '()Ljava/security/ProtectionDomain;' in 'java/lang/invoke/MethodHandles$Lookup')}
  0x000001b7b8633bbc: 0148 b8c0 | 039a 27b8 | 0100 008b | 88cc 0000 | 0083 c102 | 8988 cc00 | 0000 81e1 | feff 1f00 
  0x000001b7b8633bdc: 85c9 0f84 | 7b06 0000 | 8b46 1848 | c1e0 0348 

  0x000001b7b8633bec: ;   {metadata(method data for {method} {0x000001b7e63e0578} 'lookupClassProtectionDomain' '()Ljava/security/ProtectionDomain;' in 'java/lang/invoke/MethodHandles$Lookup')}
  0x000001b7b8633bec: 85c0 48b9 | c003 9a27 | b801 0000 | 49c7 c310 | 0100 0075 | 0749 c7c3 | 2001 0000 | 4e8b 2c19 
  0x000001b7b8633c0c: 4d8d 6d01 | 4e89 2c19 | 4889 9c24 | a000 0000 | 0f85 cf01 

  0x000001b7b8633c20: ;   {metadata(method data for {method} {0x000001b7e63e0578} 'lookupClassProtectionDomain' '()Ljava/security/ProtectionDomain;' in 'java/lang/invoke/MethodHandles$Lookup')}
  0x000001b7b8633c20: 0000 48b8 | c003 9a27 | b801 0000 | 4883 8030 | 0100 0001 

  0x000001b7b8633c34: ;   {metadata(method data for {method} {0x000001b7e6473b88} 'getJavaLangAccess' '()Ljdk/internal/access/JavaLangAccess;' in 'jdk/internal/access/SharedSecrets')}
  0x000001b7b8633c34: 48b8 5803 | 1a27 b801 | 0000 8b88 | cc00 0000 | 83c1 0289 | 88cc 0000 | 0081 e1fe | ff1f 0085 
  0x000001b7b8633c54: c90f 8425 

  0x000001b7b8633c58: ;   {oop(a 'java/lang/Class'{0x0000000600406550} = 'jdk/internal/access/SharedSecrets')}
  0x000001b7b8633c58: 0600 0048 | b850 6540 | 0006 0000 | 008b 407c | 48c1 e003 | 8b4e 1048 | c1e1 0348 | 85c0 0f84 
  0x000001b7b8633c78: 2a00 0000 

  0x000001b7b8633c7c: ;   {metadata('java/lang/System$2')}
  0x000001b7b8633c7c: 48be 6082 | 01e6 b701 | 0000 448b | 7008 49ba | 0000 00e6 | b701 0000 | 4d03 f249 | 3b76 380f 
  0x000001b7b8633c9c: 8500 0600 | 00e9 0000 | 0000 4c8b | d848 3b00 

  0x000001b7b8633cac: ;   {metadata(method data for {method} {0x000001b7e63e0578} 'lookupClassProtectionDomain' '()Ljava/security/ProtectionDomain;' in 'java/lang/invoke/MethodHandles$Lookup')}
  0x000001b7b8633cac: 48be c003 | 9a27 b801 

  0x000001b7b8633cb4: ;   {metadata('java/lang/System$2')}
  0x000001b7b8633cb4: 0000 49ba | 6082 01e6 | b701 0000 | 4c89 9650 | 0100 0048 | 8386 5801 

  0x000001b7b8633ccc: ;   {metadata(method data for {method} {0x000001b7e60192c8} 'protectionDomain' '(Ljava/lang/Class;)Ljava/security/ProtectionDomain;' in 'java/lang/System$2')}
  0x000001b7b8633ccc: 0000 0148 | be78 059a | 27b8 0100 | 008b 86cc | 0000 0083 | c002 8986 | cc00 0000 | 25fe ff1f 
  0x000001b7b8633cec: 0085 c00f | 84b6 0500 | 0048 3b01 

  0x000001b7b8633cf8: ;   {metadata(method data for {method} {0x000001b7e60192c8} 'protectionDomain' '(Ljava/lang/Class;)Ljava/security/ProtectionDomain;' in 'java/lang/System$2')}
  0x000001b7b8633cf8: 488b f148 | b878 059a | 27b8 0100 | 0048 8380 | 1001 0000 

  0x000001b7b8633d0c: ;   {metadata(method data for {method} {0x000001b7e6467bb8} 'protectionDomain' '()Ljava/security/ProtectionDomain;' in 'java/lang/Class')}
  0x000001b7b8633d0c: 0148 be08 | 079a 27b8 | 0100 008b | 86cc 0000 | 0083 c002 | 8986 cc00 | 0000 25fe | ff1f 0085 
  0x000001b7b8633d2c: c00f 849e | 0500 0048 

  0x000001b7b8633d34: ;   {metadata(method data for {method} {0x000001b7e6467bb8} 'protectionDomain' '()Ljava/security/ProtectionDomain;' in 'java/lang/Class')}
  0x000001b7b8633d34: 8bf1 48b8 | 0807 9a27 | b801 0000 | 4883 8010 | 0100 0001 | 488b d10f 

  0x000001b7b8633d4c: ;   {optimized virtual_call}
  0x000001b7b8633d4c: 1f40 00e8 

  0x000001b7b8633d50: ; ImmutableOopMap {[144]=Oop [152]=Oop [160]=Oop [168]=Oop [184]=Oop }
                      ;*invokevirtual getProtectionDomain0 {reexecute=0 rethrow=0 return_oop=0}
                      ; - java.lang.Class::protectionDomain@1
                      ; - java.lang.System$2::protectionDomain@1
                      ; - java.lang.invoke.MethodHandles$Lookup::lookupClassProtectionDomain@17
                      ; - java.lang.invoke.MethodHandles$Lookup$ClassDefiner::defineClass@23
  0x000001b7b8633d50: 0c00 f60f 

  0x000001b7b8633d54: ;   {other}
  0x000001b7b8633d54: 0f1f 8400 | 4406 0000 

  0x000001b7b8633d5c: ;   {metadata(method data for {method} {0x000001b7e6467bb8} 'protectionDomain' '()Ljava/security/ProtectionDomain;' in 'java/lang/Class')}
  0x000001b7b8633d5c: 4885 c049 | b808 079a | 27b8 0100 | 0049 c7c1 | 4801 0000 | 7507 49c7 | c158 0100 | 004b 8b3c 
  0x000001b7b8633d7c: 0848 8d7f | 014b 893c | 080f 8525 | 0000 000f | 1f44 0000 

  0x000001b7b8633d90: ;   {no_reloc}
  0x000001b7b8633d90: e9d5 0500 | 0000 0000 | 0000 660f | 1f44 0000 

  0x000001b7b8633da0: ; implicit exception: dispatches to 0x000001b7b8634374
  0x000001b7b8633da0: e9e0 0500 | 0090 9049 | c1e0 03e9 | 0300 0000 | 4c8b c048 | 8bb4 2490 | 0000 0045 | 0fbe 4f40 
  0x000001b7b8633dc0: 4585 c90f | 85c6 0500 | 004d 8bd0 | 49c1 ea03 | 4489 5618 | f083 4424 | c000 4c8b | ce4d 33c8 
  0x000001b7b8633de0: 49c1 e916 | 4983 f900 | 0f85 c105 | 0000 498b 

  0x000001b7b8633df0: ;   {metadata(method data for {method} {0x000001b7e61eae68} 'defineClass' '(ZLjava/lang/Object;)Ljava/lang/Class;' in 'java/lang/invoke/MethodHandles$Lookup$ClassDefiner')}
  0x000001b7b8633df0: c049 b888 | fd99 27b8 | 0100 0041 | ff80 d801 | 0000 e912 | 0000 0048 | 899c 24a0 

  0x000001b7b8633e0c: ;   {oop(nullptr)}
  0x000001b7b8633e0c: 0000 0048 | b800 0000 | 0000 0000 | 0048 8b9c | 24a0 0000 | 0048 8bbc | 24a8 0000 | 0048 8b94 
  0x000001b7b8633e2c: 2498 0000 

  0x000001b7b8633e30: ;   {metadata(method data for {method} {0x000001b7e61eae68} 'defineClass' '(ZLjava/lang/Object;)Ljava/lang/Class;' in 'java/lang/invoke/MethodHandles$Lookup$ClassDefiner')}
  0x000001b7b8633e30: 0049 b888 | fd99 27b8 | 0100 0049 | 8380 f001 

  0x000001b7b8633e40: ;   {metadata(method data for {method} {0x000001b7e6473b88} 'getJavaLangAccess' '()Ljdk/internal/access/JavaLangAccess;' in 'jdk/internal/access/SharedSecrets')}
  0x000001b7b8633e40: 0000 0149 | b858 031a | 27b8 0100 | 0045 8b88 | cc00 0000 | 4183 c102 | 4589 88cc | 0000 0041 
  0x000001b7b8633e60: 81e1 feff | 1f00 4585 | c90f 8458 

  0x000001b7b8633e6c: ;   {oop(a 'java/lang/Class'{0x0000000600406550} = 'jdk/internal/access/SharedSecrets')}
  0x000001b7b8633e6c: 0500 0049 | b850 6540 | 0006 0000 | 0045 8b70 | 7c49 c1e6 | 038b 7214 | 48c1 e603 | 8b4a 1848 
  0x000001b7b8633e8c: c1e1 0344 | 8b4a 0c4d | 85f6 0f84 | 2a00 0000 

  0x000001b7b8633e9c: ;   {metadata('java/lang/System$2')}
  0x000001b7b8633e9c: 49bb 6082 | 01e6 b701 | 0000 458b | 6e08 49ba | 0000 00e6 | b701 0000 | 4d03 ea4d | 3b5d 380f 
  0x000001b7b8633ebc: 8527 0500 | 00e9 0000 | 0000 4d8b | c649 3b06 

  0x000001b7b8633ecc: ;   {metadata(method data for {method} {0x000001b7e61eae68} 'defineClass' '(ZLjava/lang/Object;)Ljava/lang/Class;' in 'java/lang/invoke/MethodHandles$Lookup$ClassDefiner')}
  0x000001b7b8633ecc: 4d8b c648 | ba88 fd99 | 27b8 0100 

  0x000001b7b8633ed8: ;   {metadata('java/lang/System$2')}
  0x000001b7b8633ed8: 0049 ba60 | 8201 e6b7 | 0100 004c | 8992 1002 | 0000 4883 | 8218 0200 | 0001 4c8b | c349 8bd1 
  0x000001b7b8633ef8: 4c8b cf48 | 8bfe 488b | f148 8bc8 | 8b84 24b0 | 0000 0089 | 0424 8954 | 2408 488b | 9424 b800 
  0x000001b7b8633f18: 0000 4889 | 5424 1049 | 8bd6 0f1f 

  0x000001b7b8633f24: ;   {optimized virtual_call}
  0x000001b7b8633f24: 4400 00e8 

  0x000001b7b8633f28: ; ImmutableOopMap {[152]=Oop [168]=Oop }
                      ;*invokeinterface defineClass {reexecute=0 rethrow=0 return_oop=0}
                      ; - java.lang.invoke.MethodHandles$Lookup$ClassDefiner::defineClass@57
  0x000001b7b8633f28: b415 0900 

  0x000001b7b8633f2c: ;   {other}
  0x000001b7b8633f2c: 0f1f 8400 | 1c08 0001 

  0x000001b7b8633f34: ;   {metadata(method data for {method} {0x000001b7e61eae68} 'defineClass' '(ZLjava/lang/Object;)Ljava/lang/Class;' in 'java/lang/invoke/MethodHandles$Lookup$ClassDefiner')}
  0x000001b7b8633f34: 49b8 88fd | 9927 b801 | 0000 41ff | 8038 0200 | 0048 8b94 | 2498 0000 | 008b 721c | 48c1 e603 
  0x000001b7b8633f54: ; implicit exception: dispatches to 0x000001b7b86343f2
  0x000001b7b8633f54: 483b 064c 

  0x000001b7b8633f58: ;   {metadata(method data for {method} {0x000001b7e61eae68} 'defineClass' '(ZLjava/lang/Object;)Ljava/lang/Class;' in 'java/lang/invoke/MethodHandles$Lookup$ClassDefiner')}
  0x000001b7b8633f58: 8bc6 49b9 | 88fd 9927 | b801 0000 | 4983 8150 | 0300 0001 | 440f be46 | 0c41 83e0 | 0145 85c0 
  0x000001b7b8633f78: ;   {metadata(method data for {method} {0x000001b7e61eae68} 'defineClass' '(ZLjava/lang/Object;)Ljava/lang/Class;' in 'java/lang/invoke/MethodHandles$Lookup$ClassDefiner')}
  0x000001b7b8633f78: 49b8 88fd | 9927 b801 | 0000 49c7 | c188 0300 | 0074 0749 | c7c1 9803 | 0000 4b8b | 3c08 488d 
  0x000001b7b8633f98: 7f01 4b89 | 3c08 0f84 | d801 0000 

  0x000001b7b8633fa4: ;   {metadata(method data for {method} {0x000001b7e61eae68} 'defineClass' '(ZLjava/lang/Object;)Ljava/lang/Class;' in 'java/lang/invoke/MethodHandles$Lookup$ClassDefiner')}
  0x000001b7b8633fa4: 4c8b c249 | b988 fd99 | 27b8 0100 

  0x000001b7b8633fb0: ;   {metadata('java/lang/invoke/MethodHandles$Lookup$ClassDefiner')}
  0x000001b7b8633fb0: 0049 ba28 | ac1e e6b7 | 0100 004d | 8991 b803 | 0000 4983 | 81c0 0300 | 0001 8b7a | 1448 c1e7 
  0x000001b7b8633fd0: 0348 85c0 

  0x000001b7b8633fd4: ;   {metadata(method data for {method} {0x000001b7e61eae68} 'defineClass' '(ZLjava/lang/Object;)Ljava/lang/Class;' in 'java/lang/invoke/MethodHandles$Lookup$ClassDefiner')}
  0x000001b7b8633fd4: 49b8 88fd | 9927 b801 | 0000 49c7 | c1e0 0300 | 0074 0749 | c7c1 f003 | 0000 4b8b | 1c08 488d 
  0x000001b7b8633ff4: 5b01 4b89 | 1c08 0f84 | 3b01 0000 | e9c5 0000 | 0048 8b94 | 2498 0000 | 0049 8b87 | 0005 0000 
  0x000001b7b8634014: 4d33 d24d | 8997 0005 | 0000 4d33 | d24d 8997 | 0805 0000 | 8b72 1c48 | c1e6 0348 | 3b06 4c8b 
  0x000001b7b8634034: ;   {metadata(method data for {method} {0x000001b7e61eae68} 'defineClass' '(ZLjava/lang/Object;)Ljava/lang/Class;' in 'java/lang/invoke/MethodHandles$Lookup$ClassDefiner')}
  0x000001b7b8634034: c649 b988 | fd99 27b8 | 0100 0049 | 8381 8804 | 0000 0144 | 0fbe 460c | 4183 e001 

  0x000001b7b8634050: ;   {metadata(method data for {method} {0x000001b7e61eae68} 'defineClass' '(ZLjava/lang/Object;)Ljava/lang/Class;' in 'java/lang/invoke/MethodHandles$Lookup$ClassDefiner')}
  0x000001b7b8634050: 4585 c049 | b888 fd99 | 27b8 0100 | 0049 c7c1 | c004 0000 | 7407 49c7 | c1d0 0400 | 004b 8b3c 
  0x000001b7b8634070: 0848 8d7f | 014b 893c | 080f 844d | 0100 004c 

  0x000001b7b8634080: ;   {metadata(method data for {method} {0x000001b7e61eae68} 'defineClass' '(ZLjava/lang/Object;)Ljava/lang/Class;' in 'java/lang/invoke/MethodHandles$Lookup$ClassDefiner')}
  0x000001b7b8634080: 8bc2 49b9 | 88fd 9927 | b801 0000 

  0x000001b7b863408c: ;   {metadata('java/lang/invoke/MethodHandles$Lookup$ClassDefiner')}
  0x000001b7b863408c: 49ba 28ac | 1ee6 b701 | 0000 4d89 | 91f0 0400 | 0049 8381 | f804 0000 | 018b 7a14 | 48c1 e703 
  0x000001b7b86340ac: ;   {metadata(method data for {method} {0x000001b7e61eae68} 'defineClass' '(ZLjava/lang/Object;)Ljava/lang/Class;' in 'java/lang/invoke/MethodHandles$Lookup$ClassDefiner')}
  0x000001b7b86340ac: 49b8 88fd | 9927 b801 | 0000 41ff | 8018 0500 | 0048 8984 | 24c8 0000 | 00e9 c800 | 0000 8b52 
  0x000001b7b86340cc: 1848 c1e2 | 034c 8bc6 

  0x000001b7b86340d4: ;   {metadata(method data for {method} {0x000001b7e61eae68} 'defineClass' '(ZLjava/lang/Object;)Ljava/lang/Class;' in 'java/lang/invoke/MethodHandles$Lookup$ClassDefiner')}
  0x000001b7b86340d4: 49b9 88fd | 9927 b801 | 0000 4983 | 8100 0400 | 0001 4c8b | c74c 8bc8 | 488b fa48 | 8bd6 4889 
  0x000001b7b86340f4: 8424 c000 | 0000 0f1f 

  0x000001b7b86340fc: ;   {optimized virtual_call}
  0x000001b7b86340fc: 4400 00e8 

  0x000001b7b8634100: ; ImmutableOopMap {[192]=Oop }
                      ;*invokevirtual dumpClass {reexecute=0 rethrow=0 return_oop=0}
                      ; - java.lang.invoke.MethodHandles$Lookup$ClassDefiner::defineClass@134
  0x000001b7b8634100: 7cad 880f 

  0x000001b7b8634104: ;   {other}
  0x000001b7b8634104: 0f1f 8400 | f409 0002 

  0x000001b7b863410c: ;   {metadata(method data for {method} {0x000001b7e61eae68} 'defineClass' '(ZLjava/lang/Object;)Ljava/lang/Class;' in 'java/lang/invoke/MethodHandles$Lookup$ClassDefiner')}
  0x000001b7b863410c: 49b8 88fd | 9927 b801 | 0000 41ff | 8038 0400 | 0048 8b84 | 24c0 0000 | 0048 81c4 | e000 0000 
  0x000001b7b863412c: ;   {poll_return}
  0x000001b7b863412c: 5d49 3ba7 | 5004 0000 | 0f87 c202 | 0000 c348 | 8984 24c0 | 0000 0044 | 8b4a 1849 | c1e1 034c 
  0x000001b7b863414c: ;   {metadata(method data for {method} {0x000001b7e61eae68} 'defineClass' '(ZLjava/lang/Object;)Ljava/lang/Class;' in 'java/lang/invoke/MethodHandles$Lookup$ClassDefiner')}
  0x000001b7b863414c: 8bc6 48ba | 88fd 9927 | b801 0000 | 4883 8250 | 0400 0001 | 4c8b c748 

  0x000001b7b8634164: ;   {optimized virtual_call}
  0x000001b7b8634164: 8bd6 90e8 

  0x000001b7b8634168: ; ImmutableOopMap {[192]=Oop }
                      ;*invokevirtual dumpFailedClass {reexecute=0 rethrow=0 return_oop=0}
                      ; - java.lang.invoke.MethodHandles$Lookup$ClassDefiner::defineClass@150
  0x000001b7b8634168: 14ad 880f 

  0x000001b7b863416c: ;   {other}
  0x000001b7b863416c: 0f1f 8400 | 5c0a 0003 | 488b 8424 | c000 0000 | 4881 c4e0 | 0000 005d 

  0x000001b7b8634184: ;   {poll_return}
  0x000001b7b8634184: 493b a750 | 0400 000f | 8781 0200 | 00c3 448b | 4a18 49c1 | e103 4c8b 

  0x000001b7b863419c: ;   {metadata(method data for {method} {0x000001b7e61eae68} 'defineClass' '(ZLjava/lang/Object;)Ljava/lang/Class;' in 'java/lang/invoke/MethodHandles$Lookup$ClassDefiner')}
  0x000001b7b863419c: c648 ba88 | fd99 27b8 | 0100 0048 | 8382 8805 | 0000 014c | 8bc7 488b 

  0x000001b7b86341b4: ;   {optimized virtual_call}
  0x000001b7b86341b4: d666 90e8 

  0x000001b7b86341b8: ; ImmutableOopMap {[200]=Oop }
                      ;*invokevirtual dumpFailedClass {reexecute=0 rethrow=0 return_oop=0}
                      ; - java.lang.invoke.MethodHandles$Lookup$ClassDefiner::defineClass@207
  0x000001b7b86341b8: c4ac 880f 

  0x000001b7b86341bc: ;   {other}
  0x000001b7b86341bc: 0f1f 8400 | ac0a 0004 | 488b 8424 | c800 0000 | e974 0200 

  0x000001b7b86341d0: ;   {metadata({method} {0x000001b7e61eae68} 'defineClass' '(ZLjava/lang/Object;)Ljava/lang/Class;' in 'java/lang/invoke/MethodHandles$Lookup$ClassDefiner')}
  0x000001b7b86341d0: 0049 ba60 | ae1e e6b7 | 0100 004c | 8954 2408 | 48c7 0424 | ffff ffff 

  0x000001b7b86341e8: ;   {runtime_call counter_overflow Runtime1 stub}
  0x000001b7b86341e8: e893 fc95 

  0x000001b7b86341ec: ; ImmutableOopMap {rdx=Oop r9=Oop [152]=Oop [184]=Oop }
                      ;*synchronization entry
                      ; - java.lang.invoke.MethodHandles$Lookup$ClassDefiner::defineClass@-1
  0x000001b7b86341ec: 0fe9 2cf8 

  0x000001b7b86341f0: ;   {runtime_call throw_null_pointer_exception Runtime1 stub}
  0x000001b7b86341f0: ffff e829 

  0x000001b7b86341f4: ; ImmutableOopMap {rdx=Oop r9=Oop rsi=Oop [144]=Oop [152]=Oop [184]=Oop }
                      ;*invokevirtual lookupClass {reexecute=0 rethrow=0 return_oop=0}
                      ; - java.lang.invoke.MethodHandles$Lookup$ClassDefiner::defineClass@4
                      ;   {runtime_call throw_null_pointer_exception Runtime1 stub}
  0x000001b7b86341f4: 9a95 0fe8 

  0x000001b7b86341f8: ; ImmutableOopMap {rdx=Oop r9=Oop rsi=Oop rdi=Oop [144]=Oop [152]=Oop [168]=Oop [184]=Oop }
                      ;*invokevirtual getClassLoader {reexecute=0 rethrow=0 return_oop=0}
                      ; - java.lang.invoke.MethodHandles$Lookup$ClassDefiner::defineClass@9
  0x000001b7b86341f8: 249a 950f 

  0x000001b7b86341fc: ;   {metadata({method} {0x000001b7e6468e60} 'getClassLoader' '()Ljava/lang/ClassLoader;' in 'java/lang/Class')}
  0x000001b7b86341fc: 49ba 588e | 46e6 b701 | 0000 4c89 | 5424 0848 | c704 24ff 

  0x000001b7b8634210: ;   {runtime_call counter_overflow Runtime1 stub}
  0x000001b7b8634210: ffff ffe8 

  0x000001b7b8634214: ; ImmutableOopMap {rdx=Oop r9=Oop rsi=Oop rdi=Oop [144]=Oop [152]=Oop [168]=Oop [184]=Oop }
                      ;*synchronization entry
                      ; - java.lang.Class::getClassLoader@-1
                      ; - java.lang.invoke.MethodHandles$Lookup$ClassDefiner::defineClass@9
  0x000001b7b8634214: 68fc 950f | e975 f8ff 

  0x000001b7b863421c: ;   {metadata({method} {0x000001b7e601b1d0} 'getSecurityManager' '()Ljava/lang/SecurityManager;' in 'java/lang/System')}
  0x000001b7b863421c: ff49 bac8 | b101 e6b7 | 0100 004c | 8954 2408 | 48c7 0424 | ffff ffff 

  0x000001b7b8634234: ;   {runtime_call counter_overflow Runtime1 stub}
  0x000001b7b8634234: e847 fc95 

  0x000001b7b8634238: ; ImmutableOopMap {rdx=Oop r9=Oop rsi=Oop rdi=Oop rbx=Oop [144]=Oop [152]=Oop [168]=Oop [184]=Oop }
                      ;*synchronization entry
                      ; - java.lang.System::getSecurityManager@-1
                      ; - java.lang.Class::getClassLoader@11
                      ; - java.lang.invoke.MethodHandles$Lookup$ClassDefiner::defineClass@9
  0x000001b7b8634238: 0fe9 d2f8 

  0x000001b7b863423c: ;   {metadata({method} {0x000001b7e601b2e8} 'allowSecurityManager' '()Z' in 'java/lang/System')}
  0x000001b7b863423c: ffff 49ba | e0b2 01e6 | b701 0000 | 4c89 5424 | 0848 c704 | 24ff ffff 

  0x000001b7b8634254: ;   {runtime_call counter_overflow Runtime1 stub}
  0x000001b7b8634254: ffe8 26fc 

  0x000001b7b8634258: ; ImmutableOopMap {rdx=Oop r9=Oop rsi=Oop rdi=Oop rbx=Oop [144]=Oop [152]=Oop [168]=Oop [184]=Oop }
                      ;*synchronization entry
                      ; - java.lang.System::allowSecurityManager@-1
                      ; - java.lang.System::getSecurityManager@0
                      ; - java.lang.Class::getClassLoader@11
                      ; - java.lang.invoke.MethodHandles$Lookup$ClassDefiner::defineClass@9
  0x000001b7b8634258: 950f e9ea 

  0x000001b7b863425c: ;   {metadata({method} {0x000001b7e63e0578} 'lookupClassProtectionDomain' '()Ljava/security/ProtectionDomain;' in 'java/lang/invoke/MethodHandles$Lookup')}
  0x000001b7b863425c: f8ff ff49 | ba70 053e | e6b7 0100 | 004c 8954 | 2408 48c7 | 0424 ffff 

  0x000001b7b8634274: ;   {runtime_call counter_overflow Runtime1 stub}
  0x000001b7b8634274: ffff e805 

  0x000001b7b8634278: ; ImmutableOopMap {rdx=Oop r9=Oop rsi=Oop rdi=Oop rbx=Oop [144]=Oop [152]=Oop [168]=Oop [184]=Oop }
                      ;*synchronization entry
                      ; - java.lang.invoke.MethodHandles$Lookup::lookupClassProtectionDomain@-1
                      ; - java.lang.invoke.MethodHandles$Lookup$ClassDefiner::defineClass@23
  0x000001b7b8634278: fc95 0fe9 | 64f9 ffff 

  0x000001b7b8634280: ;   {metadata({method} {0x000001b7e6473b88} 'getJavaLangAccess' '()Ljdk/internal/access/JavaLangAccess;' in 'jdk/internal/access/SharedSecrets')}
  0x000001b7b8634280: 49ba 803b | 47e6 b701 | 0000 4c89 | 5424 0848 | c704 24ff 

  0x000001b7b8634294: ;   {runtime_call counter_overflow Runtime1 stub}
  0x000001b7b8634294: ffff ffe8 

  0x000001b7b8634298: ; ImmutableOopMap {rsi=Oop [144]=Oop [152]=Oop [160]=Oop [168]=Oop [184]=Oop }
                      ;*synchronization entry
                      ; - jdk.internal.access.SharedSecrets::getJavaLangAccess@-1
                      ; - java.lang.invoke.MethodHandles$Lookup::lookupClassProtectionDomain@10
                      ; - java.lang.invoke.MethodHandles$Lookup$ClassDefiner::defineClass@23
  0x000001b7b8634298: e4fb 950f | e9ba f9ff 

  0x000001b7b86342a0: ;   {runtime_call throw_incompatible_class_change_error Runtime1 stub}
  0x000001b7b86342a0: ffe8 7ac8 

  0x000001b7b86342a4: ; ImmutableOopMap {rax=Oop rcx=Oop [144]=Oop [152]=Oop [160]=Oop [168]=Oop [184]=Oop }
                      ;*invokeinterface protectionDomain {reexecute=0 rethrow=0 return_oop=0}
                      ; - java.lang.invoke.MethodHandles$Lookup::lookupClassProtectionDomain@17
                      ; - java.lang.invoke.MethodHandles$Lookup$ClassDefiner::defineClass@23
                      ;   {runtime_call throw_null_pointer_exception Runtime1 stub}
  0x000001b7b86342a4: 950f e875 

  0x000001b7b86342a8: ; ImmutableOopMap {rax=Oop rcx=Oop [144]=Oop [152]=Oop [160]=Oop [168]=Oop [184]=Oop }
                      ;*invokeinterface protectionDomain {reexecute=0 rethrow=0 return_oop=0}
                      ; - java.lang.invoke.MethodHandles$Lookup::lookupClassProtectionDomain@17
                      ; - java.lang.invoke.MethodHandles$Lookup$ClassDefiner::defineClass@23
                      ;   {metadata({method} {0x000001b7e60192c8} 'protectionDomain' '(Ljava/lang/Class;)Ljava/security/ProtectionDomain;' in 'java/lang/System$2')}
  0x000001b7b86342a8: 9995 0f49 | bac0 9201 | e6b7 0100 | 004c 8954 | 2408 48c7 | 0424 ffff 

  0x000001b7b86342c0: ;   {runtime_call counter_overflow Runtime1 stub}
  0x000001b7b86342c0: ffff e8b9 

  0x000001b7b86342c4: ; ImmutableOopMap {rcx=Oop [144]=Oop [152]=Oop [160]=Oop [168]=Oop [184]=Oop }
                      ;*synchronization entry
                      ; - java.lang.System$2::protectionDomain@-1
                      ; - java.lang.invoke.MethodHandles$Lookup::lookupClassProtectionDomain@17
                      ; - java.lang.invoke.MethodHandles$Lookup$ClassDefiner::defineClass@23
  0x000001b7b86342c4: fb95 0fe9 | 29fa ffff 

  0x000001b7b86342cc: ;   {runtime_call throw_null_pointer_exception Runtime1 stub}
  0x000001b7b86342cc: e84f 9995 

  0x000001b7b86342d0: ; ImmutableOopMap {rcx=Oop [144]=Oop [152]=Oop [160]=Oop [168]=Oop [184]=Oop }
                      ;*invokevirtual protectionDomain {reexecute=0 rethrow=0 return_oop=0}
                      ; - java.lang.System$2::protectionDomain@1
                      ; - java.lang.invoke.MethodHandles$Lookup::lookupClassProtectionDomain@17
                      ; - java.lang.invoke.MethodHandles$Lookup$ClassDefiner::defineClass@23
                      ;   {metadata({method} {0x000001b7e6467bb8} 'protectionDomain' '()Ljava/security/ProtectionDomain;' in 'java/lang/Class')}
  0x000001b7b86342d0: 0f49 bab0 | 7b46 e6b7 | 0100 004c | 8954 2408 | 48c7 0424 | ffff ffff 

  0x000001b7b86342e8: ;   {runtime_call counter_overflow Runtime1 stub}
  0x000001b7b86342e8: e893 fb95 

  0x000001b7b86342ec: ; ImmutableOopMap {rcx=Oop [144]=Oop [152]=Oop [160]=Oop [168]=Oop [184]=Oop }
                      ;*synchronization entry
                      ; - java.lang.Class::protectionDomain@-1
                      ; - java.lang.System$2::protectionDomain@1
                      ; - java.lang.invoke.MethodHandles$Lookup::lookupClassProtectionDomain@17
                      ; - java.lang.invoke.MethodHandles$Lookup$ClassDefiner::defineClass@23
  0x000001b7b86342ec: 0fe9 41fa 

  0x000001b7b86342f0: ;   {oop(nullptr)}
  0x000001b7b86342f0: ffff 49b8 | 0000 0000 | 0000 0000 | 5053 498b | 5810 5756 | 5251 4150 | 4151 4152 | 4153 4883 
  0x000001b7b8634310: ec20 40f6 | c40f 0f84 | 1900 0000 | 4883 ec08 

  0x000001b7b8634320: ;   {runtime_call}
  0x000001b7b8634320: 48b8 a0a0 | d9e2 fc7f | 0000 ffd0 | 4883 c408 | e90c 0000 

  0x000001b7b8634334: ;   {runtime_call}
  0x000001b7b8634334: 0048 b8a0 | a0d9 e2fc | 7f00 00ff | d048 83c4 | 2041 5b41 | 5a41 5941 | 5859 5a5e | 5f48 3b83 
  0x000001b7b8634354: 3801 0000 | 5b58 0f85 | 0a00 0000 | e935 faff | ffb8 0078 

  0x000001b7b8634368: ;   {runtime_call load_mirror_patching Runtime1 stub}
  0x000001b7b8634368: 6e0a e811 

  0x000001b7b863436c: ; ImmutableOopMap {[144]=Oop [152]=Oop [160]=Oop [168]=Oop [184]=Oop }
                      ;*getstatic allPermDomain {reexecute=1 rethrow=0 return_oop=0}
                      ; - (reexecute) java.lang.Class::protectionDomain@9
                      ; - java.lang.System$2::protectionDomain@1
                      ; - java.lang.invoke.MethodHandles$Lookup::lookupClassProtectionDomain@17
                      ; - java.lang.invoke.MethodHandles$Lookup$ClassDefiner::defineClass@23
  0x000001b7b863436c: eb95 0fe9 | 1cfa ffff 

  0x000001b7b8634374: ;   {runtime_call throw_null_pointer_exception Runtime1 stub}
  0x000001b7b8634374: e8a7 9895 

  0x000001b7b8634378: ; ImmutableOopMap {r8=Oop [144]=Oop [152]=Oop [160]=Oop [168]=Oop [184]=Oop }
                      ;*getstatic allPermDomain {reexecute=1 rethrow=0 return_oop=0}
                      ; - (reexecute) java.lang.Class::protectionDomain@9
                      ; - java.lang.System$2::protectionDomain@1
                      ; - java.lang.invoke.MethodHandles$Lookup::lookupClassProtectionDomain@17
                      ; - java.lang.invoke.MethodHandles$Lookup$ClassDefiner::defineClass@23
  0x000001b7b8634378: 0f45 8b80 | 0000 0000 | b800 0c05 

  0x000001b7b8634384: ;   {runtime_call access_field_patching Runtime1 stub}
  0x000001b7b8634384: 07e8 f6dd 

  0x000001b7b8634388: ; ImmutableOopMap {r8=Oop [144]=Oop [152]=Oop [160]=Oop [168]=Oop [184]=Oop }
                      ;*getstatic allPermDomain {reexecute=1 rethrow=0 return_oop=0}
                      ; - (reexecute) java.lang.Class::protectionDomain@9
                      ; - java.lang.System$2::protectionDomain@1
                      ; - java.lang.invoke.MethodHandles$Lookup::lookupClassProtectionDomain@17
                      ; - java.lang.invoke.MethodHandles$Lookup$ClassDefiner::defineClass@23
  0x000001b7b8634388: 950f e911 | faff ff44 | 8b4e 1849 | c1e1 0349 | 83f9 000f | 8428 faff | ff4c 890c 

  0x000001b7b86343a4: ;   {runtime_call g1_pre_barrier_slow}
  0x000001b7b86343a4: 24e8 d601 | 960f e91a | faff ff49 | 83f8 000f | 8435 faff | ff48 8934 

  0x000001b7b86343bc: ;   {runtime_call g1_post_barrier_slow}
  0x000001b7b86343bc: 24e8 be04 | 960f e927 

  0x000001b7b86343c4: ;   {metadata({method} {0x000001b7e6473b88} 'getJavaLangAccess' '()Ljdk/internal/access/JavaLangAccess;' in 'jdk/internal/access/SharedSecrets')}
  0x000001b7b86343c4: faff ff49 | ba80 3b47 | e6b7 0100 | 004c 8954 | 2408 48c7 | 0424 ffff 

  0x000001b7b86343dc: ;   {runtime_call counter_overflow Runtime1 stub}
  0x000001b7b86343dc: ffff e89d 

  0x000001b7b86343e0: ; ImmutableOopMap {rax=Oop rdi=Oop rbx=Oop rdx=Oop [152]=Oop [168]=Oop [184]=Oop }
                      ;*synchronization entry
                      ; - jdk.internal.access.SharedSecrets::getJavaLangAccess@-1
                      ; - java.lang.invoke.MethodHandles$Lookup$ClassDefiner::defineClass@35
  0x000001b7b86343e0: fa95 0fe9 | 87fa ffff 

  0x000001b7b86343e8: ;   {runtime_call throw_incompatible_class_change_error Runtime1 stub}
  0x000001b7b86343e8: e833 c795 

  0x000001b7b86343ec: ; ImmutableOopMap {rax=Oop rdi=Oop rbx=Oop r14=Oop rsi=Oop rcx=Oop [152]=Oop [168]=Oop [184]=Oop }
                      ;*invokeinterface defineClass {reexecute=0 rethrow=0 return_oop=0}
                      ; - java.lang.invoke.MethodHandles$Lookup$ClassDefiner::defineClass@57
                      ;   {runtime_call throw_null_pointer_exception Runtime1 stub}
  0x000001b7b86343ec: 0fe8 2e98 

  0x000001b7b86343f0: ; ImmutableOopMap {rax=Oop rdi=Oop rbx=Oop r14=Oop rsi=Oop rcx=Oop [152]=Oop [168]=Oop [184]=Oop }
                      ;*invokeinterface defineClass {reexecute=0 rethrow=0 return_oop=0}
                      ; - java.lang.invoke.MethodHandles$Lookup$ClassDefiner::defineClass@57
                      ;   {runtime_call throw_null_pointer_exception Runtime1 stub}
  0x000001b7b86343f0: 950f e829 

  0x000001b7b86343f4: ; ImmutableOopMap {rax=Oop rdx=Oop rsi=Oop [152]=Oop }
                      ;*invokevirtual isEnabled {reexecute=0 rethrow=0 return_oop=0}
                      ; - java.lang.invoke.MethodHandles$Lookup$ClassDefiner::defineClass@105
                      ;   {runtime_call throw_null_pointer_exception Runtime1 stub}
  0x000001b7b86343f4: 9895 0fe8 

  0x000001b7b86343f8: ; ImmutableOopMap {rdx=Oop rax=Oop rsi=Oop [152]=Oop }
                      ;*invokevirtual isEnabled {reexecute=0 rethrow=0 return_oop=0}
                      ; - java.lang.invoke.MethodHandles$Lookup$ClassDefiner::defineClass@162
  0x000001b7b86343f8: 2498 950f 

  0x000001b7b86343fc: ;   {internal_word}
  0x000001b7b86343fc: 49ba 2d41 | 63b8 b701 | 0000 4d89 | 9768 0400 

  0x000001b7b863440c: ;   {runtime_call SafepointBlob}
  0x000001b7b863440c: 00e9 6e25 

  0x000001b7b8634410: ;   {internal_word}
  0x000001b7b8634410: 890f 49ba | 8441 63b8 | b701 0000 | 4d89 9768 

  0x000001b7b8634420: ;   {runtime_call SafepointBlob}
  0x000001b7b8634420: 0400 00e9 | 5825 890f | 498b 8700 | 0500 0049 | c787 0005 | 0000 0000 | 0000 49c7 | 8708 0500 
  0x000001b7b8634440: 0000 0000 | 0048 81c4 | e000 0000 

  0x000001b7b863444c: ;   {runtime_call unwind_exception Runtime1 stub}
  0x000001b7b863444c: 5de9 ae88 | 950f f4f4 | f4f4 f4f4 
[Stub Code]
  0x000001b7b8634458: ;   {no_reloc}
  0x000001b7b8634458: 0f1f 4400 

  0x000001b7b863445c: ;   {static_stub}
  0x000001b7b863445c: 0048 bb80 | 9501 e6b7 

  0x000001b7b8634464: ;   {runtime_call I2C/C2I adapters}
  0x000001b7b8634464: 0100 00e9 | aaf3 890f 

  0x000001b7b863446c: ;   {static_stub}
  0x000001b7b863446c: 48bb 487b | 46e6 b701 

  0x000001b7b8634474: ;   {runtime_call I2C/C2I adapters}
  0x000001b7b8634474: 0000 e9e8 

  0x000001b7b8634478: ;   {static_stub}
  0x000001b7b8634478: f988 0f48 | bb00 0000 | 0000 0000 

  0x000001b7b8634484: ;   {runtime_call nmethod}
  0x000001b7b8634484: 00e9 fbff 

  0x000001b7b8634488: ;   {static_stub}
  0x000001b7b8634488: ffff 48bb | 0000 0000 | 0000 0000 

  0x000001b7b8634494: ;   {runtime_call nmethod}
  0x000001b7b8634494: e9fb ffff 

  0x000001b7b8634498: ;   {runtime_call handle_exception_from_callee Runtime1 stub}
  0x000001b7b8634498: ffe8 62bd 

  0x000001b7b863449c: ;   {external_word}
  0x000001b7b863449c: 950f 48b9 | 5063 79e3 | fc7f 0000 | 4883 e4f0 

  0x000001b7b86344ac: ;   {runtime_call}
  0x000001b7b86344ac: 48b8 c0c9 | 3be3 fc7f | 0000 ffd0 

  0x000001b7b86344b8: ;   {section_word}
  0x000001b7b86344b8: f449 bab9 | 4463 b8b7 | 0100 0041 

  0x000001b7b86344c4: ;   {runtime_call DeoptimizationBlob}
  0x000001b7b86344c4: 52e9 5639 | 890f f4f4 | f4f4 f4f4 
[/MachCode]


---------------  P R O C E S S  ---------------

Threads class SMR info:
_java_thread_list=0x000001b82c977ff0, length=34, elements={
0x000001b7b4f54580, 0x000001b7e28881b0, 0x000001b7e288b940, 0x000001b7e288d0c0,
0x000001b7e288eb30, 0x000001b7e28915a0, 0x000001b7e2892000, 0x000001b7e2892d90,
0x000001b7e2896ac0, 0x000001b7e5390d70, 0x000001b7e53e87c0, 0x000001b82b418c40,
0x000001b82b1a9220, 0x000001b7e5c8ce30, 0x000001b82b535cb0, 0x000001b82b536320,
0x000001b82b5fa1d0, 0x000001b82b59a310, 0x000001b82b619950, 0x000001b82b61ad00,
0x000001b82b619fe0, 0x000001b82b61a670, 0x000001b82b617880, 0x000001b82b617f10,
0x000001b82b618c30, 0x000001b82db465c0, 0x000001b82db46c50, 0x000001b82db472e0,
0x000001b82db43e60, 0x000001b82db45f30, 0x000001b82db444f0, 0x000001b82db458a0,
0x000001b82db44b80, 0x000001b82d8972d0
}

Java Threads: ( => current thread )
  0x000001b7b4f54580 JavaThread "main"                              [_thread_blocked, id=52252, stack(0x00000029d7200000,0x00000029d7300000) (1024K)]
  0x000001b7e28881b0 JavaThread "Reference Handler"          daemon [_thread_blocked, id=53392, stack(0x00000029d7a00000,0x00000029d7b00000) (1024K)]
  0x000001b7e288b940 JavaThread "Finalizer"                  daemon [_thread_blocked, id=53396, stack(0x00000029d7b00000,0x00000029d7c00000) (1024K)]
  0x000001b7e288d0c0 JavaThread "Signal Dispatcher"          daemon [_thread_blocked, id=53400, stack(0x00000029d7c00000,0x00000029d7d00000) (1024K)]
  0x000001b7e288eb30 JavaThread "Attach Listener"            daemon [_thread_blocked, id=53404, stack(0x00000029d7d00000,0x00000029d7e00000) (1024K)]
  0x000001b7e28915a0 JavaThread "Service Thread"             daemon [_thread_blocked, id=53408, stack(0x00000029d7e00000,0x00000029d7f00000) (1024K)]
  0x000001b7e2892000 JavaThread "Monitor Deflation Thread"   daemon [_thread_blocked, id=53412, stack(0x00000029d7f00000,0x00000029d8000000) (1024K)]
  0x000001b7e2892d90 JavaThread "C2 CompilerThread0"         daemon [_thread_blocked, id=53416, stack(0x00000029d8000000,0x00000029d8100000) (1024K)]
  0x000001b7e2896ac0 JavaThread "C1 CompilerThread0"         daemon [_thread_blocked, id=53420, stack(0x00000029d8100000,0x00000029d8200000) (1024K)]
  0x000001b7e5390d70 JavaThread "Common-Cleaner"             daemon [_thread_blocked, id=53460, stack(0x00000029d8200000,0x00000029d8300000) (1024K)]
  0x000001b7e53e87c0 JavaThread "Notification Thread"        daemon [_thread_blocked, id=53472, stack(0x00000029d8300000,0x00000029d8400000) (1024K)]
  0x000001b82b418c40 JavaThread "Daemon health stats"               [_thread_blocked, id=53788, stack(0x00000029d8900000,0x00000029d8a00000) (1024K)]
  0x000001b82b1a9220 JavaThread "Incoming local TCP Connector on port 64194"        [_thread_in_native, id=52776, stack(0x00000029d8a00000,0x00000029d8b00000) (1024K)]
  0x000001b7e5c8ce30 JavaThread "Daemon periodic checks"            [_thread_blocked, id=52800, stack(0x00000029d8b00000,0x00000029d8c00000) (1024K)]
  0x000001b82b535cb0 JavaThread "Daemon"                            [_thread_blocked, id=53840, stack(0x00000029d8c00000,0x00000029d8d00000) (1024K)]
  0x000001b82b536320 JavaThread "Handler for socket connection from /127.0.0.1:64194 to /127.0.0.1:64195"        [_thread_in_native, id=53980, stack(0x00000029d8d00000,0x00000029d8e00000) (1024K)]
  0x000001b82b5fa1d0 JavaThread "Cancel handler"                    [_thread_blocked, id=54012, stack(0x00000029d8e00000,0x00000029d8f00000) (1024K)]
=>0x000001b82b59a310 JavaThread "Daemon worker"                     [_thread_in_vm, id=53544, stack(0x00000029d8f00000,0x00000029d9000000) (1024K)]
  0x000001b82b619950 JavaThread "Asynchronous log dispatcher for DefaultDaemonConnection: socket connection from /127.0.0.1:64194 to /127.0.0.1:64195"        [_thread_blocked, id=54132, stack(0x00000029d9000000,0x00000029d9100000) (1024K)]
  0x000001b82b61ad00 JavaThread "Stdin handler"                     [_thread_blocked, id=54036, stack(0x00000029d9100000,0x00000029d9200000) (1024K)]
  0x000001b82b619fe0 JavaThread "Daemon client event forwarder"        [_thread_blocked, id=47564, stack(0x00000029d9200000,0x00000029d9300000) (1024K)]
  0x000001b82b61a670 JavaThread "Cache worker for journal cache (C:\Users\Lenovo\.gradle\caches\journal-1)"        [_thread_blocked, id=37128, stack(0x00000029d9300000,0x00000029d9400000) (1024K)]
  0x000001b82b617880 JavaThread "File lock request listener"        [_thread_in_native, id=44464, stack(0x00000029d9400000,0x00000029d9500000) (1024K)]
  0x000001b82b617f10 JavaThread "Cache worker for file hash cache (C:\Users\Lenovo\.gradle\caches\9.3.1\fileHashes)"        [_thread_blocked, id=54000, stack(0x00000029d9500000,0x00000029d9600000) (1024K)]
  0x000001b82b618c30 JavaThread "File lock release action executor"        [_thread_blocked, id=48520, stack(0x00000029d9600000,0x00000029d9700000) (1024K)]
  0x000001b82db465c0 JavaThread "Cache worker for file hash cache (C:\Users\Lenovo\Downloads\task-assessment\mobile\flutter_application_1\android\.gradle\9.3.1\fileHashes)"        [_thread_blocked, id=51724, stack(0x00000029d9a00000,0x00000029d9b00000) (1024K)]
  0x000001b82db46c50 JavaThread "Cache worker for Build Output Cleanup Cache (C:\Users\Lenovo\Downloads\task-assessment\mobile\flutter_application_1\android\.gradle\buildOutputCleanup)"        [_thread_blocked, id=41424, stack(0x00000029d9b00000,0x00000029d9c00000) (1024K)]
  0x000001b82db472e0 JavaThread "File watcher server"        daemon [_thread_in_native, id=52332, stack(0x00000029d9c00000,0x00000029d9d00000) (1024K)]
  0x000001b82db43e60 JavaThread "File watcher consumer"      daemon [_thread_blocked, id=52296, stack(0x00000029d9d00000,0x00000029d9e00000) (1024K)]
  0x000001b82db45f30 JavaThread "Cache worker for checksums cache (C:\Users\Lenovo\Downloads\task-assessment\mobile\flutter_application_1\android\.gradle\9.3.1\checksums)"        [_thread_blocked, id=38100, stack(0x00000029d9e00000,0x00000029d9f00000) (1024K)]
  0x000001b82db444f0 JavaThread "Cache worker for file content cache (C:\Users\Lenovo\.gradle\caches\9.3.1\fileContent)"        [_thread_blocked, id=51516, stack(0x00000029d9f00000,0x00000029da000000) (1024K)]
  0x000001b82db458a0 JavaThread "Cache worker for cache directory md-supplier (C:\Users\Lenovo\.gradle\caches\9.3.1\md-supplier)"        [_thread_blocked, id=50356, stack(0x00000029da000000,0x00000029da100000) (1024K)]
  0x000001b82db44b80 JavaThread "Cache worker for cache directory md-rule (C:\Users\Lenovo\.gradle\caches\9.3.1\md-rule)"        [_thread_blocked, id=53132, stack(0x00000029da100000,0x00000029da200000) (1024K)]
  0x000001b82d8972d0 JavaThread "Cache worker for Build Output Cleanup Cache (C:\Users\Lenovo\OneDrive\Desktop\flutter\flutter\packages\flutter_tools\gradle\.gradle\buildOutputCleanup)"        [_thread_blocked, id=31216, stack(0x00000029d6f00000,0x00000029d7000000) (1024K)]
Total: 34

Other Threads:
  0x000001b7e286b8e0 VMThread "VM Thread"                           [id=53332, stack(0x00000029d7900000,0x00000029d7a00000) (1024K)] _threads_hazard_ptr=0x000001b82c977ff0
  0x000001b7e2856310 WatcherThread "VM Periodic Task Thread"        [id=53292, stack(0x00000029d7800000,0x00000029d7900000) (1024K)]
  0x000001b7e26f1120 WorkerThread "GC Thread#0"                     [id=6120, stack(0x00000029d7300000,0x00000029d7400000) (1024K)]
  0x000001b7e54223d0 WorkerThread "GC Thread#1"                     [id=53556, stack(0x00000029d8400000,0x00000029d8500000) (1024K)]
  0x000001b7e5422780 WorkerThread "GC Thread#2"                     [id=53560, stack(0x00000029d8500000,0x00000029d8600000) (1024K)]
  0x000001b7e5422b30 WorkerThread "GC Thread#3"                     [id=53564, stack(0x00000029d8600000,0x00000029d8700000) (1024K)]
  0x000001b7e5422ee0 WorkerThread "GC Thread#4"                     [id=53568, stack(0x00000029d8700000,0x00000029d8800000) (1024K)]
  0x000001b7e5481d30 WorkerThread "GC Thread#5"                     [id=53572, stack(0x00000029d8800000,0x00000029d8900000) (1024K)]
  0x000001b82caa3e60 WorkerThread "GC Thread#6"                     [id=37728, stack(0x00000029d9700000,0x00000029d9800000) (1024K)]
  0x000001b82caa4210 WorkerThread "GC Thread#7"                     [id=28700, stack(0x00000029d9800000,0x00000029d9900000) (1024K)]
  0x000001b7b2badfb0 ConcurrentGCThread "G1 Main Marker"            [id=31792, stack(0x00000029d7400000,0x00000029d7500000) (1024K)]
  0x000001b7b2bae9d0 WorkerThread "G1 Conc#0"                       [id=22392, stack(0x00000029d7500000,0x00000029d7600000) (1024K)]
  0x000001b82caa4970 WorkerThread "G1 Conc#1"                       [id=52696, stack(0x00000029d9900000,0x00000029d9a00000) (1024K)]
  0x000001b7b4ffea70 ConcurrentGCThread "G1 Refine#0"               [id=36580, stack(0x00000029d7600000,0x00000029d7700000) (1024K)]
  0x000001b7e2724540 ConcurrentGCThread "G1 Service"                [id=35948, stack(0x00000029d7700000,0x00000029d7800000) (1024K)]
Total: 15

Threads with active compile tasks:
Total: 0

VM state: synchronizing (normal execution)

VM Mutex/Monitor currently owned by a thread:  ([mutex/lock_event])
[0x00007ffce3a4d530] Metaspace_lock - owner thread: 0x000001b82b59a310
[0x00007ffce3a4f5b0] Threads_lock - owner thread: 0x000001b7e286b8e0

Heap address: 0x0000000600000000, size: 8192 MB, Compressed Oops mode: Zero based, Oop shift amount: 3

CDS archive(s) mapped at: [0x000001b7e6000000-0x000001b7e6ba0000-0x000001b7e6ba0000), size 12189696, SharedBaseAddress: 0x000001b7e6000000, ArchiveRelocationMode: 1.
Compressed class space mapped at: 0x000001b7e7000000-0x000001b827000000, reserved size: 1073741824
Narrow klass base: 0x000001b7e6000000, Narrow klass shift: 0, Narrow klass range: 0x100000000

GC Precious Log:
 CardTable entry size: 512
 Card Set container configuration: InlinePtr #cards 4 size 8 Array Of Cards #cards 32 size 80 Howl #buckets 8 coarsen threshold 7372 Howl Bitmap #cards 1024 size 144 coarsen threshold 921 Card regions per heap region 1 cards per card region 8192
 CPUs: 8 total, 8 available
 Memory: 16086M
 Large Page Support: Disabled
 NUMA Support: Disabled
 Compressed Oops: Enabled (Zero based)
 Heap Region Size: 4M
 Heap Min Capacity: 8M
 Heap Initial Capacity: 252M
 Heap Max Capacity: 8G
 Pre-touch: Disabled
 Parallel Workers: 8
 Concurrent Workers: 2
 Concurrent Refinement Workers: 8
 Periodic GC: Disabled

Heap:
 garbage-first heap   total 102400K, used 74460K [0x0000000600000000, 0x0000000800000000)
  region size 4096K, 13 young (53248K), 2 survivors (8192K)
 Metaspace       used 45342K, committed 47104K, reserved 1114112K
  class space    used 6733K, committed 7616K, reserved 1048576K

Heap Regions: E=young(eden), S=young(survivor), O=old, HS=humongous(starts), HC=humongous(continues), CS=collection set, F=free, TAMS=top-at-mark-start, PB=parsable bottom
|   0|0x0000000600000000, 0x0000000600400000, 0x0000000600400000|100%|HS|  |TAMS 0x0000000600000000| PB 0x0000000600000000| Complete 
|   1|0x0000000600400000, 0x0000000600800000, 0x0000000600800000|100%| O|  |TAMS 0x0000000600400000| PB 0x0000000600400000| Untracked 
|   2|0x0000000600800000, 0x0000000600c00000, 0x0000000600c00000|100%| O|  |TAMS 0x0000000600800000| PB 0x0000000600800000| Untracked 
|   3|0x0000000600c00000, 0x0000000601000000, 0x0000000601000000|100%| O|  |TAMS 0x0000000600c00000| PB 0x0000000600c00000| Untracked 
|   4|0x0000000601000000, 0x0000000601400000, 0x0000000601400000|100%| O|  |TAMS 0x0000000601000000| PB 0x0000000601000000| Untracked 
|   5|0x0000000601400000, 0x0000000601800000, 0x0000000601800000|100%| O|  |TAMS 0x0000000601400000| PB 0x0000000601400000| Untracked 
|   6|0x0000000601800000, 0x0000000601c00000, 0x0000000601c00000|100%| O|  |TAMS 0x0000000601800000| PB 0x0000000601800000| Untracked 
|   7|0x0000000601c00000, 0x0000000601c9d198, 0x0000000602000000| 15%| O|  |TAMS 0x0000000601c00000| PB 0x0000000601c00000| Untracked 
|   8|0x0000000602000000, 0x000000060201a178, 0x0000000602400000|  2%| S|CS|TAMS 0x0000000602000000| PB 0x0000000602000000| Complete 
|   9|0x0000000602400000, 0x0000000602400000, 0x0000000602800000|  0%| F|  |TAMS 0x0000000602400000| PB 0x0000000602400000| Untracked 
|  10|0x0000000602800000, 0x0000000602800000, 0x0000000602c00000|  0%| F|  |TAMS 0x0000000602800000| PB 0x0000000602800000| Untracked 
|  11|0x0000000602c00000, 0x0000000603000000, 0x0000000603000000|100%| S|CS|TAMS 0x0000000602c00000| PB 0x0000000602c00000| Complete 
|  12|0x0000000603000000, 0x0000000603000000, 0x0000000603400000|  0%| F|  |TAMS 0x0000000603000000| PB 0x0000000603000000| Untracked 
|  13|0x0000000603400000, 0x0000000603400000, 0x0000000603800000|  0%| F|  |TAMS 0x0000000603400000| PB 0x0000000603400000| Untracked 
|  14|0x0000000603800000, 0x00000006039a2678, 0x0000000603c00000| 40%| E|  |TAMS 0x0000000603800000| PB 0x0000000603800000| Complete 
|  15|0x0000000603c00000, 0x0000000604000000, 0x0000000604000000|100%| E|CS|TAMS 0x0000000603c00000| PB 0x0000000603c00000| Complete 
|  16|0x0000000604000000, 0x0000000604400000, 0x0000000604400000|100%| E|CS|TAMS 0x0000000604000000| PB 0x0000000604000000| Complete 
|  17|0x0000000604400000, 0x0000000604800000, 0x0000000604800000|100%| E|CS|TAMS 0x0000000604400000| PB 0x0000000604400000| Complete 
|  18|0x0000000604800000, 0x0000000604c00000, 0x0000000604c00000|100%| E|CS|TAMS 0x0000000604800000| PB 0x0000000604800000| Complete 
|  19|0x0000000604c00000, 0x0000000605000000, 0x0000000605000000|100%| E|CS|TAMS 0x0000000604c00000| PB 0x0000000604c00000| Complete 
|  20|0x0000000605000000, 0x0000000605400000, 0x0000000605400000|100%| E|CS|TAMS 0x0000000605000000| PB 0x0000000605000000| Complete 
|  21|0x0000000605400000, 0x0000000605800000, 0x0000000605800000|100%| E|CS|TAMS 0x0000000605400000| PB 0x0000000605400000| Complete 
|  22|0x0000000605800000, 0x0000000605c00000, 0x0000000605c00000|100%| E|CS|TAMS 0x0000000605800000| PB 0x0000000605800000| Complete 
|  61|0x000000060f400000, 0x000000060f800000, 0x000000060f800000|100%| E|CS|TAMS 0x000000060f400000| PB 0x000000060f400000| Complete 
|  62|0x000000060f800000, 0x000000060fc00000, 0x000000060fc00000|100%| E|CS|TAMS 0x000000060f800000| PB 0x000000060f800000| Complete 

Card table byte_map: [0x000001b7d96b0000,0x000001b7da6b0000] _byte_map_base: 0x000001b7d66b0000

Marking Bits: (CMBitMap*) 0x000001b7b4fbab70
 Bits: [0x000001b7da6b0000, 0x000001b7e26b0000)

Polling page: 0x000001b7b2d70000

Metaspace:

Usage:
  Non-class:     37.70 MB used.
      Class:      6.58 MB used.
       Both:     44.28 MB used.

Virtual space:
  Non-class space:       64.00 MB reserved,      38.56 MB ( 60%) committed,  1 nodes.
      Class space:        1.00 GB reserved,       7.44 MB ( <1%) committed,  1 nodes.
             Both:        1.06 GB reserved,      46.00 MB (  4%) committed. 

Chunk freelists:
   Non-Class:  8.56 MB
       Class:  8.55 MB
        Both:  17.11 MB

MaxMetaspaceSize: 4.00 GB
CompressedClassSpaceSize: 1.00 GB
Initial GC threshold: 21.00 MB
Current GC threshold: 59.19 MB
CDS: on
 - commit_granule_bytes: 65536.
 - commit_granule_words: 8192.
 - virtual_space_node_default_size: 8388608.
 - enlarge_chunks_in_place: 1.
 - use_allocation_guard: 0.


Internal statistics:

num_allocs_failed_limit: 9.
num_arena_births: 3134.
num_arena_deaths: 0.
num_vsnodes_births: 2.
num_vsnodes_deaths: 0.
num_space_committed: 736.
num_space_uncommitted: 0.
num_chunks_returned_to_freelist: 9.
num_chunks_taken_from_freelist: 5367.
num_chunk_merges: 9.
num_chunk_splits: 3495.
num_chunks_enlarged: 2154.
num_inconsistent_stats: 0.

CodeHeap 'non-profiled nmethods': size=259264Kb used=2797Kb max_used=2797Kb free=256466Kb
 bounds [0x000001b7c8410000, 0x000001b7c86d0000, 0x000001b7d8140000]
CodeHeap 'profiled nmethods': size=259264Kb used=8757Kb max_used=8757Kb free=250506Kb
 bounds [0x000001b7b8140000, 0x000001b7b89d0000, 0x000001b7c7e70000]
CodeHeap 'non-nmethods': size=5760Kb used=2046Kb max_used=2060Kb free=3713Kb
 bounds [0x000001b7c7e70000, 0x000001b7c80e0000, 0x000001b7c8410000]
CodeCache: size=524288Kb, used=13600Kb, max_used=13614Kb, free=510685Kb
 total_blobs=5286, nmethods=4549, adapters=641, full_count=0
Compilation: enabled, stopped_count=0, restarted_count=0

Compilation events (20 events):
Event: 74.836 Thread 0x000001b7e2896ac0 5046       3       jdk.internal.misc.VM::isModuleSystemInited (13 bytes)
Event: 74.836 Thread 0x000001b7e2896ac0 nmethod 5046 0x000001b7b89ca390 code [0x000001b7b89ca520, 0x000001b7b89ca670]
Event: 74.836 Thread 0x000001b7e2896ac0 5047       1       java.lang.Class::getClassLoader0 (5 bytes)
Event: 74.836 Thread 0x000001b7e2896ac0 nmethod 5047 0x000001b7c86cae90 code [0x000001b7c86cb020, 0x000001b7c86cb0f0]
Event: 74.843 Thread 0x000001b7e2896ac0 5048       3       java.lang.ModuleLayer::boot (4 bytes)
Event: 74.843 Thread 0x000001b7e2896ac0 nmethod 5048 0x000001b7b89ca710 code [0x000001b7b89ca8a0, 0x000001b7b89ca9a0]
Event: 74.843 Thread 0x000001b7e2896ac0 5049  s!   3       java.lang.StackTraceElement::computeFormat (71 bytes)
Event: 74.844 Thread 0x000001b7e2896ac0 nmethod 5049 0x000001b7b89caa10 code [0x000001b7b89cac20, 0x000001b7b89cb460]
Event: 74.844 Thread 0x000001b7e2896ac0 5050       3       java.lang.StackTraceElement::isHashedInJavaBase (31 bytes)
Event: 74.845 Thread 0x000001b7e2896ac0 nmethod 5050 0x000001b7b89cb710 code [0x000001b7b89cb900, 0x000001b7b89cbda0]
Event: 74.845 Thread 0x000001b7e2896ac0 5052       3       java.lang.Module::getLayer (43 bytes)
Event: 74.845 Thread 0x000001b7e2896ac0 nmethod 5052 0x000001b7b89cbf10 code [0x000001b7b89cc0e0, 0x000001b7b89cc480]
Event: 74.845 Thread 0x000001b7e2896ac0 5051       1       java.lang.StackTraceElement::getClassName (5 bytes)
Event: 74.845 Thread 0x000001b7e2896ac0 nmethod 5051 0x000001b7c86cb190 code [0x000001b7c86cb320, 0x000001b7c86cb3f0]
Event: 74.845 Thread 0x000001b7e2896ac0 5053       3       org.gradle.kotlin.dsl.execution.InterpreterKt::locationAwareExceptionFor$scriptStackTraceElement (52 bytes)
Event: 74.846 Thread 0x000001b7e2896ac0 nmethod 5053 0x000001b7b89cc590 code [0x000001b7b89cc760, 0x000001b7b89cca88]
Event: 74.846 Thread 0x000001b7e2896ac0 5054       3       org.gradle.internal.logging.slf4j.OutputEventListenerBackedLogger::debug (7 bytes)
Event: 74.846 Thread 0x000001b7e2896ac0 nmethod 5054 0x000001b7b89ccc10 code [0x000001b7b89ccdc0, 0x000001b7b89ccf00]
Event: 74.846 Thread 0x000001b7e2896ac0 5055       3       org.gradle.internal.logging.slf4j.BuildOperationAwareLogger::debug (18 bytes)
Event: 74.846 Thread 0x000001b7e2896ac0 nmethod 5055 0x000001b7b89ccf90 code [0x000001b7b89cd160, 0x000001b7b89cd4b0]

GC Heap History (18 events):
Event: 3.917 GC heap before
{Heap before GC invocations=0 (full 0):
 garbage-first heap   total 258048K, used 20480K [0x0000000600000000, 0x0000000800000000)
  region size 4096K, 5 young (20480K), 0 survivors (0K)
 Metaspace       used 862K, committed 1024K, reserved 1114112K
  class space    used 70K, committed 128K, reserved 1048576K
}
Event: 4.075 GC heap after
{Heap after GC invocations=1 (full 0):
 garbage-first heap   total 258048K, used 1392K [0x0000000600000000, 0x0000000800000000)
  region size 4096K, 1 young (4096K), 1 survivors (4096K)
 Metaspace       used 862K, committed 1024K, reserved 1114112K
  class space    used 70K, committed 128K, reserved 1048576K
}
Event: 11.988 GC heap before
{Heap before GC invocations=1 (full 0):
 garbage-first heap   total 258048K, used 42352K [0x0000000600000000, 0x0000000800000000)
  region size 4096K, 11 young (45056K), 1 survivors (4096K)
 Metaspace       used 4603K, committed 4864K, reserved 1114112K
  class space    used 585K, committed 704K, reserved 1048576K
}
Event: 12.056 GC heap after
{Heap after GC invocations=2 (full 0):
 garbage-first heap   total 258048K, used 11650K [0x0000000600000000, 0x0000000800000000)
  region size 4096K, 2 young (8192K), 2 survivors (8192K)
 Metaspace       used 4603K, committed 4864K, reserved 1114112K
  class space    used 585K, committed 704K, reserved 1048576K
}
Event: 41.072 GC heap before
{Heap before GC invocations=2 (full 0):
 garbage-first heap   total 258048K, used 150914K [0x0000000600000000, 0x0000000800000000)
  region size 4096K, 37 young (151552K), 2 survivors (8192K)
 Metaspace       used 20519K, committed 21184K, reserved 1114112K
  class space    used 2815K, committed 3136K, reserved 1048576K
}
Event: 41.090 GC heap after
{Heap after GC invocations=3 (full 0):
 garbage-first heap   total 258048K, used 23665K [0x0000000600000000, 0x0000000800000000)
  region size 4096K, 5 young (20480K), 5 survivors (20480K)
 Metaspace       used 20519K, committed 21184K, reserved 1114112K
  class space    used 2815K, committed 3136K, reserved 1048576K
}
Event: 41.870 GC heap before
{Heap before GC invocations=3 (full 0):
 garbage-first heap   total 258048K, used 23665K [0x0000000600000000, 0x0000000800000000)
  region size 4096K, 6 young (24576K), 5 survivors (20480K)
 Metaspace       used 20887K, committed 21504K, reserved 1114112K
  class space    used 2875K, committed 3200K, reserved 1048576K
}
Event: 41.881 GC heap after
{Heap after GC invocations=4 (full 0):
 garbage-first heap   total 258048K, used 25155K [0x0000000600000000, 0x0000000800000000)
  region size 4096K, 1 young (4096K), 1 survivors (4096K)
 Metaspace       used 20887K, committed 21504K, reserved 1114112K
  class space    used 2875K, committed 3200K, reserved 1048576K
}
Event: 53.086 GC heap before
{Heap before GC invocations=5 (full 0):
 garbage-first heap   total 98304K, used 94787K [0x0000000600000000, 0x0000000800000000)
  region size 4096K, 18 young (73728K), 1 survivors (4096K)
 Metaspace       used 29484K, committed 30528K, reserved 1114112K
  class space    used 4273K, committed 4800K, reserved 1048576K
}
Event: 53.093 GC heap after
{Heap after GC invocations=6 (full 0):
 garbage-first heap   total 102400K, used 27286K [0x0000000600000000, 0x0000000800000000)
  region size 4096K, 1 young (4096K), 1 survivors (4096K)
 Metaspace       used 29484K, committed 30528K, reserved 1114112K
  class space    used 4273K, committed 4800K, reserved 1048576K
}
Event: 58.373 GC heap before
{Heap before GC invocations=6 (full 0):
 garbage-first heap   total 102400K, used 60054K [0x0000000600000000, 0x0000000800000000)
  region size 4096K, 11 young (45056K), 1 survivors (4096K)
 Metaspace       used 34629K, committed 35968K, reserved 1114112K
  class space    used 4980K, committed 5632K, reserved 1048576K
}
Event: 58.383 GC heap after
{Heap after GC invocations=7 (full 0):
 garbage-first heap   total 102400K, used 29326K [0x0000000600000000, 0x0000000800000000)
  region size 4096K, 2 young (8192K), 2 survivors (8192K)
 Metaspace       used 34629K, committed 35968K, reserved 1114112K
  class space    used 4980K, committed 5632K, reserved 1048576K
}
Event: 58.477 GC heap before
{Heap before GC invocations=7 (full 0):
 garbage-first heap   total 102400K, used 29326K [0x0000000600000000, 0x0000000800000000)
  region size 4096K, 3 young (12288K), 2 survivors (8192K)
 Metaspace       used 34918K, committed 36288K, reserved 1114112K
  class space    used 4995K, committed 5696K, reserved 1048576K
}
Event: 58.484 GC heap after
{Heap after GC invocations=8 (full 0):
 garbage-first heap   total 102400K, used 29826K [0x0000000600000000, 0x0000000800000000)
  region size 4096K, 1 young (4096K), 1 survivors (4096K)
 Metaspace       used 34918K, committed 36288K, reserved 1114112K
  class space    used 4995K, committed 5696K, reserved 1048576K
}
Event: 63.884 GC heap before
{Heap before GC invocations=9 (full 0):
 garbage-first heap   total 102400K, used 83074K [0x0000000600000000, 0x0000000800000000)
  region size 4096K, 14 young (57344K), 1 survivors (4096K)
 Metaspace       used 38023K, committed 39616K, reserved 1114112K
  class space    used 5538K, committed 6336K, reserved 1048576K
}
Event: 63.892 GC heap after
{Heap after GC invocations=10 (full 0):
 garbage-first heap   total 102400K, used 31639K [0x0000000600000000, 0x0000000800000000)
  region size 4096K, 2 young (8192K), 2 survivors (8192K)
 Metaspace       used 38023K, committed 39616K, reserved 1114112K
  class space    used 5538K, committed 6336K, reserved 1048576K
}
Event: 71.583 GC heap before
{Heap before GC invocations=10 (full 0):
 garbage-first heap   total 102400K, used 80791K [0x0000000600000000, 0x0000000800000000)
  region size 4096K, 15 young (61440K), 2 survivors (8192K)
 Metaspace       used 41082K, committed 42752K, reserved 1114112K
  class space    used 6036K, committed 6848K, reserved 1048576K
}
Event: 71.590 GC heap after
{Heap after GC invocations=11 (full 0):
 garbage-first heap   total 102400K, used 33500K [0x0000000600000000, 0x0000000800000000)
  region size 4096K, 2 young (8192K), 2 survivors (8192K)
 Metaspace       used 41082K, committed 42752K, reserved 1114112K
  class space    used 6036K, committed 6848K, reserved 1048576K
}

Dll operation events (20 events):
Event: 2.652 Attempting to load shared library C:\Users\Lenovo\.vscode\extensions\redhat.java-1.56.0-win32-x64\jre\21.0.12.1-win32-x86_64\bin\nio.dll
Event: 2.653 Loaded shared library C:\Users\Lenovo\.vscode\extensions\redhat.java-1.56.0-win32-x64\jre\21.0.12.1-win32-x86_64\bin\nio.dll
Event: 2.661 Attempting to load shared library C:\Users\Lenovo\.vscode\extensions\redhat.java-1.56.0-win32-x64\jre\21.0.12.1-win32-x86_64\bin\zip.dll
Event: 2.661 Loaded shared library C:\Users\Lenovo\.vscode\extensions\redhat.java-1.56.0-win32-x64\jre\21.0.12.1-win32-x86_64\bin\zip.dll
Event: 4.330 Attempting to load shared library C:\Users\Lenovo\.vscode\extensions\redhat.java-1.56.0-win32-x64\jre\21.0.12.1-win32-x86_64\bin\jimage.dll
Event: 4.330 Loaded shared library C:\Users\Lenovo\.vscode\extensions\redhat.java-1.56.0-win32-x64\jre\21.0.12.1-win32-x86_64\bin\jimage.dll
Event: 7.551 Attempting to load shared library C:\Users\Lenovo\.vscode\extensions\redhat.java-1.56.0-win32-x64\jre\21.0.12.1-win32-x86_64\bin\verify.dll
Event: 7.558 Loaded shared library C:\Users\Lenovo\.vscode\extensions\redhat.java-1.56.0-win32-x64\jre\21.0.12.1-win32-x86_64\bin\verify.dll
Event: 8.209 Attempting to load shared library C:\Users\Lenovo\.gradle\native\660c5614fbf4a5f2a75b1949f50a0caf5cd603558e7d8a26e50b933a0cfb79d1\windows-amd64\native-platform.dll
Event: 8.220 Loaded shared library C:\Users\Lenovo\.gradle\native\660c5614fbf4a5f2a75b1949f50a0caf5cd603558e7d8a26e50b933a0cfb79d1\windows-amd64\native-platform.dll
Event: 8.327 Attempting to load shared library C:\Users\Lenovo\.gradle\native\0.2.8\x86_64-windows-gnu\gradle-fileevents.dll
Event: 8.335 Loaded shared library C:\Users\Lenovo\.gradle\native\0.2.8\x86_64-windows-gnu\gradle-fileevents.dll
Event: 18.023 Attempting to load shared library C:\Users\Lenovo\.vscode\extensions\redhat.java-1.56.0-win32-x64\jre\21.0.12.1-win32-x86_64\bin\management.dll
Event: 18.028 Loaded shared library C:\Users\Lenovo\.vscode\extensions\redhat.java-1.56.0-win32-x64\jre\21.0.12.1-win32-x86_64\bin\management.dll
Event: 18.076 Attempting to load shared library C:\Users\Lenovo\.vscode\extensions\redhat.java-1.56.0-win32-x64\jre\21.0.12.1-win32-x86_64\bin\management_ext.dll
Event: 18.082 Loaded shared library C:\Users\Lenovo\.vscode\extensions\redhat.java-1.56.0-win32-x64\jre\21.0.12.1-win32-x86_64\bin\management_ext.dll
Event: 19.169 Attempting to load shared library C:\Users\Lenovo\.vscode\extensions\redhat.java-1.56.0-win32-x64\jre\21.0.12.1-win32-x86_64\bin\extnet.dll
Event: 19.171 Loaded shared library C:\Users\Lenovo\.vscode\extensions\redhat.java-1.56.0-win32-x64\jre\21.0.12.1-win32-x86_64\bin\extnet.dll
Event: 21.149 Attempting to load shared library C:\Users\Lenovo\.vscode\extensions\redhat.java-1.56.0-win32-x64\jre\21.0.12.1-win32-x86_64\bin\sunmscapi.dll
Event: 21.162 Loaded shared library C:\Users\Lenovo\.vscode\extensions\redhat.java-1.56.0-win32-x64\jre\21.0.12.1-win32-x86_64\bin\sunmscapi.dll

Deoptimization events (20 events):
Event: 73.187 Thread 0x000001b82b59a310 Uncommon trap: trap_request=0xffffffd6 fr.pc=0x000001b7c868250c relative=0x00000000000003cc
Event: 73.187 Thread 0x000001b82b59a310 Uncommon trap: reason=array_check action=maybe_recompile pc=0x000001b7c868250c method=java.util.LinkedHashMap.keysToArray([Ljava/lang/Object;Z)[Ljava/lang/Object; @ 67 c2
Event: 73.187 Thread 0x000001b82b59a310 DEOPT PACKING pc=0x000001b7c868250c sp=0x00000029d8ff52c0
Event: 73.187 Thread 0x000001b82b59a310 DEOPT UNPACKING pc=0x000001b7c7ec7ba2 sp=0x00000029d8ff5260 mode 2
Event: 73.318 Thread 0x000001b82b59a310 Uncommon trap: trap_request=0xffffff45 fr.pc=0x000001b7c84cfebc relative=0x00000000000001fc
Event: 73.318 Thread 0x000001b82b59a310 Uncommon trap: reason=unstable_if action=reinterpret pc=0x000001b7c84cfebc method=java.net.URI$Parser.scan(IILjava/lang/String;)I @ 26 c2
Event: 73.318 Thread 0x000001b82b59a310 DEOPT PACKING pc=0x000001b7c84cfebc sp=0x00000029d8ff4aa0
Event: 73.318 Thread 0x000001b82b59a310 DEOPT UNPACKING pc=0x000001b7c7ec7ba2 sp=0x00000029d8ff4a30 mode 2
Event: 73.318 Thread 0x000001b82b59a310 Uncommon trap: trap_request=0xffffff45 fr.pc=0x000001b7c84a7734 relative=0x0000000000000174
Event: 73.318 Thread 0x000001b82b59a310 Uncommon trap: reason=unstable_if action=reinterpret pc=0x000001b7c84a7734 method=java.net.URI.match(CJJ)Z @ 45 c2
Event: 73.318 Thread 0x000001b82b59a310 DEOPT PACKING pc=0x000001b7c84a7734 sp=0x00000029d8ff4810
Event: 73.318 Thread 0x000001b82b59a310 DEOPT UNPACKING pc=0x000001b7c7ec7ba2 sp=0x00000029d8ff4738 mode 2
Event: 73.318 Thread 0x000001b82b59a310 Uncommon trap: trap_request=0xffffff45 fr.pc=0x000001b7c8452c78 relative=0x0000000000000058
Event: 73.318 Thread 0x000001b82b59a310 Uncommon trap: reason=unstable_if action=reinterpret pc=0x000001b7c8452c78 method=java.net.URI.match(CJJ)Z @ 19 c2
Event: 73.318 Thread 0x000001b82b59a310 DEOPT PACKING pc=0x000001b7c8452c78 sp=0x00000029d8ff4820
Event: 73.318 Thread 0x000001b82b59a310 DEOPT UNPACKING pc=0x000001b7c7ec7ba2 sp=0x00000029d8ff47b0 mode 2
Event: 74.834 Thread 0x000001b82b59a310 Uncommon trap: trap_request=0xffffffde fr.pc=0x000001b7c859e3a4 relative=0x00000000000002e4
Event: 74.834 Thread 0x000001b82b59a310 Uncommon trap: reason=class_check action=maybe_recompile pc=0x000001b7c859e3a4 method=java.util.Collections$SetFromMap.remove(Ljava/lang/Object;)Z @ 5 c2
Event: 74.834 Thread 0x000001b82b59a310 DEOPT PACKING pc=0x000001b7c859e3a4 sp=0x00000029d8ff5140
Event: 74.834 Thread 0x000001b82b59a310 DEOPT UNPACKING pc=0x000001b7c7ec7ba2 sp=0x00000029d8ff5128 mode 2

Classes loaded (20 events):
Event: 73.721 Loading class javax/net/ssl/X509TrustManager
Event: 73.721 Loading class javax/net/ssl/X509TrustManager done
Event: 73.724 Loading class javax/net/ssl/SSLException
Event: 73.724 Loading class javax/net/ssl/SSLException done
Event: 73.724 Loading class javax/net/ssl/SSLPeerUnverifiedException
Event: 73.724 Loading class javax/net/ssl/SSLPeerUnverifiedException done
Event: 73.724 Loading class java/security/cert/CertificateParsingException
Event: 73.724 Loading class java/security/cert/CertificateException
Event: 73.724 Loading class java/security/cert/CertificateException done
Event: 73.724 Loading class java/security/cert/CertificateParsingException done
Event: 73.725 Loading class javax/naming/NamingException
Event: 73.725 Loading class javax/naming/NamingException done
Event: 73.725 Loading class javax/naming/InvalidNameException
Event: 73.725 Loading class javax/naming/InvalidNameException done
Event: 74.471 Loading class java/nio/file/Path$1
Event: 74.471 Loading class java/nio/file/Path$1 done
Event: 74.831 Loading class java/util/zip/DataFormatException
Event: 74.834 Loading class java/util/zip/DataFormatException done
Event: 74.836 Loading class java/lang/StackTraceElement$HashedModules
Event: 74.843 Loading class java/lang/StackTraceElement$HashedModules done

Classes unloaded (0 events):
No events

Classes redefined (0 events):
No events

Internal exceptions (20 events):
Event: 64.901 Thread 0x000001b82b59a310 Implicit null exception at 0x000001b7c8635b7c to 0x000001b7c8635c34
Event: 67.191 Thread 0x000001b82b59a310 Exception <a 'java/lang/NoSuchMethodError'{0x0000000605013f78}: 'java.lang.Object java.lang.invoke.DirectMethodHandle$Holder.newInvokeSpecial(java.lang.Object, java.lang.Object, java.lang.Object, java.lang.Object, java.lang.Object, java.lang.Object, java.lang.Object, java.lang.Object, java.lang.Object, java.lang.Object, java.lang.Object, java.lang.Object, java.lang.Object, java.lang.Object, java.lang.Object, java.lang.Object, java.lang.Object, java.lang.Object, java.lang.Object)'> (0x0000000605013f78) 
thr
Event: 67.210 Thread 0x000001b82b59a310 Exception <a 'java/lang/NoSuchMethodError'{0x000000060501abf8}: 'java.lang.Object java.lang.invoke.DirectMethodHandle$Holder.invokeSpecial(java.lang.Object, java.lang.Object, java.lang.Object, java.lang.Object, java.lang.Object, java.lang.Object, java.lang.Object, java.lang.Object, java.lang.Object, java.lang.Object, java.lang.Object, java.lang.Object, java.lang.Object, java.lang.Object, java.lang.Object, java.lang.Object, java.lang.Object, java.lang.Object, java.lang.Object, java.lang.Object)'> (0x0000000
Event: 67.228 Thread 0x000001b82b59a310 Exception <a 'java/lang/NoSuchMethodError'{0x0000000605020448}: 'java.lang.Object java.lang.invoke.DelegatingMethodHandle$Holder.reinvoke_L(java.lang.Object, java.lang.Object, java.lang.Object, java.lang.Object, java.lang.Object, java.lang.Object, java.lang.Object, java.lang.Object, java.lang.Object, java.lang.Object, java.lang.Object, java.lang.Object, java.lang.Object, java.lang.Object, java.lang.Object, java.lang.Object, java.lang.Object, java.lang.Object, java.lang.Object)'> (0x0000000605020448) 
throw
Event: 67.252 Thread 0x000001b82b59a310 Exception <a 'java/lang/NoSuchMethodError'{0x0000000605111cb8}: 'void java.lang.invoke.DirectMethodHandle$Holder.invokeStatic(java.lang.Object, java.lang.Object, java.lang.Object, java.lang.Object, java.lang.Object, java.lang.Object)'> (0x0000000605111cb8) 
thrown [s\src\hotspot\share\interpreter\linkResolver.cpp, line 773]
Event: 67.257 Thread 0x000001b82b59a310 Exception <a 'java/lang/IncompatibleClassChangeError'{0x0000000605126e48}: Found class java.lang.Object, but interface was expected> (0x0000000605126e48) 
thrown [s\src\hotspot\share\interpreter\linkResolver.cpp, line 840]
Event: 70.651 Thread 0x000001b82b59a310 Exception <a 'sun/nio/fs/WindowsException'{0x0000000605399508}> (0x0000000605399508) 
thrown [s\src\hotspot\share\prims\jni.cpp, line 520]
Event: 70.652 Thread 0x000001b82b59a310 Exception <a 'sun/nio/fs/WindowsException'{0x000000060539b1f8}> (0x000000060539b1f8) 
thrown [s\src\hotspot\share\prims\jni.cpp, line 520]
Event: 70.653 Thread 0x000001b82b59a310 Exception <a 'sun/nio/fs/WindowsException'{0x000000060539ced8}> (0x000000060539ced8) 
thrown [s\src\hotspot\share\prims\jni.cpp, line 520]
Event: 70.655 Thread 0x000001b82b59a310 Exception <a 'sun/nio/fs/WindowsException'{0x000000060539e7b0}> (0x000000060539e7b0) 
thrown [s\src\hotspot\share\prims\jni.cpp, line 520]
Event: 71.916 Thread 0x000001b82b59a310 Exception <a 'java/lang/NoSuchMethodError'{0x000000060f412398}: 'java.lang.Object java.lang.invoke.Invokers$Holder.invoker(java.lang.Object, java.lang.Object, java.lang.Object, java.lang.Object, java.lang.Object)'> (0x000000060f412398) 
thrown [s\src\hotspot\share\interpreter\linkResolver.cpp, line 773]
Event: 72.562 Thread 0x000001b82b59a310 Exception <a 'java/lang/NoSuchMethodError'{0x000000060560d798}: 'long java.lang.invoke.DirectMethodHandle$Holder.invokeStatic(java.lang.Object, long)'> (0x000000060560d798) 
thrown [s\src\hotspot\share\interpreter\linkResolver.cpp, line 773]
Event: 73.277 Thread 0x000001b82b59a310 Exception <a 'java/lang/NoSuchMethodError'{0x0000000604f17008}: 'java.lang.Object java.lang.invoke.DirectMethodHandle$Holder.newInvokeSpecial(java.lang.Object, java.lang.Object, java.lang.Object, int, java.lang.Object)'> (0x0000000604f17008) 
thrown [s\src\hotspot\share\interpreter\linkResolver.cpp, line 773]
Event: 73.278 Thread 0x000001b82b59a310 Exception <a 'java/lang/NoSuchMethodError'{0x0000000604f1bf88}: 'java.lang.Object java.lang.invoke.Invokers$Holder.linkToTargetMethod(java.lang.Object, java.lang.Object, int, java.lang.Object, java.lang.Object)'> (0x0000000604f1bf88) 
thrown [s\src\hotspot\share\interpreter\linkResolver.cpp, line 773]
Event: 73.462 Thread 0x000001b82b59a310 Exception <a 'java/lang/NoSuchMethodError'{0x00000006049b6618}: 'java.lang.Object java.lang.invoke.DirectMethodHandle$Holder.newInvokeSpecial(java.lang.Object, int, java.lang.Object)'> (0x00000006049b6618) 
thrown [s\src\hotspot\share\interpreter\linkResolver.cpp, line 773]
Event: 74.233 Thread 0x000001b82b59a310 Exception <a 'java/lang/NoSuchMethodError'{0x000000060428ec30}: 'java.lang.Object java.lang.invoke.DirectMethodHandle$Holder.invokeSpecial(java.lang.Object, java.lang.Object, java.lang.Object, int, java.lang.Object)'> (0x000000060428ec30) 
thrown [s\src\hotspot\share\interpreter\linkResolver.cpp, line 773]
Event: 74.467 Thread 0x000001b82b59a310 Exception <a 'java/lang/NoSuchMethodError'{0x0000000603d1d468}: 'int java.lang.invoke.DirectMethodHandle$Holder.invokeSpecialIFC(java.lang.Object, java.lang.Object, java.lang.Object)'> (0x0000000603d1d468) 
thrown [s\src\hotspot\share\interpreter\linkResolver.cpp, line 773]
Event: 74.831 Thread 0x000001b82b59a310 Exception <a 'java/io/IOException'{0x00000006038db178}> (0x00000006038db178) 
thrown [s\src\hotspot\share\prims\jni.cpp, line 520]
Event: 74.834 Thread 0x000001b82b59a310 Exception <a 'java/lang/NoClassDefFoundError'{0x00000006038e0db0}: org/gradle/internal/component/model/LoggingAttributeMatchingExplanationBuilder> (0x00000006038e0db0) 
thrown [s\src\hotspot\share\classfile\systemDictionary.cpp, line 302]
Event: 74.916 Thread 0x000001b82b59a310 Exception <a 'java/lang/NoSuchMethodError'{0x000000060390fab0}: 'void java.lang.invoke.DirectMethodHandle$Holder.invokeInterface(java.lang.Object, java.lang.Object, java.lang.Object, java.lang.Object)'> (0x000000060390fab0) 
thrown [s\src\hotspot\share\interpreter\linkResolver.cpp, line 773]

ZGC Phase Switch (0 events):
No events

VM Operations (20 events):
Event: 65.117 Executing safepoint VM operation: Cleanup
Event: 65.179 Executing safepoint VM operation: Cleanup done
Event: 66.187 Executing safepoint VM operation: Cleanup
Event: 66.202 Executing safepoint VM operation: Cleanup done
Event: 67.211 Executing safepoint VM operation: Cleanup
Event: 67.226 Executing safepoint VM operation: Cleanup done
Event: 68.232 Executing safepoint VM operation: Cleanup
Event: 68.478 Executing safepoint VM operation: Cleanup done
Event: 69.489 Executing safepoint VM operation: Cleanup
Event: 69.691 Executing safepoint VM operation: Cleanup done
Event: 70.705 Executing safepoint VM operation: Cleanup
Event: 70.706 Executing safepoint VM operation: Cleanup done
Event: 71.583 Executing safepoint VM operation: G1CollectForAllocation (G1 Evacuation Pause)
Event: 71.590 Executing safepoint VM operation: G1CollectForAllocation (G1 Evacuation Pause) done
Event: 72.600 Executing safepoint VM operation: Cleanup
Event: 72.615 Executing safepoint VM operation: Cleanup done
Event: 73.617 Executing safepoint VM operation: Cleanup
Event: 73.648 Executing safepoint VM operation: Cleanup done
Event: 74.487 Executing non-safepoint VM operation: HandshakeAllThreads (Deoptimize)
Event: 74.488 Executing non-safepoint VM operation: HandshakeAllThreads (Deoptimize) done

Memory protections (0 events):
No events

Nmethod flushes (20 events):
Event: 58.535 Thread 0x000001b7e286b8e0 flushing  nmethod 0x000001b7b85bbe90
Event: 58.535 Thread 0x000001b7e286b8e0 flushing  nmethod 0x000001b7b85e0110
Event: 58.535 Thread 0x000001b7e286b8e0 flushing  nmethod 0x000001b7b85e0690
Event: 58.535 Thread 0x000001b7e286b8e0 flushing  nmethod 0x000001b7b85e1010
Event: 58.535 Thread 0x000001b7e286b8e0 flushing  nmethod 0x000001b7b85e3e10
Event: 58.535 Thread 0x000001b7e286b8e0 flushing  nmethod 0x000001b7b85e9810
Event: 58.535 Thread 0x000001b7e286b8e0 flushing  nmethod 0x000001b7b864f790
Event: 58.535 Thread 0x000001b7e286b8e0 flushing  nmethod 0x000001b7b849d610
Event: 58.535 Thread 0x000001b7e286b8e0 flushing  nmethod 0x000001b7b849e410
Event: 58.535 Thread 0x000001b7e286b8e0 flushing  nmethod 0x000001b7b849eb10
Event: 58.535 Thread 0x000001b7e286b8e0 flushing  nmethod 0x000001b7b84a1f10
Event: 58.535 Thread 0x000001b7e286b8e0 flushing  nmethod 0x000001b7b84db410
Event: 58.535 Thread 0x000001b7e286b8e0 flushing  nmethod 0x000001b7b84db810
Event: 58.535 Thread 0x000001b7e286b8e0 flushing  nmethod 0x000001b7b84dc390
Event: 58.535 Thread 0x000001b7e286b8e0 flushing  nmethod 0x000001b7b8503f10
Event: 58.535 Thread 0x000001b7e286b8e0 flushing  nmethod 0x000001b7b8547610
Event: 58.535 Thread 0x000001b7e286b8e0 flushing  nmethod 0x000001b7b85f5590
Event: 58.535 Thread 0x000001b7e286b8e0 flushing  nmethod 0x000001b7b8645690
Event: 58.535 Thread 0x000001b7e286b8e0 flushing  nmethod 0x000001b7b8645e90
Event: 58.535 Thread 0x000001b7e286b8e0 flushing  nmethod 0x000001b7b86c5710

Events (20 events):
Event: 22.519 Thread 0x000001b82b59a310 Thread added: 0x000001b82b619fe0
Event: 30.470 Thread 0x000001b82b59a310 Thread added: 0x000001b82b61a670
Event: 30.486 Thread 0x000001b82b59a310 Thread added: 0x000001b82b617880
Event: 31.204 Thread 0x000001b82b59a310 Thread added: 0x000001b82b617f10
Event: 34.028 Thread 0x000001b82b617880 Thread added: 0x000001b82b618c30
Event: 48.142 Thread 0x000001b7e2896ac0 Thread added: 0x000001b82c255c50
Event: 48.420 Thread 0x000001b82c255c50 Thread exited: 0x000001b82c255c50
Event: 48.654 Thread 0x000001b82b59a310 Thread added: 0x000001b82db465c0
Event: 48.723 Thread 0x000001b82b59a310 Thread added: 0x000001b82db46c50
Event: 50.638 Thread 0x000001b82b59a310 Thread added: 0x000001b82db472e0
Event: 50.645 Thread 0x000001b82b59a310 Thread added: 0x000001b82db43e60
Event: 52.897 Thread 0x000001b82b59a310 Thread added: 0x000001b82db45f30
Event: 53.009 Thread 0x000001b82b59a310 Thread added: 0x000001b82db444f0
Event: 54.798 Thread 0x000001b82b59a310 Thread added: 0x000001b82db458a0
Event: 55.993 Thread 0x000001b82b59a310 Thread added: 0x000001b82db44b80
Event: 57.131 Thread 0x000001b7e2892d90 Thread added: 0x000001b82e1f9360
Event: 57.303 Thread 0x000001b82e1f9360 Thread exited: 0x000001b82e1f9360
Event: 70.602 Thread 0x000001b82b59a310 Thread added: 0x000001b82d8972d0
Event: 72.719 Thread 0x000001b7e2896ac0 Thread added: 0x000001b82d544d70
Event: 72.904 Thread 0x000001b82d544d70 Thread exited: 0x000001b82d544d70


Dynamic libraries:
0x00007ff63bea0000 - 0x00007ff63beae000 	C:\Users\Lenovo\.vscode\extensions\redhat.java-1.56.0-win32-x64\jre\21.0.12.1-win32-x86_64\bin\java.exe
0x00007ffdd50a0000 - 0x00007ffdd5307000 	C:\WINDOWS\SYSTEM32\ntdll.dll
0x00007ffdd4d10000 - 0x00007ffdd4ddb000 	C:\WINDOWS\System32\KERNEL32.DLL
0x00007ffdd22a0000 - 0x00007ffdd26a2000 	C:\WINDOWS\System32\KERNELBASE.dll
0x00007ffdcc520000 - 0x00007ffdcc5bf000 	C:\WINDOWS\SYSTEM32\apphelp.dll
0x00007ffdd2770000 - 0x00007ffdd28bc000 	C:\WINDOWS\System32\ucrtbase.dll
0x00007ffd98410000 - 0x00007ffd98428000 	C:\Users\Lenovo\.vscode\extensions\redhat.java-1.56.0-win32-x64\jre\21.0.12.1-win32-x86_64\bin\jli.dll
0x00007ffdd37f0000 - 0x00007ffdd39bf000 	C:\WINDOWS\System32\USER32.dll
0x00007ffdd26b0000 - 0x00007ffdd26d7000 	C:\WINDOWS\System32\win32u.dll
0x00007ffdd4960000 - 0x00007ffdd498b000 	C:\WINDOWS\System32\GDI32.dll
0x00007ffdd2b10000 - 0x00007ffdd2c39000 	C:\WINDOWS\System32\gdi32full.dll
0x00007ffdd28d0000 - 0x00007ffdd2973000 	C:\WINDOWS\System32\msvcp_win.dll
0x00007ffd835a0000 - 0x00007ffd835be000 	C:\Users\Lenovo\.vscode\extensions\redhat.java-1.56.0-win32-x64\jre\21.0.12.1-win32-x86_64\bin\VCRUNTIME140.dll
0x00007ffdb7be0000 - 0x00007ffdb7e70000 	C:\WINDOWS\WinSxS\amd64_microsoft.windows.common-controls_6595b64144ccf1df_6.0.26100.9278_none_3e0d1ba8e3303201\COMCTL32.dll
0x00007ffdd35a0000 - 0x00007ffdd3649000 	C:\WINDOWS\System32\msvcrt.dll
0x00007ffdd3560000 - 0x00007ffdd3591000 	C:\WINDOWS\System32\IMM32.DLL
0x00007ffda60c0000 - 0x00007ffda60cc000 	C:\Users\Lenovo\.vscode\extensions\redhat.java-1.56.0-win32-x64\jre\21.0.12.1-win32-x86_64\bin\vcruntime140_1.dll
0x00007ffd5ebd0000 - 0x00007ffd5ec5d000 	C:\Users\Lenovo\.vscode\extensions\redhat.java-1.56.0-win32-x64\jre\21.0.12.1-win32-x86_64\bin\msvcp140.dll
0x00007ffce2d90000 - 0x00007ffce3b32000 	C:\Users\Lenovo\.vscode\extensions\redhat.java-1.56.0-win32-x64\jre\21.0.12.1-win32-x86_64\bin\server\jvm.dll
0x00007ffdd4ee0000 - 0x00007ffdd4f9c000 	C:\WINDOWS\System32\ADVAPI32.dll
0x00007ffdd4fb0000 - 0x00007ffdd5059000 	C:\WINDOWS\System32\sechost.dll
0x00007ffdd3650000 - 0x00007ffdd3768000 	C:\WINDOWS\System32\RPCRT4.dll
0x00007ffdd3030000 - 0x00007ffdd30b0000 	C:\WINDOWS\System32\WS2_32.dll
0x00007ffdd2100000 - 0x00007ffdd215e000 	C:\WINDOWS\SYSTEM32\POWRPROF.dll
0x00007ffdc5700000 - 0x00007ffdc5736000 	C:\WINDOWS\SYSTEM32\WINMM.dll
0x00007ffdbd5f0000 - 0x00007ffdbd5fb000 	C:\WINDOWS\SYSTEM32\VERSION.dll
0x00007ffdd20e0000 - 0x00007ffdd20f5000 	C:\WINDOWS\SYSTEM32\UMPDC.dll
0x00007ffdd0f70000 - 0x00007ffdd0f8b000 	C:\WINDOWS\SYSTEM32\kernel.appcore.dll
0x00007ffda0cd0000 - 0x00007ffda0cda000 	C:\Users\Lenovo\.vscode\extensions\redhat.java-1.56.0-win32-x64\jre\21.0.12.1-win32-x86_64\bin\jimage.dll
0x00007ffdcf830000 - 0x00007ffdcfa7c000 	C:\WINDOWS\SYSTEM32\DBGHELP.DLL
0x00007ffdd3140000 - 0x00007ffdd34c5000 	C:\WINDOWS\System32\combase.dll
0x00007ffdd3a00000 - 0x00007ffdd3ad9000 	C:\WINDOWS\System32\OLEAUT32.dll
0x00007ffdaee70000 - 0x00007ffdaeeab000 	C:\WINDOWS\SYSTEM32\dbgcore.DLL
0x00007ffdd2c40000 - 0x00007ffdd2cec000 	C:\WINDOWS\System32\bcryptPrimitives.dll
0x00007ffd9b210000 - 0x00007ffd9b21f000 	C:\Users\Lenovo\.vscode\extensions\redhat.java-1.56.0-win32-x64\jre\21.0.12.1-win32-x86_64\bin\instrument.dll
0x00007ffd83580000 - 0x00007ffd835a0000 	C:\Users\Lenovo\.vscode\extensions\redhat.java-1.56.0-win32-x64\jre\21.0.12.1-win32-x86_64\bin\java.dll
0x00007ffdd3af0000 - 0x00007ffdd4288000 	C:\WINDOWS\System32\SHELL32.dll
0x00007ffdcfd20000 - 0x00007ffdd05ce000 	C:\WINDOWS\SYSTEM32\windows.storage.dll
0x00007ffdd4de0000 - 0x00007ffdd4edb000 	C:\WINDOWS\System32\SHCORE.dll
0x00007ffdd3770000 - 0x00007ffdd37d6000 	C:\WINDOWS\System32\shlwapi.dll
0x00007ffdd21c0000 - 0x00007ffdd21e9000 	C:\WINDOWS\SYSTEM32\profapi.dll
0x00007ffd834c0000 - 0x00007ffd834d8000 	C:\Users\Lenovo\.vscode\extensions\redhat.java-1.56.0-win32-x64\jre\21.0.12.1-win32-x86_64\bin\zip.dll
0x00007ffd9ca90000 - 0x00007ffd9caa0000 	C:\Users\Lenovo\.vscode\extensions\redhat.java-1.56.0-win32-x64\jre\21.0.12.1-win32-x86_64\bin\net.dll
0x00007ffdc9c80000 - 0x00007ffdc9daa000 	C:\WINDOWS\SYSTEM32\WINHTTP.dll
0x00007ffdd1530000 - 0x00007ffdd159c000 	C:\WINDOWS\system32\mswsock.dll
0x00007ffd829b0000 - 0x00007ffd829c6000 	C:\Users\Lenovo\.vscode\extensions\redhat.java-1.56.0-win32-x64\jre\21.0.12.1-win32-x86_64\bin\nio.dll
0x00007ffd9b1e0000 - 0x00007ffd9b1f0000 	C:\Users\Lenovo\.vscode\extensions\redhat.java-1.56.0-win32-x64\jre\21.0.12.1-win32-x86_64\bin\verify.dll
0x00007ffd80250000 - 0x00007ffd80277000 	C:\Users\Lenovo\.gradle\native\660c5614fbf4a5f2a75b1949f50a0caf5cd603558e7d8a26e50b933a0cfb79d1\windows-amd64\native-platform.dll
0x00007ffd88070000 - 0x00007ffd880e7000 	C:\Users\Lenovo\.gradle\native\0.2.8\x86_64-windows-gnu\gradle-fileevents.dll
0x00007ffdb18b0000 - 0x00007ffdb18ba000 	C:\Users\Lenovo\.vscode\extensions\redhat.java-1.56.0-win32-x64\jre\21.0.12.1-win32-x86_64\bin\management.dll
0x00007ffdb0a20000 - 0x00007ffdb0a2c000 	C:\Users\Lenovo\.vscode\extensions\redhat.java-1.56.0-win32-x64\jre\21.0.12.1-win32-x86_64\bin\management_ext.dll
0x00007ffdd47f0000 - 0x00007ffdd47f8000 	C:\WINDOWS\System32\PSAPI.DLL
0x00007ffdd0a90000 - 0x00007ffdd0ac3000 	C:\WINDOWS\SYSTEM32\IPHLPAPI.DLL
0x00007ffdd37e0000 - 0x00007ffdd37ea000 	C:\WINDOWS\System32\NSI.dll
0x00007ffdb0a40000 - 0x00007ffdb0a49000 	C:\Users\Lenovo\.vscode\extensions\redhat.java-1.56.0-win32-x64\jre\21.0.12.1-win32-x86_64\bin\extnet.dll
0x00007ffdd1820000 - 0x00007ffdd183b000 	C:\WINDOWS\SYSTEM32\CRYPTSP.dll
0x00007ffdd0ed0000 - 0x00007ffdd0f09000 	C:\WINDOWS\system32\rsaenh.dll
0x00007ffdd15e0000 - 0x00007ffdd1614000 	C:\WINDOWS\SYSTEM32\USERENV.dll
0x00007ffdd2190000 - 0x00007ffdd21ba000 	C:\WINDOWS\SYSTEM32\bcrypt.dll
0x00007ffdd1840000 - 0x00007ffdd184c000 	C:\WINDOWS\SYSTEM32\CRYPTBASE.dll
0x00007ffdb0a30000 - 0x00007ffdb0a3e000 	C:\Users\Lenovo\.vscode\extensions\redhat.java-1.56.0-win32-x64\jre\21.0.12.1-win32-x86_64\bin\sunmscapi.dll
0x00007ffdd2980000 - 0x00007ffdd2afe000 	C:\WINDOWS\System32\CRYPT32.dll
0x00007ffdd1a60000 - 0x00007ffdd1a90000 	C:\WINDOWS\SYSTEM32\ncrypt.dll
0x00007ffdd1a10000 - 0x00007ffdd1a4f000 	C:\WINDOWS\SYSTEM32\NTASN1.dll
0x00007ffd7c930000 - 0x00007ffd7c938000 	C:\WINDOWS\system32\wshunix.dll

JVMTI agents:
C:\Users\Lenovo\.gradle\wrapper\dists\gradle-9.3.1-all\9ot9r568e8zfvvd4mn8rbu1j0\gradle-9.3.1\lib\agents\gradle-instrumentation-agent-9.3.1.jar path:C:\Users\Lenovo\.vscode\extensions\redhat.java-1.56.0-win32-x64\jre\21.0.12.1-win32-x86_64\bin\instrument.dll, loaded, initialized, instrumentlib options:none

dbghelp: loaded successfully - version: 4.0.5 - missing functions: none
symbol engine: initialized successfully - sym options: 0x614 - pdb path: .;C:\Users\Lenovo\.vscode\extensions\redhat.java-1.56.0-win32-x64\jre\21.0.12.1-win32-x86_64\bin;C:\WINDOWS\SYSTEM32;C:\WINDOWS\WinSxS\amd64_microsoft.windows.common-controls_6595b64144ccf1df_6.0.26100.9278_none_3e0d1ba8e3303201;C:\Users\Lenovo\.vscode\extensions\redhat.java-1.56.0-win32-x64\jre\21.0.12.1-win32-x86_64\bin\server;C:\Users\Lenovo\.gradle\native\660c5614fbf4a5f2a75b1949f50a0caf5cd603558e7d8a26e50b933a0cfb79d1\windows-amd64;C:\Users\Lenovo\.gradle\native\0.2.8\x86_64-windows-gnu

VM Arguments:
jvm_args: --add-opens=java.base/java.lang=ALL-UNNAMED --add-opens=java.base/java.lang.invoke=ALL-UNNAMED --add-opens=java.base/java.util=ALL-UNNAMED --add-opens=java.prefs/java.util.prefs=ALL-UNNAMED --add-exports=jdk.compiler/com.sun.tools.javac.api=ALL-UNNAMED --add-exports=jdk.compiler/com.sun.tools.javac.util=ALL-UNNAMED --add-opens=java.base/java.util=ALL-UNNAMED --add-opens=java.prefs/java.util.prefs=ALL-UNNAMED --add-opens=java.base/java.nio.charset=ALL-UNNAMED --add-opens=java.base/java.net=ALL-UNNAMED --add-opens=java.base/java.util.concurrent=ALL-UNNAMED --add-opens=java.base/java.util.concurrent.atomic=ALL-UNNAMED --add-opens=java.xml/javax.xml.namespace=ALL-UNNAMED --add-opens=java.base/java.time=ALL-UNNAMED -XX:MaxMetaspaceSize=4G -XX:ReservedCodeCacheSize=512m -XX:+HeapDumpOnOutOfMemoryError -Xmx8G -Dfile.encoding=UTF-8 -Duser.country=US -Duser.language=en -Duser.variant -javaagent:C:\Users\Lenovo\.gradle\wrapper\dists\gradle-9.3.1-all\9ot9r568e8zfvvd4mn8rbu1j0\gradle-9.3.1\lib\agents\gradle-instrumentation-agent-9.3.1.jar 
java_command: org.gradle.launcher.daemon.bootstrap.GradleDaemon 9.3.1
java_class_path (initial): C:\Users\Lenovo\.gradle\wrapper\dists\gradle-9.3.1-all\9ot9r568e8zfvvd4mn8rbu1j0\gradle-9.3.1\lib\gradle-daemon-main-9.3.1.jar
Launcher Type: SUN_STANDARD

[Global flags]
     intx CICompilerCount                          = 4                                         {product} {ergonomic}
     uint ConcGCThreads                            = 2                                         {product} {ergonomic}
     uint G1ConcRefinementThreads                  = 8                                         {product} {ergonomic}
   size_t G1HeapRegionSize                         = 4194304                                   {product} {ergonomic}
    uintx GCDrainStackTargetSize                   = 64                                        {product} {ergonomic}
     bool HeapDumpOnOutOfMemoryError               = true                                   {manageable} {command line}
   size_t InitialHeapSize                          = 264241152                                 {product} {ergonomic}
   size_t MarkStackSize                            = 4194304                                   {product} {ergonomic}
   size_t MaxHeapSize                              = 8589934592                                {product} {command line}
   size_t MaxMetaspaceSize                         = 4294967296                                {product} {command line}
   size_t MaxNewSize                               = 5150605312                                {product} {ergonomic}
   size_t MinHeapDeltaBytes                        = 4194304                                   {product} {ergonomic}
   size_t MinHeapSize                              = 8388608                                   {product} {ergonomic}
    uintx NonNMethodCodeHeapSize                   = 5839372                                {pd product} {ergonomic}
    uintx NonProfiledCodeHeapSize                  = 265515770                              {pd product} {ergonomic}
    uintx ProfiledCodeHeapSize                     = 265515770                              {pd product} {ergonomic}
    uintx ReservedCodeCacheSize                    = 536870912                              {pd product} {command line}
     bool SegmentedCodeCache                       = true                                      {product} {ergonomic}
   size_t SoftMaxHeapSize                          = 8589934592                             {manageable} {ergonomic}
     bool UseCompressedOops                        = true                           {product lp64_product} {ergonomic}
     bool UseG1GC                                  = true                                      {product} {ergonomic}
     bool UseLargePagesIndividualAllocation        = false                                  {pd product} {ergonomic}

Logging:
Log output configuration:
 #0: stdout all=warning uptime,level,tags foldmultilines=false
 #1: stderr all=off uptime,level,tags foldmultilines=false

Release file:
JAVA_VERSION="21.0.12.1" 
MODULES="java.base java.compiler java.datatransfer java.xml java.prefs java.desktop java.instrument java.logging java.management java.security.sasl java.naming java.rmi java.management.rmi java.net.http java.scripting java.security.jgss java.transaction.xa java.sql java.sql.rowset java.xml.crypto java.se java.smartcardio jdk.accessibility jdk.internal.jvmstat jdk.attach jdk.charsets jdk.internal.opt jdk.zipfs jdk.compiler jdk.crypto.ec jdk.crypto.cryptoki jdk.crypto.mscapi jdk.dynalink jdk.internal.ed jdk.editpad jdk.hotspot.agent jdk.httpserver jdk.internal.le jdk.internal.vm.ci jdk.internal.vm.compiler jdk.internal.vm.compiler.management jdk.jartool jdk.javadoc jdk.jcmd jdk.management jdk.management.agent jdk.jconsole jdk.jdeps jdk.jdwp.agent jdk.jdi jdk.jfr jdk.jshell jdk.jsobject jdk.jstatd jdk.localedata jdk.management.jfr jdk.naming.dns jdk.naming.rmi jdk.net jdk.nio.mapmode jdk.random jdk.sctp jdk.security.auth jdk.security.jgss jdk.unsupported jdk.unsupported.desktop jdk.xml.dom" 

Environment Variables:
PATH=C:\Program Files (x86)\Pervasive Software\PSQL\bin\;C:\Program Files\Common Files\Oracle\Java\javapath;C:\Program Files\Python313\Scripts\;C:\Program Files\Python313\;C:\Program Files\Python310\Scripts\;C:\Program Files\Python310\;"C:\xampp\php;C:\WINDOWS\system32";C:\WINDOWS;C:\WINDOWS\System32\Wbem;C:\WINDOWS\System32\WindowsPowerShell\v1.0\;C:\WINDOWS\System32\OpenSSH\;C:\WINDOWS\system32;C:\Program Files\Git\cmd;C:\ProgramData\chocolatey\bin;C:\ngrok;C:\Program Files\nodejs\;C:\Users\Lenovo\AppData\Local\Programs\Python\Python313\Scripts\;C:\Users\Lenovo\AppData\Local\Programs\Python\Python313\;C:\Users\Lenovo\AppData\Local\Programs\Python\Launcher\;C:\Users\Lenovo\AppData\Local\Microsoft\WindowsApps;C:\Users\Lenovo\AppData\Local\Programs\Microsoft VS Code\bin;C:\Program Files\Java\jdk-24\bin;C:\Program Files\Java\jdk-24\bin;C:\Program Files\JetBrains\IntelliJ IDEA 2025.1.2\bin;;C:\Users\Lenovo\AppData\Local\Programs\Ollama;C:\Users\Lenovo\AppData\Roaming\npm;C:\Users\Lenovo\AppData\Local\Programs\Podman\;C:\Users\Lenovo\AppData\Local\Kingsoft\WPS Office\12.1.0.27458\clitool;C:\Users\Lenovo\OneDrive\Desktop\flutter\flutter\bin;
USERNAME=Lenovo
OS=Windows_NT
PROCESSOR_IDENTIFIER=Intel64 Family 6 Model 140 Stepping 1, GenuineIntel
TMP=C:\Users\Lenovo\AppData\Local\Temp
TEMP=C:\Users\Lenovo\AppData\Local\Temp




Periodic native trim disabled

---------------  S Y S T E M  ---------------

OS:
 Windows 11 , 64 bit Build 26100 (10.0.26100.9444)
OS uptime: 0 days 15:38 hours

CPU: total 8 (initial active 8) (4 cores per cpu, 2 threads per core) family 6 model 140 stepping 1 microcode 0x86, cx8, cmov, fxsr, ht, mmx, 3dnowpref, sse, sse2, sse3, ssse3, sse4.1, sse4.2, popcnt, lzcnt, tsc, tscinvbit, avx, avx2, aes, erms, clmul, bmi1, bmi2, adx, avx512f, avx512dq, avx512cd, avx512bw, avx512vl, sha, fma, vzeroupper, avx512_vpopcntdq, avx512_vpclmulqdq, avx512_vaes, avx512_vnni, clflush, clflushopt, clwb, avx512_vbmi2, avx512_vbmi, rdtscp, rdpid, fsrm, gfni, avx512_bitalg, f16c, pku, cet_ibt, cet_ss, avx512_ifma
Processor Information for the first 8 processors :
  Max Mhz: 2803, Current Mhz: 2803, Mhz Limit: 2803

Memory: 4k page, system-wide physical 16086M (399M free)
TotalPageFile size 65238M (AvailPageFile size 231M)
current process WorkingSet (physical memory assigned to process): 208M, peak: 225M
current process commit charge ("private bytes"): 285M, peak: 412M

vm_info: OpenJDK 64-Bit Server VM (21.0.12.1+1-LTS) for windows-amd64 JRE (21.0.12.1+1-LTS), built on 2026-08-18T00:00:00Z by "admin" with MS VC++ 17.12 (VS2022)

END.
